=== GETTING MIP SOLUTION ===
Set parameter Username
Academic license - for non-commercial use only - expires 2026-02-25
MIP Objective: 1174.71
Production by period: {2: 68, 3: 49, 4: 66, 5: 55, 7: 58, 9: 43}

MIP arcs (X values):
  X[2,2] = 1.0 (demand[2] = 68)
  X[3,3] = 1.0 (demand[3] = 49)
  X[4,4] = 1.0 (demand[4] = 66)
  X[5,5] = 1.0 (demand[5] = 38)
  X[5,6] = 1.0 (demand[6] = 17)
  X[7,7] = 1.0 (demand[7] = 17)
  X[7,8] = 1.0 (demand[8] = 41)
  X[9,9] = 1.0 (demand[9] = 43)

=== ZIO VIOLATION ANALYSIS ===
MIP solution violates ZIO:

=== WHAT'S NEEDED FOR ZIO DECOMPOSITION ===
To decompose the MIP solution into ZIO columns, we need:

1. Multiple ZIO columns that can be combined with fractional lambdas
2. Columns where:
   - Some columns serve demand[4] from period 3 (block (3,4) or (3,5))
   - Some columns serve demand[4] from period 4 (block (4,4) or (4,5))
   - When combined: λ_A * (serve 4 from 3) + λ_B * (serve 4 from 4) = serve 4 from 4
   - This requires λ_A = 0, λ_B = 1, which doesn't help

3. The key insight: We need columns that serve demand[5] from period 3
   WITHOUT serving demand[4] from period 3.
   But this violates ZIO! In a ZIO column, if you serve demand[5] from period 3,
   you MUST also serve demand[4] from period 3 (if demand[4] > 0).

4. CONCLUSION: The MIP solution CANNOT be decomposed into pure ZIO columns
   because it violates the ZIO property.

5. However, we might be able to APPROXIMATE it with ZIO columns:
   - Use columns that serve demand[4] from period 3 (even though MIP doesn't)
   - Use columns that serve demand[4] from period 4
   - Combine them so the net effect is close to the MIP pattern
   - But this will have a different cost structure

=== LOADING GENERATED ZIO COLUMNS ===
Loading columns from /Users/egecanaktan/github_repositories/MultiItemPerishability/zio_column_generation/zio_columns_generated.txt...
Loaded 12800 ZIO columns from file
Generated 12800 approximation columns
  Col 1: blocks=[(0, 1), (1, 2), (2, 3), (3, 4), (4, 5), (5, 6), (6, 7), (7, 8), (8, 9), (9, 10)], cost=1533.12
  Col 2: blocks=[(0, 1), (1, 2), (2, 3), (3, 4), (4, 5), (5, 6), (6, 7), (7, 8), (8, 10)], cost=1502.06
  Col 3: blocks=[(0, 1), (1, 2), (2, 3), (3, 4), (4, 5), (5, 6), (6, 7), (7, 8), (8, 10)], cost=1589.66
  Col 4: blocks=[(0, 1), (1, 2), (2, 3), (3, 4), (4, 5), (5, 6), (6, 7), (7, 9), (9, 10)], cost=1404.09
  Col 5: blocks=[(0, 1), (1, 2), (2, 3), (3, 4), (4, 5), (5, 6), (6, 7), (7, 9), (9, 10)], cost=1492.05
  Col 6: blocks=[(0, 1), (1, 2), (2, 3), (3, 4), (4, 5), (5, 6), (6, 7), (7, 10)], cost=1329.96
  Col 7: blocks=[(0, 1), (1, 2), (2, 3), (3, 4), (4, 5), (5, 6), (6, 7), (7, 10)], cost=1417.92
  Col 8: blocks=[(0, 1), (1, 2), (2, 3), (3, 4), (4, 5), (5, 6), (6, 7), (7, 10)], cost=1417.57
  Col 9: blocks=[(0, 1), (1, 2), (2, 3), (3, 4), (4, 5), (5, 6), (6, 7), (7, 10)], cost=1505.53
  Col 10: blocks=[(0, 1), (1, 2), (2, 3), (3, 4), (4, 5), (5, 6), (6, 8), (8, 9), (9, 10)], cost=1454.90
  Col 11: blocks=[(0, 1), (1, 2), (2, 3), (3, 4), (4, 5), (5, 6), (6, 8), (8, 9), (9, 10)], cost=1542.86
  Col 12: blocks=[(0, 1), (1, 2), (2, 3), (3, 4), (4, 5), (5, 6), (6, 8), (8, 10)], cost=1423.84
  Col 13: blocks=[(0, 1), (1, 2), (2, 3), (3, 4), (4, 5), (5, 6), (6, 8), (8, 10)], cost=1511.45
  Col 14: blocks=[(0, 1), (1, 2), (2, 3), (3, 4), (4, 5), (5, 6), (6, 8), (8, 10)], cost=1511.80
  Col 15: blocks=[(0, 1), (1, 2), (2, 3), (3, 4), (4, 5), (5, 6), (6, 8), (8, 10)], cost=1599.41
  Col 16: blocks=[(0, 1), (1, 2), (2, 3), (3, 4), (4, 5), (5, 6), (6, 9), (9, 10)], cost=1349.38
  Col 17: blocks=[(0, 1), (1, 2), (2, 3), (3, 4), (4, 5), (5, 6), (6, 9), (9, 10)], cost=1437.34
  Col 18: blocks=[(0, 1), (1, 2), (2, 3), (3, 4), (4, 5), (5, 6), (6, 9), (9, 10)], cost=1437.34
  Col 19: blocks=[(0, 1), (1, 2), (2, 3), (3, 4), (4, 5), (5, 6), (6, 9), (9, 10)], cost=1525.29
  Col 20: blocks=[(0, 1), (1, 2), (2, 3), (3, 4), (4, 5), (5, 6), (6, 10)], cost=1299.90
  Col 21: blocks=[(0, 1), (1, 2), (2, 3), (3, 4), (4, 5), (5, 6), (6, 10)], cost=1387.85
  Col 22: blocks=[(0, 1), (1, 2), (2, 3), (3, 4), (4, 5), (5, 6), (6, 10)], cost=1387.51
  Col 23: blocks=[(0, 1), (1, 2), (2, 3), (3, 4), (4, 5), (5, 6), (6, 10)], cost=1387.85
  Col 24: blocks=[(0, 1), (1, 2), (2, 3), (3, 4), (4, 5), (5, 6), (6, 10)], cost=1475.46
  Col 25: blocks=[(0, 1), (1, 2), (2, 3), (3, 4), (4, 5), (5, 6), (6, 10)], cost=1475.81
  Col 26: blocks=[(0, 1), (1, 2), (2, 3), (3, 4), (4, 5), (5, 6), (6, 10)], cost=1475.46
  Col 27: blocks=[(0, 1), (1, 2), (2, 3), (3, 4), (4, 5), (5, 6), (6, 10)], cost=1563.42
  Col 28: blocks=[(0, 1), (1, 2), (2, 3), (3, 4), (4, 5), (5, 7), (7, 8), (8, 9), (9, 10)], cost=1465.40
  Col 29: blocks=[(0, 1), (1, 2), (2, 3), (3, 4), (4, 5), (5, 7), (7, 8), (8, 9), (9, 10)], cost=1553.01
  Col 30: blocks=[(0, 1), (1, 2), (2, 3), (3, 4), (4, 5), (5, 7), (7, 8), (8, 10)], cost=1434.34
  Col 31: blocks=[(0, 1), (1, 2), (2, 3), (3, 4), (4, 5), (5, 7), (7, 8), (8, 10)], cost=1521.95
  Col 32: blocks=[(0, 1), (1, 2), (2, 3), (3, 4), (4, 5), (5, 7), (7, 8), (8, 10)], cost=1521.95
  Col 33: blocks=[(0, 1), (1, 2), (2, 3), (3, 4), (4, 5), (5, 7), (7, 8), (8, 10)], cost=1609.55
  Col 34: blocks=[(0, 1), (1, 2), (2, 3), (3, 4), (4, 5), (5, 7), (7, 9), (9, 10)], cost=1336.37
  Col 35: blocks=[(0, 1), (1, 2), (2, 3), (3, 4), (4, 5), (5, 7), (7, 9), (9, 10)], cost=1424.33
  Col 36: blocks=[(0, 1), (1, 2), (2, 3), (3, 4), (4, 5), (5, 7), (7, 9), (9, 10)], cost=1423.98
  Col 37: blocks=[(0, 1), (1, 2), (2, 3), (3, 4), (4, 5), (5, 7), (7, 9), (9, 10)], cost=1511.94
  Col 38: blocks=[(0, 1), (1, 2), (2, 3), (3, 4), (4, 5), (5, 7), (7, 10)], cost=1262.25
  Col 39: blocks=[(0, 1), (1, 2), (2, 3), (3, 4), (4, 5), (5, 7), (7, 10)], cost=1350.20
  Col 40: blocks=[(0, 1), (1, 2), (2, 3), (3, 4), (4, 5), (5, 7), (7, 10)], cost=1349.85
  Col 41: blocks=[(0, 1), (1, 2), (2, 3), (3, 4), (4, 5), (5, 7), (7, 10)], cost=1349.85
  Col 42: blocks=[(0, 1), (1, 2), (2, 3), (3, 4), (4, 5), (5, 7), (7, 10)], cost=1437.81
  Col 43: blocks=[(0, 1), (1, 2), (2, 3), (3, 4), (4, 5), (5, 7), (7, 10)], cost=1437.81
  Col 44: blocks=[(0, 1), (1, 2), (2, 3), (3, 4), (4, 5), (5, 7), (7, 10)], cost=1437.46
  Col 45: blocks=[(0, 1), (1, 2), (2, 3), (3, 4), (4, 5), (5, 7), (7, 10)], cost=1525.42
  Col 46: blocks=[(0, 1), (1, 2), (2, 3), (3, 4), (4, 5), (5, 8), (8, 9), (9, 10)], cost=1407.07
  Col 47: blocks=[(0, 1), (1, 2), (2, 3), (3, 4), (4, 5), (5, 8), (8, 9), (9, 10)], cost=1494.68
  Col 48: blocks=[(0, 1), (1, 2), (2, 3), (3, 4), (4, 5), (5, 8), (8, 9), (9, 10)], cost=1495.03
  Col 49: blocks=[(0, 1), (1, 2), (2, 3), (3, 4), (4, 5), (5, 8), (8, 9), (9, 10)], cost=1582.64
  Col 50: blocks=[(0, 1), (1, 2), (2, 3), (3, 4), (4, 5), (5, 8), (8, 10)], cost=1376.01
  Col 51: blocks=[(0, 1), (1, 2), (2, 3), (3, 4), (4, 5), (5, 8), (8, 10)], cost=1463.62
  Col 52: blocks=[(0, 1), (1, 2), (2, 3), (3, 4), (4, 5), (5, 8), (8, 10)], cost=1463.62
  Col 53: blocks=[(0, 1), (1, 2), (2, 3), (3, 4), (4, 5), (5, 8), (8, 10)], cost=1463.97
  Col 54: blocks=[(0, 1), (1, 2), (2, 3), (3, 4), (4, 5), (5, 8), (8, 10)], cost=1551.23
  Col 55: blocks=[(0, 1), (1, 2), (2, 3), (3, 4), (4, 5), (5, 8), (8, 10)], cost=1551.58
  Col 56: blocks=[(0, 1), (1, 2), (2, 3), (3, 4), (4, 5), (5, 8), (8, 10)], cost=1551.58
  Col 57: blocks=[(0, 1), (1, 2), (2, 3), (3, 4), (4, 5), (5, 8), (8, 10)], cost=1639.19
  Col 58: blocks=[(0, 1), (1, 2), (2, 3), (3, 4), (4, 5), (5, 9), (9, 10)], cost=1349.52
  Col 59: blocks=[(0, 1), (1, 2), (2, 3), (3, 4), (4, 5), (5, 9), (9, 10)], cost=1437.48
  Col 60: blocks=[(0, 1), (1, 2), (2, 3), (3, 4), (4, 5), (5, 9), (9, 10)], cost=1437.13
  Col 61: blocks=[(0, 1), (1, 2), (2, 3), (3, 4), (4, 5), (5, 9), (9, 10)], cost=1437.48
  Col 62: blocks=[(0, 1), (1, 2), (2, 3), (3, 4), (4, 5), (5, 9), (9, 10)], cost=1525.09
  Col 63: blocks=[(0, 1), (1, 2), (2, 3), (3, 4), (4, 5), (5, 9), (9, 10)], cost=1525.43
  Col 64: blocks=[(0, 1), (1, 2), (2, 3), (3, 4), (4, 5), (5, 9), (9, 10)], cost=1525.09
  Col 65: blocks=[(0, 1), (1, 2), (2, 3), (3, 4), (4, 5), (5, 9), (9, 10)], cost=1613.04
  Col 66: blocks=[(0, 1), (1, 2), (2, 3), (3, 4), (4, 5), (5, 10)], cost=1350.35
  Col 67: blocks=[(0, 1), (1, 2), (2, 3), (3, 4), (4, 5), (5, 10)], cost=1438.31
  Col 68: blocks=[(0, 1), (1, 2), (2, 3), (3, 4), (4, 5), (5, 10)], cost=1437.96
  Col 69: blocks=[(0, 1), (1, 2), (2, 3), (3, 4), (4, 5), (5, 10)], cost=1437.96
  Col 70: blocks=[(0, 1), (1, 2), (2, 3), (3, 4), (4, 5), (5, 10)], cost=1438.31
  Col 71: blocks=[(0, 1), (1, 2), (2, 3), (3, 4), (4, 5), (5, 10)], cost=1525.91
  Col 72: blocks=[(0, 1), (1, 2), (2, 3), (3, 4), (4, 5), (5, 10)], cost=1525.91
  Col 73: blocks=[(0, 1), (1, 2), (2, 3), (3, 4), (4, 5), (5, 10)], cost=1526.26
  Col 74: blocks=[(0, 1), (1, 2), (2, 3), (3, 4), (4, 5), (5, 10)], cost=1525.57
  Col 75: blocks=[(0, 1), (1, 2), (2, 3), (3, 4), (4, 5), (5, 10)], cost=1525.91
  Col 76: blocks=[(0, 1), (1, 2), (2, 3), (3, 4), (4, 5), (5, 10)], cost=1525.91
  Col 77: blocks=[(0, 1), (1, 2), (2, 3), (3, 4), (4, 5), (5, 10)], cost=1613.52
  Col 78: blocks=[(0, 1), (1, 2), (2, 3), (3, 4), (4, 5), (5, 10)], cost=1613.87
  Col 79: blocks=[(0, 1), (1, 2), (2, 3), (3, 4), (4, 5), (5, 10)], cost=1613.87
  Col 80: blocks=[(0, 1), (1, 2), (2, 3), (3, 4), (4, 5), (5, 10)], cost=1613.52
  Col 81: blocks=[(0, 1), (1, 2), (2, 3), (3, 4), (4, 6), (6, 7), (7, 8), (8, 9), (9, 10)], cost=1445.97
  Col 82: blocks=[(0, 1), (1, 2), (2, 3), (3, 4), (4, 6), (6, 7), (7, 8), (8, 9), (9, 10)], cost=1532.89
  Col 83: blocks=[(0, 1), (1, 2), (2, 3), (3, 4), (4, 6), (6, 7), (7, 8), (8, 10)], cost=1414.91
  Col 84: blocks=[(0, 1), (1, 2), (2, 3), (3, 4), (4, 6), (6, 7), (7, 8), (8, 10)], cost=1502.52
  Col 85: blocks=[(0, 1), (1, 2), (2, 3), (3, 4), (4, 6), (6, 7), (7, 8), (8, 10)], cost=1501.83
  Col 86: blocks=[(0, 1), (1, 2), (2, 3), (3, 4), (4, 6), (6, 7), (7, 8), (8, 10)], cost=1589.44
  Col 87: blocks=[(0, 1), (1, 2), (2, 3), (3, 4), (4, 6), (6, 7), (7, 9), (9, 10)], cost=1316.94
  Col 88: blocks=[(0, 1), (1, 2), (2, 3), (3, 4), (4, 6), (6, 7), (7, 9), (9, 10)], cost=1404.90
  Col 89: blocks=[(0, 1), (1, 2), (2, 3), (3, 4), (4, 6), (6, 7), (7, 9), (9, 10)], cost=1403.87
  Col 90: blocks=[(0, 1), (1, 2), (2, 3), (3, 4), (4, 6), (6, 7), (7, 9), (9, 10)], cost=1491.83
  Col 91: blocks=[(0, 1), (1, 2), (2, 3), (3, 4), (4, 6), (6, 7), (7, 10)], cost=1242.82
  Col 92: blocks=[(0, 1), (1, 2), (2, 3), (3, 4), (4, 6), (6, 7), (7, 10)], cost=1330.77
  Col 93: blocks=[(0, 1), (1, 2), (2, 3), (3, 4), (4, 6), (6, 7), (7, 10)], cost=1330.42
  Col 94: blocks=[(0, 1), (1, 2), (2, 3), (3, 4), (4, 6), (6, 7), (7, 10)], cost=1329.74
  Col 95: blocks=[(0, 1), (1, 2), (2, 3), (3, 4), (4, 6), (6, 7), (7, 10)], cost=1418.38
  Col 96: blocks=[(0, 1), (1, 2), (2, 3), (3, 4), (4, 6), (6, 7), (7, 10)], cost=1417.70
  Col 97: blocks=[(0, 1), (1, 2), (2, 3), (3, 4), (4, 6), (6, 7), (7, 10)], cost=1417.35
  Col 98: blocks=[(0, 1), (1, 2), (2, 3), (3, 4), (4, 6), (6, 7), (7, 10)], cost=1505.31
  Col 99: blocks=[(0, 1), (1, 2), (2, 3), (3, 4), (4, 6), (6, 8), (8, 9), (9, 10)], cost=1367.75
  Col 100: blocks=[(0, 1), (1, 2), (2, 3), (3, 4), (4, 6), (6, 8), (8, 9), (9, 10)], cost=1454.68
  Col 101: blocks=[(0, 1), (1, 2), (2, 3), (3, 4), (4, 6), (6, 8), (8, 9), (9, 10)], cost=1455.71
  Col 102: blocks=[(0, 1), (1, 2), (2, 3), (3, 4), (4, 6), (6, 8), (8, 9), (9, 10)], cost=1542.64
  Col 103: blocks=[(0, 1), (1, 2), (2, 3), (3, 4), (4, 6), (6, 8), (8, 10)], cost=1336.69
  Col 104: blocks=[(0, 1), (1, 2), (2, 3), (3, 4), (4, 6), (6, 8), (8, 10)], cost=1424.30
  Col 105: blocks=[(0, 1), (1, 2), (2, 3), (3, 4), (4, 6), (6, 8), (8, 10)], cost=1423.62
  Col 106: blocks=[(0, 1), (1, 2), (2, 3), (3, 4), (4, 6), (6, 8), (8, 10)], cost=1424.65
  Col 107: blocks=[(0, 1), (1, 2), (2, 3), (3, 4), (4, 6), (6, 8), (8, 10)], cost=1511.23
  Col 108: blocks=[(0, 1), (1, 2), (2, 3), (3, 4), (4, 6), (6, 8), (8, 10)], cost=1512.26
  Col 109: blocks=[(0, 1), (1, 2), (2, 3), (3, 4), (4, 6), (6, 8), (8, 10)], cost=1511.58
  Col 110: blocks=[(0, 1), (1, 2), (2, 3), (3, 4), (4, 6), (6, 8), (8, 10)], cost=1599.19
  Col 111: blocks=[(0, 1), (1, 2), (2, 3), (3, 4), (4, 6), (6, 9), (9, 10)], cost=1262.23
  Col 112: blocks=[(0, 1), (1, 2), (2, 3), (3, 4), (4, 6), (6, 9), (9, 10)], cost=1350.19
  Col 113: blocks=[(0, 1), (1, 2), (2, 3), (3, 4), (4, 6), (6, 9), (9, 10)], cost=1349.16
  Col 114: blocks=[(0, 1), (1, 2), (2, 3), (3, 4), (4, 6), (6, 9), (9, 10)], cost=1350.19
  Col 115: blocks=[(0, 1), (1, 2), (2, 3), (3, 4), (4, 6), (6, 9), (9, 10)], cost=1437.12
  Col 116: blocks=[(0, 1), (1, 2), (2, 3), (3, 4), (4, 6), (6, 9), (9, 10)], cost=1438.14
  Col 117: blocks=[(0, 1), (1, 2), (2, 3), (3, 4), (4, 6), (6, 9), (9, 10)], cost=1437.12
  Col 118: blocks=[(0, 1), (1, 2), (2, 3), (3, 4), (4, 6), (6, 9), (9, 10)], cost=1525.07
  Col 119: blocks=[(0, 1), (1, 2), (2, 3), (3, 4), (4, 6), (6, 10)], cost=1212.75
  Col 120: blocks=[(0, 1), (1, 2), (2, 3), (3, 4), (4, 6), (6, 10)], cost=1300.71
  Col 121: blocks=[(0, 1), (1, 2), (2, 3), (3, 4), (4, 6), (6, 10)], cost=1300.36
  Col 122: blocks=[(0, 1), (1, 2), (2, 3), (3, 4), (4, 6), (6, 10)], cost=1299.68
  Col 123: blocks=[(0, 1), (1, 2), (2, 3), (3, 4), (4, 6), (6, 10)], cost=1300.71
  Col 124: blocks=[(0, 1), (1, 2), (2, 3), (3, 4), (4, 6), (6, 10)], cost=1388.31
  Col 125: blocks=[(0, 1), (1, 2), (2, 3), (3, 4), (4, 6), (6, 10)], cost=1387.63
  Col 126: blocks=[(0, 1), (1, 2), (2, 3), (3, 4), (4, 6), (6, 10)], cost=1388.66
  Col 127: blocks=[(0, 1), (1, 2), (2, 3), (3, 4), (4, 6), (6, 10)], cost=1387.29
  Col 128: blocks=[(0, 1), (1, 2), (2, 3), (3, 4), (4, 6), (6, 10)], cost=1388.31
  Col 129: blocks=[(0, 1), (1, 2), (2, 3), (3, 4), (4, 6), (6, 10)], cost=1387.63
  Col 130: blocks=[(0, 1), (1, 2), (2, 3), (3, 4), (4, 6), (6, 10)], cost=1475.24
  Col 131: blocks=[(0, 1), (1, 2), (2, 3), (3, 4), (4, 6), (6, 10)], cost=1476.27
  Col 132: blocks=[(0, 1), (1, 2), (2, 3), (3, 4), (4, 6), (6, 10)], cost=1475.59
  Col 133: blocks=[(0, 1), (1, 2), (2, 3), (3, 4), (4, 6), (6, 10)], cost=1475.24
  Col 134: blocks=[(0, 1), (1, 2), (2, 3), (3, 4), (4, 7), (7, 8), (8, 9), (9, 10)], cost=1378.15
  Col 135: blocks=[(0, 1), (1, 2), (2, 3), (3, 4), (4, 7), (7, 8), (8, 9), (9, 10)], cost=1465.08
  Col 136: blocks=[(0, 1), (1, 2), (2, 3), (3, 4), (4, 7), (7, 8), (8, 9), (9, 10)], cost=1465.76
  Col 137: blocks=[(0, 1), (1, 2), (2, 3), (3, 4), (4, 7), (7, 8), (8, 9), (9, 10)], cost=1552.69
  Col 138: blocks=[(0, 1), (1, 2), (2, 3), (3, 4), (4, 7), (7, 8), (8, 10)], cost=1347.09
  Col 139: blocks=[(0, 1), (1, 2), (2, 3), (3, 4), (4, 7), (7, 8), (8, 10)], cost=1434.70
  Col 140: blocks=[(0, 1), (1, 2), (2, 3), (3, 4), (4, 7), (7, 8), (8, 10)], cost=1434.02
  Col 141: blocks=[(0, 1), (1, 2), (2, 3), (3, 4), (4, 7), (7, 8), (8, 10)], cost=1434.70
  Col 142: blocks=[(0, 1), (1, 2), (2, 3), (3, 4), (4, 7), (7, 8), (8, 10)], cost=1521.63
  Col 143: blocks=[(0, 1), (1, 2), (2, 3), (3, 4), (4, 7), (7, 8), (8, 10)], cost=1522.31
  Col 144: blocks=[(0, 1), (1, 2), (2, 3), (3, 4), (4, 7), (7, 8), (8, 10)], cost=1521.63
  Col 145: blocks=[(0, 1), (1, 2), (2, 3), (3, 4), (4, 7), (7, 8), (8, 10)], cost=1609.23
  Col 146: blocks=[(0, 1), (1, 2), (2, 3), (3, 4), (4, 7), (7, 9), (9, 10)], cost=1249.13
  Col 147: blocks=[(0, 1), (1, 2), (2, 3), (3, 4), (4, 7), (7, 9), (9, 10)], cost=1337.08
  Col 148: blocks=[(0, 1), (1, 2), (2, 3), (3, 4), (4, 7), (7, 9), (9, 10)], cost=1336.06
  Col 149: blocks=[(0, 1), (1, 2), (2, 3), (3, 4), (4, 7), (7, 9), (9, 10)], cost=1336.74
  Col 150: blocks=[(0, 1), (1, 2), (2, 3), (3, 4), (4, 7), (7, 9), (9, 10)], cost=1424.01
  Col 151: blocks=[(0, 1), (1, 2), (2, 3), (3, 4), (4, 7), (7, 9), (9, 10)], cost=1424.69
  Col 152: blocks=[(0, 1), (1, 2), (2, 3), (3, 4), (4, 7), (7, 9), (9, 10)], cost=1423.66
  Col 153: blocks=[(0, 1), (1, 2), (2, 3), (3, 4), (4, 7), (7, 9), (9, 10)], cost=1511.62
  Col 154: blocks=[(0, 1), (1, 2), (2, 3), (3, 4), (4, 7), (7, 10)], cost=1175.00
  Col 155: blocks=[(0, 1), (1, 2), (2, 3), (3, 4), (4, 7), (7, 10)], cost=1262.95
  Col 156: blocks=[(0, 1), (1, 2), (2, 3), (3, 4), (4, 7), (7, 10)], cost=1262.61
  Col 157: blocks=[(0, 1), (1, 2), (2, 3), (3, 4), (4, 7), (7, 10)], cost=1261.93
  Col 158: blocks=[(0, 1), (1, 2), (2, 3), (3, 4), (4, 7), (7, 10)], cost=1262.61
  Col 159: blocks=[(0, 1), (1, 2), (2, 3), (3, 4), (4, 7), (7, 10)], cost=1350.56
  Col 160: blocks=[(0, 1), (1, 2), (2, 3), (3, 4), (4, 7), (7, 10)], cost=1349.88
  Col 161: blocks=[(0, 1), (1, 2), (2, 3), (3, 4), (4, 7), (7, 10)], cost=1350.56
  Col 162: blocks=[(0, 1), (1, 2), (2, 3), (3, 4), (4, 7), (7, 10)], cost=1349.53
  Col 163: blocks=[(0, 1), (1, 2), (2, 3), (3, 4), (4, 7), (7, 10)], cost=1350.21
  Col 164: blocks=[(0, 1), (1, 2), (2, 3), (3, 4), (4, 7), (7, 10)], cost=1349.53
  Col 165: blocks=[(0, 1), (1, 2), (2, 3), (3, 4), (4, 7), (7, 10)], cost=1437.49
  Col 166: blocks=[(0, 1), (1, 2), (2, 3), (3, 4), (4, 7), (7, 10)], cost=1438.17
  Col 167: blocks=[(0, 1), (1, 2), (2, 3), (3, 4), (4, 7), (7, 10)], cost=1437.49
  Col 168: blocks=[(0, 1), (1, 2), (2, 3), (3, 4), (4, 7), (7, 10)], cost=1437.14
  Col 169: blocks=[(0, 1), (1, 2), (2, 3), (3, 4), (4, 8), (8, 9), (9, 10)], cost=1319.73
  Col 170: blocks=[(0, 1), (1, 2), (2, 3), (3, 4), (4, 8), (8, 9), (9, 10)], cost=1406.66
  Col 171: blocks=[(0, 1), (1, 2), (2, 3), (3, 4), (4, 8), (8, 9), (9, 10)], cost=1407.34
  Col 172: blocks=[(0, 1), (1, 2), (2, 3), (3, 4), (4, 8), (8, 9), (9, 10)], cost=1407.68
  Col 173: blocks=[(0, 1), (1, 2), (2, 3), (3, 4), (4, 8), (8, 9), (9, 10)], cost=1494.27
  Col 174: blocks=[(0, 1), (1, 2), (2, 3), (3, 4), (4, 8), (8, 9), (9, 10)], cost=1494.61
  Col 175: blocks=[(0, 1), (1, 2), (2, 3), (3, 4), (4, 8), (8, 9), (9, 10)], cost=1495.29
  Col 176: blocks=[(0, 1), (1, 2), (2, 3), (3, 4), (4, 8), (8, 9), (9, 10)], cost=1582.22
  Col 177: blocks=[(0, 1), (1, 2), (2, 3), (3, 4), (4, 8), (8, 10)], cost=1288.67
  Col 178: blocks=[(0, 1), (1, 2), (2, 3), (3, 4), (4, 8), (8, 10)], cost=1376.28
  Col 179: blocks=[(0, 1), (1, 2), (2, 3), (3, 4), (4, 8), (8, 10)], cost=1375.60
  Col 180: blocks=[(0, 1), (1, 2), (2, 3), (3, 4), (4, 8), (8, 10)], cost=1376.28
  Col 181: blocks=[(0, 1), (1, 2), (2, 3), (3, 4), (4, 8), (8, 10)], cost=1376.62
  Col 182: blocks=[(0, 1), (1, 2), (2, 3), (3, 4), (4, 8), (8, 10)], cost=1463.21
  Col 183: blocks=[(0, 1), (1, 2), (2, 3), (3, 4), (4, 8), (8, 10)], cost=1463.89
  Col 184: blocks=[(0, 1), (1, 2), (2, 3), (3, 4), (4, 8), (8, 10)], cost=1464.23
  Col 185: blocks=[(0, 1), (1, 2), (2, 3), (3, 4), (4, 8), (8, 10)], cost=1463.21
  Col 186: blocks=[(0, 1), (1, 2), (2, 3), (3, 4), (4, 8), (8, 10)], cost=1463.55
  Col 187: blocks=[(0, 1), (1, 2), (2, 3), (3, 4), (4, 8), (8, 10)], cost=1464.23
  Col 188: blocks=[(0, 1), (1, 2), (2, 3), (3, 4), (4, 8), (8, 10)], cost=1550.81
  Col 189: blocks=[(0, 1), (1, 2), (2, 3), (3, 4), (4, 8), (8, 10)], cost=1551.16
  Col 190: blocks=[(0, 1), (1, 2), (2, 3), (3, 4), (4, 8), (8, 10)], cost=1551.84
  Col 191: blocks=[(0, 1), (1, 2), (2, 3), (3, 4), (4, 8), (8, 10)], cost=1551.16
  Col 192: blocks=[(0, 1), (1, 2), (2, 3), (3, 4), (4, 9), (9, 10)], cost=1261.94
  Col 193: blocks=[(0, 1), (1, 2), (2, 3), (3, 4), (4, 9), (9, 10)], cost=1349.89
  Col 194: blocks=[(0, 1), (1, 2), (2, 3), (3, 4), (4, 9), (9, 10)], cost=1348.87
  Col 195: blocks=[(0, 1), (1, 2), (2, 3), (3, 4), (4, 9), (9, 10)], cost=1349.55
  Col 196: blocks=[(0, 1), (1, 2), (2, 3), (3, 4), (4, 9), (9, 10)], cost=1349.89
  Col 197: blocks=[(0, 1), (1, 2), (2, 3), (3, 4), (4, 9), (9, 10)], cost=1436.82
  Col 198: blocks=[(0, 1), (1, 2), (2, 3), (3, 4), (4, 9), (9, 10)], cost=1437.50
  Col 199: blocks=[(0, 1), (1, 2), (2, 3), (3, 4), (4, 9), (9, 10)], cost=1437.85
  Col 200: blocks=[(0, 1), (1, 2), (2, 3), (3, 4), (4, 9), (9, 10)], cost=1436.47
  Col 201: blocks=[(0, 1), (1, 2), (2, 3), (3, 4), (4, 9), (9, 10)], cost=1436.82
  Col 202: blocks=[(0, 1), (1, 2), (2, 3), (3, 4), (4, 9), (9, 10)], cost=1437.50
  Col 203: blocks=[(0, 1), (1, 2), (2, 3), (3, 4), (4, 9), (9, 10)], cost=1524.43
  Col 204: blocks=[(0, 1), (1, 2), (2, 3), (3, 4), (4, 9), (9, 10)], cost=1524.78
  Col 205: blocks=[(0, 1), (1, 2), (2, 3), (3, 4), (4, 9), (9, 10)], cost=1525.46
  Col 206: blocks=[(0, 1), (1, 2), (2, 3), (3, 4), (4, 9), (9, 10)], cost=1524.43
  Col 207: blocks=[(0, 1), (1, 2), (2, 3), (3, 4), (4, 10)], cost=1262.52
  Col 208: blocks=[(0, 1), (1, 2), (2, 3), (3, 4), (4, 10)], cost=1349.44
  Col 209: blocks=[(0, 1), (1, 2), (2, 3), (3, 4), (4, 10)], cost=1350.12
  Col 210: blocks=[(0, 1), (1, 2), (2, 3), (3, 4), (4, 10)], cost=1350.47
  Col 211: blocks=[(0, 1), (1, 2), (2, 3), (3, 4), (4, 10)], cost=1350.47
  Col 212: blocks=[(0, 1), (1, 2), (2, 3), (3, 4), (4, 10)], cost=1350.12
  Col 213: blocks=[(0, 1), (1, 2), (2, 3), (3, 4), (4, 10)], cost=1437.05
  Col 214: blocks=[(0, 1), (1, 2), (2, 3), (3, 4), (4, 10)], cost=1437.40
  Col 215: blocks=[(0, 1), (1, 2), (2, 3), (3, 4), (4, 10)], cost=1437.40
  Col 216: blocks=[(0, 1), (1, 2), (2, 3), (3, 4), (4, 10)], cost=1437.05
  Col 217: blocks=[(0, 1), (1, 2), (2, 3), (3, 4), (4, 10)], cost=1438.08
  Col 218: blocks=[(0, 1), (1, 2), (2, 3), (3, 4), (4, 10)], cost=1438.08
  Col 219: blocks=[(0, 1), (1, 2), (2, 3), (3, 4), (4, 10)], cost=1437.73
  Col 220: blocks=[(0, 1), (1, 2), (2, 3), (3, 4), (4, 10)], cost=1438.43
  Col 221: blocks=[(0, 1), (1, 2), (2, 3), (3, 4), (4, 10)], cost=1438.08
  Col 222: blocks=[(0, 1), (1, 2), (2, 3), (3, 4), (4, 10)], cost=1438.08
  Col 223: blocks=[(0, 1), (1, 2), (2, 3), (3, 4), (4, 10)], cost=1525.01
  Col 224: blocks=[(0, 1), (1, 2), (2, 3), (3, 4), (4, 10)], cost=1525.01
  Col 225: blocks=[(0, 1), (1, 2), (2, 3), (3, 4), (4, 10)], cost=1524.66
  Col 226: blocks=[(0, 1), (1, 2), (2, 3), (3, 4), (4, 10)], cost=1525.36
  Col 227: blocks=[(0, 1), (1, 2), (2, 3), (3, 4), (4, 10)], cost=1525.01
  Col 228: blocks=[(0, 1), (1, 2), (2, 3), (3, 4), (4, 10)], cost=1525.01
  Col 229: blocks=[(0, 1), (1, 2), (2, 3), (3, 4), (4, 10)], cost=1526.04
  Col 230: blocks=[(0, 1), (1, 2), (2, 3), (3, 4), (4, 10)], cost=1525.69
  Col 231: blocks=[(0, 1), (1, 2), (2, 3), (3, 4), (4, 10)], cost=1525.69
  Col 232: blocks=[(0, 1), (1, 2), (2, 3), (3, 4), (4, 10)], cost=1526.04
  Col 233: blocks=[(0, 1), (1, 2), (2, 3), (3, 5), (5, 6), (6, 7), (7, 8), (8, 9), (9, 10)], cost=1482.03
  Col 234: blocks=[(0, 1), (1, 2), (2, 3), (3, 5), (5, 6), (6, 7), (7, 8), (8, 9), (9, 10)], cost=1567.98
  Col 235: blocks=[(0, 1), (1, 2), (2, 3), (3, 5), (5, 6), (6, 7), (7, 8), (8, 10)], cost=1450.97
  Col 236: blocks=[(0, 1), (1, 2), (2, 3), (3, 5), (5, 6), (6, 7), (7, 8), (8, 10)], cost=1538.58
  Col 237: blocks=[(0, 1), (1, 2), (2, 3), (3, 5), (5, 6), (6, 7), (7, 8), (8, 10)], cost=1536.92
  Col 238: blocks=[(0, 1), (1, 2), (2, 3), (3, 5), (5, 6), (6, 7), (7, 8), (8, 10)], cost=1624.53
  Col 239: blocks=[(0, 1), (1, 2), (2, 3), (3, 5), (5, 6), (6, 7), (7, 9), (9, 10)], cost=1353.01
  Col 240: blocks=[(0, 1), (1, 2), (2, 3), (3, 5), (5, 6), (6, 7), (7, 9), (9, 10)], cost=1440.97
  Col 241: blocks=[(0, 1), (1, 2), (2, 3), (3, 5), (5, 6), (6, 7), (7, 9), (9, 10)], cost=1438.96
  Col 242: blocks=[(0, 1), (1, 2), (2, 3), (3, 5), (5, 6), (6, 7), (7, 9), (9, 10)], cost=1526.91
  Col 243: blocks=[(0, 1), (1, 2), (2, 3), (3, 5), (5, 6), (6, 7), (7, 10)], cost=1278.88
  Col 244: blocks=[(0, 1), (1, 2), (2, 3), (3, 5), (5, 6), (6, 7), (7, 10)], cost=1366.84
  Col 245: blocks=[(0, 1), (1, 2), (2, 3), (3, 5), (5, 6), (6, 7), (7, 10)], cost=1366.49
  Col 246: blocks=[(0, 1), (1, 2), (2, 3), (3, 5), (5, 6), (6, 7), (7, 10)], cost=1364.83
  Col 247: blocks=[(0, 1), (1, 2), (2, 3), (3, 5), (5, 6), (6, 7), (7, 10)], cost=1454.45
  Col 248: blocks=[(0, 1), (1, 2), (2, 3), (3, 5), (5, 6), (6, 7), (7, 10)], cost=1452.78
  Col 249: blocks=[(0, 1), (1, 2), (2, 3), (3, 5), (5, 6), (6, 7), (7, 10)], cost=1452.44
  Col 250: blocks=[(0, 1), (1, 2), (2, 3), (3, 5), (5, 6), (6, 7), (7, 10)], cost=1540.39
  Col 251: blocks=[(0, 1), (1, 2), (2, 3), (3, 5), (5, 6), (6, 8), (8, 9), (9, 10)], cost=1403.82
  Col 252: blocks=[(0, 1), (1, 2), (2, 3), (3, 5), (5, 6), (6, 8), (8, 9), (9, 10)], cost=1489.77
  Col 253: blocks=[(0, 1), (1, 2), (2, 3), (3, 5), (5, 6), (6, 8), (8, 9), (9, 10)], cost=1491.78
  Col 254: blocks=[(0, 1), (1, 2), (2, 3), (3, 5), (5, 6), (6, 8), (8, 9), (9, 10)], cost=1577.72
  Col 255: blocks=[(0, 1), (1, 2), (2, 3), (3, 5), (5, 6), (6, 8), (8, 10)], cost=1372.76
  Col 256: blocks=[(0, 1), (1, 2), (2, 3), (3, 5), (5, 6), (6, 8), (8, 10)], cost=1460.37
  Col 257: blocks=[(0, 1), (1, 2), (2, 3), (3, 5), (5, 6), (6, 8), (8, 10)], cost=1458.71
  Col 258: blocks=[(0, 1), (1, 2), (2, 3), (3, 5), (5, 6), (6, 8), (8, 10)], cost=1460.72
  Col 259: blocks=[(0, 1), (1, 2), (2, 3), (3, 5), (5, 6), (6, 8), (8, 10)], cost=1546.32
  Col 260: blocks=[(0, 1), (1, 2), (2, 3), (3, 5), (5, 6), (6, 8), (8, 10)], cost=1548.33
  Col 261: blocks=[(0, 1), (1, 2), (2, 3), (3, 5), (5, 6), (6, 8), (8, 10)], cost=1546.66
  Col 262: blocks=[(0, 1), (1, 2), (2, 3), (3, 5), (5, 6), (6, 8), (8, 10)], cost=1634.27
  Col 263: blocks=[(0, 1), (1, 2), (2, 3), (3, 5), (5, 6), (6, 9), (9, 10)], cost=1298.30
  Col 264: blocks=[(0, 1), (1, 2), (2, 3), (3, 5), (5, 6), (6, 9), (9, 10)], cost=1386.26
  Col 265: blocks=[(0, 1), (1, 2), (2, 3), (3, 5), (5, 6), (6, 9), (9, 10)], cost=1384.24
  Col 266: blocks=[(0, 1), (1, 2), (2, 3), (3, 5), (5, 6), (6, 9), (9, 10)], cost=1386.26
  Col 267: blocks=[(0, 1), (1, 2), (2, 3), (3, 5), (5, 6), (6, 9), (9, 10)], cost=1472.20
  Col 268: blocks=[(0, 1), (1, 2), (2, 3), (3, 5), (5, 6), (6, 9), (9, 10)], cost=1474.21
  Col 269: blocks=[(0, 1), (1, 2), (2, 3), (3, 5), (5, 6), (6, 9), (9, 10)], cost=1472.20
  Col 270: blocks=[(0, 1), (1, 2), (2, 3), (3, 5), (5, 6), (6, 9), (9, 10)], cost=1560.16
  Col 271: blocks=[(0, 1), (1, 2), (2, 3), (3, 5), (5, 6), (6, 10)], cost=1248.82
  Col 272: blocks=[(0, 1), (1, 2), (2, 3), (3, 5), (5, 6), (6, 10)], cost=1336.77
  Col 273: blocks=[(0, 1), (1, 2), (2, 3), (3, 5), (5, 6), (6, 10)], cost=1336.42
  Col 274: blocks=[(0, 1), (1, 2), (2, 3), (3, 5), (5, 6), (6, 10)], cost=1334.76
  Col 275: blocks=[(0, 1), (1, 2), (2, 3), (3, 5), (5, 6), (6, 10)], cost=1336.77
  Col 276: blocks=[(0, 1), (1, 2), (2, 3), (3, 5), (5, 6), (6, 10)], cost=1424.38
  Col 277: blocks=[(0, 1), (1, 2), (2, 3), (3, 5), (5, 6), (6, 10)], cost=1422.72
  Col 278: blocks=[(0, 1), (1, 2), (2, 3), (3, 5), (5, 6), (6, 10)], cost=1424.73
  Col 279: blocks=[(0, 1), (1, 2), (2, 3), (3, 5), (5, 6), (6, 10)], cost=1422.37
  Col 280: blocks=[(0, 1), (1, 2), (2, 3), (3, 5), (5, 6), (6, 10)], cost=1424.38
  Col 281: blocks=[(0, 1), (1, 2), (2, 3), (3, 5), (5, 6), (6, 10)], cost=1422.72
  Col 282: blocks=[(0, 1), (1, 2), (2, 3), (3, 5), (5, 6), (6, 10)], cost=1510.33
  Col 283: blocks=[(0, 1), (1, 2), (2, 3), (3, 5), (5, 6), (6, 10)], cost=1512.34
  Col 284: blocks=[(0, 1), (1, 2), (2, 3), (3, 5), (5, 6), (6, 10)], cost=1510.67
  Col 285: blocks=[(0, 1), (1, 2), (2, 3), (3, 5), (5, 6), (6, 10)], cost=1510.33
  Col 286: blocks=[(0, 1), (1, 2), (2, 3), (3, 5), (5, 7), (7, 8), (8, 9), (9, 10)], cost=1414.32
  Col 287: blocks=[(0, 1), (1, 2), (2, 3), (3, 5), (5, 7), (7, 8), (8, 9), (9, 10)], cost=1500.26
  Col 288: blocks=[(0, 1), (1, 2), (2, 3), (3, 5), (5, 7), (7, 8), (8, 9), (9, 10)], cost=1501.92
  Col 289: blocks=[(0, 1), (1, 2), (2, 3), (3, 5), (5, 7), (7, 8), (8, 9), (9, 10)], cost=1587.87
  Col 290: blocks=[(0, 1), (1, 2), (2, 3), (3, 5), (5, 7), (7, 8), (8, 10)], cost=1383.26
  Col 291: blocks=[(0, 1), (1, 2), (2, 3), (3, 5), (5, 7), (7, 8), (8, 10)], cost=1470.86
  Col 292: blocks=[(0, 1), (1, 2), (2, 3), (3, 5), (5, 7), (7, 8), (8, 10)], cost=1469.20
  Col 293: blocks=[(0, 1), (1, 2), (2, 3), (3, 5), (5, 7), (7, 8), (8, 10)], cost=1470.86
  Col 294: blocks=[(0, 1), (1, 2), (2, 3), (3, 5), (5, 7), (7, 8), (8, 10)], cost=1556.81
  Col 295: blocks=[(0, 1), (1, 2), (2, 3), (3, 5), (5, 7), (7, 8), (8, 10)], cost=1558.47
  Col 296: blocks=[(0, 1), (1, 2), (2, 3), (3, 5), (5, 7), (7, 8), (8, 10)], cost=1556.81
  Col 297: blocks=[(0, 1), (1, 2), (2, 3), (3, 5), (5, 7), (7, 8), (8, 10)], cost=1644.42
  Col 298: blocks=[(0, 1), (1, 2), (2, 3), (3, 5), (5, 7), (7, 9), (9, 10)], cost=1285.29
  Col 299: blocks=[(0, 1), (1, 2), (2, 3), (3, 5), (5, 7), (7, 9), (9, 10)], cost=1373.25
  Col 300: blocks=[(0, 1), (1, 2), (2, 3), (3, 5), (5, 7), (7, 9), (9, 10)], cost=1371.24
  Col 301: blocks=[(0, 1), (1, 2), (2, 3), (3, 5), (5, 7), (7, 9), (9, 10)], cost=1372.90
  Col 302: blocks=[(0, 1), (1, 2), (2, 3), (3, 5), (5, 7), (7, 9), (9, 10)], cost=1459.19
  Col 303: blocks=[(0, 1), (1, 2), (2, 3), (3, 5), (5, 7), (7, 9), (9, 10)], cost=1460.86
  Col 304: blocks=[(0, 1), (1, 2), (2, 3), (3, 5), (5, 7), (7, 9), (9, 10)], cost=1458.85
  Col 305: blocks=[(0, 1), (1, 2), (2, 3), (3, 5), (5, 7), (7, 9), (9, 10)], cost=1546.80
  Col 306: blocks=[(0, 1), (1, 2), (2, 3), (3, 5), (5, 7), (7, 10)], cost=1211.16
  Col 307: blocks=[(0, 1), (1, 2), (2, 3), (3, 5), (5, 7), (7, 10)], cost=1299.12
  Col 308: blocks=[(0, 1), (1, 2), (2, 3), (3, 5), (5, 7), (7, 10)], cost=1298.77
  Col 309: blocks=[(0, 1), (1, 2), (2, 3), (3, 5), (5, 7), (7, 10)], cost=1297.11
  Col 310: blocks=[(0, 1), (1, 2), (2, 3), (3, 5), (5, 7), (7, 10)], cost=1298.77
  Col 311: blocks=[(0, 1), (1, 2), (2, 3), (3, 5), (5, 7), (7, 10)], cost=1386.73
  Col 312: blocks=[(0, 1), (1, 2), (2, 3), (3, 5), (5, 7), (7, 10)], cost=1385.06
  Col 313: blocks=[(0, 1), (1, 2), (2, 3), (3, 5), (5, 7), (7, 10)], cost=1386.73
  Col 314: blocks=[(0, 1), (1, 2), (2, 3), (3, 5), (5, 7), (7, 10)], cost=1384.72
  Col 315: blocks=[(0, 1), (1, 2), (2, 3), (3, 5), (5, 7), (7, 10)], cost=1386.38
  Col 316: blocks=[(0, 1), (1, 2), (2, 3), (3, 5), (5, 7), (7, 10)], cost=1384.72
  Col 317: blocks=[(0, 1), (1, 2), (2, 3), (3, 5), (5, 7), (7, 10)], cost=1472.67
  Col 318: blocks=[(0, 1), (1, 2), (2, 3), (3, 5), (5, 7), (7, 10)], cost=1474.34
  Col 319: blocks=[(0, 1), (1, 2), (2, 3), (3, 5), (5, 7), (7, 10)], cost=1472.67
  Col 320: blocks=[(0, 1), (1, 2), (2, 3), (3, 5), (5, 7), (7, 10)], cost=1472.33
  Col 321: blocks=[(0, 1), (1, 2), (2, 3), (3, 5), (5, 8), (8, 9), (9, 10)], cost=1355.99
  Col 322: blocks=[(0, 1), (1, 2), (2, 3), (3, 5), (5, 8), (8, 9), (9, 10)], cost=1441.94
  Col 323: blocks=[(0, 1), (1, 2), (2, 3), (3, 5), (5, 8), (8, 9), (9, 10)], cost=1443.60
  Col 324: blocks=[(0, 1), (1, 2), (2, 3), (3, 5), (5, 8), (8, 9), (9, 10)], cost=1443.95
  Col 325: blocks=[(0, 1), (1, 2), (2, 3), (3, 5), (5, 8), (8, 9), (9, 10)], cost=1529.55
  Col 326: blocks=[(0, 1), (1, 2), (2, 3), (3, 5), (5, 8), (8, 9), (9, 10)], cost=1529.89
  Col 327: blocks=[(0, 1), (1, 2), (2, 3), (3, 5), (5, 8), (8, 9), (9, 10)], cost=1531.56
  Col 328: blocks=[(0, 1), (1, 2), (2, 3), (3, 5), (5, 8), (8, 9), (9, 10)], cost=1617.50
  Col 329: blocks=[(0, 1), (1, 2), (2, 3), (3, 5), (5, 8), (8, 10)], cost=1324.93
  Col 330: blocks=[(0, 1), (1, 2), (2, 3), (3, 5), (5, 8), (8, 10)], cost=1412.54
  Col 331: blocks=[(0, 1), (1, 2), (2, 3), (3, 5), (5, 8), (8, 10)], cost=1410.88
  Col 332: blocks=[(0, 1), (1, 2), (2, 3), (3, 5), (5, 8), (8, 10)], cost=1412.54
  Col 333: blocks=[(0, 1), (1, 2), (2, 3), (3, 5), (5, 8), (8, 10)], cost=1412.89
  Col 334: blocks=[(0, 1), (1, 2), (2, 3), (3, 5), (5, 8), (8, 10)], cost=1498.49
  Col 335: blocks=[(0, 1), (1, 2), (2, 3), (3, 5), (5, 8), (8, 10)], cost=1500.15
  Col 336: blocks=[(0, 1), (1, 2), (2, 3), (3, 5), (5, 8), (8, 10)], cost=1500.50
  Col 337: blocks=[(0, 1), (1, 2), (2, 3), (3, 5), (5, 8), (8, 10)], cost=1498.49
  Col 338: blocks=[(0, 1), (1, 2), (2, 3), (3, 5), (5, 8), (8, 10)], cost=1498.83
  Col 339: blocks=[(0, 1), (1, 2), (2, 3), (3, 5), (5, 8), (8, 10)], cost=1500.50
  Col 340: blocks=[(0, 1), (1, 2), (2, 3), (3, 5), (5, 8), (8, 10)], cost=1586.09
  Col 341: blocks=[(0, 1), (1, 2), (2, 3), (3, 5), (5, 8), (8, 10)], cost=1586.44
  Col 342: blocks=[(0, 1), (1, 2), (2, 3), (3, 5), (5, 8), (8, 10)], cost=1588.11
  Col 343: blocks=[(0, 1), (1, 2), (2, 3), (3, 5), (5, 8), (8, 10)], cost=1586.44
  Col 344: blocks=[(0, 1), (1, 2), (2, 3), (3, 5), (5, 9), (9, 10)], cost=1298.44
  Col 345: blocks=[(0, 1), (1, 2), (2, 3), (3, 5), (5, 9), (9, 10)], cost=1386.40
  Col 346: blocks=[(0, 1), (1, 2), (2, 3), (3, 5), (5, 9), (9, 10)], cost=1384.39
  Col 347: blocks=[(0, 1), (1, 2), (2, 3), (3, 5), (5, 9), (9, 10)], cost=1386.05
  Col 348: blocks=[(0, 1), (1, 2), (2, 3), (3, 5), (5, 9), (9, 10)], cost=1386.40
  Col 349: blocks=[(0, 1), (1, 2), (2, 3), (3, 5), (5, 9), (9, 10)], cost=1472.34
  Col 350: blocks=[(0, 1), (1, 2), (2, 3), (3, 5), (5, 9), (9, 10)], cost=1474.00
  Col 351: blocks=[(0, 1), (1, 2), (2, 3), (3, 5), (5, 9), (9, 10)], cost=1474.35
  Col 352: blocks=[(0, 1), (1, 2), (2, 3), (3, 5), (5, 9), (9, 10)], cost=1471.99
  Col 353: blocks=[(0, 1), (1, 2), (2, 3), (3, 5), (5, 9), (9, 10)], cost=1472.34
  Col 354: blocks=[(0, 1), (1, 2), (2, 3), (3, 5), (5, 9), (9, 10)], cost=1474.00
  Col 355: blocks=[(0, 1), (1, 2), (2, 3), (3, 5), (5, 9), (9, 10)], cost=1559.95
  Col 356: blocks=[(0, 1), (1, 2), (2, 3), (3, 5), (5, 9), (9, 10)], cost=1560.30
  Col 357: blocks=[(0, 1), (1, 2), (2, 3), (3, 5), (5, 9), (9, 10)], cost=1561.96
  Col 358: blocks=[(0, 1), (1, 2), (2, 3), (3, 5), (5, 9), (9, 10)], cost=1559.95
  Col 359: blocks=[(0, 1), (1, 2), (2, 3), (3, 5), (5, 10)], cost=1299.27
  Col 360: blocks=[(0, 1), (1, 2), (2, 3), (3, 5), (5, 10)], cost=1385.21
  Col 361: blocks=[(0, 1), (1, 2), (2, 3), (3, 5), (5, 10)], cost=1386.88
  Col 362: blocks=[(0, 1), (1, 2), (2, 3), (3, 5), (5, 10)], cost=1387.22
  Col 363: blocks=[(0, 1), (1, 2), (2, 3), (3, 5), (5, 10)], cost=1387.22
  Col 364: blocks=[(0, 1), (1, 2), (2, 3), (3, 5), (5, 10)], cost=1386.88
  Col 365: blocks=[(0, 1), (1, 2), (2, 3), (3, 5), (5, 10)], cost=1472.82
  Col 366: blocks=[(0, 1), (1, 2), (2, 3), (3, 5), (5, 10)], cost=1473.17
  Col 367: blocks=[(0, 1), (1, 2), (2, 3), (3, 5), (5, 10)], cost=1473.17
  Col 368: blocks=[(0, 1), (1, 2), (2, 3), (3, 5), (5, 10)], cost=1472.82
  Col 369: blocks=[(0, 1), (1, 2), (2, 3), (3, 5), (5, 10)], cost=1474.83
  Col 370: blocks=[(0, 1), (1, 2), (2, 3), (3, 5), (5, 10)], cost=1474.83
  Col 371: blocks=[(0, 1), (1, 2), (2, 3), (3, 5), (5, 10)], cost=1474.48
  Col 372: blocks=[(0, 1), (1, 2), (2, 3), (3, 5), (5, 10)], cost=1475.18
  Col 373: blocks=[(0, 1), (1, 2), (2, 3), (3, 5), (5, 10)], cost=1474.83
  Col 374: blocks=[(0, 1), (1, 2), (2, 3), (3, 5), (5, 10)], cost=1474.83
  Col 375: blocks=[(0, 1), (1, 2), (2, 3), (3, 5), (5, 10)], cost=1560.78
  Col 376: blocks=[(0, 1), (1, 2), (2, 3), (3, 5), (5, 10)], cost=1560.78
  Col 377: blocks=[(0, 1), (1, 2), (2, 3), (3, 5), (5, 10)], cost=1560.43
  Col 378: blocks=[(0, 1), (1, 2), (2, 3), (3, 5), (5, 10)], cost=1561.12
  Col 379: blocks=[(0, 1), (1, 2), (2, 3), (3, 5), (5, 10)], cost=1560.78
  Col 380: blocks=[(0, 1), (1, 2), (2, 3), (3, 5), (5, 10)], cost=1560.78
  Col 381: blocks=[(0, 1), (1, 2), (2, 3), (3, 5), (5, 10)], cost=1562.79
  Col 382: blocks=[(0, 1), (1, 2), (2, 3), (3, 5), (5, 10)], cost=1562.44
  Col 383: blocks=[(0, 1), (1, 2), (2, 3), (3, 5), (5, 10)], cost=1562.44
  Col 384: blocks=[(0, 1), (1, 2), (2, 3), (3, 5), (5, 10)], cost=1562.79
  Col 385: blocks=[(0, 1), (1, 2), (2, 3), (3, 6), (6, 7), (7, 8), (8, 9), (9, 10)], cost=1414.96
  Col 386: blocks=[(0, 1), (1, 2), (2, 3), (3, 6), (6, 7), (7, 8), (8, 9), (9, 10)], cost=1500.90
  Col 387: blocks=[(0, 1), (1, 2), (2, 3), (3, 6), (6, 7), (7, 8), (8, 9), (9, 10)], cost=1501.89
  Col 388: blocks=[(0, 1), (1, 2), (2, 3), (3, 6), (6, 7), (7, 8), (8, 9), (9, 10)], cost=1587.83
  Col 389: blocks=[(0, 1), (1, 2), (2, 3), (3, 6), (6, 7), (7, 8), (8, 10)], cost=1383.90
  Col 390: blocks=[(0, 1), (1, 2), (2, 3), (3, 6), (6, 7), (7, 8), (8, 10)], cost=1471.51
  Col 391: blocks=[(0, 1), (1, 2), (2, 3), (3, 6), (6, 7), (7, 8), (8, 10)], cost=1469.84
  Col 392: blocks=[(0, 1), (1, 2), (2, 3), (3, 6), (6, 7), (7, 8), (8, 10)], cost=1470.83
  Col 393: blocks=[(0, 1), (1, 2), (2, 3), (3, 6), (6, 7), (7, 8), (8, 10)], cost=1557.45
  Col 394: blocks=[(0, 1), (1, 2), (2, 3), (3, 6), (6, 7), (7, 8), (8, 10)], cost=1558.43
  Col 395: blocks=[(0, 1), (1, 2), (2, 3), (3, 6), (6, 7), (7, 8), (8, 10)], cost=1556.77
  Col 396: blocks=[(0, 1), (1, 2), (2, 3), (3, 6), (6, 7), (7, 8), (8, 10)], cost=1644.38
  Col 397: blocks=[(0, 1), (1, 2), (2, 3), (3, 6), (6, 7), (7, 9), (9, 10)], cost=1285.94
  Col 398: blocks=[(0, 1), (1, 2), (2, 3), (3, 6), (6, 7), (7, 9), (9, 10)], cost=1373.89
  Col 399: blocks=[(0, 1), (1, 2), (2, 3), (3, 6), (6, 7), (7, 9), (9, 10)], cost=1371.88
  Col 400: blocks=[(0, 1), (1, 2), (2, 3), (3, 6), (6, 7), (7, 9), (9, 10)], cost=1372.86
  Col 401: blocks=[(0, 1), (1, 2), (2, 3), (3, 6), (6, 7), (7, 9), (9, 10)], cost=1459.84
  Col 402: blocks=[(0, 1), (1, 2), (2, 3), (3, 6), (6, 7), (7, 9), (9, 10)], cost=1460.82
  Col 403: blocks=[(0, 1), (1, 2), (2, 3), (3, 6), (6, 7), (7, 9), (9, 10)], cost=1458.81
  Col 404: blocks=[(0, 1), (1, 2), (2, 3), (3, 6), (6, 7), (7, 9), (9, 10)], cost=1546.77
  Col 405: blocks=[(0, 1), (1, 2), (2, 3), (3, 6), (6, 7), (7, 10)], cost=1211.81
  Col 406: blocks=[(0, 1), (1, 2), (2, 3), (3, 6), (6, 7), (7, 10)], cost=1299.76
  Col 407: blocks=[(0, 1), (1, 2), (2, 3), (3, 6), (6, 7), (7, 10)], cost=1299.41
  Col 408: blocks=[(0, 1), (1, 2), (2, 3), (3, 6), (6, 7), (7, 10)], cost=1297.75
  Col 409: blocks=[(0, 1), (1, 2), (2, 3), (3, 6), (6, 7), (7, 10)], cost=1298.73
  Col 410: blocks=[(0, 1), (1, 2), (2, 3), (3, 6), (6, 7), (7, 10)], cost=1387.37
  Col 411: blocks=[(0, 1), (1, 2), (2, 3), (3, 6), (6, 7), (7, 10)], cost=1385.71
  Col 412: blocks=[(0, 1), (1, 2), (2, 3), (3, 6), (6, 7), (7, 10)], cost=1386.69
  Col 413: blocks=[(0, 1), (1, 2), (2, 3), (3, 6), (6, 7), (7, 10)], cost=1385.36
  Col 414: blocks=[(0, 1), (1, 2), (2, 3), (3, 6), (6, 7), (7, 10)], cost=1386.34
  Col 415: blocks=[(0, 1), (1, 2), (2, 3), (3, 6), (6, 7), (7, 10)], cost=1384.68
  Col 416: blocks=[(0, 1), (1, 2), (2, 3), (3, 6), (6, 7), (7, 10)], cost=1473.32
  Col 417: blocks=[(0, 1), (1, 2), (2, 3), (3, 6), (6, 7), (7, 10)], cost=1474.30
  Col 418: blocks=[(0, 1), (1, 2), (2, 3), (3, 6), (6, 7), (7, 10)], cost=1472.64
  Col 419: blocks=[(0, 1), (1, 2), (2, 3), (3, 6), (6, 7), (7, 10)], cost=1472.29
  Col 420: blocks=[(0, 1), (1, 2), (2, 3), (3, 6), (6, 8), (8, 9), (9, 10)], cost=1336.75
  Col 421: blocks=[(0, 1), (1, 2), (2, 3), (3, 6), (6, 8), (8, 9), (9, 10)], cost=1422.69
  Col 422: blocks=[(0, 1), (1, 2), (2, 3), (3, 6), (6, 8), (8, 9), (9, 10)], cost=1423.67
  Col 423: blocks=[(0, 1), (1, 2), (2, 3), (3, 6), (6, 8), (8, 9), (9, 10)], cost=1424.70
  Col 424: blocks=[(0, 1), (1, 2), (2, 3), (3, 6), (6, 8), (8, 9), (9, 10)], cost=1509.62
  Col 425: blocks=[(0, 1), (1, 2), (2, 3), (3, 6), (6, 8), (8, 9), (9, 10)], cost=1510.65
  Col 426: blocks=[(0, 1), (1, 2), (2, 3), (3, 6), (6, 8), (8, 9), (9, 10)], cost=1511.63
  Col 427: blocks=[(0, 1), (1, 2), (2, 3), (3, 6), (6, 8), (8, 9), (9, 10)], cost=1597.58
  Col 428: blocks=[(0, 1), (1, 2), (2, 3), (3, 6), (6, 8), (8, 10)], cost=1305.69
  Col 429: blocks=[(0, 1), (1, 2), (2, 3), (3, 6), (6, 8), (8, 10)], cost=1393.29
  Col 430: blocks=[(0, 1), (1, 2), (2, 3), (3, 6), (6, 8), (8, 10)], cost=1391.63
  Col 431: blocks=[(0, 1), (1, 2), (2, 3), (3, 6), (6, 8), (8, 10)], cost=1392.61
  Col 432: blocks=[(0, 1), (1, 2), (2, 3), (3, 6), (6, 8), (8, 10)], cost=1393.64
  Col 433: blocks=[(0, 1), (1, 2), (2, 3), (3, 6), (6, 8), (8, 10)], cost=1479.24
  Col 434: blocks=[(0, 1), (1, 2), (2, 3), (3, 6), (6, 8), (8, 10)], cost=1480.22
  Col 435: blocks=[(0, 1), (1, 2), (2, 3), (3, 6), (6, 8), (8, 10)], cost=1481.25
  Col 436: blocks=[(0, 1), (1, 2), (2, 3), (3, 6), (6, 8), (8, 10)], cost=1478.56
  Col 437: blocks=[(0, 1), (1, 2), (2, 3), (3, 6), (6, 8), (8, 10)], cost=1479.59
  Col 438: blocks=[(0, 1), (1, 2), (2, 3), (3, 6), (6, 8), (8, 10)], cost=1480.57
  Col 439: blocks=[(0, 1), (1, 2), (2, 3), (3, 6), (6, 8), (8, 10)], cost=1566.17
  Col 440: blocks=[(0, 1), (1, 2), (2, 3), (3, 6), (6, 8), (8, 10)], cost=1567.20
  Col 441: blocks=[(0, 1), (1, 2), (2, 3), (3, 6), (6, 8), (8, 10)], cost=1568.18
  Col 442: blocks=[(0, 1), (1, 2), (2, 3), (3, 6), (6, 8), (8, 10)], cost=1566.52
  Col 443: blocks=[(0, 1), (1, 2), (2, 3), (3, 6), (6, 9), (9, 10)], cost=1231.22
  Col 444: blocks=[(0, 1), (1, 2), (2, 3), (3, 6), (6, 9), (9, 10)], cost=1319.18
  Col 445: blocks=[(0, 1), (1, 2), (2, 3), (3, 6), (6, 9), (9, 10)], cost=1317.17
  Col 446: blocks=[(0, 1), (1, 2), (2, 3), (3, 6), (6, 9), (9, 10)], cost=1318.15
  Col 447: blocks=[(0, 1), (1, 2), (2, 3), (3, 6), (6, 9), (9, 10)], cost=1319.18
  Col 448: blocks=[(0, 1), (1, 2), (2, 3), (3, 6), (6, 9), (9, 10)], cost=1405.12
  Col 449: blocks=[(0, 1), (1, 2), (2, 3), (3, 6), (6, 9), (9, 10)], cost=1406.11
  Col 450: blocks=[(0, 1), (1, 2), (2, 3), (3, 6), (6, 9), (9, 10)], cost=1407.14
  Col 451: blocks=[(0, 1), (1, 2), (2, 3), (3, 6), (6, 9), (9, 10)], cost=1404.10
  Col 452: blocks=[(0, 1), (1, 2), (2, 3), (3, 6), (6, 9), (9, 10)], cost=1405.12
  Col 453: blocks=[(0, 1), (1, 2), (2, 3), (3, 6), (6, 9), (9, 10)], cost=1406.11
  Col 454: blocks=[(0, 1), (1, 2), (2, 3), (3, 6), (6, 9), (9, 10)], cost=1492.05
  Col 455: blocks=[(0, 1), (1, 2), (2, 3), (3, 6), (6, 9), (9, 10)], cost=1493.08
  Col 456: blocks=[(0, 1), (1, 2), (2, 3), (3, 6), (6, 9), (9, 10)], cost=1494.06
  Col 457: blocks=[(0, 1), (1, 2), (2, 3), (3, 6), (6, 9), (9, 10)], cost=1492.05
  Col 458: blocks=[(0, 1), (1, 2), (2, 3), (3, 6), (6, 10)], cost=1181.74
  Col 459: blocks=[(0, 1), (1, 2), (2, 3), (3, 6), (6, 10)], cost=1267.69
  Col 460: blocks=[(0, 1), (1, 2), (2, 3), (3, 6), (6, 10)], cost=1268.67
  Col 461: blocks=[(0, 1), (1, 2), (2, 3), (3, 6), (6, 10)], cost=1269.70
  Col 462: blocks=[(0, 1), (1, 2), (2, 3), (3, 6), (6, 10)], cost=1269.70
  Col 463: blocks=[(0, 1), (1, 2), (2, 3), (3, 6), (6, 10)], cost=1269.35
  Col 464: blocks=[(0, 1), (1, 2), (2, 3), (3, 6), (6, 10)], cost=1354.61
  Col 465: blocks=[(0, 1), (1, 2), (2, 3), (3, 6), (6, 10)], cost=1355.64
  Col 466: blocks=[(0, 1), (1, 2), (2, 3), (3, 6), (6, 10)], cost=1355.64
  Col 467: blocks=[(0, 1), (1, 2), (2, 3), (3, 6), (6, 10)], cost=1355.29
  Col 468: blocks=[(0, 1), (1, 2), (2, 3), (3, 6), (6, 10)], cost=1356.62
  Col 469: blocks=[(0, 1), (1, 2), (2, 3), (3, 6), (6, 10)], cost=1356.62
  Col 470: blocks=[(0, 1), (1, 2), (2, 3), (3, 6), (6, 10)], cost=1356.28
  Col 471: blocks=[(0, 1), (1, 2), (2, 3), (3, 6), (6, 10)], cost=1357.65
  Col 472: blocks=[(0, 1), (1, 2), (2, 3), (3, 6), (6, 10)], cost=1357.31
  Col 473: blocks=[(0, 1), (1, 2), (2, 3), (3, 6), (6, 10)], cost=1357.31
  Col 474: blocks=[(0, 1), (1, 2), (2, 3), (3, 6), (6, 10)], cost=1442.57
  Col 475: blocks=[(0, 1), (1, 2), (2, 3), (3, 6), (6, 10)], cost=1442.57
  Col 476: blocks=[(0, 1), (1, 2), (2, 3), (3, 6), (6, 10)], cost=1442.22
  Col 477: blocks=[(0, 1), (1, 2), (2, 3), (3, 6), (6, 10)], cost=1443.60
  Col 478: blocks=[(0, 1), (1, 2), (2, 3), (3, 6), (6, 10)], cost=1443.25
  Col 479: blocks=[(0, 1), (1, 2), (2, 3), (3, 6), (6, 10)], cost=1443.25
  Col 480: blocks=[(0, 1), (1, 2), (2, 3), (3, 6), (6, 10)], cost=1444.58
  Col 481: blocks=[(0, 1), (1, 2), (2, 3), (3, 6), (6, 10)], cost=1444.23
  Col 482: blocks=[(0, 1), (1, 2), (2, 3), (3, 6), (6, 10)], cost=1444.23
  Col 483: blocks=[(0, 1), (1, 2), (2, 3), (3, 6), (6, 10)], cost=1445.26
  Col 484: blocks=[(0, 1), (1, 2), (2, 3), (3, 7), (7, 8), (8, 9), (9, 10)], cost=1356.12
  Col 485: blocks=[(0, 1), (1, 2), (2, 3), (3, 7), (7, 8), (8, 9), (9, 10)], cost=1442.07
  Col 486: blocks=[(0, 1), (1, 2), (2, 3), (3, 7), (7, 8), (8, 9), (9, 10)], cost=1443.05
  Col 487: blocks=[(0, 1), (1, 2), (2, 3), (3, 7), (7, 8), (8, 9), (9, 10)], cost=1443.73
  Col 488: blocks=[(0, 1), (1, 2), (2, 3), (3, 7), (7, 8), (8, 9), (9, 10)], cost=1528.99
  Col 489: blocks=[(0, 1), (1, 2), (2, 3), (3, 7), (7, 8), (8, 9), (9, 10)], cost=1529.67
  Col 490: blocks=[(0, 1), (1, 2), (2, 3), (3, 7), (7, 8), (8, 9), (9, 10)], cost=1530.66
  Col 491: blocks=[(0, 1), (1, 2), (2, 3), (3, 7), (7, 8), (8, 9), (9, 10)], cost=1616.60
  Col 492: blocks=[(0, 1), (1, 2), (2, 3), (3, 7), (7, 8), (8, 10)], cost=1325.06
  Col 493: blocks=[(0, 1), (1, 2), (2, 3), (3, 7), (7, 8), (8, 10)], cost=1412.67
  Col 494: blocks=[(0, 1), (1, 2), (2, 3), (3, 7), (7, 8), (8, 10)], cost=1411.01
  Col 495: blocks=[(0, 1), (1, 2), (2, 3), (3, 7), (7, 8), (8, 10)], cost=1411.99
  Col 496: blocks=[(0, 1), (1, 2), (2, 3), (3, 7), (7, 8), (8, 10)], cost=1412.67
  Col 497: blocks=[(0, 1), (1, 2), (2, 3), (3, 7), (7, 8), (8, 10)], cost=1498.61
  Col 498: blocks=[(0, 1), (1, 2), (2, 3), (3, 7), (7, 8), (8, 10)], cost=1499.60
  Col 499: blocks=[(0, 1), (1, 2), (2, 3), (3, 7), (7, 8), (8, 10)], cost=1500.28
  Col 500: blocks=[(0, 1), (1, 2), (2, 3), (3, 7), (7, 8), (8, 10)], cost=1497.93
  Col 501: blocks=[(0, 1), (1, 2), (2, 3), (3, 7), (7, 8), (8, 10)], cost=1498.61
  Col 502: blocks=[(0, 1), (1, 2), (2, 3), (3, 7), (7, 8), (8, 10)], cost=1499.60
  Col 503: blocks=[(0, 1), (1, 2), (2, 3), (3, 7), (7, 8), (8, 10)], cost=1585.54
  Col 504: blocks=[(0, 1), (1, 2), (2, 3), (3, 7), (7, 8), (8, 10)], cost=1586.22
  Col 505: blocks=[(0, 1), (1, 2), (2, 3), (3, 7), (7, 8), (8, 10)], cost=1587.21
  Col 506: blocks=[(0, 1), (1, 2), (2, 3), (3, 7), (7, 8), (8, 10)], cost=1585.54
  Col 507: blocks=[(0, 1), (1, 2), (2, 3), (3, 7), (7, 9), (9, 10)], cost=1227.10
  Col 508: blocks=[(0, 1), (1, 2), (2, 3), (3, 7), (7, 9), (9, 10)], cost=1315.05
  Col 509: blocks=[(0, 1), (1, 2), (2, 3), (3, 7), (7, 9), (9, 10)], cost=1313.04
  Col 510: blocks=[(0, 1), (1, 2), (2, 3), (3, 7), (7, 9), (9, 10)], cost=1314.03
  Col 511: blocks=[(0, 1), (1, 2), (2, 3), (3, 7), (7, 9), (9, 10)], cost=1314.71
  Col 512: blocks=[(0, 1), (1, 2), (2, 3), (3, 7), (7, 9), (9, 10)], cost=1401.00
  Col 513: blocks=[(0, 1), (1, 2), (2, 3), (3, 7), (7, 9), (9, 10)], cost=1401.98
  Col 514: blocks=[(0, 1), (1, 2), (2, 3), (3, 7), (7, 9), (9, 10)], cost=1402.66
  Col 515: blocks=[(0, 1), (1, 2), (2, 3), (3, 7), (7, 9), (9, 10)], cost=1399.97
  Col 516: blocks=[(0, 1), (1, 2), (2, 3), (3, 7), (7, 9), (9, 10)], cost=1400.65
  Col 517: blocks=[(0, 1), (1, 2), (2, 3), (3, 7), (7, 9), (9, 10)], cost=1401.63
  Col 518: blocks=[(0, 1), (1, 2), (2, 3), (3, 7), (7, 9), (9, 10)], cost=1487.93
  Col 519: blocks=[(0, 1), (1, 2), (2, 3), (3, 7), (7, 9), (9, 10)], cost=1488.61
  Col 520: blocks=[(0, 1), (1, 2), (2, 3), (3, 7), (7, 9), (9, 10)], cost=1489.59
  Col 521: blocks=[(0, 1), (1, 2), (2, 3), (3, 7), (7, 9), (9, 10)], cost=1487.58
  Col 522: blocks=[(0, 1), (1, 2), (2, 3), (3, 7), (7, 10)], cost=1152.97
  Col 523: blocks=[(0, 1), (1, 2), (2, 3), (3, 7), (7, 10)], cost=1238.91
  Col 524: blocks=[(0, 1), (1, 2), (2, 3), (3, 7), (7, 10)], cost=1239.90
  Col 525: blocks=[(0, 1), (1, 2), (2, 3), (3, 7), (7, 10)], cost=1240.58
  Col 526: blocks=[(0, 1), (1, 2), (2, 3), (3, 7), (7, 10)], cost=1240.92
  Col 527: blocks=[(0, 1), (1, 2), (2, 3), (3, 7), (7, 10)], cost=1240.58
  Col 528: blocks=[(0, 1), (1, 2), (2, 3), (3, 7), (7, 10)], cost=1325.84
  Col 529: blocks=[(0, 1), (1, 2), (2, 3), (3, 7), (7, 10)], cost=1326.52
  Col 530: blocks=[(0, 1), (1, 2), (2, 3), (3, 7), (7, 10)], cost=1326.87
  Col 531: blocks=[(0, 1), (1, 2), (2, 3), (3, 7), (7, 10)], cost=1326.52
  Col 532: blocks=[(0, 1), (1, 2), (2, 3), (3, 7), (7, 10)], cost=1327.51
  Col 533: blocks=[(0, 1), (1, 2), (2, 3), (3, 7), (7, 10)], cost=1327.85
  Col 534: blocks=[(0, 1), (1, 2), (2, 3), (3, 7), (7, 10)], cost=1327.51
  Col 535: blocks=[(0, 1), (1, 2), (2, 3), (3, 7), (7, 10)], cost=1328.53
  Col 536: blocks=[(0, 1), (1, 2), (2, 3), (3, 7), (7, 10)], cost=1328.19
  Col 537: blocks=[(0, 1), (1, 2), (2, 3), (3, 7), (7, 10)], cost=1328.53
  Col 538: blocks=[(0, 1), (1, 2), (2, 3), (3, 7), (7, 10)], cost=1413.45
  Col 539: blocks=[(0, 1), (1, 2), (2, 3), (3, 7), (7, 10)], cost=1413.80
  Col 540: blocks=[(0, 1), (1, 2), (2, 3), (3, 7), (7, 10)], cost=1413.45
  Col 541: blocks=[(0, 1), (1, 2), (2, 3), (3, 7), (7, 10)], cost=1414.48
  Col 542: blocks=[(0, 1), (1, 2), (2, 3), (3, 7), (7, 10)], cost=1414.13
  Col 543: blocks=[(0, 1), (1, 2), (2, 3), (3, 7), (7, 10)], cost=1414.48
  Col 544: blocks=[(0, 1), (1, 2), (2, 3), (3, 7), (7, 10)], cost=1415.46
  Col 545: blocks=[(0, 1), (1, 2), (2, 3), (3, 7), (7, 10)], cost=1415.11
  Col 546: blocks=[(0, 1), (1, 2), (2, 3), (3, 7), (7, 10)], cost=1415.46
  Col 547: blocks=[(0, 1), (1, 2), (2, 3), (3, 7), (7, 10)], cost=1416.14
  Col 548: blocks=[(0, 1), (1, 2), (2, 3), (3, 8), (8, 9), (9, 10)], cost=1306.68
  Col 549: blocks=[(0, 1), (1, 2), (2, 3), (3, 8), (8, 9), (9, 10)], cost=1392.62
  Col 550: blocks=[(0, 1), (1, 2), (2, 3), (3, 8), (8, 9), (9, 10)], cost=1393.61
  Col 551: blocks=[(0, 1), (1, 2), (2, 3), (3, 8), (8, 9), (9, 10)], cost=1394.29
  Col 552: blocks=[(0, 1), (1, 2), (2, 3), (3, 8), (8, 9), (9, 10)], cost=1394.64
  Col 553: blocks=[(0, 1), (1, 2), (2, 3), (3, 8), (8, 9), (9, 10)], cost=1479.55
  Col 554: blocks=[(0, 1), (1, 2), (2, 3), (3, 8), (8, 9), (9, 10)], cost=1480.23
  Col 555: blocks=[(0, 1), (1, 2), (2, 3), (3, 8), (8, 9), (9, 10)], cost=1480.58
  Col 556: blocks=[(0, 1), (1, 2), (2, 3), (3, 8), (8, 9), (9, 10)], cost=1481.22
  Col 557: blocks=[(0, 1), (1, 2), (2, 3), (3, 8), (8, 9), (9, 10)], cost=1481.56
  Col 558: blocks=[(0, 1), (1, 2), (2, 3), (3, 8), (8, 9), (9, 10)], cost=1482.24
  Col 559: blocks=[(0, 1), (1, 2), (2, 3), (3, 8), (8, 9), (9, 10)], cost=1567.16
  Col 560: blocks=[(0, 1), (1, 2), (2, 3), (3, 8), (8, 9), (9, 10)], cost=1567.51
  Col 561: blocks=[(0, 1), (1, 2), (2, 3), (3, 8), (8, 9), (9, 10)], cost=1568.19
  Col 562: blocks=[(0, 1), (1, 2), (2, 3), (3, 8), (8, 9), (9, 10)], cost=1569.17
  Col 563: blocks=[(0, 1), (1, 2), (2, 3), (3, 8), (8, 10)], cost=1275.62
  Col 564: blocks=[(0, 1), (1, 2), (2, 3), (3, 8), (8, 10)], cost=1361.56
  Col 565: blocks=[(0, 1), (1, 2), (2, 3), (3, 8), (8, 10)], cost=1362.55
  Col 566: blocks=[(0, 1), (1, 2), (2, 3), (3, 8), (8, 10)], cost=1363.23
  Col 567: blocks=[(0, 1), (1, 2), (2, 3), (3, 8), (8, 10)], cost=1363.58
  Col 568: blocks=[(0, 1), (1, 2), (2, 3), (3, 8), (8, 10)], cost=1363.23
  Col 569: blocks=[(0, 1), (1, 2), (2, 3), (3, 8), (8, 10)], cost=1448.49
  Col 570: blocks=[(0, 1), (1, 2), (2, 3), (3, 8), (8, 10)], cost=1449.17
  Col 571: blocks=[(0, 1), (1, 2), (2, 3), (3, 8), (8, 10)], cost=1449.52
  Col 572: blocks=[(0, 1), (1, 2), (2, 3), (3, 8), (8, 10)], cost=1449.17
  Col 573: blocks=[(0, 1), (1, 2), (2, 3), (3, 8), (8, 10)], cost=1450.16
  Col 574: blocks=[(0, 1), (1, 2), (2, 3), (3, 8), (8, 10)], cost=1450.50
  Col 575: blocks=[(0, 1), (1, 2), (2, 3), (3, 8), (8, 10)], cost=1450.16
  Col 576: blocks=[(0, 1), (1, 2), (2, 3), (3, 8), (8, 10)], cost=1451.18
  Col 577: blocks=[(0, 1), (1, 2), (2, 3), (3, 8), (8, 10)], cost=1450.84
  Col 578: blocks=[(0, 1), (1, 2), (2, 3), (3, 8), (8, 10)], cost=1451.18
  Col 579: blocks=[(0, 1), (1, 2), (2, 3), (3, 8), (8, 10)], cost=1536.10
  Col 580: blocks=[(0, 1), (1, 2), (2, 3), (3, 8), (8, 10)], cost=1536.45
  Col 581: blocks=[(0, 1), (1, 2), (2, 3), (3, 8), (8, 10)], cost=1536.10
  Col 582: blocks=[(0, 1), (1, 2), (2, 3), (3, 8), (8, 10)], cost=1537.13
  Col 583: blocks=[(0, 1), (1, 2), (2, 3), (3, 8), (8, 10)], cost=1536.78
  Col 584: blocks=[(0, 1), (1, 2), (2, 3), (3, 8), (8, 10)], cost=1537.13
  Col 585: blocks=[(0, 1), (1, 2), (2, 3), (3, 8), (8, 10)], cost=1538.11
  Col 586: blocks=[(0, 1), (1, 2), (2, 3), (3, 8), (8, 10)], cost=1537.76
  Col 587: blocks=[(0, 1), (1, 2), (2, 3), (3, 8), (8, 10)], cost=1538.11
  Col 588: blocks=[(0, 1), (1, 2), (2, 3), (3, 8), (8, 10)], cost=1538.79
  Col 589: blocks=[(0, 1), (1, 2), (2, 3), (3, 9), (9, 10)], cost=1270.55
  Col 590: blocks=[(0, 1), (1, 2), (2, 3), (3, 9), (9, 10)], cost=1356.49
  Col 591: blocks=[(0, 1), (1, 2), (2, 3), (3, 9), (9, 10)], cost=1357.47
  Col 592: blocks=[(0, 1), (1, 2), (2, 3), (3, 9), (9, 10)], cost=1358.16
  Col 593: blocks=[(0, 1), (1, 2), (2, 3), (3, 9), (9, 10)], cost=1358.50
  Col 594: blocks=[(0, 1), (1, 2), (2, 3), (3, 9), (9, 10)], cost=1358.50
  Col 595: blocks=[(0, 1), (1, 2), (2, 3), (3, 9), (9, 10)], cost=1443.42
  Col 596: blocks=[(0, 1), (1, 2), (2, 3), (3, 9), (9, 10)], cost=1444.10
  Col 597: blocks=[(0, 1), (1, 2), (2, 3), (3, 9), (9, 10)], cost=1444.45
  Col 598: blocks=[(0, 1), (1, 2), (2, 3), (3, 9), (9, 10)], cost=1444.45
  Col 599: blocks=[(0, 1), (1, 2), (2, 3), (3, 9), (9, 10)], cost=1445.08
  Col 600: blocks=[(0, 1), (1, 2), (2, 3), (3, 9), (9, 10)], cost=1445.43
  Col 601: blocks=[(0, 1), (1, 2), (2, 3), (3, 9), (9, 10)], cost=1445.43
  Col 602: blocks=[(0, 1), (1, 2), (2, 3), (3, 9), (9, 10)], cost=1446.11
  Col 603: blocks=[(0, 1), (1, 2), (2, 3), (3, 9), (9, 10)], cost=1446.11
  Col 604: blocks=[(0, 1), (1, 2), (2, 3), (3, 9), (9, 10)], cost=1446.46
  Col 605: blocks=[(0, 1), (1, 2), (2, 3), (3, 9), (9, 10)], cost=1531.03
  Col 606: blocks=[(0, 1), (1, 2), (2, 3), (3, 9), (9, 10)], cost=1531.38
  Col 607: blocks=[(0, 1), (1, 2), (2, 3), (3, 9), (9, 10)], cost=1531.38
  Col 608: blocks=[(0, 1), (1, 2), (2, 3), (3, 9), (9, 10)], cost=1532.06
  Col 609: blocks=[(0, 1), (1, 2), (2, 3), (3, 9), (9, 10)], cost=1532.06
  Col 610: blocks=[(0, 1), (1, 2), (2, 3), (3, 9), (9, 10)], cost=1532.40
  Col 611: blocks=[(0, 1), (1, 2), (2, 3), (3, 9), (9, 10)], cost=1533.04
  Col 612: blocks=[(0, 1), (1, 2), (2, 3), (3, 9), (9, 10)], cost=1533.04
  Col 613: blocks=[(0, 1), (1, 2), (2, 3), (3, 9), (9, 10)], cost=1533.39
  Col 614: blocks=[(0, 1), (1, 2), (2, 3), (3, 9), (9, 10)], cost=1534.07
  Col 615: blocks=[(0, 1), (1, 2), (2, 3), (3, 10)], cost=1293.84
  Col 616: blocks=[(0, 1), (1, 2), (2, 3), (3, 10)], cost=1379.78
  Col 617: blocks=[(0, 1), (1, 2), (2, 3), (3, 10)], cost=1380.77
  Col 618: blocks=[(0, 1), (1, 2), (2, 3), (3, 10)], cost=1381.45
  Col 619: blocks=[(0, 1), (1, 2), (2, 3), (3, 10)], cost=1381.79
  Col 620: blocks=[(0, 1), (1, 2), (2, 3), (3, 10)], cost=1381.79
  Col 621: blocks=[(0, 1), (1, 2), (2, 3), (3, 10)], cost=1381.45
  Col 622: blocks=[(0, 1), (1, 2), (2, 3), (3, 10)], cost=1466.71
  Col 623: blocks=[(0, 1), (1, 2), (2, 3), (3, 10)], cost=1467.39
  Col 624: blocks=[(0, 1), (1, 2), (2, 3), (3, 10)], cost=1467.74
  Col 625: blocks=[(0, 1), (1, 2), (2, 3), (3, 10)], cost=1467.74
  Col 626: blocks=[(0, 1), (1, 2), (2, 3), (3, 10)], cost=1467.39
  Col 627: blocks=[(0, 1), (1, 2), (2, 3), (3, 10)], cost=1468.37
  Col 628: blocks=[(0, 1), (1, 2), (2, 3), (3, 10)], cost=1468.72
  Col 629: blocks=[(0, 1), (1, 2), (2, 3), (3, 10)], cost=1468.72
  Col 630: blocks=[(0, 1), (1, 2), (2, 3), (3, 10)], cost=1468.37
  Col 631: blocks=[(0, 1), (1, 2), (2, 3), (3, 10)], cost=1469.40
  Col 632: blocks=[(0, 1), (1, 2), (2, 3), (3, 10)], cost=1469.40
  Col 633: blocks=[(0, 1), (1, 2), (2, 3), (3, 10)], cost=1469.06
  Col 634: blocks=[(0, 1), (1, 2), (2, 3), (3, 10)], cost=1469.75
  Col 635: blocks=[(0, 1), (1, 2), (2, 3), (3, 10)], cost=1469.40
  Col 636: blocks=[(0, 1), (1, 2), (2, 3), (3, 10)], cost=1469.40
  Col 637: blocks=[(0, 1), (1, 2), (2, 3), (3, 10)], cost=1554.32
  Col 638: blocks=[(0, 1), (1, 2), (2, 3), (3, 10)], cost=1554.67
  Col 639: blocks=[(0, 1), (1, 2), (2, 3), (3, 10)], cost=1554.67
  Col 640: blocks=[(0, 1), (1, 2), (2, 3), (3, 10)], cost=1554.32
  Col 641: blocks=[(0, 1), (1, 2), (2, 3), (3, 10)], cost=1555.35
  Col 642: blocks=[(0, 1), (1, 2), (2, 3), (3, 10)], cost=1555.35
  Col 643: blocks=[(0, 1), (1, 2), (2, 3), (3, 10)], cost=1555.00
  Col 644: blocks=[(0, 1), (1, 2), (2, 3), (3, 10)], cost=1555.70
  Col 645: blocks=[(0, 1), (1, 2), (2, 3), (3, 10)], cost=1555.35
  Col 646: blocks=[(0, 1), (1, 2), (2, 3), (3, 10)], cost=1555.35
  Col 647: blocks=[(0, 1), (1, 2), (2, 3), (3, 10)], cost=1556.33
  Col 648: blocks=[(0, 1), (1, 2), (2, 3), (3, 10)], cost=1556.33
  Col 649: blocks=[(0, 1), (1, 2), (2, 3), (3, 10)], cost=1555.98
  Col 650: blocks=[(0, 1), (1, 2), (2, 3), (3, 10)], cost=1556.68
  Col 651: blocks=[(0, 1), (1, 2), (2, 3), (3, 10)], cost=1556.33
  Col 652: blocks=[(0, 1), (1, 2), (2, 3), (3, 10)], cost=1556.33
  Col 653: blocks=[(0, 1), (1, 2), (2, 3), (3, 10)], cost=1557.36
  Col 654: blocks=[(0, 1), (1, 2), (2, 3), (3, 10)], cost=1557.01
  Col 655: blocks=[(0, 1), (1, 2), (2, 3), (3, 10)], cost=1557.01
  Col 656: blocks=[(0, 1), (1, 2), (2, 3), (3, 10)], cost=1557.36
  Col 657: blocks=[(0, 1), (1, 2), (2, 4), (4, 5), (5, 6), (6, 7), (7, 8), (8, 9), (9, 10)], cost=1503.91
  Col 658: blocks=[(0, 1), (1, 2), (2, 4), (4, 5), (5, 6), (6, 7), (7, 8), (8, 9), (9, 10)], cost=1588.61
  Col 659: blocks=[(0, 1), (1, 2), (2, 4), (4, 5), (5, 6), (6, 7), (7, 8), (8, 10)], cost=1472.85
  Col 660: blocks=[(0, 1), (1, 2), (2, 4), (4, 5), (5, 6), (6, 7), (7, 8), (8, 10)], cost=1560.45
  Col 661: blocks=[(0, 1), (1, 2), (2, 4), (4, 5), (5, 6), (6, 7), (7, 8), (8, 10)], cost=1557.55
  Col 662: blocks=[(0, 1), (1, 2), (2, 4), (4, 5), (5, 6), (6, 7), (7, 8), (8, 10)], cost=1645.16
  Col 663: blocks=[(0, 1), (1, 2), (2, 4), (4, 5), (5, 6), (6, 7), (7, 9), (9, 10)], cost=1374.88
  Col 664: blocks=[(0, 1), (1, 2), (2, 4), (4, 5), (5, 6), (6, 7), (7, 9), (9, 10)], cost=1462.84
  Col 665: blocks=[(0, 1), (1, 2), (2, 4), (4, 5), (5, 6), (6, 7), (7, 9), (9, 10)], cost=1459.59
  Col 666: blocks=[(0, 1), (1, 2), (2, 4), (4, 5), (5, 6), (6, 7), (7, 9), (9, 10)], cost=1547.54
  Col 667: blocks=[(0, 1), (1, 2), (2, 4), (4, 5), (5, 6), (6, 7), (7, 10)], cost=1300.75
  Col 668: blocks=[(0, 1), (1, 2), (2, 4), (4, 5), (5, 6), (6, 7), (7, 10)], cost=1388.71
  Col 669: blocks=[(0, 1), (1, 2), (2, 4), (4, 5), (5, 6), (6, 7), (7, 10)], cost=1388.36
  Col 670: blocks=[(0, 1), (1, 2), (2, 4), (4, 5), (5, 6), (6, 7), (7, 10)], cost=1385.46
  Col 671: blocks=[(0, 1), (1, 2), (2, 4), (4, 5), (5, 6), (6, 7), (7, 10)], cost=1476.32
  Col 672: blocks=[(0, 1), (1, 2), (2, 4), (4, 5), (5, 6), (6, 7), (7, 10)], cost=1473.41
  Col 673: blocks=[(0, 1), (1, 2), (2, 4), (4, 5), (5, 6), (6, 7), (7, 10)], cost=1473.07
  Col 674: blocks=[(0, 1), (1, 2), (2, 4), (4, 5), (5, 6), (6, 7), (7, 10)], cost=1561.02
  Col 675: blocks=[(0, 1), (1, 2), (2, 4), (4, 5), (5, 6), (6, 8), (8, 9), (9, 10)], cost=1425.69
  Col 676: blocks=[(0, 1), (1, 2), (2, 4), (4, 5), (5, 6), (6, 8), (8, 9), (9, 10)], cost=1510.40
  Col 677: blocks=[(0, 1), (1, 2), (2, 4), (4, 5), (5, 6), (6, 8), (8, 9), (9, 10)], cost=1513.65
  Col 678: blocks=[(0, 1), (1, 2), (2, 4), (4, 5), (5, 6), (6, 8), (8, 9), (9, 10)], cost=1598.35
  Col 679: blocks=[(0, 1), (1, 2), (2, 4), (4, 5), (5, 6), (6, 8), (8, 10)], cost=1394.63
  Col 680: blocks=[(0, 1), (1, 2), (2, 4), (4, 5), (5, 6), (6, 8), (8, 10)], cost=1482.24
  Col 681: blocks=[(0, 1), (1, 2), (2, 4), (4, 5), (5, 6), (6, 8), (8, 10)], cost=1479.34
  Col 682: blocks=[(0, 1), (1, 2), (2, 4), (4, 5), (5, 6), (6, 8), (8, 10)], cost=1482.59
  Col 683: blocks=[(0, 1), (1, 2), (2, 4), (4, 5), (5, 6), (6, 8), (8, 10)], cost=1566.94
  Col 684: blocks=[(0, 1), (1, 2), (2, 4), (4, 5), (5, 6), (6, 8), (8, 10)], cost=1570.20
  Col 685: blocks=[(0, 1), (1, 2), (2, 4), (4, 5), (5, 6), (6, 8), (8, 10)], cost=1567.29
  Col 686: blocks=[(0, 1), (1, 2), (2, 4), (4, 5), (5, 6), (6, 8), (8, 10)], cost=1654.90
  Col 687: blocks=[(0, 1), (1, 2), (2, 4), (4, 5), (5, 6), (6, 9), (9, 10)], cost=1320.17
  Col 688: blocks=[(0, 1), (1, 2), (2, 4), (4, 5), (5, 6), (6, 9), (9, 10)], cost=1408.13
  Col 689: blocks=[(0, 1), (1, 2), (2, 4), (4, 5), (5, 6), (6, 9), (9, 10)], cost=1404.87
  Col 690: blocks=[(0, 1), (1, 2), (2, 4), (4, 5), (5, 6), (6, 9), (9, 10)], cost=1408.13
  Col 691: blocks=[(0, 1), (1, 2), (2, 4), (4, 5), (5, 6), (6, 9), (9, 10)], cost=1492.83
  Col 692: blocks=[(0, 1), (1, 2), (2, 4), (4, 5), (5, 6), (6, 9), (9, 10)], cost=1496.08
  Col 693: blocks=[(0, 1), (1, 2), (2, 4), (4, 5), (5, 6), (6, 9), (9, 10)], cost=1492.83
  Col 694: blocks=[(0, 1), (1, 2), (2, 4), (4, 5), (5, 6), (6, 9), (9, 10)], cost=1580.79
  Col 695: blocks=[(0, 1), (1, 2), (2, 4), (4, 5), (5, 6), (6, 10)], cost=1270.69
  Col 696: blocks=[(0, 1), (1, 2), (2, 4), (4, 5), (5, 6), (6, 10)], cost=1358.64
  Col 697: blocks=[(0, 1), (1, 2), (2, 4), (4, 5), (5, 6), (6, 10)], cost=1358.30
  Col 698: blocks=[(0, 1), (1, 2), (2, 4), (4, 5), (5, 6), (6, 10)], cost=1355.39
  Col 699: blocks=[(0, 1), (1, 2), (2, 4), (4, 5), (5, 6), (6, 10)], cost=1358.64
  Col 700: blocks=[(0, 1), (1, 2), (2, 4), (4, 5), (5, 6), (6, 10)], cost=1446.25
  Col 701: blocks=[(0, 1), (1, 2), (2, 4), (4, 5), (5, 6), (6, 10)], cost=1443.35
  Col 702: blocks=[(0, 1), (1, 2), (2, 4), (4, 5), (5, 6), (6, 10)], cost=1446.60
  Col 703: blocks=[(0, 1), (1, 2), (2, 4), (4, 5), (5, 6), (6, 10)], cost=1443.00
  Col 704: blocks=[(0, 1), (1, 2), (2, 4), (4, 5), (5, 6), (6, 10)], cost=1446.25
  Col 705: blocks=[(0, 1), (1, 2), (2, 4), (4, 5), (5, 6), (6, 10)], cost=1443.35
  Col 706: blocks=[(0, 1), (1, 2), (2, 4), (4, 5), (5, 6), (6, 10)], cost=1530.96
  Col 707: blocks=[(0, 1), (1, 2), (2, 4), (4, 5), (5, 6), (6, 10)], cost=1534.21
  Col 708: blocks=[(0, 1), (1, 2), (2, 4), (4, 5), (5, 6), (6, 10)], cost=1531.30
  Col 709: blocks=[(0, 1), (1, 2), (2, 4), (4, 5), (5, 6), (6, 10)], cost=1530.96
  Col 710: blocks=[(0, 1), (1, 2), (2, 4), (4, 5), (5, 7), (7, 8), (8, 9), (9, 10)], cost=1436.19
  Col 711: blocks=[(0, 1), (1, 2), (2, 4), (4, 5), (5, 7), (7, 8), (8, 9), (9, 10)], cost=1520.89
  Col 712: blocks=[(0, 1), (1, 2), (2, 4), (4, 5), (5, 7), (7, 8), (8, 9), (9, 10)], cost=1523.80
  Col 713: blocks=[(0, 1), (1, 2), (2, 4), (4, 5), (5, 7), (7, 8), (8, 9), (9, 10)], cost=1608.50
  Col 714: blocks=[(0, 1), (1, 2), (2, 4), (4, 5), (5, 7), (7, 8), (8, 10)], cost=1405.13
  Col 715: blocks=[(0, 1), (1, 2), (2, 4), (4, 5), (5, 7), (7, 8), (8, 10)], cost=1492.74
  Col 716: blocks=[(0, 1), (1, 2), (2, 4), (4, 5), (5, 7), (7, 8), (8, 10)], cost=1489.83
  Col 717: blocks=[(0, 1), (1, 2), (2, 4), (4, 5), (5, 7), (7, 8), (8, 10)], cost=1492.74
  Col 718: blocks=[(0, 1), (1, 2), (2, 4), (4, 5), (5, 7), (7, 8), (8, 10)], cost=1577.44
  Col 719: blocks=[(0, 1), (1, 2), (2, 4), (4, 5), (5, 7), (7, 8), (8, 10)], cost=1580.34
  Col 720: blocks=[(0, 1), (1, 2), (2, 4), (4, 5), (5, 7), (7, 8), (8, 10)], cost=1577.44
  Col 721: blocks=[(0, 1), (1, 2), (2, 4), (4, 5), (5, 7), (7, 8), (8, 10)], cost=1665.05
  Col 722: blocks=[(0, 1), (1, 2), (2, 4), (4, 5), (5, 7), (7, 9), (9, 10)], cost=1307.17
  Col 723: blocks=[(0, 1), (1, 2), (2, 4), (4, 5), (5, 7), (7, 9), (9, 10)], cost=1395.12
  Col 724: blocks=[(0, 1), (1, 2), (2, 4), (4, 5), (5, 7), (7, 9), (9, 10)], cost=1391.87
  Col 725: blocks=[(0, 1), (1, 2), (2, 4), (4, 5), (5, 7), (7, 9), (9, 10)], cost=1394.77
  Col 726: blocks=[(0, 1), (1, 2), (2, 4), (4, 5), (5, 7), (7, 9), (9, 10)], cost=1479.82
  Col 727: blocks=[(0, 1), (1, 2), (2, 4), (4, 5), (5, 7), (7, 9), (9, 10)], cost=1482.73
  Col 728: blocks=[(0, 1), (1, 2), (2, 4), (4, 5), (5, 7), (7, 9), (9, 10)], cost=1479.48
  Col 729: blocks=[(0, 1), (1, 2), (2, 4), (4, 5), (5, 7), (7, 9), (9, 10)], cost=1567.43
  Col 730: blocks=[(0, 1), (1, 2), (2, 4), (4, 5), (5, 7), (7, 10)], cost=1233.04
  Col 731: blocks=[(0, 1), (1, 2), (2, 4), (4, 5), (5, 7), (7, 10)], cost=1320.99
  Col 732: blocks=[(0, 1), (1, 2), (2, 4), (4, 5), (5, 7), (7, 10)], cost=1320.64
  Col 733: blocks=[(0, 1), (1, 2), (2, 4), (4, 5), (5, 7), (7, 10)], cost=1317.74
  Col 734: blocks=[(0, 1), (1, 2), (2, 4), (4, 5), (5, 7), (7, 10)], cost=1320.64
  Col 735: blocks=[(0, 1), (1, 2), (2, 4), (4, 5), (5, 7), (7, 10)], cost=1408.60
  Col 736: blocks=[(0, 1), (1, 2), (2, 4), (4, 5), (5, 7), (7, 10)], cost=1405.69
  Col 737: blocks=[(0, 1), (1, 2), (2, 4), (4, 5), (5, 7), (7, 10)], cost=1408.60
  Col 738: blocks=[(0, 1), (1, 2), (2, 4), (4, 5), (5, 7), (7, 10)], cost=1405.35
  Col 739: blocks=[(0, 1), (1, 2), (2, 4), (4, 5), (5, 7), (7, 10)], cost=1408.25
  Col 740: blocks=[(0, 1), (1, 2), (2, 4), (4, 5), (5, 7), (7, 10)], cost=1405.35
  Col 741: blocks=[(0, 1), (1, 2), (2, 4), (4, 5), (5, 7), (7, 10)], cost=1493.30
  Col 742: blocks=[(0, 1), (1, 2), (2, 4), (4, 5), (5, 7), (7, 10)], cost=1496.21
  Col 743: blocks=[(0, 1), (1, 2), (2, 4), (4, 5), (5, 7), (7, 10)], cost=1493.30
  Col 744: blocks=[(0, 1), (1, 2), (2, 4), (4, 5), (5, 7), (7, 10)], cost=1492.95
  Col 745: blocks=[(0, 1), (1, 2), (2, 4), (4, 5), (5, 8), (8, 9), (9, 10)], cost=1377.87
  Col 746: blocks=[(0, 1), (1, 2), (2, 4), (4, 5), (5, 8), (8, 9), (9, 10)], cost=1462.57
  Col 747: blocks=[(0, 1), (1, 2), (2, 4), (4, 5), (5, 8), (8, 9), (9, 10)], cost=1465.47
  Col 748: blocks=[(0, 1), (1, 2), (2, 4), (4, 5), (5, 8), (8, 9), (9, 10)], cost=1465.82
  Col 749: blocks=[(0, 1), (1, 2), (2, 4), (4, 5), (5, 8), (8, 9), (9, 10)], cost=1550.18
  Col 750: blocks=[(0, 1), (1, 2), (2, 4), (4, 5), (5, 8), (8, 9), (9, 10)], cost=1550.52
  Col 751: blocks=[(0, 1), (1, 2), (2, 4), (4, 5), (5, 8), (8, 9), (9, 10)], cost=1553.43
  Col 752: blocks=[(0, 1), (1, 2), (2, 4), (4, 5), (5, 8), (8, 9), (9, 10)], cost=1638.13
  Col 753: blocks=[(0, 1), (1, 2), (2, 4), (4, 5), (5, 8), (8, 10)], cost=1346.81
  Col 754: blocks=[(0, 1), (1, 2), (2, 4), (4, 5), (5, 8), (8, 10)], cost=1434.41
  Col 755: blocks=[(0, 1), (1, 2), (2, 4), (4, 5), (5, 8), (8, 10)], cost=1431.51
  Col 756: blocks=[(0, 1), (1, 2), (2, 4), (4, 5), (5, 8), (8, 10)], cost=1434.41
  Col 757: blocks=[(0, 1), (1, 2), (2, 4), (4, 5), (5, 8), (8, 10)], cost=1434.76
  Col 758: blocks=[(0, 1), (1, 2), (2, 4), (4, 5), (5, 8), (8, 10)], cost=1519.12
  Col 759: blocks=[(0, 1), (1, 2), (2, 4), (4, 5), (5, 8), (8, 10)], cost=1522.02
  Col 760: blocks=[(0, 1), (1, 2), (2, 4), (4, 5), (5, 8), (8, 10)], cost=1522.37
  Col 761: blocks=[(0, 1), (1, 2), (2, 4), (4, 5), (5, 8), (8, 10)], cost=1519.12
  Col 762: blocks=[(0, 1), (1, 2), (2, 4), (4, 5), (5, 8), (8, 10)], cost=1519.46
  Col 763: blocks=[(0, 1), (1, 2), (2, 4), (4, 5), (5, 8), (8, 10)], cost=1522.37
  Col 764: blocks=[(0, 1), (1, 2), (2, 4), (4, 5), (5, 8), (8, 10)], cost=1606.72
  Col 765: blocks=[(0, 1), (1, 2), (2, 4), (4, 5), (5, 8), (8, 10)], cost=1607.07
  Col 766: blocks=[(0, 1), (1, 2), (2, 4), (4, 5), (5, 8), (8, 10)], cost=1609.98
  Col 767: blocks=[(0, 1), (1, 2), (2, 4), (4, 5), (5, 8), (8, 10)], cost=1607.07
  Col 768: blocks=[(0, 1), (1, 2), (2, 4), (4, 5), (5, 9), (9, 10)], cost=1320.31
  Col 769: blocks=[(0, 1), (1, 2), (2, 4), (4, 5), (5, 9), (9, 10)], cost=1408.27
  Col 770: blocks=[(0, 1), (1, 2), (2, 4), (4, 5), (5, 9), (9, 10)], cost=1405.02
  Col 771: blocks=[(0, 1), (1, 2), (2, 4), (4, 5), (5, 9), (9, 10)], cost=1407.92
  Col 772: blocks=[(0, 1), (1, 2), (2, 4), (4, 5), (5, 9), (9, 10)], cost=1408.27
  Col 773: blocks=[(0, 1), (1, 2), (2, 4), (4, 5), (5, 9), (9, 10)], cost=1492.97
  Col 774: blocks=[(0, 1), (1, 2), (2, 4), (4, 5), (5, 9), (9, 10)], cost=1495.88
  Col 775: blocks=[(0, 1), (1, 2), (2, 4), (4, 5), (5, 9), (9, 10)], cost=1496.23
  Col 776: blocks=[(0, 1), (1, 2), (2, 4), (4, 5), (5, 9), (9, 10)], cost=1492.62
  Col 777: blocks=[(0, 1), (1, 2), (2, 4), (4, 5), (5, 9), (9, 10)], cost=1492.97
  Col 778: blocks=[(0, 1), (1, 2), (2, 4), (4, 5), (5, 9), (9, 10)], cost=1495.88
  Col 779: blocks=[(0, 1), (1, 2), (2, 4), (4, 5), (5, 9), (9, 10)], cost=1580.58
  Col 780: blocks=[(0, 1), (1, 2), (2, 4), (4, 5), (5, 9), (9, 10)], cost=1580.93
  Col 781: blocks=[(0, 1), (1, 2), (2, 4), (4, 5), (5, 9), (9, 10)], cost=1583.83
  Col 782: blocks=[(0, 1), (1, 2), (2, 4), (4, 5), (5, 9), (9, 10)], cost=1580.58
  Col 783: blocks=[(0, 1), (1, 2), (2, 4), (4, 5), (5, 10)], cost=1321.14
  Col 784: blocks=[(0, 1), (1, 2), (2, 4), (4, 5), (5, 10)], cost=1405.84
  Col 785: blocks=[(0, 1), (1, 2), (2, 4), (4, 5), (5, 10)], cost=1408.75
  Col 786: blocks=[(0, 1), (1, 2), (2, 4), (4, 5), (5, 10)], cost=1409.10
  Col 787: blocks=[(0, 1), (1, 2), (2, 4), (4, 5), (5, 10)], cost=1409.10
  Col 788: blocks=[(0, 1), (1, 2), (2, 4), (4, 5), (5, 10)], cost=1408.75
  Col 789: blocks=[(0, 1), (1, 2), (2, 4), (4, 5), (5, 10)], cost=1493.45
  Col 790: blocks=[(0, 1), (1, 2), (2, 4), (4, 5), (5, 10)], cost=1493.80
  Col 791: blocks=[(0, 1), (1, 2), (2, 4), (4, 5), (5, 10)], cost=1493.80
  Col 792: blocks=[(0, 1), (1, 2), (2, 4), (4, 5), (5, 10)], cost=1493.45
  Col 793: blocks=[(0, 1), (1, 2), (2, 4), (4, 5), (5, 10)], cost=1496.70
  Col 794: blocks=[(0, 1), (1, 2), (2, 4), (4, 5), (5, 10)], cost=1496.70
  Col 795: blocks=[(0, 1), (1, 2), (2, 4), (4, 5), (5, 10)], cost=1496.36
  Col 796: blocks=[(0, 1), (1, 2), (2, 4), (4, 5), (5, 10)], cost=1497.05
  Col 797: blocks=[(0, 1), (1, 2), (2, 4), (4, 5), (5, 10)], cost=1496.70
  Col 798: blocks=[(0, 1), (1, 2), (2, 4), (4, 5), (5, 10)], cost=1496.70
  Col 799: blocks=[(0, 1), (1, 2), (2, 4), (4, 5), (5, 10)], cost=1581.41
  Col 800: blocks=[(0, 1), (1, 2), (2, 4), (4, 5), (5, 10)], cost=1581.41
  Col 801: blocks=[(0, 1), (1, 2), (2, 4), (4, 5), (5, 10)], cost=1581.06
  Col 802: blocks=[(0, 1), (1, 2), (2, 4), (4, 5), (5, 10)], cost=1581.75
  Col 803: blocks=[(0, 1), (1, 2), (2, 4), (4, 5), (5, 10)], cost=1581.41
  Col 804: blocks=[(0, 1), (1, 2), (2, 4), (4, 5), (5, 10)], cost=1581.41
  Col 805: blocks=[(0, 1), (1, 2), (2, 4), (4, 5), (5, 10)], cost=1584.66
  Col 806: blocks=[(0, 1), (1, 2), (2, 4), (4, 5), (5, 10)], cost=1584.31
  Col 807: blocks=[(0, 1), (1, 2), (2, 4), (4, 5), (5, 10)], cost=1584.31
  Col 808: blocks=[(0, 1), (1, 2), (2, 4), (4, 5), (5, 10)], cost=1584.66
  Col 809: blocks=[(0, 1), (1, 2), (2, 4), (4, 6), (6, 7), (7, 8), (8, 9), (9, 10)], cost=1416.76
  Col 810: blocks=[(0, 1), (1, 2), (2, 4), (4, 6), (6, 7), (7, 8), (8, 9), (9, 10)], cost=1501.46
  Col 811: blocks=[(0, 1), (1, 2), (2, 4), (4, 6), (6, 7), (7, 8), (8, 9), (9, 10)], cost=1503.69
  Col 812: blocks=[(0, 1), (1, 2), (2, 4), (4, 6), (6, 7), (7, 8), (8, 9), (9, 10)], cost=1588.39
  Col 813: blocks=[(0, 1), (1, 2), (2, 4), (4, 6), (6, 7), (7, 8), (8, 10)], cost=1385.70
  Col 814: blocks=[(0, 1), (1, 2), (2, 4), (4, 6), (6, 7), (7, 8), (8, 10)], cost=1473.31
  Col 815: blocks=[(0, 1), (1, 2), (2, 4), (4, 6), (6, 7), (7, 8), (8, 10)], cost=1470.40
  Col 816: blocks=[(0, 1), (1, 2), (2, 4), (4, 6), (6, 7), (7, 8), (8, 10)], cost=1472.63
  Col 817: blocks=[(0, 1), (1, 2), (2, 4), (4, 6), (6, 7), (7, 8), (8, 10)], cost=1558.01
  Col 818: blocks=[(0, 1), (1, 2), (2, 4), (4, 6), (6, 7), (7, 8), (8, 10)], cost=1560.23
  Col 819: blocks=[(0, 1), (1, 2), (2, 4), (4, 6), (6, 7), (7, 8), (8, 10)], cost=1557.33
  Col 820: blocks=[(0, 1), (1, 2), (2, 4), (4, 6), (6, 7), (7, 8), (8, 10)], cost=1644.94
  Col 821: blocks=[(0, 1), (1, 2), (2, 4), (4, 6), (6, 7), (7, 9), (9, 10)], cost=1287.74
  Col 822: blocks=[(0, 1), (1, 2), (2, 4), (4, 6), (6, 7), (7, 9), (9, 10)], cost=1375.69
  Col 823: blocks=[(0, 1), (1, 2), (2, 4), (4, 6), (6, 7), (7, 9), (9, 10)], cost=1372.44
  Col 824: blocks=[(0, 1), (1, 2), (2, 4), (4, 6), (6, 7), (7, 9), (9, 10)], cost=1374.66
  Col 825: blocks=[(0, 1), (1, 2), (2, 4), (4, 6), (6, 7), (7, 9), (9, 10)], cost=1460.39
  Col 826: blocks=[(0, 1), (1, 2), (2, 4), (4, 6), (6, 7), (7, 9), (9, 10)], cost=1462.62
  Col 827: blocks=[(0, 1), (1, 2), (2, 4), (4, 6), (6, 7), (7, 9), (9, 10)], cost=1459.37
  Col 828: blocks=[(0, 1), (1, 2), (2, 4), (4, 6), (6, 7), (7, 9), (9, 10)], cost=1547.32
  Col 829: blocks=[(0, 1), (1, 2), (2, 4), (4, 6), (6, 7), (7, 10)], cost=1213.61
  Col 830: blocks=[(0, 1), (1, 2), (2, 4), (4, 6), (6, 7), (7, 10)], cost=1301.56
  Col 831: blocks=[(0, 1), (1, 2), (2, 4), (4, 6), (6, 7), (7, 10)], cost=1301.21
  Col 832: blocks=[(0, 1), (1, 2), (2, 4), (4, 6), (6, 7), (7, 10)], cost=1298.31
  Col 833: blocks=[(0, 1), (1, 2), (2, 4), (4, 6), (6, 7), (7, 10)], cost=1300.53
  Col 834: blocks=[(0, 1), (1, 2), (2, 4), (4, 6), (6, 7), (7, 10)], cost=1389.17
  Col 835: blocks=[(0, 1), (1, 2), (2, 4), (4, 6), (6, 7), (7, 10)], cost=1386.26
  Col 836: blocks=[(0, 1), (1, 2), (2, 4), (4, 6), (6, 7), (7, 10)], cost=1388.49
  Col 837: blocks=[(0, 1), (1, 2), (2, 4), (4, 6), (6, 7), (7, 10)], cost=1385.92
  Col 838: blocks=[(0, 1), (1, 2), (2, 4), (4, 6), (6, 7), (7, 10)], cost=1388.14
  Col 839: blocks=[(0, 1), (1, 2), (2, 4), (4, 6), (6, 7), (7, 10)], cost=1385.24
  Col 840: blocks=[(0, 1), (1, 2), (2, 4), (4, 6), (6, 7), (7, 10)], cost=1473.87
  Col 841: blocks=[(0, 1), (1, 2), (2, 4), (4, 6), (6, 7), (7, 10)], cost=1476.10
  Col 842: blocks=[(0, 1), (1, 2), (2, 4), (4, 6), (6, 7), (7, 10)], cost=1473.19
  Col 843: blocks=[(0, 1), (1, 2), (2, 4), (4, 6), (6, 7), (7, 10)], cost=1472.84
  Col 844: blocks=[(0, 1), (1, 2), (2, 4), (4, 6), (6, 8), (8, 9), (9, 10)], cost=1338.55
  Col 845: blocks=[(0, 1), (1, 2), (2, 4), (4, 6), (6, 8), (8, 9), (9, 10)], cost=1423.25
  Col 846: blocks=[(0, 1), (1, 2), (2, 4), (4, 6), (6, 8), (8, 9), (9, 10)], cost=1425.47
  Col 847: blocks=[(0, 1), (1, 2), (2, 4), (4, 6), (6, 8), (8, 9), (9, 10)], cost=1426.50
  Col 848: blocks=[(0, 1), (1, 2), (2, 4), (4, 6), (6, 8), (8, 9), (9, 10)], cost=1510.18
  Col 849: blocks=[(0, 1), (1, 2), (2, 4), (4, 6), (6, 8), (8, 9), (9, 10)], cost=1511.20
  Col 850: blocks=[(0, 1), (1, 2), (2, 4), (4, 6), (6, 8), (8, 9), (9, 10)], cost=1513.43
  Col 851: blocks=[(0, 1), (1, 2), (2, 4), (4, 6), (6, 8), (8, 9), (9, 10)], cost=1598.13
  Col 852: blocks=[(0, 1), (1, 2), (2, 4), (4, 6), (6, 8), (8, 10)], cost=1307.49
  Col 853: blocks=[(0, 1), (1, 2), (2, 4), (4, 6), (6, 8), (8, 10)], cost=1395.09
  Col 854: blocks=[(0, 1), (1, 2), (2, 4), (4, 6), (6, 8), (8, 10)], cost=1392.19
  Col 855: blocks=[(0, 1), (1, 2), (2, 4), (4, 6), (6, 8), (8, 10)], cost=1394.41
  Col 856: blocks=[(0, 1), (1, 2), (2, 4), (4, 6), (6, 8), (8, 10)], cost=1395.44
  Col 857: blocks=[(0, 1), (1, 2), (2, 4), (4, 6), (6, 8), (8, 10)], cost=1479.80
  Col 858: blocks=[(0, 1), (1, 2), (2, 4), (4, 6), (6, 8), (8, 10)], cost=1482.02
  Col 859: blocks=[(0, 1), (1, 2), (2, 4), (4, 6), (6, 8), (8, 10)], cost=1483.05
  Col 860: blocks=[(0, 1), (1, 2), (2, 4), (4, 6), (6, 8), (8, 10)], cost=1479.12
  Col 861: blocks=[(0, 1), (1, 2), (2, 4), (4, 6), (6, 8), (8, 10)], cost=1480.14
  Col 862: blocks=[(0, 1), (1, 2), (2, 4), (4, 6), (6, 8), (8, 10)], cost=1482.37
  Col 863: blocks=[(0, 1), (1, 2), (2, 4), (4, 6), (6, 8), (8, 10)], cost=1566.72
  Col 864: blocks=[(0, 1), (1, 2), (2, 4), (4, 6), (6, 8), (8, 10)], cost=1567.75
  Col 865: blocks=[(0, 1), (1, 2), (2, 4), (4, 6), (6, 8), (8, 10)], cost=1569.98
  Col 866: blocks=[(0, 1), (1, 2), (2, 4), (4, 6), (6, 8), (8, 10)], cost=1567.07
  Col 867: blocks=[(0, 1), (1, 2), (2, 4), (4, 6), (6, 9), (9, 10)], cost=1233.02
  Col 868: blocks=[(0, 1), (1, 2), (2, 4), (4, 6), (6, 9), (9, 10)], cost=1320.98
  Col 869: blocks=[(0, 1), (1, 2), (2, 4), (4, 6), (6, 9), (9, 10)], cost=1317.73
  Col 870: blocks=[(0, 1), (1, 2), (2, 4), (4, 6), (6, 9), (9, 10)], cost=1319.95
  Col 871: blocks=[(0, 1), (1, 2), (2, 4), (4, 6), (6, 9), (9, 10)], cost=1320.98
  Col 872: blocks=[(0, 1), (1, 2), (2, 4), (4, 6), (6, 9), (9, 10)], cost=1405.68
  Col 873: blocks=[(0, 1), (1, 2), (2, 4), (4, 6), (6, 9), (9, 10)], cost=1407.91
  Col 874: blocks=[(0, 1), (1, 2), (2, 4), (4, 6), (6, 9), (9, 10)], cost=1408.94
  Col 875: blocks=[(0, 1), (1, 2), (2, 4), (4, 6), (6, 9), (9, 10)], cost=1404.65
  Col 876: blocks=[(0, 1), (1, 2), (2, 4), (4, 6), (6, 9), (9, 10)], cost=1405.68
  Col 877: blocks=[(0, 1), (1, 2), (2, 4), (4, 6), (6, 9), (9, 10)], cost=1407.91
  Col 878: blocks=[(0, 1), (1, 2), (2, 4), (4, 6), (6, 9), (9, 10)], cost=1492.61
  Col 879: blocks=[(0, 1), (1, 2), (2, 4), (4, 6), (6, 9), (9, 10)], cost=1493.64
  Col 880: blocks=[(0, 1), (1, 2), (2, 4), (4, 6), (6, 9), (9, 10)], cost=1495.86
  Col 881: blocks=[(0, 1), (1, 2), (2, 4), (4, 6), (6, 9), (9, 10)], cost=1492.61
  Col 882: blocks=[(0, 1), (1, 2), (2, 4), (4, 6), (6, 10)], cost=1183.54
  Col 883: blocks=[(0, 1), (1, 2), (2, 4), (4, 6), (6, 10)], cost=1268.24
  Col 884: blocks=[(0, 1), (1, 2), (2, 4), (4, 6), (6, 10)], cost=1270.47
  Col 885: blocks=[(0, 1), (1, 2), (2, 4), (4, 6), (6, 10)], cost=1271.50
  Col 886: blocks=[(0, 1), (1, 2), (2, 4), (4, 6), (6, 10)], cost=1271.50
  Col 887: blocks=[(0, 1), (1, 2), (2, 4), (4, 6), (6, 10)], cost=1271.15
  Col 888: blocks=[(0, 1), (1, 2), (2, 4), (4, 6), (6, 10)], cost=1355.17
  Col 889: blocks=[(0, 1), (1, 2), (2, 4), (4, 6), (6, 10)], cost=1356.20
  Col 890: blocks=[(0, 1), (1, 2), (2, 4), (4, 6), (6, 10)], cost=1356.20
  Col 891: blocks=[(0, 1), (1, 2), (2, 4), (4, 6), (6, 10)], cost=1355.85
  Col 892: blocks=[(0, 1), (1, 2), (2, 4), (4, 6), (6, 10)], cost=1358.42
  Col 893: blocks=[(0, 1), (1, 2), (2, 4), (4, 6), (6, 10)], cost=1358.42
  Col 894: blocks=[(0, 1), (1, 2), (2, 4), (4, 6), (6, 10)], cost=1358.08
  Col 895: blocks=[(0, 1), (1, 2), (2, 4), (4, 6), (6, 10)], cost=1359.45
  Col 896: blocks=[(0, 1), (1, 2), (2, 4), (4, 6), (6, 10)], cost=1359.10
  Col 897: blocks=[(0, 1), (1, 2), (2, 4), (4, 6), (6, 10)], cost=1359.10
  Col 898: blocks=[(0, 1), (1, 2), (2, 4), (4, 6), (6, 10)], cost=1443.13
  Col 899: blocks=[(0, 1), (1, 2), (2, 4), (4, 6), (6, 10)], cost=1443.13
  Col 900: blocks=[(0, 1), (1, 2), (2, 4), (4, 6), (6, 10)], cost=1442.78
  Col 901: blocks=[(0, 1), (1, 2), (2, 4), (4, 6), (6, 10)], cost=1444.15
  Col 902: blocks=[(0, 1), (1, 2), (2, 4), (4, 6), (6, 10)], cost=1443.81
  Col 903: blocks=[(0, 1), (1, 2), (2, 4), (4, 6), (6, 10)], cost=1443.81
  Col 904: blocks=[(0, 1), (1, 2), (2, 4), (4, 6), (6, 10)], cost=1446.38
  Col 905: blocks=[(0, 1), (1, 2), (2, 4), (4, 6), (6, 10)], cost=1446.03
  Col 906: blocks=[(0, 1), (1, 2), (2, 4), (4, 6), (6, 10)], cost=1446.03
  Col 907: blocks=[(0, 1), (1, 2), (2, 4), (4, 6), (6, 10)], cost=1447.06
  Col 908: blocks=[(0, 1), (1, 2), (2, 4), (4, 7), (7, 8), (8, 9), (9, 10)], cost=1348.94
  Col 909: blocks=[(0, 1), (1, 2), (2, 4), (4, 7), (7, 8), (8, 9), (9, 10)], cost=1433.64
  Col 910: blocks=[(0, 1), (1, 2), (2, 4), (4, 7), (7, 8), (8, 9), (9, 10)], cost=1435.87
  Col 911: blocks=[(0, 1), (1, 2), (2, 4), (4, 7), (7, 8), (8, 9), (9, 10)], cost=1436.55
  Col 912: blocks=[(0, 1), (1, 2), (2, 4), (4, 7), (7, 8), (8, 9), (9, 10)], cost=1520.57
  Col 913: blocks=[(0, 1), (1, 2), (2, 4), (4, 7), (7, 8), (8, 9), (9, 10)], cost=1521.25
  Col 914: blocks=[(0, 1), (1, 2), (2, 4), (4, 7), (7, 8), (8, 9), (9, 10)], cost=1523.48
  Col 915: blocks=[(0, 1), (1, 2), (2, 4), (4, 7), (7, 8), (8, 9), (9, 10)], cost=1608.18
  Col 916: blocks=[(0, 1), (1, 2), (2, 4), (4, 7), (7, 8), (8, 10)], cost=1317.88
  Col 917: blocks=[(0, 1), (1, 2), (2, 4), (4, 7), (7, 8), (8, 10)], cost=1405.49
  Col 918: blocks=[(0, 1), (1, 2), (2, 4), (4, 7), (7, 8), (8, 10)], cost=1402.58
  Col 919: blocks=[(0, 1), (1, 2), (2, 4), (4, 7), (7, 8), (8, 10)], cost=1404.81
  Col 920: blocks=[(0, 1), (1, 2), (2, 4), (4, 7), (7, 8), (8, 10)], cost=1405.49
  Col 921: blocks=[(0, 1), (1, 2), (2, 4), (4, 7), (7, 8), (8, 10)], cost=1490.19
  Col 922: blocks=[(0, 1), (1, 2), (2, 4), (4, 7), (7, 8), (8, 10)], cost=1492.42
  Col 923: blocks=[(0, 1), (1, 2), (2, 4), (4, 7), (7, 8), (8, 10)], cost=1493.10
  Col 924: blocks=[(0, 1), (1, 2), (2, 4), (4, 7), (7, 8), (8, 10)], cost=1489.51
  Col 925: blocks=[(0, 1), (1, 2), (2, 4), (4, 7), (7, 8), (8, 10)], cost=1490.19
  Col 926: blocks=[(0, 1), (1, 2), (2, 4), (4, 7), (7, 8), (8, 10)], cost=1492.42
  Col 927: blocks=[(0, 1), (1, 2), (2, 4), (4, 7), (7, 8), (8, 10)], cost=1577.12
  Col 928: blocks=[(0, 1), (1, 2), (2, 4), (4, 7), (7, 8), (8, 10)], cost=1577.80
  Col 929: blocks=[(0, 1), (1, 2), (2, 4), (4, 7), (7, 8), (8, 10)], cost=1580.03
  Col 930: blocks=[(0, 1), (1, 2), (2, 4), (4, 7), (7, 8), (8, 10)], cost=1577.12
  Col 931: blocks=[(0, 1), (1, 2), (2, 4), (4, 7), (7, 9), (9, 10)], cost=1219.92
  Col 932: blocks=[(0, 1), (1, 2), (2, 4), (4, 7), (7, 9), (9, 10)], cost=1307.87
  Col 933: blocks=[(0, 1), (1, 2), (2, 4), (4, 7), (7, 9), (9, 10)], cost=1304.62
  Col 934: blocks=[(0, 1), (1, 2), (2, 4), (4, 7), (7, 9), (9, 10)], cost=1306.85
  Col 935: blocks=[(0, 1), (1, 2), (2, 4), (4, 7), (7, 9), (9, 10)], cost=1307.53
  Col 936: blocks=[(0, 1), (1, 2), (2, 4), (4, 7), (7, 9), (9, 10)], cost=1392.58
  Col 937: blocks=[(0, 1), (1, 2), (2, 4), (4, 7), (7, 9), (9, 10)], cost=1394.80
  Col 938: blocks=[(0, 1), (1, 2), (2, 4), (4, 7), (7, 9), (9, 10)], cost=1395.48
  Col 939: blocks=[(0, 1), (1, 2), (2, 4), (4, 7), (7, 9), (9, 10)], cost=1391.55
  Col 940: blocks=[(0, 1), (1, 2), (2, 4), (4, 7), (7, 9), (9, 10)], cost=1392.23
  Col 941: blocks=[(0, 1), (1, 2), (2, 4), (4, 7), (7, 9), (9, 10)], cost=1394.45
  Col 942: blocks=[(0, 1), (1, 2), (2, 4), (4, 7), (7, 9), (9, 10)], cost=1479.50
  Col 943: blocks=[(0, 1), (1, 2), (2, 4), (4, 7), (7, 9), (9, 10)], cost=1480.18
  Col 944: blocks=[(0, 1), (1, 2), (2, 4), (4, 7), (7, 9), (9, 10)], cost=1482.41
  Col 945: blocks=[(0, 1), (1, 2), (2, 4), (4, 7), (7, 9), (9, 10)], cost=1479.16
  Col 946: blocks=[(0, 1), (1, 2), (2, 4), (4, 7), (7, 10)], cost=1145.79
  Col 947: blocks=[(0, 1), (1, 2), (2, 4), (4, 7), (7, 10)], cost=1230.49
  Col 948: blocks=[(0, 1), (1, 2), (2, 4), (4, 7), (7, 10)], cost=1232.72
  Col 949: blocks=[(0, 1), (1, 2), (2, 4), (4, 7), (7, 10)], cost=1233.40
  Col 950: blocks=[(0, 1), (1, 2), (2, 4), (4, 7), (7, 10)], cost=1233.74
  Col 951: blocks=[(0, 1), (1, 2), (2, 4), (4, 7), (7, 10)], cost=1233.40
  Col 952: blocks=[(0, 1), (1, 2), (2, 4), (4, 7), (7, 10)], cost=1317.42
  Col 953: blocks=[(0, 1), (1, 2), (2, 4), (4, 7), (7, 10)], cost=1318.10
  Col 954: blocks=[(0, 1), (1, 2), (2, 4), (4, 7), (7, 10)], cost=1318.45
  Col 955: blocks=[(0, 1), (1, 2), (2, 4), (4, 7), (7, 10)], cost=1318.10
  Col 956: blocks=[(0, 1), (1, 2), (2, 4), (4, 7), (7, 10)], cost=1320.33
  Col 957: blocks=[(0, 1), (1, 2), (2, 4), (4, 7), (7, 10)], cost=1320.67
  Col 958: blocks=[(0, 1), (1, 2), (2, 4), (4, 7), (7, 10)], cost=1320.33
  Col 959: blocks=[(0, 1), (1, 2), (2, 4), (4, 7), (7, 10)], cost=1321.35
  Col 960: blocks=[(0, 1), (1, 2), (2, 4), (4, 7), (7, 10)], cost=1321.01
  Col 961: blocks=[(0, 1), (1, 2), (2, 4), (4, 7), (7, 10)], cost=1321.35
  Col 962: blocks=[(0, 1), (1, 2), (2, 4), (4, 7), (7, 10)], cost=1405.03
  Col 963: blocks=[(0, 1), (1, 2), (2, 4), (4, 7), (7, 10)], cost=1405.38
  Col 964: blocks=[(0, 1), (1, 2), (2, 4), (4, 7), (7, 10)], cost=1405.03
  Col 965: blocks=[(0, 1), (1, 2), (2, 4), (4, 7), (7, 10)], cost=1406.06
  Col 966: blocks=[(0, 1), (1, 2), (2, 4), (4, 7), (7, 10)], cost=1405.71
  Col 967: blocks=[(0, 1), (1, 2), (2, 4), (4, 7), (7, 10)], cost=1406.06
  Col 968: blocks=[(0, 1), (1, 2), (2, 4), (4, 7), (7, 10)], cost=1408.28
  Col 969: blocks=[(0, 1), (1, 2), (2, 4), (4, 7), (7, 10)], cost=1407.93
  Col 970: blocks=[(0, 1), (1, 2), (2, 4), (4, 7), (7, 10)], cost=1408.28
  Col 971: blocks=[(0, 1), (1, 2), (2, 4), (4, 7), (7, 10)], cost=1408.96
  Col 972: blocks=[(0, 1), (1, 2), (2, 4), (4, 8), (8, 9), (9, 10)], cost=1290.52
  Col 973: blocks=[(0, 1), (1, 2), (2, 4), (4, 8), (8, 9), (9, 10)], cost=1375.22
  Col 974: blocks=[(0, 1), (1, 2), (2, 4), (4, 8), (8, 9), (9, 10)], cost=1377.45
  Col 975: blocks=[(0, 1), (1, 2), (2, 4), (4, 8), (8, 9), (9, 10)], cost=1378.13
  Col 976: blocks=[(0, 1), (1, 2), (2, 4), (4, 8), (8, 9), (9, 10)], cost=1378.48
  Col 977: blocks=[(0, 1), (1, 2), (2, 4), (4, 8), (8, 9), (9, 10)], cost=1462.15
  Col 978: blocks=[(0, 1), (1, 2), (2, 4), (4, 8), (8, 9), (9, 10)], cost=1462.83
  Col 979: blocks=[(0, 1), (1, 2), (2, 4), (4, 8), (8, 9), (9, 10)], cost=1463.18
  Col 980: blocks=[(0, 1), (1, 2), (2, 4), (4, 8), (8, 9), (9, 10)], cost=1465.06
  Col 981: blocks=[(0, 1), (1, 2), (2, 4), (4, 8), (8, 9), (9, 10)], cost=1465.40
  Col 982: blocks=[(0, 1), (1, 2), (2, 4), (4, 8), (8, 9), (9, 10)], cost=1466.08
  Col 983: blocks=[(0, 1), (1, 2), (2, 4), (4, 8), (8, 9), (9, 10)], cost=1549.76
  Col 984: blocks=[(0, 1), (1, 2), (2, 4), (4, 8), (8, 9), (9, 10)], cost=1550.11
  Col 985: blocks=[(0, 1), (1, 2), (2, 4), (4, 8), (8, 9), (9, 10)], cost=1550.79
  Col 986: blocks=[(0, 1), (1, 2), (2, 4), (4, 8), (8, 9), (9, 10)], cost=1553.01
  Col 987: blocks=[(0, 1), (1, 2), (2, 4), (4, 8), (8, 10)], cost=1259.46
  Col 988: blocks=[(0, 1), (1, 2), (2, 4), (4, 8), (8, 10)], cost=1344.16
  Col 989: blocks=[(0, 1), (1, 2), (2, 4), (4, 8), (8, 10)], cost=1346.39
  Col 990: blocks=[(0, 1), (1, 2), (2, 4), (4, 8), (8, 10)], cost=1347.07
  Col 991: blocks=[(0, 1), (1, 2), (2, 4), (4, 8), (8, 10)], cost=1347.42
  Col 992: blocks=[(0, 1), (1, 2), (2, 4), (4, 8), (8, 10)], cost=1347.07
  Col 993: blocks=[(0, 1), (1, 2), (2, 4), (4, 8), (8, 10)], cost=1431.09
  Col 994: blocks=[(0, 1), (1, 2), (2, 4), (4, 8), (8, 10)], cost=1431.77
  Col 995: blocks=[(0, 1), (1, 2), (2, 4), (4, 8), (8, 10)], cost=1432.12
  Col 996: blocks=[(0, 1), (1, 2), (2, 4), (4, 8), (8, 10)], cost=1431.77
  Col 997: blocks=[(0, 1), (1, 2), (2, 4), (4, 8), (8, 10)], cost=1434.00
  Col 998: blocks=[(0, 1), (1, 2), (2, 4), (4, 8), (8, 10)], cost=1434.34
  Col 999: blocks=[(0, 1), (1, 2), (2, 4), (4, 8), (8, 10)], cost=1434.00
  Col 1000: blocks=[(0, 1), (1, 2), (2, 4), (4, 8), (8, 10)], cost=1435.02
  Col 1001: blocks=[(0, 1), (1, 2), (2, 4), (4, 8), (8, 10)], cost=1434.68
  Col 1002: blocks=[(0, 1), (1, 2), (2, 4), (4, 8), (8, 10)], cost=1435.02
  Col 1003: blocks=[(0, 1), (1, 2), (2, 4), (4, 8), (8, 10)], cost=1518.70
  Col 1004: blocks=[(0, 1), (1, 2), (2, 4), (4, 8), (8, 10)], cost=1519.05
  Col 1005: blocks=[(0, 1), (1, 2), (2, 4), (4, 8), (8, 10)], cost=1518.70
  Col 1006: blocks=[(0, 1), (1, 2), (2, 4), (4, 8), (8, 10)], cost=1519.73
  Col 1007: blocks=[(0, 1), (1, 2), (2, 4), (4, 8), (8, 10)], cost=1519.38
  Col 1008: blocks=[(0, 1), (1, 2), (2, 4), (4, 8), (8, 10)], cost=1519.73
  Col 1009: blocks=[(0, 1), (1, 2), (2, 4), (4, 8), (8, 10)], cost=1521.95
  Col 1010: blocks=[(0, 1), (1, 2), (2, 4), (4, 8), (8, 10)], cost=1521.60
  Col 1011: blocks=[(0, 1), (1, 2), (2, 4), (4, 8), (8, 10)], cost=1521.95
  Col 1012: blocks=[(0, 1), (1, 2), (2, 4), (4, 8), (8, 10)], cost=1522.63
  Col 1013: blocks=[(0, 1), (1, 2), (2, 4), (4, 9), (9, 10)], cost=1232.73
  Col 1014: blocks=[(0, 1), (1, 2), (2, 4), (4, 9), (9, 10)], cost=1317.43
  Col 1015: blocks=[(0, 1), (1, 2), (2, 4), (4, 9), (9, 10)], cost=1319.66
  Col 1016: blocks=[(0, 1), (1, 2), (2, 4), (4, 9), (9, 10)], cost=1320.34
  Col 1017: blocks=[(0, 1), (1, 2), (2, 4), (4, 9), (9, 10)], cost=1320.69
  Col 1018: blocks=[(0, 1), (1, 2), (2, 4), (4, 9), (9, 10)], cost=1320.69
  Col 1019: blocks=[(0, 1), (1, 2), (2, 4), (4, 9), (9, 10)], cost=1404.36
  Col 1020: blocks=[(0, 1), (1, 2), (2, 4), (4, 9), (9, 10)], cost=1405.04
  Col 1021: blocks=[(0, 1), (1, 2), (2, 4), (4, 9), (9, 10)], cost=1405.39
  Col 1022: blocks=[(0, 1), (1, 2), (2, 4), (4, 9), (9, 10)], cost=1405.39
  Col 1023: blocks=[(0, 1), (1, 2), (2, 4), (4, 9), (9, 10)], cost=1407.27
  Col 1024: blocks=[(0, 1), (1, 2), (2, 4), (4, 9), (9, 10)], cost=1407.61
  Col 1025: blocks=[(0, 1), (1, 2), (2, 4), (4, 9), (9, 10)], cost=1407.61
  Col 1026: blocks=[(0, 1), (1, 2), (2, 4), (4, 9), (9, 10)], cost=1408.29
  Col 1027: blocks=[(0, 1), (1, 2), (2, 4), (4, 9), (9, 10)], cost=1408.29
  Col 1028: blocks=[(0, 1), (1, 2), (2, 4), (4, 9), (9, 10)], cost=1408.64
  Col 1029: blocks=[(0, 1), (1, 2), (2, 4), (4, 9), (9, 10)], cost=1491.97
  Col 1030: blocks=[(0, 1), (1, 2), (2, 4), (4, 9), (9, 10)], cost=1492.32
  Col 1031: blocks=[(0, 1), (1, 2), (2, 4), (4, 9), (9, 10)], cost=1492.32
  Col 1032: blocks=[(0, 1), (1, 2), (2, 4), (4, 9), (9, 10)], cost=1493.00
  Col 1033: blocks=[(0, 1), (1, 2), (2, 4), (4, 9), (9, 10)], cost=1493.00
  Col 1034: blocks=[(0, 1), (1, 2), (2, 4), (4, 9), (9, 10)], cost=1493.34
  Col 1035: blocks=[(0, 1), (1, 2), (2, 4), (4, 9), (9, 10)], cost=1495.22
  Col 1036: blocks=[(0, 1), (1, 2), (2, 4), (4, 9), (9, 10)], cost=1495.22
  Col 1037: blocks=[(0, 1), (1, 2), (2, 4), (4, 9), (9, 10)], cost=1495.57
  Col 1038: blocks=[(0, 1), (1, 2), (2, 4), (4, 9), (9, 10)], cost=1496.25
  Col 1039: blocks=[(0, 1), (1, 2), (2, 4), (4, 10)], cost=1233.31
  Col 1040: blocks=[(0, 1), (1, 2), (2, 4), (4, 10)], cost=1318.01
  Col 1041: blocks=[(0, 1), (1, 2), (2, 4), (4, 10)], cost=1320.23
  Col 1042: blocks=[(0, 1), (1, 2), (2, 4), (4, 10)], cost=1320.91
  Col 1043: blocks=[(0, 1), (1, 2), (2, 4), (4, 10)], cost=1321.26
  Col 1044: blocks=[(0, 1), (1, 2), (2, 4), (4, 10)], cost=1321.26
  Col 1045: blocks=[(0, 1), (1, 2), (2, 4), (4, 10)], cost=1320.91
  Col 1046: blocks=[(0, 1), (1, 2), (2, 4), (4, 10)], cost=1404.94
  Col 1047: blocks=[(0, 1), (1, 2), (2, 4), (4, 10)], cost=1405.62
  Col 1048: blocks=[(0, 1), (1, 2), (2, 4), (4, 10)], cost=1405.96
  Col 1049: blocks=[(0, 1), (1, 2), (2, 4), (4, 10)], cost=1405.96
  Col 1050: blocks=[(0, 1), (1, 2), (2, 4), (4, 10)], cost=1405.62
  Col 1051: blocks=[(0, 1), (1, 2), (2, 4), (4, 10)], cost=1407.84
  Col 1052: blocks=[(0, 1), (1, 2), (2, 4), (4, 10)], cost=1408.19
  Col 1053: blocks=[(0, 1), (1, 2), (2, 4), (4, 10)], cost=1408.19
  Col 1054: blocks=[(0, 1), (1, 2), (2, 4), (4, 10)], cost=1407.84
  Col 1055: blocks=[(0, 1), (1, 2), (2, 4), (4, 10)], cost=1408.87
  Col 1056: blocks=[(0, 1), (1, 2), (2, 4), (4, 10)], cost=1408.87
  Col 1057: blocks=[(0, 1), (1, 2), (2, 4), (4, 10)], cost=1408.52
  Col 1058: blocks=[(0, 1), (1, 2), (2, 4), (4, 10)], cost=1409.22
  Col 1059: blocks=[(0, 1), (1, 2), (2, 4), (4, 10)], cost=1408.87
  Col 1060: blocks=[(0, 1), (1, 2), (2, 4), (4, 10)], cost=1408.87
  Col 1061: blocks=[(0, 1), (1, 2), (2, 4), (4, 10)], cost=1492.55
  Col 1062: blocks=[(0, 1), (1, 2), (2, 4), (4, 10)], cost=1492.89
  Col 1063: blocks=[(0, 1), (1, 2), (2, 4), (4, 10)], cost=1492.89
  Col 1064: blocks=[(0, 1), (1, 2), (2, 4), (4, 10)], cost=1492.55
  Col 1065: blocks=[(0, 1), (1, 2), (2, 4), (4, 10)], cost=1493.57
  Col 1066: blocks=[(0, 1), (1, 2), (2, 4), (4, 10)], cost=1493.57
  Col 1067: blocks=[(0, 1), (1, 2), (2, 4), (4, 10)], cost=1493.23
  Col 1068: blocks=[(0, 1), (1, 2), (2, 4), (4, 10)], cost=1493.92
  Col 1069: blocks=[(0, 1), (1, 2), (2, 4), (4, 10)], cost=1493.57
  Col 1070: blocks=[(0, 1), (1, 2), (2, 4), (4, 10)], cost=1493.57
  Col 1071: blocks=[(0, 1), (1, 2), (2, 4), (4, 10)], cost=1495.80
  Col 1072: blocks=[(0, 1), (1, 2), (2, 4), (4, 10)], cost=1495.80
  Col 1073: blocks=[(0, 1), (1, 2), (2, 4), (4, 10)], cost=1495.45
  Col 1074: blocks=[(0, 1), (1, 2), (2, 4), (4, 10)], cost=1496.15
  Col 1075: blocks=[(0, 1), (1, 2), (2, 4), (4, 10)], cost=1495.80
  Col 1076: blocks=[(0, 1), (1, 2), (2, 4), (4, 10)], cost=1495.80
  Col 1077: blocks=[(0, 1), (1, 2), (2, 4), (4, 10)], cost=1496.83
  Col 1078: blocks=[(0, 1), (1, 2), (2, 4), (4, 10)], cost=1496.48
  Col 1079: blocks=[(0, 1), (1, 2), (2, 4), (4, 10)], cost=1496.48
  Col 1080: blocks=[(0, 1), (1, 2), (2, 4), (4, 10)], cost=1496.83
  Col 1081: blocks=[(0, 1), (1, 2), (2, 5), (5, 6), (6, 7), (7, 8), (8, 9), (9, 10)], cost=1527.57
  Col 1082: blocks=[(0, 1), (1, 2), (2, 5), (5, 6), (6, 7), (7, 8), (8, 9), (9, 10)], cost=1612.27
  Col 1083: blocks=[(0, 1), (1, 2), (2, 5), (5, 6), (6, 7), (7, 8), (8, 9), (9, 10)], cost=1613.52
  Col 1084: blocks=[(0, 1), (1, 2), (2, 5), (5, 6), (6, 7), (7, 8), (8, 9), (9, 10)], cost=1698.22
  Col 1085: blocks=[(0, 1), (1, 2), (2, 5), (5, 6), (6, 7), (7, 8), (8, 10)], cost=1496.51
  Col 1086: blocks=[(0, 1), (1, 2), (2, 5), (5, 6), (6, 7), (7, 8), (8, 10)], cost=1584.12
  Col 1087: blocks=[(0, 1), (1, 2), (2, 5), (5, 6), (6, 7), (7, 8), (8, 10)], cost=1581.21
  Col 1088: blocks=[(0, 1), (1, 2), (2, 5), (5, 6), (6, 7), (7, 8), (8, 10)], cost=1582.46
  Col 1089: blocks=[(0, 1), (1, 2), (2, 5), (5, 6), (6, 7), (7, 8), (8, 10)], cost=1668.82
  Col 1090: blocks=[(0, 1), (1, 2), (2, 5), (5, 6), (6, 7), (7, 8), (8, 10)], cost=1670.06
  Col 1091: blocks=[(0, 1), (1, 2), (2, 5), (5, 6), (6, 7), (7, 8), (8, 10)], cost=1667.16
  Col 1092: blocks=[(0, 1), (1, 2), (2, 5), (5, 6), (6, 7), (7, 8), (8, 10)], cost=1754.77
  Col 1093: blocks=[(0, 1), (1, 2), (2, 5), (5, 6), (6, 7), (7, 9), (9, 10)], cost=1398.55
  Col 1094: blocks=[(0, 1), (1, 2), (2, 5), (5, 6), (6, 7), (7, 9), (9, 10)], cost=1486.50
  Col 1095: blocks=[(0, 1), (1, 2), (2, 5), (5, 6), (6, 7), (7, 9), (9, 10)], cost=1483.25
  Col 1096: blocks=[(0, 1), (1, 2), (2, 5), (5, 6), (6, 7), (7, 9), (9, 10)], cost=1484.49
  Col 1097: blocks=[(0, 1), (1, 2), (2, 5), (5, 6), (6, 7), (7, 9), (9, 10)], cost=1571.21
  Col 1098: blocks=[(0, 1), (1, 2), (2, 5), (5, 6), (6, 7), (7, 9), (9, 10)], cost=1572.45
  Col 1099: blocks=[(0, 1), (1, 2), (2, 5), (5, 6), (6, 7), (7, 9), (9, 10)], cost=1569.20
  Col 1100: blocks=[(0, 1), (1, 2), (2, 5), (5, 6), (6, 7), (7, 9), (9, 10)], cost=1657.15
  Col 1101: blocks=[(0, 1), (1, 2), (2, 5), (5, 6), (6, 7), (7, 10)], cost=1324.42
  Col 1102: blocks=[(0, 1), (1, 2), (2, 5), (5, 6), (6, 7), (7, 10)], cost=1412.37
  Col 1103: blocks=[(0, 1), (1, 2), (2, 5), (5, 6), (6, 7), (7, 10)], cost=1412.03
  Col 1104: blocks=[(0, 1), (1, 2), (2, 5), (5, 6), (6, 7), (7, 10)], cost=1409.12
  Col 1105: blocks=[(0, 1), (1, 2), (2, 5), (5, 6), (6, 7), (7, 10)], cost=1410.36
  Col 1106: blocks=[(0, 1), (1, 2), (2, 5), (5, 6), (6, 7), (7, 10)], cost=1499.98
  Col 1107: blocks=[(0, 1), (1, 2), (2, 5), (5, 6), (6, 7), (7, 10)], cost=1497.08
  Col 1108: blocks=[(0, 1), (1, 2), (2, 5), (5, 6), (6, 7), (7, 10)], cost=1498.32
  Col 1109: blocks=[(0, 1), (1, 2), (2, 5), (5, 6), (6, 7), (7, 10)], cost=1496.73
  Col 1110: blocks=[(0, 1), (1, 2), (2, 5), (5, 6), (6, 7), (7, 10)], cost=1497.97
  Col 1111: blocks=[(0, 1), (1, 2), (2, 5), (5, 6), (6, 7), (7, 10)], cost=1495.07
  Col 1112: blocks=[(0, 1), (1, 2), (2, 5), (5, 6), (6, 7), (7, 10)], cost=1584.69
  Col 1113: blocks=[(0, 1), (1, 2), (2, 5), (5, 6), (6, 7), (7, 10)], cost=1585.93
  Col 1114: blocks=[(0, 1), (1, 2), (2, 5), (5, 6), (6, 7), (7, 10)], cost=1583.02
  Col 1115: blocks=[(0, 1), (1, 2), (2, 5), (5, 6), (6, 7), (7, 10)], cost=1582.67
  Col 1116: blocks=[(0, 1), (1, 2), (2, 5), (5, 6), (6, 8), (8, 9), (9, 10)], cost=1449.36
  Col 1117: blocks=[(0, 1), (1, 2), (2, 5), (5, 6), (6, 8), (8, 9), (9, 10)], cost=1534.06
  Col 1118: blocks=[(0, 1), (1, 2), (2, 5), (5, 6), (6, 8), (8, 9), (9, 10)], cost=1535.30
  Col 1119: blocks=[(0, 1), (1, 2), (2, 5), (5, 6), (6, 8), (8, 9), (9, 10)], cost=1537.31
  Col 1120: blocks=[(0, 1), (1, 2), (2, 5), (5, 6), (6, 8), (8, 9), (9, 10)], cost=1620.01
  Col 1121: blocks=[(0, 1), (1, 2), (2, 5), (5, 6), (6, 8), (8, 9), (9, 10)], cost=1622.02
  Col 1122: blocks=[(0, 1), (1, 2), (2, 5), (5, 6), (6, 8), (8, 9), (9, 10)], cost=1623.26
  Col 1123: blocks=[(0, 1), (1, 2), (2, 5), (5, 6), (6, 8), (8, 9), (9, 10)], cost=1707.96
  Col 1124: blocks=[(0, 1), (1, 2), (2, 5), (5, 6), (6, 8), (8, 10)], cost=1418.30
  Col 1125: blocks=[(0, 1), (1, 2), (2, 5), (5, 6), (6, 8), (8, 10)], cost=1505.91
  Col 1126: blocks=[(0, 1), (1, 2), (2, 5), (5, 6), (6, 8), (8, 10)], cost=1503.00
  Col 1127: blocks=[(0, 1), (1, 2), (2, 5), (5, 6), (6, 8), (8, 10)], cost=1504.24
  Col 1128: blocks=[(0, 1), (1, 2), (2, 5), (5, 6), (6, 8), (8, 10)], cost=1506.25
  Col 1129: blocks=[(0, 1), (1, 2), (2, 5), (5, 6), (6, 8), (8, 10)], cost=1590.61
  Col 1130: blocks=[(0, 1), (1, 2), (2, 5), (5, 6), (6, 8), (8, 10)], cost=1591.85
  Col 1131: blocks=[(0, 1), (1, 2), (2, 5), (5, 6), (6, 8), (8, 10)], cost=1593.86
  Col 1132: blocks=[(0, 1), (1, 2), (2, 5), (5, 6), (6, 8), (8, 10)], cost=1588.95
  Col 1133: blocks=[(0, 1), (1, 2), (2, 5), (5, 6), (6, 8), (8, 10)], cost=1590.96
  Col 1134: blocks=[(0, 1), (1, 2), (2, 5), (5, 6), (6, 8), (8, 10)], cost=1592.20
  Col 1135: blocks=[(0, 1), (1, 2), (2, 5), (5, 6), (6, 8), (8, 10)], cost=1676.55
  Col 1136: blocks=[(0, 1), (1, 2), (2, 5), (5, 6), (6, 8), (8, 10)], cost=1678.56
  Col 1137: blocks=[(0, 1), (1, 2), (2, 5), (5, 6), (6, 8), (8, 10)], cost=1679.81
  Col 1138: blocks=[(0, 1), (1, 2), (2, 5), (5, 6), (6, 8), (8, 10)], cost=1676.90
  Col 1139: blocks=[(0, 1), (1, 2), (2, 5), (5, 6), (6, 9), (9, 10)], cost=1343.84
  Col 1140: blocks=[(0, 1), (1, 2), (2, 5), (5, 6), (6, 9), (9, 10)], cost=1431.79
  Col 1141: blocks=[(0, 1), (1, 2), (2, 5), (5, 6), (6, 9), (9, 10)], cost=1428.54
  Col 1142: blocks=[(0, 1), (1, 2), (2, 5), (5, 6), (6, 9), (9, 10)], cost=1429.78
  Col 1143: blocks=[(0, 1), (1, 2), (2, 5), (5, 6), (6, 9), (9, 10)], cost=1431.79
  Col 1144: blocks=[(0, 1), (1, 2), (2, 5), (5, 6), (6, 9), (9, 10)], cost=1516.49
  Col 1145: blocks=[(0, 1), (1, 2), (2, 5), (5, 6), (6, 9), (9, 10)], cost=1517.74
  Col 1146: blocks=[(0, 1), (1, 2), (2, 5), (5, 6), (6, 9), (9, 10)], cost=1519.75
  Col 1147: blocks=[(0, 1), (1, 2), (2, 5), (5, 6), (6, 9), (9, 10)], cost=1514.48
  Col 1148: blocks=[(0, 1), (1, 2), (2, 5), (5, 6), (6, 9), (9, 10)], cost=1516.49
  Col 1149: blocks=[(0, 1), (1, 2), (2, 5), (5, 6), (6, 9), (9, 10)], cost=1517.74
  Col 1150: blocks=[(0, 1), (1, 2), (2, 5), (5, 6), (6, 9), (9, 10)], cost=1602.44
  Col 1151: blocks=[(0, 1), (1, 2), (2, 5), (5, 6), (6, 9), (9, 10)], cost=1604.45
  Col 1152: blocks=[(0, 1), (1, 2), (2, 5), (5, 6), (6, 9), (9, 10)], cost=1605.69
  Col 1153: blocks=[(0, 1), (1, 2), (2, 5), (5, 6), (6, 9), (9, 10)], cost=1602.44
  Col 1154: blocks=[(0, 1), (1, 2), (2, 5), (5, 6), (6, 10)], cost=1294.35
  Col 1155: blocks=[(0, 1), (1, 2), (2, 5), (5, 6), (6, 10)], cost=1379.05
  Col 1156: blocks=[(0, 1), (1, 2), (2, 5), (5, 6), (6, 10)], cost=1380.30
  Col 1157: blocks=[(0, 1), (1, 2), (2, 5), (5, 6), (6, 10)], cost=1382.31
  Col 1158: blocks=[(0, 1), (1, 2), (2, 5), (5, 6), (6, 10)], cost=1382.31
  Col 1159: blocks=[(0, 1), (1, 2), (2, 5), (5, 6), (6, 10)], cost=1381.96
  Col 1160: blocks=[(0, 1), (1, 2), (2, 5), (5, 6), (6, 10)], cost=1465.00
  Col 1161: blocks=[(0, 1), (1, 2), (2, 5), (5, 6), (6, 10)], cost=1467.01
  Col 1162: blocks=[(0, 1), (1, 2), (2, 5), (5, 6), (6, 10)], cost=1467.01
  Col 1163: blocks=[(0, 1), (1, 2), (2, 5), (5, 6), (6, 10)], cost=1466.66
  Col 1164: blocks=[(0, 1), (1, 2), (2, 5), (5, 6), (6, 10)], cost=1468.25
  Col 1165: blocks=[(0, 1), (1, 2), (2, 5), (5, 6), (6, 10)], cost=1468.25
  Col 1166: blocks=[(0, 1), (1, 2), (2, 5), (5, 6), (6, 10)], cost=1467.91
  Col 1167: blocks=[(0, 1), (1, 2), (2, 5), (5, 6), (6, 10)], cost=1470.27
  Col 1168: blocks=[(0, 1), (1, 2), (2, 5), (5, 6), (6, 10)], cost=1469.92
  Col 1169: blocks=[(0, 1), (1, 2), (2, 5), (5, 6), (6, 10)], cost=1469.92
  Col 1170: blocks=[(0, 1), (1, 2), (2, 5), (5, 6), (6, 10)], cost=1552.96
  Col 1171: blocks=[(0, 1), (1, 2), (2, 5), (5, 6), (6, 10)], cost=1552.96
  Col 1172: blocks=[(0, 1), (1, 2), (2, 5), (5, 6), (6, 10)], cost=1552.61
  Col 1173: blocks=[(0, 1), (1, 2), (2, 5), (5, 6), (6, 10)], cost=1554.97
  Col 1174: blocks=[(0, 1), (1, 2), (2, 5), (5, 6), (6, 10)], cost=1554.62
  Col 1175: blocks=[(0, 1), (1, 2), (2, 5), (5, 6), (6, 10)], cost=1554.62
  Col 1176: blocks=[(0, 1), (1, 2), (2, 5), (5, 6), (6, 10)], cost=1556.21
  Col 1177: blocks=[(0, 1), (1, 2), (2, 5), (5, 6), (6, 10)], cost=1555.86
  Col 1178: blocks=[(0, 1), (1, 2), (2, 5), (5, 6), (6, 10)], cost=1555.86
  Col 1179: blocks=[(0, 1), (1, 2), (2, 5), (5, 6), (6, 10)], cost=1557.87
  Col 1180: blocks=[(0, 1), (1, 2), (2, 5), (5, 7), (7, 8), (8, 9), (9, 10)], cost=1459.85
  Col 1181: blocks=[(0, 1), (1, 2), (2, 5), (5, 7), (7, 8), (8, 9), (9, 10)], cost=1544.55
  Col 1182: blocks=[(0, 1), (1, 2), (2, 5), (5, 7), (7, 8), (8, 9), (9, 10)], cost=1545.80
  Col 1183: blocks=[(0, 1), (1, 2), (2, 5), (5, 7), (7, 8), (8, 9), (9, 10)], cost=1547.46
  Col 1184: blocks=[(0, 1), (1, 2), (2, 5), (5, 7), (7, 8), (8, 9), (9, 10)], cost=1630.50
  Col 1185: blocks=[(0, 1), (1, 2), (2, 5), (5, 7), (7, 8), (8, 9), (9, 10)], cost=1632.16
  Col 1186: blocks=[(0, 1), (1, 2), (2, 5), (5, 7), (7, 8), (8, 9), (9, 10)], cost=1633.40
  Col 1187: blocks=[(0, 1), (1, 2), (2, 5), (5, 7), (7, 8), (8, 9), (9, 10)], cost=1718.11
  Col 1188: blocks=[(0, 1), (1, 2), (2, 5), (5, 7), (7, 8), (8, 10)], cost=1428.79
  Col 1189: blocks=[(0, 1), (1, 2), (2, 5), (5, 7), (7, 8), (8, 10)], cost=1516.40
  Col 1190: blocks=[(0, 1), (1, 2), (2, 5), (5, 7), (7, 8), (8, 10)], cost=1513.49
  Col 1191: blocks=[(0, 1), (1, 2), (2, 5), (5, 7), (7, 8), (8, 10)], cost=1514.74
  Col 1192: blocks=[(0, 1), (1, 2), (2, 5), (5, 7), (7, 8), (8, 10)], cost=1516.40
  Col 1193: blocks=[(0, 1), (1, 2), (2, 5), (5, 7), (7, 8), (8, 10)], cost=1601.10
  Col 1194: blocks=[(0, 1), (1, 2), (2, 5), (5, 7), (7, 8), (8, 10)], cost=1602.35
  Col 1195: blocks=[(0, 1), (1, 2), (2, 5), (5, 7), (7, 8), (8, 10)], cost=1604.01
  Col 1196: blocks=[(0, 1), (1, 2), (2, 5), (5, 7), (7, 8), (8, 10)], cost=1599.44
  Col 1197: blocks=[(0, 1), (1, 2), (2, 5), (5, 7), (7, 8), (8, 10)], cost=1601.10
  Col 1198: blocks=[(0, 1), (1, 2), (2, 5), (5, 7), (7, 8), (8, 10)], cost=1602.35
  Col 1199: blocks=[(0, 1), (1, 2), (2, 5), (5, 7), (7, 8), (8, 10)], cost=1687.05
  Col 1200: blocks=[(0, 1), (1, 2), (2, 5), (5, 7), (7, 8), (8, 10)], cost=1688.71
  Col 1201: blocks=[(0, 1), (1, 2), (2, 5), (5, 7), (7, 8), (8, 10)], cost=1689.95
  Col 1202: blocks=[(0, 1), (1, 2), (2, 5), (5, 7), (7, 8), (8, 10)], cost=1687.05
  Col 1203: blocks=[(0, 1), (1, 2), (2, 5), (5, 7), (7, 9), (9, 10)], cost=1330.83
  Col 1204: blocks=[(0, 1), (1, 2), (2, 5), (5, 7), (7, 9), (9, 10)], cost=1418.79
  Col 1205: blocks=[(0, 1), (1, 2), (2, 5), (5, 7), (7, 9), (9, 10)], cost=1415.53
  Col 1206: blocks=[(0, 1), (1, 2), (2, 5), (5, 7), (7, 9), (9, 10)], cost=1416.77
  Col 1207: blocks=[(0, 1), (1, 2), (2, 5), (5, 7), (7, 9), (9, 10)], cost=1418.44
  Col 1208: blocks=[(0, 1), (1, 2), (2, 5), (5, 7), (7, 9), (9, 10)], cost=1503.49
  Col 1209: blocks=[(0, 1), (1, 2), (2, 5), (5, 7), (7, 9), (9, 10)], cost=1504.73
  Col 1210: blocks=[(0, 1), (1, 2), (2, 5), (5, 7), (7, 9), (9, 10)], cost=1506.39
  Col 1211: blocks=[(0, 1), (1, 2), (2, 5), (5, 7), (7, 9), (9, 10)], cost=1501.48
  Col 1212: blocks=[(0, 1), (1, 2), (2, 5), (5, 7), (7, 9), (9, 10)], cost=1503.14
  Col 1213: blocks=[(0, 1), (1, 2), (2, 5), (5, 7), (7, 9), (9, 10)], cost=1504.38
  Col 1214: blocks=[(0, 1), (1, 2), (2, 5), (5, 7), (7, 9), (9, 10)], cost=1589.43
  Col 1215: blocks=[(0, 1), (1, 2), (2, 5), (5, 7), (7, 9), (9, 10)], cost=1591.10
  Col 1216: blocks=[(0, 1), (1, 2), (2, 5), (5, 7), (7, 9), (9, 10)], cost=1592.34
  Col 1217: blocks=[(0, 1), (1, 2), (2, 5), (5, 7), (7, 9), (9, 10)], cost=1589.09
  Col 1218: blocks=[(0, 1), (1, 2), (2, 5), (5, 7), (7, 10)], cost=1256.70
  Col 1219: blocks=[(0, 1), (1, 2), (2, 5), (5, 7), (7, 10)], cost=1341.40
  Col 1220: blocks=[(0, 1), (1, 2), (2, 5), (5, 7), (7, 10)], cost=1342.64
  Col 1221: blocks=[(0, 1), (1, 2), (2, 5), (5, 7), (7, 10)], cost=1344.31
  Col 1222: blocks=[(0, 1), (1, 2), (2, 5), (5, 7), (7, 10)], cost=1344.66
  Col 1223: blocks=[(0, 1), (1, 2), (2, 5), (5, 7), (7, 10)], cost=1344.31
  Col 1224: blocks=[(0, 1), (1, 2), (2, 5), (5, 7), (7, 10)], cost=1427.35
  Col 1225: blocks=[(0, 1), (1, 2), (2, 5), (5, 7), (7, 10)], cost=1429.01
  Col 1226: blocks=[(0, 1), (1, 2), (2, 5), (5, 7), (7, 10)], cost=1429.36
  Col 1227: blocks=[(0, 1), (1, 2), (2, 5), (5, 7), (7, 10)], cost=1429.01
  Col 1228: blocks=[(0, 1), (1, 2), (2, 5), (5, 7), (7, 10)], cost=1430.25
  Col 1229: blocks=[(0, 1), (1, 2), (2, 5), (5, 7), (7, 10)], cost=1430.60
  Col 1230: blocks=[(0, 1), (1, 2), (2, 5), (5, 7), (7, 10)], cost=1430.25
  Col 1231: blocks=[(0, 1), (1, 2), (2, 5), (5, 7), (7, 10)], cost=1432.26
  Col 1232: blocks=[(0, 1), (1, 2), (2, 5), (5, 7), (7, 10)], cost=1431.92
  Col 1233: blocks=[(0, 1), (1, 2), (2, 5), (5, 7), (7, 10)], cost=1432.26
  Col 1234: blocks=[(0, 1), (1, 2), (2, 5), (5, 7), (7, 10)], cost=1514.96
  Col 1235: blocks=[(0, 1), (1, 2), (2, 5), (5, 7), (7, 10)], cost=1515.30
  Col 1236: blocks=[(0, 1), (1, 2), (2, 5), (5, 7), (7, 10)], cost=1514.96
  Col 1237: blocks=[(0, 1), (1, 2), (2, 5), (5, 7), (7, 10)], cost=1516.97
  Col 1238: blocks=[(0, 1), (1, 2), (2, 5), (5, 7), (7, 10)], cost=1516.62
  Col 1239: blocks=[(0, 1), (1, 2), (2, 5), (5, 7), (7, 10)], cost=1516.97
  Col 1240: blocks=[(0, 1), (1, 2), (2, 5), (5, 7), (7, 10)], cost=1518.21
  Col 1241: blocks=[(0, 1), (1, 2), (2, 5), (5, 7), (7, 10)], cost=1517.86
  Col 1242: blocks=[(0, 1), (1, 2), (2, 5), (5, 7), (7, 10)], cost=1518.21
  Col 1243: blocks=[(0, 1), (1, 2), (2, 5), (5, 7), (7, 10)], cost=1519.87
  Col 1244: blocks=[(0, 1), (1, 2), (2, 5), (5, 8), (8, 9), (9, 10)], cost=1401.53
  Col 1245: blocks=[(0, 1), (1, 2), (2, 5), (5, 8), (8, 9), (9, 10)], cost=1486.23
  Col 1246: blocks=[(0, 1), (1, 2), (2, 5), (5, 8), (8, 9), (9, 10)], cost=1487.47
  Col 1247: blocks=[(0, 1), (1, 2), (2, 5), (5, 8), (8, 9), (9, 10)], cost=1489.14
  Col 1248: blocks=[(0, 1), (1, 2), (2, 5), (5, 8), (8, 9), (9, 10)], cost=1489.49
  Col 1249: blocks=[(0, 1), (1, 2), (2, 5), (5, 8), (8, 9), (9, 10)], cost=1572.18
  Col 1250: blocks=[(0, 1), (1, 2), (2, 5), (5, 8), (8, 9), (9, 10)], cost=1573.84
  Col 1251: blocks=[(0, 1), (1, 2), (2, 5), (5, 8), (8, 9), (9, 10)], cost=1574.19
  Col 1252: blocks=[(0, 1), (1, 2), (2, 5), (5, 8), (8, 9), (9, 10)], cost=1575.08
  Col 1253: blocks=[(0, 1), (1, 2), (2, 5), (5, 8), (8, 9), (9, 10)], cost=1575.43
  Col 1254: blocks=[(0, 1), (1, 2), (2, 5), (5, 8), (8, 9), (9, 10)], cost=1577.09
  Col 1255: blocks=[(0, 1), (1, 2), (2, 5), (5, 8), (8, 9), (9, 10)], cost=1659.79
  Col 1256: blocks=[(0, 1), (1, 2), (2, 5), (5, 8), (8, 9), (9, 10)], cost=1660.13
  Col 1257: blocks=[(0, 1), (1, 2), (2, 5), (5, 8), (8, 9), (9, 10)], cost=1661.80
  Col 1258: blocks=[(0, 1), (1, 2), (2, 5), (5, 8), (8, 9), (9, 10)], cost=1663.04
  Col 1259: blocks=[(0, 1), (1, 2), (2, 5), (5, 8), (8, 10)], cost=1370.47
  Col 1260: blocks=[(0, 1), (1, 2), (2, 5), (5, 8), (8, 10)], cost=1455.17
  Col 1261: blocks=[(0, 1), (1, 2), (2, 5), (5, 8), (8, 10)], cost=1456.41
  Col 1262: blocks=[(0, 1), (1, 2), (2, 5), (5, 8), (8, 10)], cost=1458.08
  Col 1263: blocks=[(0, 1), (1, 2), (2, 5), (5, 8), (8, 10)], cost=1458.43
  Col 1264: blocks=[(0, 1), (1, 2), (2, 5), (5, 8), (8, 10)], cost=1458.08
  Col 1265: blocks=[(0, 1), (1, 2), (2, 5), (5, 8), (8, 10)], cost=1541.12
  Col 1266: blocks=[(0, 1), (1, 2), (2, 5), (5, 8), (8, 10)], cost=1542.78
  Col 1267: blocks=[(0, 1), (1, 2), (2, 5), (5, 8), (8, 10)], cost=1543.13
  Col 1268: blocks=[(0, 1), (1, 2), (2, 5), (5, 8), (8, 10)], cost=1542.78
  Col 1269: blocks=[(0, 1), (1, 2), (2, 5), (5, 8), (8, 10)], cost=1544.02
  Col 1270: blocks=[(0, 1), (1, 2), (2, 5), (5, 8), (8, 10)], cost=1544.37
  Col 1271: blocks=[(0, 1), (1, 2), (2, 5), (5, 8), (8, 10)], cost=1544.02
  Col 1272: blocks=[(0, 1), (1, 2), (2, 5), (5, 8), (8, 10)], cost=1546.03
  Col 1273: blocks=[(0, 1), (1, 2), (2, 5), (5, 8), (8, 10)], cost=1545.69
  Col 1274: blocks=[(0, 1), (1, 2), (2, 5), (5, 8), (8, 10)], cost=1546.03
  Col 1275: blocks=[(0, 1), (1, 2), (2, 5), (5, 8), (8, 10)], cost=1628.72
  Col 1276: blocks=[(0, 1), (1, 2), (2, 5), (5, 8), (8, 10)], cost=1629.07
  Col 1277: blocks=[(0, 1), (1, 2), (2, 5), (5, 8), (8, 10)], cost=1628.72
  Col 1278: blocks=[(0, 1), (1, 2), (2, 5), (5, 8), (8, 10)], cost=1630.74
  Col 1279: blocks=[(0, 1), (1, 2), (2, 5), (5, 8), (8, 10)], cost=1630.39
  Col 1280: blocks=[(0, 1), (1, 2), (2, 5), (5, 8), (8, 10)], cost=1630.74
  Col 1281: blocks=[(0, 1), (1, 2), (2, 5), (5, 8), (8, 10)], cost=1631.98
  Col 1282: blocks=[(0, 1), (1, 2), (2, 5), (5, 8), (8, 10)], cost=1631.63
  Col 1283: blocks=[(0, 1), (1, 2), (2, 5), (5, 8), (8, 10)], cost=1631.98
  Col 1284: blocks=[(0, 1), (1, 2), (2, 5), (5, 8), (8, 10)], cost=1633.64
  Col 1285: blocks=[(0, 1), (1, 2), (2, 5), (5, 9), (9, 10)], cost=1343.98
  Col 1286: blocks=[(0, 1), (1, 2), (2, 5), (5, 9), (9, 10)], cost=1428.68
  Col 1287: blocks=[(0, 1), (1, 2), (2, 5), (5, 9), (9, 10)], cost=1429.92
  Col 1288: blocks=[(0, 1), (1, 2), (2, 5), (5, 9), (9, 10)], cost=1431.59
  Col 1289: blocks=[(0, 1), (1, 2), (2, 5), (5, 9), (9, 10)], cost=1431.93
  Col 1290: blocks=[(0, 1), (1, 2), (2, 5), (5, 9), (9, 10)], cost=1431.93
  Col 1291: blocks=[(0, 1), (1, 2), (2, 5), (5, 9), (9, 10)], cost=1514.62
  Col 1292: blocks=[(0, 1), (1, 2), (2, 5), (5, 9), (9, 10)], cost=1516.29
  Col 1293: blocks=[(0, 1), (1, 2), (2, 5), (5, 9), (9, 10)], cost=1516.64
  Col 1294: blocks=[(0, 1), (1, 2), (2, 5), (5, 9), (9, 10)], cost=1516.64
  Col 1295: blocks=[(0, 1), (1, 2), (2, 5), (5, 9), (9, 10)], cost=1517.53
  Col 1296: blocks=[(0, 1), (1, 2), (2, 5), (5, 9), (9, 10)], cost=1517.88
  Col 1297: blocks=[(0, 1), (1, 2), (2, 5), (5, 9), (9, 10)], cost=1517.88
  Col 1298: blocks=[(0, 1), (1, 2), (2, 5), (5, 9), (9, 10)], cost=1519.54
  Col 1299: blocks=[(0, 1), (1, 2), (2, 5), (5, 9), (9, 10)], cost=1519.54
  Col 1300: blocks=[(0, 1), (1, 2), (2, 5), (5, 9), (9, 10)], cost=1519.89
  Col 1301: blocks=[(0, 1), (1, 2), (2, 5), (5, 9), (9, 10)], cost=1602.23
  Col 1302: blocks=[(0, 1), (1, 2), (2, 5), (5, 9), (9, 10)], cost=1602.58
  Col 1303: blocks=[(0, 1), (1, 2), (2, 5), (5, 9), (9, 10)], cost=1602.58
  Col 1304: blocks=[(0, 1), (1, 2), (2, 5), (5, 9), (9, 10)], cost=1604.24
  Col 1305: blocks=[(0, 1), (1, 2), (2, 5), (5, 9), (9, 10)], cost=1604.24
  Col 1306: blocks=[(0, 1), (1, 2), (2, 5), (5, 9), (9, 10)], cost=1604.59
  Col 1307: blocks=[(0, 1), (1, 2), (2, 5), (5, 9), (9, 10)], cost=1605.49
  Col 1308: blocks=[(0, 1), (1, 2), (2, 5), (5, 9), (9, 10)], cost=1605.49
  Col 1309: blocks=[(0, 1), (1, 2), (2, 5), (5, 9), (9, 10)], cost=1605.83
  Col 1310: blocks=[(0, 1), (1, 2), (2, 5), (5, 9), (9, 10)], cost=1607.50
  Col 1311: blocks=[(0, 1), (1, 2), (2, 5), (5, 10)], cost=1344.80
  Col 1312: blocks=[(0, 1), (1, 2), (2, 5), (5, 10)], cost=1429.51
  Col 1313: blocks=[(0, 1), (1, 2), (2, 5), (5, 10)], cost=1430.75
  Col 1314: blocks=[(0, 1), (1, 2), (2, 5), (5, 10)], cost=1432.41
  Col 1315: blocks=[(0, 1), (1, 2), (2, 5), (5, 10)], cost=1432.76
  Col 1316: blocks=[(0, 1), (1, 2), (2, 5), (5, 10)], cost=1432.76
  Col 1317: blocks=[(0, 1), (1, 2), (2, 5), (5, 10)], cost=1432.41
  Col 1318: blocks=[(0, 1), (1, 2), (2, 5), (5, 10)], cost=1515.45
  Col 1319: blocks=[(0, 1), (1, 2), (2, 5), (5, 10)], cost=1517.11
  Col 1320: blocks=[(0, 1), (1, 2), (2, 5), (5, 10)], cost=1517.46
  Col 1321: blocks=[(0, 1), (1, 2), (2, 5), (5, 10)], cost=1517.46
  Col 1322: blocks=[(0, 1), (1, 2), (2, 5), (5, 10)], cost=1517.11
  Col 1323: blocks=[(0, 1), (1, 2), (2, 5), (5, 10)], cost=1518.36
  Col 1324: blocks=[(0, 1), (1, 2), (2, 5), (5, 10)], cost=1518.70
  Col 1325: blocks=[(0, 1), (1, 2), (2, 5), (5, 10)], cost=1518.70
  Col 1326: blocks=[(0, 1), (1, 2), (2, 5), (5, 10)], cost=1518.36
  Col 1327: blocks=[(0, 1), (1, 2), (2, 5), (5, 10)], cost=1520.37
  Col 1328: blocks=[(0, 1), (1, 2), (2, 5), (5, 10)], cost=1520.37
  Col 1329: blocks=[(0, 1), (1, 2), (2, 5), (5, 10)], cost=1520.02
  Col 1330: blocks=[(0, 1), (1, 2), (2, 5), (5, 10)], cost=1520.72
  Col 1331: blocks=[(0, 1), (1, 2), (2, 5), (5, 10)], cost=1520.37
  Col 1332: blocks=[(0, 1), (1, 2), (2, 5), (5, 10)], cost=1520.37
  Col 1333: blocks=[(0, 1), (1, 2), (2, 5), (5, 10)], cost=1603.06
  Col 1334: blocks=[(0, 1), (1, 2), (2, 5), (5, 10)], cost=1603.41
  Col 1335: blocks=[(0, 1), (1, 2), (2, 5), (5, 10)], cost=1603.41
  Col 1336: blocks=[(0, 1), (1, 2), (2, 5), (5, 10)], cost=1603.06
  Col 1337: blocks=[(0, 1), (1, 2), (2, 5), (5, 10)], cost=1605.07
  Col 1338: blocks=[(0, 1), (1, 2), (2, 5), (5, 10)], cost=1605.07
  Col 1339: blocks=[(0, 1), (1, 2), (2, 5), (5, 10)], cost=1604.72
  Col 1340: blocks=[(0, 1), (1, 2), (2, 5), (5, 10)], cost=1605.42
  Col 1341: blocks=[(0, 1), (1, 2), (2, 5), (5, 10)], cost=1605.07
  Col 1342: blocks=[(0, 1), (1, 2), (2, 5), (5, 10)], cost=1605.07
  Col 1343: blocks=[(0, 1), (1, 2), (2, 5), (5, 10)], cost=1606.31
  Col 1344: blocks=[(0, 1), (1, 2), (2, 5), (5, 10)], cost=1606.31
  Col 1345: blocks=[(0, 1), (1, 2), (2, 5), (5, 10)], cost=1605.97
  Col 1346: blocks=[(0, 1), (1, 2), (2, 5), (5, 10)], cost=1606.66
  Col 1347: blocks=[(0, 1), (1, 2), (2, 5), (5, 10)], cost=1606.31
  Col 1348: blocks=[(0, 1), (1, 2), (2, 5), (5, 10)], cost=1606.31
  Col 1349: blocks=[(0, 1), (1, 2), (2, 5), (5, 10)], cost=1608.32
  Col 1350: blocks=[(0, 1), (1, 2), (2, 5), (5, 10)], cost=1607.98
  Col 1351: blocks=[(0, 1), (1, 2), (2, 5), (5, 10)], cost=1607.98
  Col 1352: blocks=[(0, 1), (1, 2), (2, 5), (5, 10)], cost=1608.32
  Col 1353: blocks=[(0, 1), (1, 2), (2, 6), (6, 7), (7, 8), (8, 9), (9, 10)], cost=1503.53
  Col 1354: blocks=[(0, 1), (1, 2), (2, 6), (6, 7), (7, 8), (8, 9), (9, 10)], cost=1588.23
  Col 1355: blocks=[(0, 1), (1, 2), (2, 6), (6, 7), (7, 8), (8, 9), (9, 10)], cost=1589.47
  Col 1356: blocks=[(0, 1), (1, 2), (2, 6), (6, 7), (7, 8), (8, 9), (9, 10)], cost=1590.46
  Col 1357: blocks=[(0, 1), (1, 2), (2, 6), (6, 7), (7, 8), (8, 9), (9, 10)], cost=1674.18
  Col 1358: blocks=[(0, 1), (1, 2), (2, 6), (6, 7), (7, 8), (8, 9), (9, 10)], cost=1675.16
  Col 1359: blocks=[(0, 1), (1, 2), (2, 6), (6, 7), (7, 8), (8, 9), (9, 10)], cost=1676.40
  Col 1360: blocks=[(0, 1), (1, 2), (2, 6), (6, 7), (7, 8), (8, 9), (9, 10)], cost=1761.11
  Col 1361: blocks=[(0, 1), (1, 2), (2, 6), (6, 7), (7, 8), (8, 10)], cost=1472.47
  Col 1362: blocks=[(0, 1), (1, 2), (2, 6), (6, 7), (7, 8), (8, 10)], cost=1560.08
  Col 1363: blocks=[(0, 1), (1, 2), (2, 6), (6, 7), (7, 8), (8, 10)], cost=1557.17
  Col 1364: blocks=[(0, 1), (1, 2), (2, 6), (6, 7), (7, 8), (8, 10)], cost=1558.41
  Col 1365: blocks=[(0, 1), (1, 2), (2, 6), (6, 7), (7, 8), (8, 10)], cost=1559.40
  Col 1366: blocks=[(0, 1), (1, 2), (2, 6), (6, 7), (7, 8), (8, 10)], cost=1644.78
  Col 1367: blocks=[(0, 1), (1, 2), (2, 6), (6, 7), (7, 8), (8, 10)], cost=1646.02
  Col 1368: blocks=[(0, 1), (1, 2), (2, 6), (6, 7), (7, 8), (8, 10)], cost=1647.01
  Col 1369: blocks=[(0, 1), (1, 2), (2, 6), (6, 7), (7, 8), (8, 10)], cost=1643.12
  Col 1370: blocks=[(0, 1), (1, 2), (2, 6), (6, 7), (7, 8), (8, 10)], cost=1644.10
  Col 1371: blocks=[(0, 1), (1, 2), (2, 6), (6, 7), (7, 8), (8, 10)], cost=1645.34
  Col 1372: blocks=[(0, 1), (1, 2), (2, 6), (6, 7), (7, 8), (8, 10)], cost=1730.73
  Col 1373: blocks=[(0, 1), (1, 2), (2, 6), (6, 7), (7, 8), (8, 10)], cost=1731.71
  Col 1374: blocks=[(0, 1), (1, 2), (2, 6), (6, 7), (7, 8), (8, 10)], cost=1732.95
  Col 1375: blocks=[(0, 1), (1, 2), (2, 6), (6, 7), (7, 8), (8, 10)], cost=1730.05
  Col 1376: blocks=[(0, 1), (1, 2), (2, 6), (6, 7), (7, 9), (9, 10)], cost=1374.51
  Col 1377: blocks=[(0, 1), (1, 2), (2, 6), (6, 7), (7, 9), (9, 10)], cost=1462.46
  Col 1378: blocks=[(0, 1), (1, 2), (2, 6), (6, 7), (7, 9), (9, 10)], cost=1459.21
  Col 1379: blocks=[(0, 1), (1, 2), (2, 6), (6, 7), (7, 9), (9, 10)], cost=1460.45
  Col 1380: blocks=[(0, 1), (1, 2), (2, 6), (6, 7), (7, 9), (9, 10)], cost=1461.44
  Col 1381: blocks=[(0, 1), (1, 2), (2, 6), (6, 7), (7, 9), (9, 10)], cost=1547.17
  Col 1382: blocks=[(0, 1), (1, 2), (2, 6), (6, 7), (7, 9), (9, 10)], cost=1548.41
  Col 1383: blocks=[(0, 1), (1, 2), (2, 6), (6, 7), (7, 9), (9, 10)], cost=1549.39
  Col 1384: blocks=[(0, 1), (1, 2), (2, 6), (6, 7), (7, 9), (9, 10)], cost=1545.15
  Col 1385: blocks=[(0, 1), (1, 2), (2, 6), (6, 7), (7, 9), (9, 10)], cost=1546.14
  Col 1386: blocks=[(0, 1), (1, 2), (2, 6), (6, 7), (7, 9), (9, 10)], cost=1547.38
  Col 1387: blocks=[(0, 1), (1, 2), (2, 6), (6, 7), (7, 9), (9, 10)], cost=1633.11
  Col 1388: blocks=[(0, 1), (1, 2), (2, 6), (6, 7), (7, 9), (9, 10)], cost=1634.09
  Col 1389: blocks=[(0, 1), (1, 2), (2, 6), (6, 7), (7, 9), (9, 10)], cost=1635.34
  Col 1390: blocks=[(0, 1), (1, 2), (2, 6), (6, 7), (7, 9), (9, 10)], cost=1632.08
  Col 1391: blocks=[(0, 1), (1, 2), (2, 6), (6, 7), (7, 10)], cost=1300.38
  Col 1392: blocks=[(0, 1), (1, 2), (2, 6), (6, 7), (7, 10)], cost=1385.08
  Col 1393: blocks=[(0, 1), (1, 2), (2, 6), (6, 7), (7, 10)], cost=1386.32
  Col 1394: blocks=[(0, 1), (1, 2), (2, 6), (6, 7), (7, 10)], cost=1387.31
  Col 1395: blocks=[(0, 1), (1, 2), (2, 6), (6, 7), (7, 10)], cost=1388.33
  Col 1396: blocks=[(0, 1), (1, 2), (2, 6), (6, 7), (7, 10)], cost=1387.99
  Col 1397: blocks=[(0, 1), (1, 2), (2, 6), (6, 7), (7, 10)], cost=1471.03
  Col 1398: blocks=[(0, 1), (1, 2), (2, 6), (6, 7), (7, 10)], cost=1472.01
  Col 1399: blocks=[(0, 1), (1, 2), (2, 6), (6, 7), (7, 10)], cost=1473.04
  Col 1400: blocks=[(0, 1), (1, 2), (2, 6), (6, 7), (7, 10)], cost=1472.69
  Col 1401: blocks=[(0, 1), (1, 2), (2, 6), (6, 7), (7, 10)], cost=1473.25
  Col 1402: blocks=[(0, 1), (1, 2), (2, 6), (6, 7), (7, 10)], cost=1474.28
  Col 1403: blocks=[(0, 1), (1, 2), (2, 6), (6, 7), (7, 10)], cost=1473.93
  Col 1404: blocks=[(0, 1), (1, 2), (2, 6), (6, 7), (7, 10)], cost=1475.26
  Col 1405: blocks=[(0, 1), (1, 2), (2, 6), (6, 7), (7, 10)], cost=1474.91
  Col 1406: blocks=[(0, 1), (1, 2), (2, 6), (6, 7), (7, 10)], cost=1475.94
  Col 1407: blocks=[(0, 1), (1, 2), (2, 6), (6, 7), (7, 10)], cost=1557.95
  Col 1408: blocks=[(0, 1), (1, 2), (2, 6), (6, 7), (7, 10)], cost=1558.98
  Col 1409: blocks=[(0, 1), (1, 2), (2, 6), (6, 7), (7, 10)], cost=1558.63
  Col 1410: blocks=[(0, 1), (1, 2), (2, 6), (6, 7), (7, 10)], cost=1559.96
  Col 1411: blocks=[(0, 1), (1, 2), (2, 6), (6, 7), (7, 10)], cost=1559.62
  Col 1412: blocks=[(0, 1), (1, 2), (2, 6), (6, 7), (7, 10)], cost=1560.64
  Col 1413: blocks=[(0, 1), (1, 2), (2, 6), (6, 7), (7, 10)], cost=1561.21
  Col 1414: blocks=[(0, 1), (1, 2), (2, 6), (6, 7), (7, 10)], cost=1560.86
  Col 1415: blocks=[(0, 1), (1, 2), (2, 6), (6, 7), (7, 10)], cost=1561.89
  Col 1416: blocks=[(0, 1), (1, 2), (2, 6), (6, 7), (7, 10)], cost=1562.87
  Col 1417: blocks=[(0, 1), (1, 2), (2, 6), (6, 8), (8, 9), (9, 10)], cost=1425.32
  Col 1418: blocks=[(0, 1), (1, 2), (2, 6), (6, 8), (8, 9), (9, 10)], cost=1510.02
  Col 1419: blocks=[(0, 1), (1, 2), (2, 6), (6, 8), (8, 9), (9, 10)], cost=1511.26
  Col 1420: blocks=[(0, 1), (1, 2), (2, 6), (6, 8), (8, 9), (9, 10)], cost=1512.25
  Col 1421: blocks=[(0, 1), (1, 2), (2, 6), (6, 8), (8, 9), (9, 10)], cost=1513.27
  Col 1422: blocks=[(0, 1), (1, 2), (2, 6), (6, 8), (8, 9), (9, 10)], cost=1595.96
  Col 1423: blocks=[(0, 1), (1, 2), (2, 6), (6, 8), (8, 9), (9, 10)], cost=1596.95
  Col 1424: blocks=[(0, 1), (1, 2), (2, 6), (6, 8), (8, 9), (9, 10)], cost=1597.98
  Col 1425: blocks=[(0, 1), (1, 2), (2, 6), (6, 8), (8, 9), (9, 10)], cost=1598.19
  Col 1426: blocks=[(0, 1), (1, 2), (2, 6), (6, 8), (8, 9), (9, 10)], cost=1599.22
  Col 1427: blocks=[(0, 1), (1, 2), (2, 6), (6, 8), (8, 9), (9, 10)], cost=1600.20
  Col 1428: blocks=[(0, 1), (1, 2), (2, 6), (6, 8), (8, 9), (9, 10)], cost=1682.89
  Col 1429: blocks=[(0, 1), (1, 2), (2, 6), (6, 8), (8, 9), (9, 10)], cost=1683.92
  Col 1430: blocks=[(0, 1), (1, 2), (2, 6), (6, 8), (8, 9), (9, 10)], cost=1684.90
  Col 1431: blocks=[(0, 1), (1, 2), (2, 6), (6, 8), (8, 9), (9, 10)], cost=1686.15
  Col 1432: blocks=[(0, 1), (1, 2), (2, 6), (6, 8), (8, 10)], cost=1394.26
  Col 1433: blocks=[(0, 1), (1, 2), (2, 6), (6, 8), (8, 10)], cost=1478.96
  Col 1434: blocks=[(0, 1), (1, 2), (2, 6), (6, 8), (8, 10)], cost=1480.20
  Col 1435: blocks=[(0, 1), (1, 2), (2, 6), (6, 8), (8, 10)], cost=1481.19
  Col 1436: blocks=[(0, 1), (1, 2), (2, 6), (6, 8), (8, 10)], cost=1482.21
  Col 1437: blocks=[(0, 1), (1, 2), (2, 6), (6, 8), (8, 10)], cost=1481.87
  Col 1438: blocks=[(0, 1), (1, 2), (2, 6), (6, 8), (8, 10)], cost=1564.90
  Col 1439: blocks=[(0, 1), (1, 2), (2, 6), (6, 8), (8, 10)], cost=1565.89
  Col 1440: blocks=[(0, 1), (1, 2), (2, 6), (6, 8), (8, 10)], cost=1566.92
  Col 1441: blocks=[(0, 1), (1, 2), (2, 6), (6, 8), (8, 10)], cost=1566.57
  Col 1442: blocks=[(0, 1), (1, 2), (2, 6), (6, 8), (8, 10)], cost=1567.13
  Col 1443: blocks=[(0, 1), (1, 2), (2, 6), (6, 8), (8, 10)], cost=1568.16
  Col 1444: blocks=[(0, 1), (1, 2), (2, 6), (6, 8), (8, 10)], cost=1567.81
  Col 1445: blocks=[(0, 1), (1, 2), (2, 6), (6, 8), (8, 10)], cost=1569.14
  Col 1446: blocks=[(0, 1), (1, 2), (2, 6), (6, 8), (8, 10)], cost=1568.79
  Col 1447: blocks=[(0, 1), (1, 2), (2, 6), (6, 8), (8, 10)], cost=1569.82
  Col 1448: blocks=[(0, 1), (1, 2), (2, 6), (6, 8), (8, 10)], cost=1651.83
  Col 1449: blocks=[(0, 1), (1, 2), (2, 6), (6, 8), (8, 10)], cost=1652.86
  Col 1450: blocks=[(0, 1), (1, 2), (2, 6), (6, 8), (8, 10)], cost=1652.51
  Col 1451: blocks=[(0, 1), (1, 2), (2, 6), (6, 8), (8, 10)], cost=1653.84
  Col 1452: blocks=[(0, 1), (1, 2), (2, 6), (6, 8), (8, 10)], cost=1653.50
  Col 1453: blocks=[(0, 1), (1, 2), (2, 6), (6, 8), (8, 10)], cost=1654.52
  Col 1454: blocks=[(0, 1), (1, 2), (2, 6), (6, 8), (8, 10)], cost=1655.09
  Col 1455: blocks=[(0, 1), (1, 2), (2, 6), (6, 8), (8, 10)], cost=1654.74
  Col 1456: blocks=[(0, 1), (1, 2), (2, 6), (6, 8), (8, 10)], cost=1655.77
  Col 1457: blocks=[(0, 1), (1, 2), (2, 6), (6, 8), (8, 10)], cost=1656.75
  Col 1458: blocks=[(0, 1), (1, 2), (2, 6), (6, 9), (9, 10)], cost=1319.80
  Col 1459: blocks=[(0, 1), (1, 2), (2, 6), (6, 9), (9, 10)], cost=1404.50
  Col 1460: blocks=[(0, 1), (1, 2), (2, 6), (6, 9), (9, 10)], cost=1405.74
  Col 1461: blocks=[(0, 1), (1, 2), (2, 6), (6, 9), (9, 10)], cost=1406.72
  Col 1462: blocks=[(0, 1), (1, 2), (2, 6), (6, 9), (9, 10)], cost=1407.75
  Col 1463: blocks=[(0, 1), (1, 2), (2, 6), (6, 9), (9, 10)], cost=1407.75
  Col 1464: blocks=[(0, 1), (1, 2), (2, 6), (6, 9), (9, 10)], cost=1490.44
  Col 1465: blocks=[(0, 1), (1, 2), (2, 6), (6, 9), (9, 10)], cost=1491.43
  Col 1466: blocks=[(0, 1), (1, 2), (2, 6), (6, 9), (9, 10)], cost=1492.45
  Col 1467: blocks=[(0, 1), (1, 2), (2, 6), (6, 9), (9, 10)], cost=1492.45
  Col 1468: blocks=[(0, 1), (1, 2), (2, 6), (6, 9), (9, 10)], cost=1492.67
  Col 1469: blocks=[(0, 1), (1, 2), (2, 6), (6, 9), (9, 10)], cost=1493.70
  Col 1470: blocks=[(0, 1), (1, 2), (2, 6), (6, 9), (9, 10)], cost=1493.70
  Col 1471: blocks=[(0, 1), (1, 2), (2, 6), (6, 9), (9, 10)], cost=1494.68
  Col 1472: blocks=[(0, 1), (1, 2), (2, 6), (6, 9), (9, 10)], cost=1494.68
  Col 1473: blocks=[(0, 1), (1, 2), (2, 6), (6, 9), (9, 10)], cost=1495.71
  Col 1474: blocks=[(0, 1), (1, 2), (2, 6), (6, 9), (9, 10)], cost=1577.37
  Col 1475: blocks=[(0, 1), (1, 2), (2, 6), (6, 9), (9, 10)], cost=1578.40
  Col 1476: blocks=[(0, 1), (1, 2), (2, 6), (6, 9), (9, 10)], cost=1578.40
  Col 1477: blocks=[(0, 1), (1, 2), (2, 6), (6, 9), (9, 10)], cost=1579.38
  Col 1478: blocks=[(0, 1), (1, 2), (2, 6), (6, 9), (9, 10)], cost=1579.38
  Col 1479: blocks=[(0, 1), (1, 2), (2, 6), (6, 9), (9, 10)], cost=1580.41
  Col 1480: blocks=[(0, 1), (1, 2), (2, 6), (6, 9), (9, 10)], cost=1580.62
  Col 1481: blocks=[(0, 1), (1, 2), (2, 6), (6, 9), (9, 10)], cost=1580.62
  Col 1482: blocks=[(0, 1), (1, 2), (2, 6), (6, 9), (9, 10)], cost=1581.65
  Col 1483: blocks=[(0, 1), (1, 2), (2, 6), (6, 9), (9, 10)], cost=1582.64
  Col 1484: blocks=[(0, 1), (1, 2), (2, 6), (6, 10)], cost=1270.31
  Col 1485: blocks=[(0, 1), (1, 2), (2, 6), (6, 10)], cost=1355.01
  Col 1486: blocks=[(0, 1), (1, 2), (2, 6), (6, 10)], cost=1356.26
  Col 1487: blocks=[(0, 1), (1, 2), (2, 6), (6, 10)], cost=1357.24
  Col 1488: blocks=[(0, 1), (1, 2), (2, 6), (6, 10)], cost=1358.27
  Col 1489: blocks=[(0, 1), (1, 2), (2, 6), (6, 10)], cost=1358.27
  Col 1490: blocks=[(0, 1), (1, 2), (2, 6), (6, 10)], cost=1357.92
  Col 1491: blocks=[(0, 1), (1, 2), (2, 6), (6, 10)], cost=1440.96
  Col 1492: blocks=[(0, 1), (1, 2), (2, 6), (6, 10)], cost=1441.94
  Col 1493: blocks=[(0, 1), (1, 2), (2, 6), (6, 10)], cost=1442.97
  Col 1494: blocks=[(0, 1), (1, 2), (2, 6), (6, 10)], cost=1442.97
  Col 1495: blocks=[(0, 1), (1, 2), (2, 6), (6, 10)], cost=1442.62
  Col 1496: blocks=[(0, 1), (1, 2), (2, 6), (6, 10)], cost=1443.19
  Col 1497: blocks=[(0, 1), (1, 2), (2, 6), (6, 10)], cost=1444.21
  Col 1498: blocks=[(0, 1), (1, 2), (2, 6), (6, 10)], cost=1444.21
  Col 1499: blocks=[(0, 1), (1, 2), (2, 6), (6, 10)], cost=1443.87
  Col 1500: blocks=[(0, 1), (1, 2), (2, 6), (6, 10)], cost=1445.20
  Col 1501: blocks=[(0, 1), (1, 2), (2, 6), (6, 10)], cost=1445.20
  Col 1502: blocks=[(0, 1), (1, 2), (2, 6), (6, 10)], cost=1444.85
  Col 1503: blocks=[(0, 1), (1, 2), (2, 6), (6, 10)], cost=1446.22
  Col 1504: blocks=[(0, 1), (1, 2), (2, 6), (6, 10)], cost=1445.88
  Col 1505: blocks=[(0, 1), (1, 2), (2, 6), (6, 10)], cost=1445.88
  Col 1506: blocks=[(0, 1), (1, 2), (2, 6), (6, 10)], cost=1527.89
  Col 1507: blocks=[(0, 1), (1, 2), (2, 6), (6, 10)], cost=1528.92
  Col 1508: blocks=[(0, 1), (1, 2), (2, 6), (6, 10)], cost=1528.92
  Col 1509: blocks=[(0, 1), (1, 2), (2, 6), (6, 10)], cost=1528.57
  Col 1510: blocks=[(0, 1), (1, 2), (2, 6), (6, 10)], cost=1529.90
  Col 1511: blocks=[(0, 1), (1, 2), (2, 6), (6, 10)], cost=1529.90
  Col 1512: blocks=[(0, 1), (1, 2), (2, 6), (6, 10)], cost=1529.55
  Col 1513: blocks=[(0, 1), (1, 2), (2, 6), (6, 10)], cost=1530.93
  Col 1514: blocks=[(0, 1), (1, 2), (2, 6), (6, 10)], cost=1530.58
  Col 1515: blocks=[(0, 1), (1, 2), (2, 6), (6, 10)], cost=1530.58
  Col 1516: blocks=[(0, 1), (1, 2), (2, 6), (6, 10)], cost=1531.14
  Col 1517: blocks=[(0, 1), (1, 2), (2, 6), (6, 10)], cost=1531.14
  Col 1518: blocks=[(0, 1), (1, 2), (2, 6), (6, 10)], cost=1530.79
  Col 1519: blocks=[(0, 1), (1, 2), (2, 6), (6, 10)], cost=1532.17
  Col 1520: blocks=[(0, 1), (1, 2), (2, 6), (6, 10)], cost=1531.82
  Col 1521: blocks=[(0, 1), (1, 2), (2, 6), (6, 10)], cost=1531.82
  Col 1522: blocks=[(0, 1), (1, 2), (2, 6), (6, 10)], cost=1533.15
  Col 1523: blocks=[(0, 1), (1, 2), (2, 6), (6, 10)], cost=1532.81
  Col 1524: blocks=[(0, 1), (1, 2), (2, 6), (6, 10)], cost=1532.81
  Col 1525: blocks=[(0, 1), (1, 2), (2, 6), (6, 10)], cost=1533.83
  Col 1526: blocks=[(0, 1), (1, 2), (2, 7), (7, 8), (8, 9), (9, 10)], cost=1463.94
  Col 1527: blocks=[(0, 1), (1, 2), (2, 7), (7, 8), (8, 9), (9, 10)], cost=1548.65
  Col 1528: blocks=[(0, 1), (1, 2), (2, 7), (7, 8), (8, 9), (9, 10)], cost=1549.89
  Col 1529: blocks=[(0, 1), (1, 2), (2, 7), (7, 8), (8, 9), (9, 10)], cost=1550.87
  Col 1530: blocks=[(0, 1), (1, 2), (2, 7), (7, 8), (8, 9), (9, 10)], cost=1551.55
  Col 1531: blocks=[(0, 1), (1, 2), (2, 7), (7, 8), (8, 9), (9, 10)], cost=1634.59
  Col 1532: blocks=[(0, 1), (1, 2), (2, 7), (7, 8), (8, 9), (9, 10)], cost=1635.58
  Col 1533: blocks=[(0, 1), (1, 2), (2, 7), (7, 8), (8, 9), (9, 10)], cost=1636.26
  Col 1534: blocks=[(0, 1), (1, 2), (2, 7), (7, 8), (8, 9), (9, 10)], cost=1636.82
  Col 1535: blocks=[(0, 1), (1, 2), (2, 7), (7, 8), (8, 9), (9, 10)], cost=1637.50
  Col 1536: blocks=[(0, 1), (1, 2), (2, 7), (7, 8), (8, 9), (9, 10)], cost=1638.48
  Col 1537: blocks=[(0, 1), (1, 2), (2, 7), (7, 8), (8, 9), (9, 10)], cost=1721.52
  Col 1538: blocks=[(0, 1), (1, 2), (2, 7), (7, 8), (8, 9), (9, 10)], cost=1722.20
  Col 1539: blocks=[(0, 1), (1, 2), (2, 7), (7, 8), (8, 9), (9, 10)], cost=1723.18
  Col 1540: blocks=[(0, 1), (1, 2), (2, 7), (7, 8), (8, 9), (9, 10)], cost=1724.43
  Col 1541: blocks=[(0, 1), (1, 2), (2, 7), (7, 8), (8, 10)], cost=1432.88
  Col 1542: blocks=[(0, 1), (1, 2), (2, 7), (7, 8), (8, 10)], cost=1517.59
  Col 1543: blocks=[(0, 1), (1, 2), (2, 7), (7, 8), (8, 10)], cost=1518.83
  Col 1544: blocks=[(0, 1), (1, 2), (2, 7), (7, 8), (8, 10)], cost=1519.81
  Col 1545: blocks=[(0, 1), (1, 2), (2, 7), (7, 8), (8, 10)], cost=1520.49
  Col 1546: blocks=[(0, 1), (1, 2), (2, 7), (7, 8), (8, 10)], cost=1520.49
  Col 1547: blocks=[(0, 1), (1, 2), (2, 7), (7, 8), (8, 10)], cost=1603.53
  Col 1548: blocks=[(0, 1), (1, 2), (2, 7), (7, 8), (8, 10)], cost=1604.52
  Col 1549: blocks=[(0, 1), (1, 2), (2, 7), (7, 8), (8, 10)], cost=1605.20
  Col 1550: blocks=[(0, 1), (1, 2), (2, 7), (7, 8), (8, 10)], cost=1605.20
  Col 1551: blocks=[(0, 1), (1, 2), (2, 7), (7, 8), (8, 10)], cost=1605.76
  Col 1552: blocks=[(0, 1), (1, 2), (2, 7), (7, 8), (8, 10)], cost=1606.44
  Col 1553: blocks=[(0, 1), (1, 2), (2, 7), (7, 8), (8, 10)], cost=1606.44
  Col 1554: blocks=[(0, 1), (1, 2), (2, 7), (7, 8), (8, 10)], cost=1607.42
  Col 1555: blocks=[(0, 1), (1, 2), (2, 7), (7, 8), (8, 10)], cost=1607.42
  Col 1556: blocks=[(0, 1), (1, 2), (2, 7), (7, 8), (8, 10)], cost=1608.10
  Col 1557: blocks=[(0, 1), (1, 2), (2, 7), (7, 8), (8, 10)], cost=1690.46
  Col 1558: blocks=[(0, 1), (1, 2), (2, 7), (7, 8), (8, 10)], cost=1691.14
  Col 1559: blocks=[(0, 1), (1, 2), (2, 7), (7, 8), (8, 10)], cost=1691.14
  Col 1560: blocks=[(0, 1), (1, 2), (2, 7), (7, 8), (8, 10)], cost=1692.12
  Col 1561: blocks=[(0, 1), (1, 2), (2, 7), (7, 8), (8, 10)], cost=1692.12
  Col 1562: blocks=[(0, 1), (1, 2), (2, 7), (7, 8), (8, 10)], cost=1692.80
  Col 1563: blocks=[(0, 1), (1, 2), (2, 7), (7, 8), (8, 10)], cost=1693.37
  Col 1564: blocks=[(0, 1), (1, 2), (2, 7), (7, 8), (8, 10)], cost=1693.37
  Col 1565: blocks=[(0, 1), (1, 2), (2, 7), (7, 8), (8, 10)], cost=1694.05
  Col 1566: blocks=[(0, 1), (1, 2), (2, 7), (7, 8), (8, 10)], cost=1695.03
  Col 1567: blocks=[(0, 1), (1, 2), (2, 7), (7, 9), (9, 10)], cost=1334.92
  Col 1568: blocks=[(0, 1), (1, 2), (2, 7), (7, 9), (9, 10)], cost=1419.62
  Col 1569: blocks=[(0, 1), (1, 2), (2, 7), (7, 9), (9, 10)], cost=1420.87
  Col 1570: blocks=[(0, 1), (1, 2), (2, 7), (7, 9), (9, 10)], cost=1421.85
  Col 1571: blocks=[(0, 1), (1, 2), (2, 7), (7, 9), (9, 10)], cost=1422.53
  Col 1572: blocks=[(0, 1), (1, 2), (2, 7), (7, 9), (9, 10)], cost=1422.88
  Col 1573: blocks=[(0, 1), (1, 2), (2, 7), (7, 9), (9, 10)], cost=1505.57
  Col 1574: blocks=[(0, 1), (1, 2), (2, 7), (7, 9), (9, 10)], cost=1506.55
  Col 1575: blocks=[(0, 1), (1, 2), (2, 7), (7, 9), (9, 10)], cost=1507.23
  Col 1576: blocks=[(0, 1), (1, 2), (2, 7), (7, 9), (9, 10)], cost=1507.58
  Col 1577: blocks=[(0, 1), (1, 2), (2, 7), (7, 9), (9, 10)], cost=1507.80
  Col 1578: blocks=[(0, 1), (1, 2), (2, 7), (7, 9), (9, 10)], cost=1508.48
  Col 1579: blocks=[(0, 1), (1, 2), (2, 7), (7, 9), (9, 10)], cost=1508.82
  Col 1580: blocks=[(0, 1), (1, 2), (2, 7), (7, 9), (9, 10)], cost=1509.46
  Col 1581: blocks=[(0, 1), (1, 2), (2, 7), (7, 9), (9, 10)], cost=1509.81
  Col 1582: blocks=[(0, 1), (1, 2), (2, 7), (7, 9), (9, 10)], cost=1510.49
  Col 1583: blocks=[(0, 1), (1, 2), (2, 7), (7, 9), (9, 10)], cost=1592.50
  Col 1584: blocks=[(0, 1), (1, 2), (2, 7), (7, 9), (9, 10)], cost=1593.18
  Col 1585: blocks=[(0, 1), (1, 2), (2, 7), (7, 9), (9, 10)], cost=1593.53
  Col 1586: blocks=[(0, 1), (1, 2), (2, 7), (7, 9), (9, 10)], cost=1594.16
  Col 1587: blocks=[(0, 1), (1, 2), (2, 7), (7, 9), (9, 10)], cost=1594.51
  Col 1588: blocks=[(0, 1), (1, 2), (2, 7), (7, 9), (9, 10)], cost=1595.19
  Col 1589: blocks=[(0, 1), (1, 2), (2, 7), (7, 9), (9, 10)], cost=1595.40
  Col 1590: blocks=[(0, 1), (1, 2), (2, 7), (7, 9), (9, 10)], cost=1595.75
  Col 1591: blocks=[(0, 1), (1, 2), (2, 7), (7, 9), (9, 10)], cost=1596.43
  Col 1592: blocks=[(0, 1), (1, 2), (2, 7), (7, 9), (9, 10)], cost=1597.42
  Col 1593: blocks=[(0, 1), (1, 2), (2, 7), (7, 10)], cost=1260.79
  Col 1594: blocks=[(0, 1), (1, 2), (2, 7), (7, 10)], cost=1345.50
  Col 1595: blocks=[(0, 1), (1, 2), (2, 7), (7, 10)], cost=1346.74
  Col 1596: blocks=[(0, 1), (1, 2), (2, 7), (7, 10)], cost=1347.72
  Col 1597: blocks=[(0, 1), (1, 2), (2, 7), (7, 10)], cost=1348.40
  Col 1598: blocks=[(0, 1), (1, 2), (2, 7), (7, 10)], cost=1348.75
  Col 1599: blocks=[(0, 1), (1, 2), (2, 7), (7, 10)], cost=1348.40
  Col 1600: blocks=[(0, 1), (1, 2), (2, 7), (7, 10)], cost=1431.44
  Col 1601: blocks=[(0, 1), (1, 2), (2, 7), (7, 10)], cost=1432.42
  Col 1602: blocks=[(0, 1), (1, 2), (2, 7), (7, 10)], cost=1433.10
  Col 1603: blocks=[(0, 1), (1, 2), (2, 7), (7, 10)], cost=1433.45
  Col 1604: blocks=[(0, 1), (1, 2), (2, 7), (7, 10)], cost=1433.10
  Col 1605: blocks=[(0, 1), (1, 2), (2, 7), (7, 10)], cost=1433.67
  Col 1606: blocks=[(0, 1), (1, 2), (2, 7), (7, 10)], cost=1434.35
  Col 1607: blocks=[(0, 1), (1, 2), (2, 7), (7, 10)], cost=1434.69
  Col 1608: blocks=[(0, 1), (1, 2), (2, 7), (7, 10)], cost=1434.35
  Col 1609: blocks=[(0, 1), (1, 2), (2, 7), (7, 10)], cost=1435.33
  Col 1610: blocks=[(0, 1), (1, 2), (2, 7), (7, 10)], cost=1435.68
  Col 1611: blocks=[(0, 1), (1, 2), (2, 7), (7, 10)], cost=1435.33
  Col 1612: blocks=[(0, 1), (1, 2), (2, 7), (7, 10)], cost=1436.36
  Col 1613: blocks=[(0, 1), (1, 2), (2, 7), (7, 10)], cost=1436.01
  Col 1614: blocks=[(0, 1), (1, 2), (2, 7), (7, 10)], cost=1436.36
  Col 1615: blocks=[(0, 1), (1, 2), (2, 7), (7, 10)], cost=1518.37
  Col 1616: blocks=[(0, 1), (1, 2), (2, 7), (7, 10)], cost=1519.05
  Col 1617: blocks=[(0, 1), (1, 2), (2, 7), (7, 10)], cost=1519.40
  Col 1618: blocks=[(0, 1), (1, 2), (2, 7), (7, 10)], cost=1519.05
  Col 1619: blocks=[(0, 1), (1, 2), (2, 7), (7, 10)], cost=1520.03
  Col 1620: blocks=[(0, 1), (1, 2), (2, 7), (7, 10)], cost=1520.38
  Col 1621: blocks=[(0, 1), (1, 2), (2, 7), (7, 10)], cost=1520.03
  Col 1622: blocks=[(0, 1), (1, 2), (2, 7), (7, 10)], cost=1521.06
  Col 1623: blocks=[(0, 1), (1, 2), (2, 7), (7, 10)], cost=1520.71
  Col 1624: blocks=[(0, 1), (1, 2), (2, 7), (7, 10)], cost=1521.06
  Col 1625: blocks=[(0, 1), (1, 2), (2, 7), (7, 10)], cost=1521.28
  Col 1626: blocks=[(0, 1), (1, 2), (2, 7), (7, 10)], cost=1521.62
  Col 1627: blocks=[(0, 1), (1, 2), (2, 7), (7, 10)], cost=1521.28
  Col 1628: blocks=[(0, 1), (1, 2), (2, 7), (7, 10)], cost=1522.30
  Col 1629: blocks=[(0, 1), (1, 2), (2, 7), (7, 10)], cost=1521.96
  Col 1630: blocks=[(0, 1), (1, 2), (2, 7), (7, 10)], cost=1522.30
  Col 1631: blocks=[(0, 1), (1, 2), (2, 7), (7, 10)], cost=1523.29
  Col 1632: blocks=[(0, 1), (1, 2), (2, 7), (7, 10)], cost=1522.94
  Col 1633: blocks=[(0, 1), (1, 2), (2, 7), (7, 10)], cost=1523.29
  Col 1634: blocks=[(0, 1), (1, 2), (2, 7), (7, 10)], cost=1523.97
  Col 1635: blocks=[(0, 1), (1, 2), (2, 8), (8, 9), (9, 10)], cost=1433.76
  Col 1636: blocks=[(0, 1), (1, 2), (2, 8), (8, 9), (9, 10)], cost=1518.46
  Col 1637: blocks=[(0, 1), (1, 2), (2, 8), (8, 9), (9, 10)], cost=1519.70
  Col 1638: blocks=[(0, 1), (1, 2), (2, 8), (8, 9), (9, 10)], cost=1520.68
  Col 1639: blocks=[(0, 1), (1, 2), (2, 8), (8, 9), (9, 10)], cost=1521.37
  Col 1640: blocks=[(0, 1), (1, 2), (2, 8), (8, 9), (9, 10)], cost=1521.71
  Col 1641: blocks=[(0, 1), (1, 2), (2, 8), (8, 9), (9, 10)], cost=1604.40
  Col 1642: blocks=[(0, 1), (1, 2), (2, 8), (8, 9), (9, 10)], cost=1605.39
  Col 1643: blocks=[(0, 1), (1, 2), (2, 8), (8, 9), (9, 10)], cost=1606.07
  Col 1644: blocks=[(0, 1), (1, 2), (2, 8), (8, 9), (9, 10)], cost=1606.42
  Col 1645: blocks=[(0, 1), (1, 2), (2, 8), (8, 9), (9, 10)], cost=1606.63
  Col 1646: blocks=[(0, 1), (1, 2), (2, 8), (8, 9), (9, 10)], cost=1607.31
  Col 1647: blocks=[(0, 1), (1, 2), (2, 8), (8, 9), (9, 10)], cost=1607.66
  Col 1648: blocks=[(0, 1), (1, 2), (2, 8), (8, 9), (9, 10)], cost=1608.29
  Col 1649: blocks=[(0, 1), (1, 2), (2, 8), (8, 9), (9, 10)], cost=1608.64
  Col 1650: blocks=[(0, 1), (1, 2), (2, 8), (8, 9), (9, 10)], cost=1609.32
  Col 1651: blocks=[(0, 1), (1, 2), (2, 8), (8, 9), (9, 10)], cost=1691.33
  Col 1652: blocks=[(0, 1), (1, 2), (2, 8), (8, 9), (9, 10)], cost=1692.01
  Col 1653: blocks=[(0, 1), (1, 2), (2, 8), (8, 9), (9, 10)], cost=1692.36
  Col 1654: blocks=[(0, 1), (1, 2), (2, 8), (8, 9), (9, 10)], cost=1693.00
  Col 1655: blocks=[(0, 1), (1, 2), (2, 8), (8, 9), (9, 10)], cost=1693.34
  Col 1656: blocks=[(0, 1), (1, 2), (2, 8), (8, 9), (9, 10)], cost=1694.02
  Col 1657: blocks=[(0, 1), (1, 2), (2, 8), (8, 9), (9, 10)], cost=1694.24
  Col 1658: blocks=[(0, 1), (1, 2), (2, 8), (8, 9), (9, 10)], cost=1694.59
  Col 1659: blocks=[(0, 1), (1, 2), (2, 8), (8, 9), (9, 10)], cost=1695.27
  Col 1660: blocks=[(0, 1), (1, 2), (2, 8), (8, 9), (9, 10)], cost=1696.25
  Col 1661: blocks=[(0, 1), (1, 2), (2, 8), (8, 10)], cost=1402.70
  Col 1662: blocks=[(0, 1), (1, 2), (2, 8), (8, 10)], cost=1487.40
  Col 1663: blocks=[(0, 1), (1, 2), (2, 8), (8, 10)], cost=1488.64
  Col 1664: blocks=[(0, 1), (1, 2), (2, 8), (8, 10)], cost=1489.62
  Col 1665: blocks=[(0, 1), (1, 2), (2, 8), (8, 10)], cost=1490.31
  Col 1666: blocks=[(0, 1), (1, 2), (2, 8), (8, 10)], cost=1490.65
  Col 1667: blocks=[(0, 1), (1, 2), (2, 8), (8, 10)], cost=1490.31
  Col 1668: blocks=[(0, 1), (1, 2), (2, 8), (8, 10)], cost=1573.34
  Col 1669: blocks=[(0, 1), (1, 2), (2, 8), (8, 10)], cost=1574.33
  Col 1670: blocks=[(0, 1), (1, 2), (2, 8), (8, 10)], cost=1575.01
  Col 1671: blocks=[(0, 1), (1, 2), (2, 8), (8, 10)], cost=1575.36
  Col 1672: blocks=[(0, 1), (1, 2), (2, 8), (8, 10)], cost=1575.01
  Col 1673: blocks=[(0, 1), (1, 2), (2, 8), (8, 10)], cost=1575.57
  Col 1674: blocks=[(0, 1), (1, 2), (2, 8), (8, 10)], cost=1576.25
  Col 1675: blocks=[(0, 1), (1, 2), (2, 8), (8, 10)], cost=1576.60
  Col 1676: blocks=[(0, 1), (1, 2), (2, 8), (8, 10)], cost=1576.25
  Col 1677: blocks=[(0, 1), (1, 2), (2, 8), (8, 10)], cost=1577.23
  Col 1678: blocks=[(0, 1), (1, 2), (2, 8), (8, 10)], cost=1577.58
  Col 1679: blocks=[(0, 1), (1, 2), (2, 8), (8, 10)], cost=1577.23
  Col 1680: blocks=[(0, 1), (1, 2), (2, 8), (8, 10)], cost=1578.26
  Col 1681: blocks=[(0, 1), (1, 2), (2, 8), (8, 10)], cost=1577.91
  Col 1682: blocks=[(0, 1), (1, 2), (2, 8), (8, 10)], cost=1578.26
  Col 1683: blocks=[(0, 1), (1, 2), (2, 8), (8, 10)], cost=1660.27
  Col 1684: blocks=[(0, 1), (1, 2), (2, 8), (8, 10)], cost=1660.95
  Col 1685: blocks=[(0, 1), (1, 2), (2, 8), (8, 10)], cost=1661.30
  Col 1686: blocks=[(0, 1), (1, 2), (2, 8), (8, 10)], cost=1660.95
  Col 1687: blocks=[(0, 1), (1, 2), (2, 8), (8, 10)], cost=1661.94
  Col 1688: blocks=[(0, 1), (1, 2), (2, 8), (8, 10)], cost=1662.28
  Col 1689: blocks=[(0, 1), (1, 2), (2, 8), (8, 10)], cost=1661.94
  Col 1690: blocks=[(0, 1), (1, 2), (2, 8), (8, 10)], cost=1662.96
  Col 1691: blocks=[(0, 1), (1, 2), (2, 8), (8, 10)], cost=1662.62
  Col 1692: blocks=[(0, 1), (1, 2), (2, 8), (8, 10)], cost=1662.96
  Col 1693: blocks=[(0, 1), (1, 2), (2, 8), (8, 10)], cost=1663.18
  Col 1694: blocks=[(0, 1), (1, 2), (2, 8), (8, 10)], cost=1663.53
  Col 1695: blocks=[(0, 1), (1, 2), (2, 8), (8, 10)], cost=1663.18
  Col 1696: blocks=[(0, 1), (1, 2), (2, 8), (8, 10)], cost=1664.21
  Col 1697: blocks=[(0, 1), (1, 2), (2, 8), (8, 10)], cost=1663.86
  Col 1698: blocks=[(0, 1), (1, 2), (2, 8), (8, 10)], cost=1664.21
  Col 1699: blocks=[(0, 1), (1, 2), (2, 8), (8, 10)], cost=1665.19
  Col 1700: blocks=[(0, 1), (1, 2), (2, 8), (8, 10)], cost=1664.84
  Col 1701: blocks=[(0, 1), (1, 2), (2, 8), (8, 10)], cost=1665.19
  Col 1702: blocks=[(0, 1), (1, 2), (2, 8), (8, 10)], cost=1665.87
  Col 1703: blocks=[(0, 1), (1, 2), (2, 9), (9, 10)], cost=1444.06
  Col 1704: blocks=[(0, 1), (1, 2), (2, 9), (9, 10)], cost=1528.76
  Col 1705: blocks=[(0, 1), (1, 2), (2, 9), (9, 10)], cost=1530.00
  Col 1706: blocks=[(0, 1), (1, 2), (2, 9), (9, 10)], cost=1530.99
  Col 1707: blocks=[(0, 1), (1, 2), (2, 9), (9, 10)], cost=1531.67
  Col 1708: blocks=[(0, 1), (1, 2), (2, 9), (9, 10)], cost=1532.01
  Col 1709: blocks=[(0, 1), (1, 2), (2, 9), (9, 10)], cost=1532.01
  Col 1710: blocks=[(0, 1), (1, 2), (2, 9), (9, 10)], cost=1614.70
  Col 1711: blocks=[(0, 1), (1, 2), (2, 9), (9, 10)], cost=1615.69
  Col 1712: blocks=[(0, 1), (1, 2), (2, 9), (9, 10)], cost=1616.37
  Col 1713: blocks=[(0, 1), (1, 2), (2, 9), (9, 10)], cost=1616.72
  Col 1714: blocks=[(0, 1), (1, 2), (2, 9), (9, 10)], cost=1616.72
  Col 1715: blocks=[(0, 1), (1, 2), (2, 9), (9, 10)], cost=1616.93
  Col 1716: blocks=[(0, 1), (1, 2), (2, 9), (9, 10)], cost=1617.61
  Col 1717: blocks=[(0, 1), (1, 2), (2, 9), (9, 10)], cost=1617.96
  Col 1718: blocks=[(0, 1), (1, 2), (2, 9), (9, 10)], cost=1617.96
  Col 1719: blocks=[(0, 1), (1, 2), (2, 9), (9, 10)], cost=1618.59
  Col 1720: blocks=[(0, 1), (1, 2), (2, 9), (9, 10)], cost=1618.94
  Col 1721: blocks=[(0, 1), (1, 2), (2, 9), (9, 10)], cost=1618.94
  Col 1722: blocks=[(0, 1), (1, 2), (2, 9), (9, 10)], cost=1619.62
  Col 1723: blocks=[(0, 1), (1, 2), (2, 9), (9, 10)], cost=1619.62
  Col 1724: blocks=[(0, 1), (1, 2), (2, 9), (9, 10)], cost=1619.97
  Col 1725: blocks=[(0, 1), (1, 2), (2, 9), (9, 10)], cost=1701.63
  Col 1726: blocks=[(0, 1), (1, 2), (2, 9), (9, 10)], cost=1702.31
  Col 1727: blocks=[(0, 1), (1, 2), (2, 9), (9, 10)], cost=1702.66
  Col 1728: blocks=[(0, 1), (1, 2), (2, 9), (9, 10)], cost=1702.66
  Col 1729: blocks=[(0, 1), (1, 2), (2, 9), (9, 10)], cost=1703.30
  Col 1730: blocks=[(0, 1), (1, 2), (2, 9), (9, 10)], cost=1703.64
  Col 1731: blocks=[(0, 1), (1, 2), (2, 9), (9, 10)], cost=1703.64
  Col 1732: blocks=[(0, 1), (1, 2), (2, 9), (9, 10)], cost=1704.32
  Col 1733: blocks=[(0, 1), (1, 2), (2, 9), (9, 10)], cost=1704.32
  Col 1734: blocks=[(0, 1), (1, 2), (2, 9), (9, 10)], cost=1704.67
  Col 1735: blocks=[(0, 1), (1, 2), (2, 9), (9, 10)], cost=1704.54
  Col 1736: blocks=[(0, 1), (1, 2), (2, 9), (9, 10)], cost=1704.89
  Col 1737: blocks=[(0, 1), (1, 2), (2, 9), (9, 10)], cost=1704.89
  Col 1738: blocks=[(0, 1), (1, 2), (2, 9), (9, 10)], cost=1705.57
  Col 1739: blocks=[(0, 1), (1, 2), (2, 9), (9, 10)], cost=1705.57
  Col 1740: blocks=[(0, 1), (1, 2), (2, 9), (9, 10)], cost=1705.91
  Col 1741: blocks=[(0, 1), (1, 2), (2, 9), (9, 10)], cost=1706.55
  Col 1742: blocks=[(0, 1), (1, 2), (2, 9), (9, 10)], cost=1706.55
  Col 1743: blocks=[(0, 1), (1, 2), (2, 9), (9, 10)], cost=1706.90
  Col 1744: blocks=[(0, 1), (1, 2), (2, 9), (9, 10)], cost=1707.58
  Col 1745: blocks=[(0, 1), (1, 2), (2, 10)], cost=1516.05
  Col 1746: blocks=[(0, 1), (1, 2), (2, 10)], cost=1600.75
  Col 1747: blocks=[(0, 1), (1, 2), (2, 10)], cost=1601.99
  Col 1748: blocks=[(0, 1), (1, 2), (2, 10)], cost=1602.97
  Col 1749: blocks=[(0, 1), (1, 2), (2, 10)], cost=1603.65
  Col 1750: blocks=[(0, 1), (1, 2), (2, 10)], cost=1604.00
  Col 1751: blocks=[(0, 1), (1, 2), (2, 10)], cost=1604.00
  Col 1752: blocks=[(0, 1), (1, 2), (2, 10)], cost=1603.65
  Col 1753: blocks=[(0, 1), (1, 2), (2, 10)], cost=1686.69
  Col 1754: blocks=[(0, 1), (1, 2), (2, 10)], cost=1687.68
  Col 1755: blocks=[(0, 1), (1, 2), (2, 10)], cost=1688.36
  Col 1756: blocks=[(0, 1), (1, 2), (2, 10)], cost=1688.70
  Col 1757: blocks=[(0, 1), (1, 2), (2, 10)], cost=1688.70
  Col 1758: blocks=[(0, 1), (1, 2), (2, 10)], cost=1688.36
  Col 1759: blocks=[(0, 1), (1, 2), (2, 10)], cost=1688.92
  Col 1760: blocks=[(0, 1), (1, 2), (2, 10)], cost=1689.60
  Col 1761: blocks=[(0, 1), (1, 2), (2, 10)], cost=1689.95
  Col 1762: blocks=[(0, 1), (1, 2), (2, 10)], cost=1689.95
  Col 1763: blocks=[(0, 1), (1, 2), (2, 10)], cost=1689.60
  Col 1764: blocks=[(0, 1), (1, 2), (2, 10)], cost=1690.58
  Col 1765: blocks=[(0, 1), (1, 2), (2, 10)], cost=1690.93
  Col 1766: blocks=[(0, 1), (1, 2), (2, 10)], cost=1690.93
  Col 1767: blocks=[(0, 1), (1, 2), (2, 10)], cost=1690.58
  Col 1768: blocks=[(0, 1), (1, 2), (2, 10)], cost=1691.61
  Col 1769: blocks=[(0, 1), (1, 2), (2, 10)], cost=1691.61
  Col 1770: blocks=[(0, 1), (1, 2), (2, 10)], cost=1691.26
  Col 1771: blocks=[(0, 1), (1, 2), (2, 10)], cost=1691.96
  Col 1772: blocks=[(0, 1), (1, 2), (2, 10)], cost=1691.61
  Col 1773: blocks=[(0, 1), (1, 2), (2, 10)], cost=1691.61
  Col 1774: blocks=[(0, 1), (1, 2), (2, 10)], cost=1773.62
  Col 1775: blocks=[(0, 1), (1, 2), (2, 10)], cost=1774.30
  Col 1776: blocks=[(0, 1), (1, 2), (2, 10)], cost=1774.65
  Col 1777: blocks=[(0, 1), (1, 2), (2, 10)], cost=1774.65
  Col 1778: blocks=[(0, 1), (1, 2), (2, 10)], cost=1774.30
  Col 1779: blocks=[(0, 1), (1, 2), (2, 10)], cost=1775.29
  Col 1780: blocks=[(0, 1), (1, 2), (2, 10)], cost=1775.63
  Col 1781: blocks=[(0, 1), (1, 2), (2, 10)], cost=1775.63
  Col 1782: blocks=[(0, 1), (1, 2), (2, 10)], cost=1775.29
  Col 1783: blocks=[(0, 1), (1, 2), (2, 10)], cost=1776.31
  Col 1784: blocks=[(0, 1), (1, 2), (2, 10)], cost=1776.31
  Col 1785: blocks=[(0, 1), (1, 2), (2, 10)], cost=1775.97
  Col 1786: blocks=[(0, 1), (1, 2), (2, 10)], cost=1776.66
  Col 1787: blocks=[(0, 1), (1, 2), (2, 10)], cost=1776.31
  Col 1788: blocks=[(0, 1), (1, 2), (2, 10)], cost=1776.31
  Col 1789: blocks=[(0, 1), (1, 2), (2, 10)], cost=1776.53
  Col 1790: blocks=[(0, 1), (1, 2), (2, 10)], cost=1776.88
  Col 1791: blocks=[(0, 1), (1, 2), (2, 10)], cost=1776.88
  Col 1792: blocks=[(0, 1), (1, 2), (2, 10)], cost=1776.53
  Col 1793: blocks=[(0, 1), (1, 2), (2, 10)], cost=1777.56
  Col 1794: blocks=[(0, 1), (1, 2), (2, 10)], cost=1777.56
  Col 1795: blocks=[(0, 1), (1, 2), (2, 10)], cost=1777.21
  Col 1796: blocks=[(0, 1), (1, 2), (2, 10)], cost=1777.90
  Col 1797: blocks=[(0, 1), (1, 2), (2, 10)], cost=1777.56
  Col 1798: blocks=[(0, 1), (1, 2), (2, 10)], cost=1777.56
  Col 1799: blocks=[(0, 1), (1, 2), (2, 10)], cost=1778.54
  Col 1800: blocks=[(0, 1), (1, 2), (2, 10)], cost=1778.54
  Col 1801: blocks=[(0, 1), (1, 2), (2, 10)], cost=1778.19
  Col 1802: blocks=[(0, 1), (1, 2), (2, 10)], cost=1778.89
  Col 1803: blocks=[(0, 1), (1, 2), (2, 10)], cost=1778.54
  Col 1804: blocks=[(0, 1), (1, 2), (2, 10)], cost=1778.54
  Col 1805: blocks=[(0, 1), (1, 2), (2, 10)], cost=1779.57
  Col 1806: blocks=[(0, 1), (1, 2), (2, 10)], cost=1779.22
  Col 1807: blocks=[(0, 1), (1, 2), (2, 10)], cost=1779.22
  Col 1808: blocks=[(0, 1), (1, 2), (2, 10)], cost=1779.57
  Col 1809: blocks=[(0, 1), (1, 3), (3, 4), (4, 5), (5, 6), (6, 7), (7, 8), (8, 9), (9, 10)], cost=1424.53
  Col 1810: blocks=[(0, 1), (1, 3), (3, 4), (4, 5), (5, 6), (6, 7), (7, 8), (8, 9), (9, 10)], cost=1507.78
  Col 1811: blocks=[(0, 1), (1, 3), (3, 4), (4, 5), (5, 6), (6, 7), (7, 8), (8, 10)], cost=1393.47
  Col 1812: blocks=[(0, 1), (1, 3), (3, 4), (4, 5), (5, 6), (6, 7), (7, 8), (8, 10)], cost=1481.08
  Col 1813: blocks=[(0, 1), (1, 3), (3, 4), (4, 5), (5, 6), (6, 7), (7, 8), (8, 10)], cost=1476.72
  Col 1814: blocks=[(0, 1), (1, 3), (3, 4), (4, 5), (5, 6), (6, 7), (7, 8), (8, 10)], cost=1564.33
  Col 1815: blocks=[(0, 1), (1, 3), (3, 4), (4, 5), (5, 6), (6, 7), (7, 9), (9, 10)], cost=1295.51
  Col 1816: blocks=[(0, 1), (1, 3), (3, 4), (4, 5), (5, 6), (6, 7), (7, 9), (9, 10)], cost=1383.46
  Col 1817: blocks=[(0, 1), (1, 3), (3, 4), (4, 5), (5, 6), (6, 7), (7, 9), (9, 10)], cost=1378.76
  Col 1818: blocks=[(0, 1), (1, 3), (3, 4), (4, 5), (5, 6), (6, 7), (7, 9), (9, 10)], cost=1466.72
  Col 1819: blocks=[(0, 1), (1, 3), (3, 4), (4, 5), (5, 6), (6, 7), (7, 10)], cost=1221.38
  Col 1820: blocks=[(0, 1), (1, 3), (3, 4), (4, 5), (5, 6), (6, 7), (7, 10)], cost=1309.33
  Col 1821: blocks=[(0, 1), (1, 3), (3, 4), (4, 5), (5, 6), (6, 7), (7, 10)], cost=1308.99
  Col 1822: blocks=[(0, 1), (1, 3), (3, 4), (4, 5), (5, 6), (6, 7), (7, 10)], cost=1304.63
  Col 1823: blocks=[(0, 1), (1, 3), (3, 4), (4, 5), (5, 6), (6, 7), (7, 10)], cost=1396.94
  Col 1824: blocks=[(0, 1), (1, 3), (3, 4), (4, 5), (5, 6), (6, 7), (7, 10)], cost=1392.59
  Col 1825: blocks=[(0, 1), (1, 3), (3, 4), (4, 5), (5, 6), (6, 7), (7, 10)], cost=1392.24
  Col 1826: blocks=[(0, 1), (1, 3), (3, 4), (4, 5), (5, 6), (6, 7), (7, 10)], cost=1480.20
  Col 1827: blocks=[(0, 1), (1, 3), (3, 4), (4, 5), (5, 6), (6, 8), (8, 9), (9, 10)], cost=1346.32
  Col 1828: blocks=[(0, 1), (1, 3), (3, 4), (4, 5), (5, 6), (6, 8), (8, 9), (9, 10)], cost=1429.57
  Col 1829: blocks=[(0, 1), (1, 3), (3, 4), (4, 5), (5, 6), (6, 8), (8, 9), (9, 10)], cost=1434.27
  Col 1830: blocks=[(0, 1), (1, 3), (3, 4), (4, 5), (5, 6), (6, 8), (8, 9), (9, 10)], cost=1517.53
  Col 1831: blocks=[(0, 1), (1, 3), (3, 4), (4, 5), (5, 6), (6, 8), (8, 10)], cost=1315.26
  Col 1832: blocks=[(0, 1), (1, 3), (3, 4), (4, 5), (5, 6), (6, 8), (8, 10)], cost=1402.87
  Col 1833: blocks=[(0, 1), (1, 3), (3, 4), (4, 5), (5, 6), (6, 8), (8, 10)], cost=1398.51
  Col 1834: blocks=[(0, 1), (1, 3), (3, 4), (4, 5), (5, 6), (6, 8), (8, 10)], cost=1403.21
  Col 1835: blocks=[(0, 1), (1, 3), (3, 4), (4, 5), (5, 6), (6, 8), (8, 10)], cost=1486.12
  Col 1836: blocks=[(0, 1), (1, 3), (3, 4), (4, 5), (5, 6), (6, 8), (8, 10)], cost=1490.82
  Col 1837: blocks=[(0, 1), (1, 3), (3, 4), (4, 5), (5, 6), (6, 8), (8, 10)], cost=1486.47
  Col 1838: blocks=[(0, 1), (1, 3), (3, 4), (4, 5), (5, 6), (6, 8), (8, 10)], cost=1574.08
  Col 1839: blocks=[(0, 1), (1, 3), (3, 4), (4, 5), (5, 6), (6, 9), (9, 10)], cost=1240.80
  Col 1840: blocks=[(0, 1), (1, 3), (3, 4), (4, 5), (5, 6), (6, 9), (9, 10)], cost=1328.75
  Col 1841: blocks=[(0, 1), (1, 3), (3, 4), (4, 5), (5, 6), (6, 9), (9, 10)], cost=1324.05
  Col 1842: blocks=[(0, 1), (1, 3), (3, 4), (4, 5), (5, 6), (6, 9), (9, 10)], cost=1328.75
  Col 1843: blocks=[(0, 1), (1, 3), (3, 4), (4, 5), (5, 6), (6, 9), (9, 10)], cost=1412.01
  Col 1844: blocks=[(0, 1), (1, 3), (3, 4), (4, 5), (5, 6), (6, 9), (9, 10)], cost=1416.71
  Col 1845: blocks=[(0, 1), (1, 3), (3, 4), (4, 5), (5, 6), (6, 9), (9, 10)], cost=1412.01
  Col 1846: blocks=[(0, 1), (1, 3), (3, 4), (4, 5), (5, 6), (6, 9), (9, 10)], cost=1499.96
  Col 1847: blocks=[(0, 1), (1, 3), (3, 4), (4, 5), (5, 6), (6, 10)], cost=1191.31
  Col 1848: blocks=[(0, 1), (1, 3), (3, 4), (4, 5), (5, 6), (6, 10)], cost=1279.27
  Col 1849: blocks=[(0, 1), (1, 3), (3, 4), (4, 5), (5, 6), (6, 10)], cost=1278.92
  Col 1850: blocks=[(0, 1), (1, 3), (3, 4), (4, 5), (5, 6), (6, 10)], cost=1274.57
  Col 1851: blocks=[(0, 1), (1, 3), (3, 4), (4, 5), (5, 6), (6, 10)], cost=1279.27
  Col 1852: blocks=[(0, 1), (1, 3), (3, 4), (4, 5), (5, 6), (6, 10)], cost=1366.88
  Col 1853: blocks=[(0, 1), (1, 3), (3, 4), (4, 5), (5, 6), (6, 10)], cost=1362.52
  Col 1854: blocks=[(0, 1), (1, 3), (3, 4), (4, 5), (5, 6), (6, 10)], cost=1367.22
  Col 1855: blocks=[(0, 1), (1, 3), (3, 4), (4, 5), (5, 6), (6, 10)], cost=1362.17
  Col 1856: blocks=[(0, 1), (1, 3), (3, 4), (4, 5), (5, 6), (6, 10)], cost=1366.88
  Col 1857: blocks=[(0, 1), (1, 3), (3, 4), (4, 5), (5, 6), (6, 10)], cost=1362.52
  Col 1858: blocks=[(0, 1), (1, 3), (3, 4), (4, 5), (5, 6), (6, 10)], cost=1450.13
  Col 1859: blocks=[(0, 1), (1, 3), (3, 4), (4, 5), (5, 6), (6, 10)], cost=1454.83
  Col 1860: blocks=[(0, 1), (1, 3), (3, 4), (4, 5), (5, 6), (6, 10)], cost=1450.48
  Col 1861: blocks=[(0, 1), (1, 3), (3, 4), (4, 5), (5, 6), (6, 10)], cost=1450.13
  Col 1862: blocks=[(0, 1), (1, 3), (3, 4), (4, 5), (5, 7), (7, 8), (8, 9), (9, 10)], cost=1356.81
  Col 1863: blocks=[(0, 1), (1, 3), (3, 4), (4, 5), (5, 7), (7, 8), (8, 9), (9, 10)], cost=1440.06
  Col 1864: blocks=[(0, 1), (1, 3), (3, 4), (4, 5), (5, 7), (7, 8), (8, 9), (9, 10)], cost=1444.42
  Col 1865: blocks=[(0, 1), (1, 3), (3, 4), (4, 5), (5, 7), (7, 8), (8, 9), (9, 10)], cost=1527.67
  Col 1866: blocks=[(0, 1), (1, 3), (3, 4), (4, 5), (5, 7), (7, 8), (8, 10)], cost=1325.75
  Col 1867: blocks=[(0, 1), (1, 3), (3, 4), (4, 5), (5, 7), (7, 8), (8, 10)], cost=1413.36
  Col 1868: blocks=[(0, 1), (1, 3), (3, 4), (4, 5), (5, 7), (7, 8), (8, 10)], cost=1409.00
  Col 1869: blocks=[(0, 1), (1, 3), (3, 4), (4, 5), (5, 7), (7, 8), (8, 10)], cost=1413.36
  Col 1870: blocks=[(0, 1), (1, 3), (3, 4), (4, 5), (5, 7), (7, 8), (8, 10)], cost=1496.61
  Col 1871: blocks=[(0, 1), (1, 3), (3, 4), (4, 5), (5, 7), (7, 8), (8, 10)], cost=1500.97
  Col 1872: blocks=[(0, 1), (1, 3), (3, 4), (4, 5), (5, 7), (7, 8), (8, 10)], cost=1496.61
  Col 1873: blocks=[(0, 1), (1, 3), (3, 4), (4, 5), (5, 7), (7, 8), (8, 10)], cost=1584.22
  Col 1874: blocks=[(0, 1), (1, 3), (3, 4), (4, 5), (5, 7), (7, 9), (9, 10)], cost=1227.79
  Col 1875: blocks=[(0, 1), (1, 3), (3, 4), (4, 5), (5, 7), (7, 9), (9, 10)], cost=1315.74
  Col 1876: blocks=[(0, 1), (1, 3), (3, 4), (4, 5), (5, 7), (7, 9), (9, 10)], cost=1311.04
  Col 1877: blocks=[(0, 1), (1, 3), (3, 4), (4, 5), (5, 7), (7, 9), (9, 10)], cost=1315.40
  Col 1878: blocks=[(0, 1), (1, 3), (3, 4), (4, 5), (5, 7), (7, 9), (9, 10)], cost=1399.00
  Col 1879: blocks=[(0, 1), (1, 3), (3, 4), (4, 5), (5, 7), (7, 9), (9, 10)], cost=1403.35
  Col 1880: blocks=[(0, 1), (1, 3), (3, 4), (4, 5), (5, 7), (7, 9), (9, 10)], cost=1398.65
  Col 1881: blocks=[(0, 1), (1, 3), (3, 4), (4, 5), (5, 7), (7, 9), (9, 10)], cost=1486.61
  Col 1882: blocks=[(0, 1), (1, 3), (3, 4), (4, 5), (5, 7), (7, 10)], cost=1153.66
  Col 1883: blocks=[(0, 1), (1, 3), (3, 4), (4, 5), (5, 7), (7, 10)], cost=1241.62
  Col 1884: blocks=[(0, 1), (1, 3), (3, 4), (4, 5), (5, 7), (7, 10)], cost=1241.27
  Col 1885: blocks=[(0, 1), (1, 3), (3, 4), (4, 5), (5, 7), (7, 10)], cost=1236.91
  Col 1886: blocks=[(0, 1), (1, 3), (3, 4), (4, 5), (5, 7), (7, 10)], cost=1241.27
  Col 1887: blocks=[(0, 1), (1, 3), (3, 4), (4, 5), (5, 7), (7, 10)], cost=1329.22
  Col 1888: blocks=[(0, 1), (1, 3), (3, 4), (4, 5), (5, 7), (7, 10)], cost=1324.87
  Col 1889: blocks=[(0, 1), (1, 3), (3, 4), (4, 5), (5, 7), (7, 10)], cost=1329.22
  Col 1890: blocks=[(0, 1), (1, 3), (3, 4), (4, 5), (5, 7), (7, 10)], cost=1324.52
  Col 1891: blocks=[(0, 1), (1, 3), (3, 4), (4, 5), (5, 7), (7, 10)], cost=1328.88
  Col 1892: blocks=[(0, 1), (1, 3), (3, 4), (4, 5), (5, 7), (7, 10)], cost=1324.52
  Col 1893: blocks=[(0, 1), (1, 3), (3, 4), (4, 5), (5, 7), (7, 10)], cost=1412.48
  Col 1894: blocks=[(0, 1), (1, 3), (3, 4), (4, 5), (5, 7), (7, 10)], cost=1416.83
  Col 1895: blocks=[(0, 1), (1, 3), (3, 4), (4, 5), (5, 7), (7, 10)], cost=1412.48
  Col 1896: blocks=[(0, 1), (1, 3), (3, 4), (4, 5), (5, 7), (7, 10)], cost=1412.13
  Col 1897: blocks=[(0, 1), (1, 3), (3, 4), (4, 5), (5, 8), (8, 9), (9, 10)], cost=1298.49
  Col 1898: blocks=[(0, 1), (1, 3), (3, 4), (4, 5), (5, 8), (8, 9), (9, 10)], cost=1381.74
  Col 1899: blocks=[(0, 1), (1, 3), (3, 4), (4, 5), (5, 8), (8, 9), (9, 10)], cost=1386.10
  Col 1900: blocks=[(0, 1), (1, 3), (3, 4), (4, 5), (5, 8), (8, 9), (9, 10)], cost=1386.44
  Col 1901: blocks=[(0, 1), (1, 3), (3, 4), (4, 5), (5, 8), (8, 9), (9, 10)], cost=1469.35
  Col 1902: blocks=[(0, 1), (1, 3), (3, 4), (4, 5), (5, 8), (8, 9), (9, 10)], cost=1469.70
  Col 1903: blocks=[(0, 1), (1, 3), (3, 4), (4, 5), (5, 8), (8, 9), (9, 10)], cost=1474.05
  Col 1904: blocks=[(0, 1), (1, 3), (3, 4), (4, 5), (5, 8), (8, 9), (9, 10)], cost=1557.31
  Col 1905: blocks=[(0, 1), (1, 3), (3, 4), (4, 5), (5, 8), (8, 10)], cost=1267.43
  Col 1906: blocks=[(0, 1), (1, 3), (3, 4), (4, 5), (5, 8), (8, 10)], cost=1355.04
  Col 1907: blocks=[(0, 1), (1, 3), (3, 4), (4, 5), (5, 8), (8, 10)], cost=1350.68
  Col 1908: blocks=[(0, 1), (1, 3), (3, 4), (4, 5), (5, 8), (8, 10)], cost=1355.04
  Col 1909: blocks=[(0, 1), (1, 3), (3, 4), (4, 5), (5, 8), (8, 10)], cost=1355.38
  Col 1910: blocks=[(0, 1), (1, 3), (3, 4), (4, 5), (5, 8), (8, 10)], cost=1438.29
  Col 1911: blocks=[(0, 1), (1, 3), (3, 4), (4, 5), (5, 8), (8, 10)], cost=1442.65
  Col 1912: blocks=[(0, 1), (1, 3), (3, 4), (4, 5), (5, 8), (8, 10)], cost=1442.99
  Col 1913: blocks=[(0, 1), (1, 3), (3, 4), (4, 5), (5, 8), (8, 10)], cost=1438.29
  Col 1914: blocks=[(0, 1), (1, 3), (3, 4), (4, 5), (5, 8), (8, 10)], cost=1438.64
  Col 1915: blocks=[(0, 1), (1, 3), (3, 4), (4, 5), (5, 8), (8, 10)], cost=1442.99
  Col 1916: blocks=[(0, 1), (1, 3), (3, 4), (4, 5), (5, 8), (8, 10)], cost=1525.90
  Col 1917: blocks=[(0, 1), (1, 3), (3, 4), (4, 5), (5, 8), (8, 10)], cost=1526.25
  Col 1918: blocks=[(0, 1), (1, 3), (3, 4), (4, 5), (5, 8), (8, 10)], cost=1530.60
  Col 1919: blocks=[(0, 1), (1, 3), (3, 4), (4, 5), (5, 8), (8, 10)], cost=1526.25
  Col 1920: blocks=[(0, 1), (1, 3), (3, 4), (4, 5), (5, 9), (9, 10)], cost=1240.94
  Col 1921: blocks=[(0, 1), (1, 3), (3, 4), (4, 5), (5, 9), (9, 10)], cost=1328.89
  Col 1922: blocks=[(0, 1), (1, 3), (3, 4), (4, 5), (5, 9), (9, 10)], cost=1324.19
  Col 1923: blocks=[(0, 1), (1, 3), (3, 4), (4, 5), (5, 9), (9, 10)], cost=1328.54
  Col 1924: blocks=[(0, 1), (1, 3), (3, 4), (4, 5), (5, 9), (9, 10)], cost=1328.89
  Col 1925: blocks=[(0, 1), (1, 3), (3, 4), (4, 5), (5, 9), (9, 10)], cost=1412.15
  Col 1926: blocks=[(0, 1), (1, 3), (3, 4), (4, 5), (5, 9), (9, 10)], cost=1416.50
  Col 1927: blocks=[(0, 1), (1, 3), (3, 4), (4, 5), (5, 9), (9, 10)], cost=1416.85
  Col 1928: blocks=[(0, 1), (1, 3), (3, 4), (4, 5), (5, 9), (9, 10)], cost=1411.80
  Col 1929: blocks=[(0, 1), (1, 3), (3, 4), (4, 5), (5, 9), (9, 10)], cost=1412.15
  Col 1930: blocks=[(0, 1), (1, 3), (3, 4), (4, 5), (5, 9), (9, 10)], cost=1416.50
  Col 1931: blocks=[(0, 1), (1, 3), (3, 4), (4, 5), (5, 9), (9, 10)], cost=1499.75
  Col 1932: blocks=[(0, 1), (1, 3), (3, 4), (4, 5), (5, 9), (9, 10)], cost=1500.10
  Col 1933: blocks=[(0, 1), (1, 3), (3, 4), (4, 5), (5, 9), (9, 10)], cost=1504.46
  Col 1934: blocks=[(0, 1), (1, 3), (3, 4), (4, 5), (5, 9), (9, 10)], cost=1499.75
  Col 1935: blocks=[(0, 1), (1, 3), (3, 4), (4, 5), (5, 10)], cost=1241.76
  Col 1936: blocks=[(0, 1), (1, 3), (3, 4), (4, 5), (5, 10)], cost=1325.02
  Col 1937: blocks=[(0, 1), (1, 3), (3, 4), (4, 5), (5, 10)], cost=1329.37
  Col 1938: blocks=[(0, 1), (1, 3), (3, 4), (4, 5), (5, 10)], cost=1329.72
  Col 1939: blocks=[(0, 1), (1, 3), (3, 4), (4, 5), (5, 10)], cost=1329.72
  Col 1940: blocks=[(0, 1), (1, 3), (3, 4), (4, 5), (5, 10)], cost=1329.37
  Col 1941: blocks=[(0, 1), (1, 3), (3, 4), (4, 5), (5, 10)], cost=1412.63
  Col 1942: blocks=[(0, 1), (1, 3), (3, 4), (4, 5), (5, 10)], cost=1412.97
  Col 1943: blocks=[(0, 1), (1, 3), (3, 4), (4, 5), (5, 10)], cost=1412.97
  Col 1944: blocks=[(0, 1), (1, 3), (3, 4), (4, 5), (5, 10)], cost=1412.63
  Col 1945: blocks=[(0, 1), (1, 3), (3, 4), (4, 5), (5, 10)], cost=1417.33
  Col 1946: blocks=[(0, 1), (1, 3), (3, 4), (4, 5), (5, 10)], cost=1417.33
  Col 1947: blocks=[(0, 1), (1, 3), (3, 4), (4, 5), (5, 10)], cost=1416.98
  Col 1948: blocks=[(0, 1), (1, 3), (3, 4), (4, 5), (5, 10)], cost=1417.68
  Col 1949: blocks=[(0, 1), (1, 3), (3, 4), (4, 5), (5, 10)], cost=1417.33
  Col 1950: blocks=[(0, 1), (1, 3), (3, 4), (4, 5), (5, 10)], cost=1417.33
  Col 1951: blocks=[(0, 1), (1, 3), (3, 4), (4, 5), (5, 10)], cost=1500.58
  Col 1952: blocks=[(0, 1), (1, 3), (3, 4), (4, 5), (5, 10)], cost=1500.58
  Col 1953: blocks=[(0, 1), (1, 3), (3, 4), (4, 5), (5, 10)], cost=1500.23
  Col 1954: blocks=[(0, 1), (1, 3), (3, 4), (4, 5), (5, 10)], cost=1500.93
  Col 1955: blocks=[(0, 1), (1, 3), (3, 4), (4, 5), (5, 10)], cost=1500.58
  Col 1956: blocks=[(0, 1), (1, 3), (3, 4), (4, 5), (5, 10)], cost=1500.58
  Col 1957: blocks=[(0, 1), (1, 3), (3, 4), (4, 5), (5, 10)], cost=1505.28
  Col 1958: blocks=[(0, 1), (1, 3), (3, 4), (4, 5), (5, 10)], cost=1504.94
  Col 1959: blocks=[(0, 1), (1, 3), (3, 4), (4, 5), (5, 10)], cost=1504.94
  Col 1960: blocks=[(0, 1), (1, 3), (3, 4), (4, 5), (5, 10)], cost=1505.28
  Col 1961: blocks=[(0, 1), (1, 3), (3, 4), (4, 6), (6, 7), (7, 8), (8, 9), (9, 10)], cost=1337.38
  Col 1962: blocks=[(0, 1), (1, 3), (3, 4), (4, 6), (6, 7), (7, 8), (8, 9), (9, 10)], cost=1420.63
  Col 1963: blocks=[(0, 1), (1, 3), (3, 4), (4, 6), (6, 7), (7, 8), (8, 9), (9, 10)], cost=1424.31
  Col 1964: blocks=[(0, 1), (1, 3), (3, 4), (4, 6), (6, 7), (7, 8), (8, 9), (9, 10)], cost=1507.56
  Col 1965: blocks=[(0, 1), (1, 3), (3, 4), (4, 6), (6, 7), (7, 8), (8, 10)], cost=1306.32
  Col 1966: blocks=[(0, 1), (1, 3), (3, 4), (4, 6), (6, 7), (7, 8), (8, 10)], cost=1393.93
  Col 1967: blocks=[(0, 1), (1, 3), (3, 4), (4, 6), (6, 7), (7, 8), (8, 10)], cost=1389.57
  Col 1968: blocks=[(0, 1), (1, 3), (3, 4), (4, 6), (6, 7), (7, 8), (8, 10)], cost=1393.25
  Col 1969: blocks=[(0, 1), (1, 3), (3, 4), (4, 6), (6, 7), (7, 8), (8, 10)], cost=1477.18
  Col 1970: blocks=[(0, 1), (1, 3), (3, 4), (4, 6), (6, 7), (7, 8), (8, 10)], cost=1480.86
  Col 1971: blocks=[(0, 1), (1, 3), (3, 4), (4, 6), (6, 7), (7, 8), (8, 10)], cost=1476.50
  Col 1972: blocks=[(0, 1), (1, 3), (3, 4), (4, 6), (6, 7), (7, 8), (8, 10)], cost=1564.11
  Col 1973: blocks=[(0, 1), (1, 3), (3, 4), (4, 6), (6, 7), (7, 9), (9, 10)], cost=1208.36
  Col 1974: blocks=[(0, 1), (1, 3), (3, 4), (4, 6), (6, 7), (7, 9), (9, 10)], cost=1296.31
  Col 1975: blocks=[(0, 1), (1, 3), (3, 4), (4, 6), (6, 7), (7, 9), (9, 10)], cost=1291.61
  Col 1976: blocks=[(0, 1), (1, 3), (3, 4), (4, 6), (6, 7), (7, 9), (9, 10)], cost=1295.29
  Col 1977: blocks=[(0, 1), (1, 3), (3, 4), (4, 6), (6, 7), (7, 9), (9, 10)], cost=1379.57
  Col 1978: blocks=[(0, 1), (1, 3), (3, 4), (4, 6), (6, 7), (7, 9), (9, 10)], cost=1383.24
  Col 1979: blocks=[(0, 1), (1, 3), (3, 4), (4, 6), (6, 7), (7, 9), (9, 10)], cost=1378.54
  Col 1980: blocks=[(0, 1), (1, 3), (3, 4), (4, 6), (6, 7), (7, 9), (9, 10)], cost=1466.50
  Col 1981: blocks=[(0, 1), (1, 3), (3, 4), (4, 6), (6, 7), (7, 10)], cost=1134.23
  Col 1982: blocks=[(0, 1), (1, 3), (3, 4), (4, 6), (6, 7), (7, 10)], cost=1222.19
  Col 1983: blocks=[(0, 1), (1, 3), (3, 4), (4, 6), (6, 7), (7, 10)], cost=1221.84
  Col 1984: blocks=[(0, 1), (1, 3), (3, 4), (4, 6), (6, 7), (7, 10)], cost=1217.48
  Col 1985: blocks=[(0, 1), (1, 3), (3, 4), (4, 6), (6, 7), (7, 10)], cost=1221.16
  Col 1986: blocks=[(0, 1), (1, 3), (3, 4), (4, 6), (6, 7), (7, 10)], cost=1309.79
  Col 1987: blocks=[(0, 1), (1, 3), (3, 4), (4, 6), (6, 7), (7, 10)], cost=1305.44
  Col 1988: blocks=[(0, 1), (1, 3), (3, 4), (4, 6), (6, 7), (7, 10)], cost=1309.11
  Col 1989: blocks=[(0, 1), (1, 3), (3, 4), (4, 6), (6, 7), (7, 10)], cost=1305.09
  Col 1990: blocks=[(0, 1), (1, 3), (3, 4), (4, 6), (6, 7), (7, 10)], cost=1308.77
  Col 1991: blocks=[(0, 1), (1, 3), (3, 4), (4, 6), (6, 7), (7, 10)], cost=1304.41
  Col 1992: blocks=[(0, 1), (1, 3), (3, 4), (4, 6), (6, 7), (7, 10)], cost=1393.05
  Col 1993: blocks=[(0, 1), (1, 3), (3, 4), (4, 6), (6, 7), (7, 10)], cost=1396.72
  Col 1994: blocks=[(0, 1), (1, 3), (3, 4), (4, 6), (6, 7), (7, 10)], cost=1392.37
  Col 1995: blocks=[(0, 1), (1, 3), (3, 4), (4, 6), (6, 7), (7, 10)], cost=1392.02
  Col 1996: blocks=[(0, 1), (1, 3), (3, 4), (4, 6), (6, 8), (8, 9), (9, 10)], cost=1259.17
  Col 1997: blocks=[(0, 1), (1, 3), (3, 4), (4, 6), (6, 8), (8, 9), (9, 10)], cost=1342.42
  Col 1998: blocks=[(0, 1), (1, 3), (3, 4), (4, 6), (6, 8), (8, 9), (9, 10)], cost=1346.10
  Col 1999: blocks=[(0, 1), (1, 3), (3, 4), (4, 6), (6, 8), (8, 9), (9, 10)], cost=1347.12
  Col 2000: blocks=[(0, 1), (1, 3), (3, 4), (4, 6), (6, 8), (8, 9), (9, 10)], cost=1429.35
  Col 2001: blocks=[(0, 1), (1, 3), (3, 4), (4, 6), (6, 8), (8, 9), (9, 10)], cost=1430.38
  Col 2002: blocks=[(0, 1), (1, 3), (3, 4), (4, 6), (6, 8), (8, 9), (9, 10)], cost=1434.05
  Col 2003: blocks=[(0, 1), (1, 3), (3, 4), (4, 6), (6, 8), (8, 9), (9, 10)], cost=1517.31
  Col 2004: blocks=[(0, 1), (1, 3), (3, 4), (4, 6), (6, 8), (8, 10)], cost=1228.11
  Col 2005: blocks=[(0, 1), (1, 3), (3, 4), (4, 6), (6, 8), (8, 10)], cost=1315.72
  Col 2006: blocks=[(0, 1), (1, 3), (3, 4), (4, 6), (6, 8), (8, 10)], cost=1311.36
  Col 2007: blocks=[(0, 1), (1, 3), (3, 4), (4, 6), (6, 8), (8, 10)], cost=1315.04
  Col 2008: blocks=[(0, 1), (1, 3), (3, 4), (4, 6), (6, 8), (8, 10)], cost=1316.06
  Col 2009: blocks=[(0, 1), (1, 3), (3, 4), (4, 6), (6, 8), (8, 10)], cost=1398.97
  Col 2010: blocks=[(0, 1), (1, 3), (3, 4), (4, 6), (6, 8), (8, 10)], cost=1402.65
  Col 2011: blocks=[(0, 1), (1, 3), (3, 4), (4, 6), (6, 8), (8, 10)], cost=1403.67
  Col 2012: blocks=[(0, 1), (1, 3), (3, 4), (4, 6), (6, 8), (8, 10)], cost=1398.29
  Col 2013: blocks=[(0, 1), (1, 3), (3, 4), (4, 6), (6, 8), (8, 10)], cost=1399.32
  Col 2014: blocks=[(0, 1), (1, 3), (3, 4), (4, 6), (6, 8), (8, 10)], cost=1402.99
  Col 2015: blocks=[(0, 1), (1, 3), (3, 4), (4, 6), (6, 8), (8, 10)], cost=1485.90
  Col 2016: blocks=[(0, 1), (1, 3), (3, 4), (4, 6), (6, 8), (8, 10)], cost=1486.93
  Col 2017: blocks=[(0, 1), (1, 3), (3, 4), (4, 6), (6, 8), (8, 10)], cost=1490.60
  Col 2018: blocks=[(0, 1), (1, 3), (3, 4), (4, 6), (6, 8), (8, 10)], cost=1486.25
  Col 2019: blocks=[(0, 1), (1, 3), (3, 4), (4, 6), (6, 9), (9, 10)], cost=1153.65
  Col 2020: blocks=[(0, 1), (1, 3), (3, 4), (4, 6), (6, 9), (9, 10)], cost=1241.60
  Col 2021: blocks=[(0, 1), (1, 3), (3, 4), (4, 6), (6, 9), (9, 10)], cost=1236.90
  Col 2022: blocks=[(0, 1), (1, 3), (3, 4), (4, 6), (6, 9), (9, 10)], cost=1240.57
  Col 2023: blocks=[(0, 1), (1, 3), (3, 4), (4, 6), (6, 9), (9, 10)], cost=1241.60
  Col 2024: blocks=[(0, 1), (1, 3), (3, 4), (4, 6), (6, 9), (9, 10)], cost=1324.86
  Col 2025: blocks=[(0, 1), (1, 3), (3, 4), (4, 6), (6, 9), (9, 10)], cost=1328.53
  Col 2026: blocks=[(0, 1), (1, 3), (3, 4), (4, 6), (6, 9), (9, 10)], cost=1329.56
  Col 2027: blocks=[(0, 1), (1, 3), (3, 4), (4, 6), (6, 9), (9, 10)], cost=1323.83
  Col 2028: blocks=[(0, 1), (1, 3), (3, 4), (4, 6), (6, 9), (9, 10)], cost=1324.86
  Col 2029: blocks=[(0, 1), (1, 3), (3, 4), (4, 6), (6, 9), (9, 10)], cost=1328.53
  Col 2030: blocks=[(0, 1), (1, 3), (3, 4), (4, 6), (6, 9), (9, 10)], cost=1411.78
  Col 2031: blocks=[(0, 1), (1, 3), (3, 4), (4, 6), (6, 9), (9, 10)], cost=1412.81
  Col 2032: blocks=[(0, 1), (1, 3), (3, 4), (4, 6), (6, 9), (9, 10)], cost=1416.49
  Col 2033: blocks=[(0, 1), (1, 3), (3, 4), (4, 6), (6, 9), (9, 10)], cost=1411.78
  Col 2034: blocks=[(0, 1), (1, 3), (3, 4), (4, 6), (6, 10)], cost=1104.16
  Col 2035: blocks=[(0, 1), (1, 3), (3, 4), (4, 6), (6, 10)], cost=1187.42
  Col 2036: blocks=[(0, 1), (1, 3), (3, 4), (4, 6), (6, 10)], cost=1191.09
  Col 2037: blocks=[(0, 1), (1, 3), (3, 4), (4, 6), (6, 10)], cost=1192.12
  Col 2038: blocks=[(0, 1), (1, 3), (3, 4), (4, 6), (6, 10)], cost=1192.12
  Col 2039: blocks=[(0, 1), (1, 3), (3, 4), (4, 6), (6, 10)], cost=1191.77
  Col 2040: blocks=[(0, 1), (1, 3), (3, 4), (4, 6), (6, 10)], cost=1274.35
  Col 2041: blocks=[(0, 1), (1, 3), (3, 4), (4, 6), (6, 10)], cost=1275.37
  Col 2042: blocks=[(0, 1), (1, 3), (3, 4), (4, 6), (6, 10)], cost=1275.37
  Col 2043: blocks=[(0, 1), (1, 3), (3, 4), (4, 6), (6, 10)], cost=1275.03
  Col 2044: blocks=[(0, 1), (1, 3), (3, 4), (4, 6), (6, 10)], cost=1279.05
  Col 2045: blocks=[(0, 1), (1, 3), (3, 4), (4, 6), (6, 10)], cost=1279.05
  Col 2046: blocks=[(0, 1), (1, 3), (3, 4), (4, 6), (6, 10)], cost=1278.70
  Col 2047: blocks=[(0, 1), (1, 3), (3, 4), (4, 6), (6, 10)], cost=1280.08
  Col 2048: blocks=[(0, 1), (1, 3), (3, 4), (4, 6), (6, 10)], cost=1279.73
  Col 2049: blocks=[(0, 1), (1, 3), (3, 4), (4, 6), (6, 10)], cost=1279.73
  Col 2050: blocks=[(0, 1), (1, 3), (3, 4), (4, 6), (6, 10)], cost=1362.30
  Col 2051: blocks=[(0, 1), (1, 3), (3, 4), (4, 6), (6, 10)], cost=1362.30
  Col 2052: blocks=[(0, 1), (1, 3), (3, 4), (4, 6), (6, 10)], cost=1361.95
  Col 2053: blocks=[(0, 1), (1, 3), (3, 4), (4, 6), (6, 10)], cost=1363.33
  Col 2054: blocks=[(0, 1), (1, 3), (3, 4), (4, 6), (6, 10)], cost=1362.98
  Col 2055: blocks=[(0, 1), (1, 3), (3, 4), (4, 6), (6, 10)], cost=1362.98
  Col 2056: blocks=[(0, 1), (1, 3), (3, 4), (4, 6), (6, 10)], cost=1367.00
  Col 2057: blocks=[(0, 1), (1, 3), (3, 4), (4, 6), (6, 10)], cost=1366.66
  Col 2058: blocks=[(0, 1), (1, 3), (3, 4), (4, 6), (6, 10)], cost=1366.66
  Col 2059: blocks=[(0, 1), (1, 3), (3, 4), (4, 6), (6, 10)], cost=1367.68
  Col 2060: blocks=[(0, 1), (1, 3), (3, 4), (4, 7), (7, 8), (8, 9), (9, 10)], cost=1269.56
  Col 2061: blocks=[(0, 1), (1, 3), (3, 4), (4, 7), (7, 8), (8, 9), (9, 10)], cost=1352.82
  Col 2062: blocks=[(0, 1), (1, 3), (3, 4), (4, 7), (7, 8), (8, 9), (9, 10)], cost=1356.49
  Col 2063: blocks=[(0, 1), (1, 3), (3, 4), (4, 7), (7, 8), (8, 9), (9, 10)], cost=1357.17
  Col 2064: blocks=[(0, 1), (1, 3), (3, 4), (4, 7), (7, 8), (8, 9), (9, 10)], cost=1439.75
  Col 2065: blocks=[(0, 1), (1, 3), (3, 4), (4, 7), (7, 8), (8, 9), (9, 10)], cost=1440.43
  Col 2066: blocks=[(0, 1), (1, 3), (3, 4), (4, 7), (7, 8), (8, 9), (9, 10)], cost=1444.10
  Col 2067: blocks=[(0, 1), (1, 3), (3, 4), (4, 7), (7, 8), (8, 9), (9, 10)], cost=1527.35
  Col 2068: blocks=[(0, 1), (1, 3), (3, 4), (4, 7), (7, 8), (8, 10)], cost=1238.50
  Col 2069: blocks=[(0, 1), (1, 3), (3, 4), (4, 7), (7, 8), (8, 10)], cost=1326.11
  Col 2070: blocks=[(0, 1), (1, 3), (3, 4), (4, 7), (7, 8), (8, 10)], cost=1321.76
  Col 2071: blocks=[(0, 1), (1, 3), (3, 4), (4, 7), (7, 8), (8, 10)], cost=1325.43
  Col 2072: blocks=[(0, 1), (1, 3), (3, 4), (4, 7), (7, 8), (8, 10)], cost=1326.11
  Col 2073: blocks=[(0, 1), (1, 3), (3, 4), (4, 7), (7, 8), (8, 10)], cost=1409.37
  Col 2074: blocks=[(0, 1), (1, 3), (3, 4), (4, 7), (7, 8), (8, 10)], cost=1413.04
  Col 2075: blocks=[(0, 1), (1, 3), (3, 4), (4, 7), (7, 8), (8, 10)], cost=1413.72
  Col 2076: blocks=[(0, 1), (1, 3), (3, 4), (4, 7), (7, 8), (8, 10)], cost=1408.69
  Col 2077: blocks=[(0, 1), (1, 3), (3, 4), (4, 7), (7, 8), (8, 10)], cost=1409.37
  Col 2078: blocks=[(0, 1), (1, 3), (3, 4), (4, 7), (7, 8), (8, 10)], cost=1413.04
  Col 2079: blocks=[(0, 1), (1, 3), (3, 4), (4, 7), (7, 8), (8, 10)], cost=1496.29
  Col 2080: blocks=[(0, 1), (1, 3), (3, 4), (4, 7), (7, 8), (8, 10)], cost=1496.97
  Col 2081: blocks=[(0, 1), (1, 3), (3, 4), (4, 7), (7, 8), (8, 10)], cost=1500.65
  Col 2082: blocks=[(0, 1), (1, 3), (3, 4), (4, 7), (7, 8), (8, 10)], cost=1496.29
  Col 2083: blocks=[(0, 1), (1, 3), (3, 4), (4, 7), (7, 9), (9, 10)], cost=1140.54
  Col 2084: blocks=[(0, 1), (1, 3), (3, 4), (4, 7), (7, 9), (9, 10)], cost=1228.50
  Col 2085: blocks=[(0, 1), (1, 3), (3, 4), (4, 7), (7, 9), (9, 10)], cost=1223.80
  Col 2086: blocks=[(0, 1), (1, 3), (3, 4), (4, 7), (7, 9), (9, 10)], cost=1227.47
  Col 2087: blocks=[(0, 1), (1, 3), (3, 4), (4, 7), (7, 9), (9, 10)], cost=1228.15
  Col 2088: blocks=[(0, 1), (1, 3), (3, 4), (4, 7), (7, 9), (9, 10)], cost=1311.75
  Col 2089: blocks=[(0, 1), (1, 3), (3, 4), (4, 7), (7, 9), (9, 10)], cost=1315.43
  Col 2090: blocks=[(0, 1), (1, 3), (3, 4), (4, 7), (7, 9), (9, 10)], cost=1316.11
  Col 2091: blocks=[(0, 1), (1, 3), (3, 4), (4, 7), (7, 9), (9, 10)], cost=1310.72
  Col 2092: blocks=[(0, 1), (1, 3), (3, 4), (4, 7), (7, 9), (9, 10)], cost=1311.40
  Col 2093: blocks=[(0, 1), (1, 3), (3, 4), (4, 7), (7, 9), (9, 10)], cost=1315.08
  Col 2094: blocks=[(0, 1), (1, 3), (3, 4), (4, 7), (7, 9), (9, 10)], cost=1398.68
  Col 2095: blocks=[(0, 1), (1, 3), (3, 4), (4, 7), (7, 9), (9, 10)], cost=1399.36
  Col 2096: blocks=[(0, 1), (1, 3), (3, 4), (4, 7), (7, 9), (9, 10)], cost=1403.03
  Col 2097: blocks=[(0, 1), (1, 3), (3, 4), (4, 7), (7, 9), (9, 10)], cost=1398.33
  Col 2098: blocks=[(0, 1), (1, 3), (3, 4), (4, 7), (7, 10)], cost=1066.41
  Col 2099: blocks=[(0, 1), (1, 3), (3, 4), (4, 7), (7, 10)], cost=1149.67
  Col 2100: blocks=[(0, 1), (1, 3), (3, 4), (4, 7), (7, 10)], cost=1153.34
  Col 2101: blocks=[(0, 1), (1, 3), (3, 4), (4, 7), (7, 10)], cost=1154.02
  Col 2102: blocks=[(0, 1), (1, 3), (3, 4), (4, 7), (7, 10)], cost=1154.37
  Col 2103: blocks=[(0, 1), (1, 3), (3, 4), (4, 7), (7, 10)], cost=1154.02
  Col 2104: blocks=[(0, 1), (1, 3), (3, 4), (4, 7), (7, 10)], cost=1236.59
  Col 2105: blocks=[(0, 1), (1, 3), (3, 4), (4, 7), (7, 10)], cost=1237.27
  Col 2106: blocks=[(0, 1), (1, 3), (3, 4), (4, 7), (7, 10)], cost=1237.62
  Col 2107: blocks=[(0, 1), (1, 3), (3, 4), (4, 7), (7, 10)], cost=1237.27
  Col 2108: blocks=[(0, 1), (1, 3), (3, 4), (4, 7), (7, 10)], cost=1240.95
  Col 2109: blocks=[(0, 1), (1, 3), (3, 4), (4, 7), (7, 10)], cost=1241.30
  Col 2110: blocks=[(0, 1), (1, 3), (3, 4), (4, 7), (7, 10)], cost=1240.95
  Col 2111: blocks=[(0, 1), (1, 3), (3, 4), (4, 7), (7, 10)], cost=1241.98
  Col 2112: blocks=[(0, 1), (1, 3), (3, 4), (4, 7), (7, 10)], cost=1241.63
  Col 2113: blocks=[(0, 1), (1, 3), (3, 4), (4, 7), (7, 10)], cost=1241.98
  Col 2114: blocks=[(0, 1), (1, 3), (3, 4), (4, 7), (7, 10)], cost=1324.20
  Col 2115: blocks=[(0, 1), (1, 3), (3, 4), (4, 7), (7, 10)], cost=1324.55
  Col 2116: blocks=[(0, 1), (1, 3), (3, 4), (4, 7), (7, 10)], cost=1324.20
  Col 2117: blocks=[(0, 1), (1, 3), (3, 4), (4, 7), (7, 10)], cost=1325.23
  Col 2118: blocks=[(0, 1), (1, 3), (3, 4), (4, 7), (7, 10)], cost=1324.88
  Col 2119: blocks=[(0, 1), (1, 3), (3, 4), (4, 7), (7, 10)], cost=1325.23
  Col 2120: blocks=[(0, 1), (1, 3), (3, 4), (4, 7), (7, 10)], cost=1328.90
  Col 2121: blocks=[(0, 1), (1, 3), (3, 4), (4, 7), (7, 10)], cost=1328.56
  Col 2122: blocks=[(0, 1), (1, 3), (3, 4), (4, 7), (7, 10)], cost=1328.90
  Col 2123: blocks=[(0, 1), (1, 3), (3, 4), (4, 7), (7, 10)], cost=1329.59
  Col 2124: blocks=[(0, 1), (1, 3), (3, 4), (4, 8), (8, 9), (9, 10)], cost=1211.14
  Col 2125: blocks=[(0, 1), (1, 3), (3, 4), (4, 8), (8, 9), (9, 10)], cost=1294.40
  Col 2126: blocks=[(0, 1), (1, 3), (3, 4), (4, 8), (8, 9), (9, 10)], cost=1298.07
  Col 2127: blocks=[(0, 1), (1, 3), (3, 4), (4, 8), (8, 9), (9, 10)], cost=1298.75
  Col 2128: blocks=[(0, 1), (1, 3), (3, 4), (4, 8), (8, 9), (9, 10)], cost=1299.10
  Col 2129: blocks=[(0, 1), (1, 3), (3, 4), (4, 8), (8, 9), (9, 10)], cost=1381.32
  Col 2130: blocks=[(0, 1), (1, 3), (3, 4), (4, 8), (8, 9), (9, 10)], cost=1382.01
  Col 2131: blocks=[(0, 1), (1, 3), (3, 4), (4, 8), (8, 9), (9, 10)], cost=1382.35
  Col 2132: blocks=[(0, 1), (1, 3), (3, 4), (4, 8), (8, 9), (9, 10)], cost=1385.68
  Col 2133: blocks=[(0, 1), (1, 3), (3, 4), (4, 8), (8, 9), (9, 10)], cost=1386.03
  Col 2134: blocks=[(0, 1), (1, 3), (3, 4), (4, 8), (8, 9), (9, 10)], cost=1386.71
  Col 2135: blocks=[(0, 1), (1, 3), (3, 4), (4, 8), (8, 9), (9, 10)], cost=1468.93
  Col 2136: blocks=[(0, 1), (1, 3), (3, 4), (4, 8), (8, 9), (9, 10)], cost=1469.28
  Col 2137: blocks=[(0, 1), (1, 3), (3, 4), (4, 8), (8, 9), (9, 10)], cost=1469.96
  Col 2138: blocks=[(0, 1), (1, 3), (3, 4), (4, 8), (8, 9), (9, 10)], cost=1473.64
  Col 2139: blocks=[(0, 1), (1, 3), (3, 4), (4, 8), (8, 10)], cost=1180.08
  Col 2140: blocks=[(0, 1), (1, 3), (3, 4), (4, 8), (8, 10)], cost=1263.34
  Col 2141: blocks=[(0, 1), (1, 3), (3, 4), (4, 8), (8, 10)], cost=1267.01
  Col 2142: blocks=[(0, 1), (1, 3), (3, 4), (4, 8), (8, 10)], cost=1267.69
  Col 2143: blocks=[(0, 1), (1, 3), (3, 4), (4, 8), (8, 10)], cost=1268.04
  Col 2144: blocks=[(0, 1), (1, 3), (3, 4), (4, 8), (8, 10)], cost=1267.69
  Col 2145: blocks=[(0, 1), (1, 3), (3, 4), (4, 8), (8, 10)], cost=1350.26
  Col 2146: blocks=[(0, 1), (1, 3), (3, 4), (4, 8), (8, 10)], cost=1350.95
  Col 2147: blocks=[(0, 1), (1, 3), (3, 4), (4, 8), (8, 10)], cost=1351.29
  Col 2148: blocks=[(0, 1), (1, 3), (3, 4), (4, 8), (8, 10)], cost=1350.95
  Col 2149: blocks=[(0, 1), (1, 3), (3, 4), (4, 8), (8, 10)], cost=1354.62
  Col 2150: blocks=[(0, 1), (1, 3), (3, 4), (4, 8), (8, 10)], cost=1354.97
  Col 2151: blocks=[(0, 1), (1, 3), (3, 4), (4, 8), (8, 10)], cost=1354.62
  Col 2152: blocks=[(0, 1), (1, 3), (3, 4), (4, 8), (8, 10)], cost=1355.65
  Col 2153: blocks=[(0, 1), (1, 3), (3, 4), (4, 8), (8, 10)], cost=1355.30
  Col 2154: blocks=[(0, 1), (1, 3), (3, 4), (4, 8), (8, 10)], cost=1355.65
  Col 2155: blocks=[(0, 1), (1, 3), (3, 4), (4, 8), (8, 10)], cost=1437.87
  Col 2156: blocks=[(0, 1), (1, 3), (3, 4), (4, 8), (8, 10)], cost=1438.22
  Col 2157: blocks=[(0, 1), (1, 3), (3, 4), (4, 8), (8, 10)], cost=1437.87
  Col 2158: blocks=[(0, 1), (1, 3), (3, 4), (4, 8), (8, 10)], cost=1438.90
  Col 2159: blocks=[(0, 1), (1, 3), (3, 4), (4, 8), (8, 10)], cost=1438.55
  Col 2160: blocks=[(0, 1), (1, 3), (3, 4), (4, 8), (8, 10)], cost=1438.90
  Col 2161: blocks=[(0, 1), (1, 3), (3, 4), (4, 8), (8, 10)], cost=1442.58
  Col 2162: blocks=[(0, 1), (1, 3), (3, 4), (4, 8), (8, 10)], cost=1442.23
  Col 2163: blocks=[(0, 1), (1, 3), (3, 4), (4, 8), (8, 10)], cost=1442.58
  Col 2164: blocks=[(0, 1), (1, 3), (3, 4), (4, 8), (8, 10)], cost=1443.26
  Col 2165: blocks=[(0, 1), (1, 3), (3, 4), (4, 9), (9, 10)], cost=1153.35
  Col 2166: blocks=[(0, 1), (1, 3), (3, 4), (4, 9), (9, 10)], cost=1236.61
  Col 2167: blocks=[(0, 1), (1, 3), (3, 4), (4, 9), (9, 10)], cost=1240.28
  Col 2168: blocks=[(0, 1), (1, 3), (3, 4), (4, 9), (9, 10)], cost=1240.96
  Col 2169: blocks=[(0, 1), (1, 3), (3, 4), (4, 9), (9, 10)], cost=1241.31
  Col 2170: blocks=[(0, 1), (1, 3), (3, 4), (4, 9), (9, 10)], cost=1241.31
  Col 2171: blocks=[(0, 1), (1, 3), (3, 4), (4, 9), (9, 10)], cost=1323.53
  Col 2172: blocks=[(0, 1), (1, 3), (3, 4), (4, 9), (9, 10)], cost=1324.21
  Col 2173: blocks=[(0, 1), (1, 3), (3, 4), (4, 9), (9, 10)], cost=1324.56
  Col 2174: blocks=[(0, 1), (1, 3), (3, 4), (4, 9), (9, 10)], cost=1324.56
  Col 2175: blocks=[(0, 1), (1, 3), (3, 4), (4, 9), (9, 10)], cost=1327.89
  Col 2176: blocks=[(0, 1), (1, 3), (3, 4), (4, 9), (9, 10)], cost=1328.24
  Col 2177: blocks=[(0, 1), (1, 3), (3, 4), (4, 9), (9, 10)], cost=1328.24
  Col 2178: blocks=[(0, 1), (1, 3), (3, 4), (4, 9), (9, 10)], cost=1328.92
  Col 2179: blocks=[(0, 1), (1, 3), (3, 4), (4, 9), (9, 10)], cost=1328.92
  Col 2180: blocks=[(0, 1), (1, 3), (3, 4), (4, 9), (9, 10)], cost=1329.26
  Col 2181: blocks=[(0, 1), (1, 3), (3, 4), (4, 9), (9, 10)], cost=1411.14
  Col 2182: blocks=[(0, 1), (1, 3), (3, 4), (4, 9), (9, 10)], cost=1411.49
  Col 2183: blocks=[(0, 1), (1, 3), (3, 4), (4, 9), (9, 10)], cost=1411.49
  Col 2184: blocks=[(0, 1), (1, 3), (3, 4), (4, 9), (9, 10)], cost=1412.17
  Col 2185: blocks=[(0, 1), (1, 3), (3, 4), (4, 9), (9, 10)], cost=1412.17
  Col 2186: blocks=[(0, 1), (1, 3), (3, 4), (4, 9), (9, 10)], cost=1412.52
  Col 2187: blocks=[(0, 1), (1, 3), (3, 4), (4, 9), (9, 10)], cost=1415.85
  Col 2188: blocks=[(0, 1), (1, 3), (3, 4), (4, 9), (9, 10)], cost=1415.85
  Col 2189: blocks=[(0, 1), (1, 3), (3, 4), (4, 9), (9, 10)], cost=1416.19
  Col 2190: blocks=[(0, 1), (1, 3), (3, 4), (4, 9), (9, 10)], cost=1416.87
  Col 2191: blocks=[(0, 1), (1, 3), (3, 4), (4, 10)], cost=1153.93
  Col 2192: blocks=[(0, 1), (1, 3), (3, 4), (4, 10)], cost=1237.18
  Col 2193: blocks=[(0, 1), (1, 3), (3, 4), (4, 10)], cost=1240.86
  Col 2194: blocks=[(0, 1), (1, 3), (3, 4), (4, 10)], cost=1241.54
  Col 2195: blocks=[(0, 1), (1, 3), (3, 4), (4, 10)], cost=1241.89
  Col 2196: blocks=[(0, 1), (1, 3), (3, 4), (4, 10)], cost=1241.89
  Col 2197: blocks=[(0, 1), (1, 3), (3, 4), (4, 10)], cost=1241.54
  Col 2198: blocks=[(0, 1), (1, 3), (3, 4), (4, 10)], cost=1324.11
  Col 2199: blocks=[(0, 1), (1, 3), (3, 4), (4, 10)], cost=1324.79
  Col 2200: blocks=[(0, 1), (1, 3), (3, 4), (4, 10)], cost=1325.14
  Col 2201: blocks=[(0, 1), (1, 3), (3, 4), (4, 10)], cost=1325.14
  Col 2202: blocks=[(0, 1), (1, 3), (3, 4), (4, 10)], cost=1324.79
  Col 2203: blocks=[(0, 1), (1, 3), (3, 4), (4, 10)], cost=1328.47
  Col 2204: blocks=[(0, 1), (1, 3), (3, 4), (4, 10)], cost=1328.81
  Col 2205: blocks=[(0, 1), (1, 3), (3, 4), (4, 10)], cost=1328.81
  Col 2206: blocks=[(0, 1), (1, 3), (3, 4), (4, 10)], cost=1328.47
  Col 2207: blocks=[(0, 1), (1, 3), (3, 4), (4, 10)], cost=1329.49
  Col 2208: blocks=[(0, 1), (1, 3), (3, 4), (4, 10)], cost=1329.49
  Col 2209: blocks=[(0, 1), (1, 3), (3, 4), (4, 10)], cost=1329.15
  Col 2210: blocks=[(0, 1), (1, 3), (3, 4), (4, 10)], cost=1329.84
  Col 2211: blocks=[(0, 1), (1, 3), (3, 4), (4, 10)], cost=1329.49
  Col 2212: blocks=[(0, 1), (1, 3), (3, 4), (4, 10)], cost=1329.49
  Col 2213: blocks=[(0, 1), (1, 3), (3, 4), (4, 10)], cost=1411.72
  Col 2214: blocks=[(0, 1), (1, 3), (3, 4), (4, 10)], cost=1412.07
  Col 2215: blocks=[(0, 1), (1, 3), (3, 4), (4, 10)], cost=1412.07
  Col 2216: blocks=[(0, 1), (1, 3), (3, 4), (4, 10)], cost=1411.72
  Col 2217: blocks=[(0, 1), (1, 3), (3, 4), (4, 10)], cost=1412.75
  Col 2218: blocks=[(0, 1), (1, 3), (3, 4), (4, 10)], cost=1412.75
  Col 2219: blocks=[(0, 1), (1, 3), (3, 4), (4, 10)], cost=1412.40
  Col 2220: blocks=[(0, 1), (1, 3), (3, 4), (4, 10)], cost=1413.10
  Col 2221: blocks=[(0, 1), (1, 3), (3, 4), (4, 10)], cost=1412.75
  Col 2222: blocks=[(0, 1), (1, 3), (3, 4), (4, 10)], cost=1412.75
  Col 2223: blocks=[(0, 1), (1, 3), (3, 4), (4, 10)], cost=1416.42
  Col 2224: blocks=[(0, 1), (1, 3), (3, 4), (4, 10)], cost=1416.42
  Col 2225: blocks=[(0, 1), (1, 3), (3, 4), (4, 10)], cost=1416.07
  Col 2226: blocks=[(0, 1), (1, 3), (3, 4), (4, 10)], cost=1416.77
  Col 2227: blocks=[(0, 1), (1, 3), (3, 4), (4, 10)], cost=1416.42
  Col 2228: blocks=[(0, 1), (1, 3), (3, 4), (4, 10)], cost=1416.42
  Col 2229: blocks=[(0, 1), (1, 3), (3, 4), (4, 10)], cost=1417.45
  Col 2230: blocks=[(0, 1), (1, 3), (3, 4), (4, 10)], cost=1417.10
  Col 2231: blocks=[(0, 1), (1, 3), (3, 4), (4, 10)], cost=1417.10
  Col 2232: blocks=[(0, 1), (1, 3), (3, 4), (4, 10)], cost=1417.45
  Col 2233: blocks=[(0, 1), (1, 3), (3, 5), (5, 6), (6, 7), (7, 8), (8, 9), (9, 10)], cost=1373.45
  Col 2234: blocks=[(0, 1), (1, 3), (3, 5), (5, 6), (6, 7), (7, 8), (8, 9), (9, 10)], cost=1456.70
  Col 2235: blocks=[(0, 1), (1, 3), (3, 5), (5, 6), (6, 7), (7, 8), (8, 9), (9, 10)], cost=1459.39
  Col 2236: blocks=[(0, 1), (1, 3), (3, 5), (5, 6), (6, 7), (7, 8), (8, 9), (9, 10)], cost=1542.65
  Col 2237: blocks=[(0, 1), (1, 3), (3, 5), (5, 6), (6, 7), (7, 8), (8, 10)], cost=1342.39
  Col 2238: blocks=[(0, 1), (1, 3), (3, 5), (5, 6), (6, 7), (7, 8), (8, 10)], cost=1430.00
  Col 2239: blocks=[(0, 1), (1, 3), (3, 5), (5, 6), (6, 7), (7, 8), (8, 10)], cost=1425.64
  Col 2240: blocks=[(0, 1), (1, 3), (3, 5), (5, 6), (6, 7), (7, 8), (8, 10)], cost=1428.33
  Col 2241: blocks=[(0, 1), (1, 3), (3, 5), (5, 6), (6, 7), (7, 8), (8, 10)], cost=1513.25
  Col 2242: blocks=[(0, 1), (1, 3), (3, 5), (5, 6), (6, 7), (7, 8), (8, 10)], cost=1515.94
  Col 2243: blocks=[(0, 1), (1, 3), (3, 5), (5, 6), (6, 7), (7, 8), (8, 10)], cost=1511.59
  Col 2244: blocks=[(0, 1), (1, 3), (3, 5), (5, 6), (6, 7), (7, 8), (8, 10)], cost=1599.20
  Col 2245: blocks=[(0, 1), (1, 3), (3, 5), (5, 6), (6, 7), (7, 9), (9, 10)], cost=1244.43
  Col 2246: blocks=[(0, 1), (1, 3), (3, 5), (5, 6), (6, 7), (7, 9), (9, 10)], cost=1332.38
  Col 2247: blocks=[(0, 1), (1, 3), (3, 5), (5, 6), (6, 7), (7, 9), (9, 10)], cost=1327.68
  Col 2248: blocks=[(0, 1), (1, 3), (3, 5), (5, 6), (6, 7), (7, 9), (9, 10)], cost=1330.37
  Col 2249: blocks=[(0, 1), (1, 3), (3, 5), (5, 6), (6, 7), (7, 9), (9, 10)], cost=1415.64
  Col 2250: blocks=[(0, 1), (1, 3), (3, 5), (5, 6), (6, 7), (7, 9), (9, 10)], cost=1418.33
  Col 2251: blocks=[(0, 1), (1, 3), (3, 5), (5, 6), (6, 7), (7, 9), (9, 10)], cost=1413.62
  Col 2252: blocks=[(0, 1), (1, 3), (3, 5), (5, 6), (6, 7), (7, 9), (9, 10)], cost=1501.58
  Col 2253: blocks=[(0, 1), (1, 3), (3, 5), (5, 6), (6, 7), (7, 10)], cost=1170.30
  Col 2254: blocks=[(0, 1), (1, 3), (3, 5), (5, 6), (6, 7), (7, 10)], cost=1258.25
  Col 2255: blocks=[(0, 1), (1, 3), (3, 5), (5, 6), (6, 7), (7, 10)], cost=1257.90
  Col 2256: blocks=[(0, 1), (1, 3), (3, 5), (5, 6), (6, 7), (7, 10)], cost=1253.55
  Col 2257: blocks=[(0, 1), (1, 3), (3, 5), (5, 6), (6, 7), (7, 10)], cost=1256.24
  Col 2258: blocks=[(0, 1), (1, 3), (3, 5), (5, 6), (6, 7), (7, 10)], cost=1345.86
  Col 2259: blocks=[(0, 1), (1, 3), (3, 5), (5, 6), (6, 7), (7, 10)], cost=1341.51
  Col 2260: blocks=[(0, 1), (1, 3), (3, 5), (5, 6), (6, 7), (7, 10)], cost=1344.20
  Col 2261: blocks=[(0, 1), (1, 3), (3, 5), (5, 6), (6, 7), (7, 10)], cost=1341.16
  Col 2262: blocks=[(0, 1), (1, 3), (3, 5), (5, 6), (6, 7), (7, 10)], cost=1343.85
  Col 2263: blocks=[(0, 1), (1, 3), (3, 5), (5, 6), (6, 7), (7, 10)], cost=1339.49
  Col 2264: blocks=[(0, 1), (1, 3), (3, 5), (5, 6), (6, 7), (7, 10)], cost=1429.11
  Col 2265: blocks=[(0, 1), (1, 3), (3, 5), (5, 6), (6, 7), (7, 10)], cost=1431.81
  Col 2266: blocks=[(0, 1), (1, 3), (3, 5), (5, 6), (6, 7), (7, 10)], cost=1427.45
  Col 2267: blocks=[(0, 1), (1, 3), (3, 5), (5, 6), (6, 7), (7, 10)], cost=1427.10
  Col 2268: blocks=[(0, 1), (1, 3), (3, 5), (5, 6), (6, 8), (8, 9), (9, 10)], cost=1295.24
  Col 2269: blocks=[(0, 1), (1, 3), (3, 5), (5, 6), (6, 8), (8, 9), (9, 10)], cost=1378.49
  Col 2270: blocks=[(0, 1), (1, 3), (3, 5), (5, 6), (6, 8), (8, 9), (9, 10)], cost=1381.18
  Col 2271: blocks=[(0, 1), (1, 3), (3, 5), (5, 6), (6, 8), (8, 9), (9, 10)], cost=1383.19
  Col 2272: blocks=[(0, 1), (1, 3), (3, 5), (5, 6), (6, 8), (8, 9), (9, 10)], cost=1464.43
  Col 2273: blocks=[(0, 1), (1, 3), (3, 5), (5, 6), (6, 8), (8, 9), (9, 10)], cost=1466.45
  Col 2274: blocks=[(0, 1), (1, 3), (3, 5), (5, 6), (6, 8), (8, 9), (9, 10)], cost=1469.14
  Col 2275: blocks=[(0, 1), (1, 3), (3, 5), (5, 6), (6, 8), (8, 9), (9, 10)], cost=1552.39
  Col 2276: blocks=[(0, 1), (1, 3), (3, 5), (5, 6), (6, 8), (8, 10)], cost=1264.18
  Col 2277: blocks=[(0, 1), (1, 3), (3, 5), (5, 6), (6, 8), (8, 10)], cost=1351.78
  Col 2278: blocks=[(0, 1), (1, 3), (3, 5), (5, 6), (6, 8), (8, 10)], cost=1347.43
  Col 2279: blocks=[(0, 1), (1, 3), (3, 5), (5, 6), (6, 8), (8, 10)], cost=1350.12
  Col 2280: blocks=[(0, 1), (1, 3), (3, 5), (5, 6), (6, 8), (8, 10)], cost=1352.13
  Col 2281: blocks=[(0, 1), (1, 3), (3, 5), (5, 6), (6, 8), (8, 10)], cost=1435.04
  Col 2282: blocks=[(0, 1), (1, 3), (3, 5), (5, 6), (6, 8), (8, 10)], cost=1437.73
  Col 2283: blocks=[(0, 1), (1, 3), (3, 5), (5, 6), (6, 8), (8, 10)], cost=1439.74
  Col 2284: blocks=[(0, 1), (1, 3), (3, 5), (5, 6), (6, 8), (8, 10)], cost=1433.37
  Col 2285: blocks=[(0, 1), (1, 3), (3, 5), (5, 6), (6, 8), (8, 10)], cost=1435.39
  Col 2286: blocks=[(0, 1), (1, 3), (3, 5), (5, 6), (6, 8), (8, 10)], cost=1438.08
  Col 2287: blocks=[(0, 1), (1, 3), (3, 5), (5, 6), (6, 8), (8, 10)], cost=1520.98
  Col 2288: blocks=[(0, 1), (1, 3), (3, 5), (5, 6), (6, 8), (8, 10)], cost=1522.99
  Col 2289: blocks=[(0, 1), (1, 3), (3, 5), (5, 6), (6, 8), (8, 10)], cost=1525.69
  Col 2290: blocks=[(0, 1), (1, 3), (3, 5), (5, 6), (6, 8), (8, 10)], cost=1521.33
  Col 2291: blocks=[(0, 1), (1, 3), (3, 5), (5, 6), (6, 9), (9, 10)], cost=1189.71
  Col 2292: blocks=[(0, 1), (1, 3), (3, 5), (5, 6), (6, 9), (9, 10)], cost=1277.67
  Col 2293: blocks=[(0, 1), (1, 3), (3, 5), (5, 6), (6, 9), (9, 10)], cost=1272.97
  Col 2294: blocks=[(0, 1), (1, 3), (3, 5), (5, 6), (6, 9), (9, 10)], cost=1275.66
  Col 2295: blocks=[(0, 1), (1, 3), (3, 5), (5, 6), (6, 9), (9, 10)], cost=1277.67
  Col 2296: blocks=[(0, 1), (1, 3), (3, 5), (5, 6), (6, 9), (9, 10)], cost=1360.92
  Col 2297: blocks=[(0, 1), (1, 3), (3, 5), (5, 6), (6, 9), (9, 10)], cost=1363.61
  Col 2298: blocks=[(0, 1), (1, 3), (3, 5), (5, 6), (6, 9), (9, 10)], cost=1365.63
  Col 2299: blocks=[(0, 1), (1, 3), (3, 5), (5, 6), (6, 9), (9, 10)], cost=1358.91
  Col 2300: blocks=[(0, 1), (1, 3), (3, 5), (5, 6), (6, 9), (9, 10)], cost=1360.92
  Col 2301: blocks=[(0, 1), (1, 3), (3, 5), (5, 6), (6, 9), (9, 10)], cost=1363.61
  Col 2302: blocks=[(0, 1), (1, 3), (3, 5), (5, 6), (6, 9), (9, 10)], cost=1446.87
  Col 2303: blocks=[(0, 1), (1, 3), (3, 5), (5, 6), (6, 9), (9, 10)], cost=1448.88
  Col 2304: blocks=[(0, 1), (1, 3), (3, 5), (5, 6), (6, 9), (9, 10)], cost=1451.57
  Col 2305: blocks=[(0, 1), (1, 3), (3, 5), (5, 6), (6, 9), (9, 10)], cost=1446.87
  Col 2306: blocks=[(0, 1), (1, 3), (3, 5), (5, 6), (6, 10)], cost=1140.23
  Col 2307: blocks=[(0, 1), (1, 3), (3, 5), (5, 6), (6, 10)], cost=1223.48
  Col 2308: blocks=[(0, 1), (1, 3), (3, 5), (5, 6), (6, 10)], cost=1226.18
  Col 2309: blocks=[(0, 1), (1, 3), (3, 5), (5, 6), (6, 10)], cost=1228.19
  Col 2310: blocks=[(0, 1), (1, 3), (3, 5), (5, 6), (6, 10)], cost=1228.19
  Col 2311: blocks=[(0, 1), (1, 3), (3, 5), (5, 6), (6, 10)], cost=1227.84
  Col 2312: blocks=[(0, 1), (1, 3), (3, 5), (5, 6), (6, 10)], cost=1309.43
  Col 2313: blocks=[(0, 1), (1, 3), (3, 5), (5, 6), (6, 10)], cost=1311.44
  Col 2314: blocks=[(0, 1), (1, 3), (3, 5), (5, 6), (6, 10)], cost=1311.44
  Col 2315: blocks=[(0, 1), (1, 3), (3, 5), (5, 6), (6, 10)], cost=1311.09
  Col 2316: blocks=[(0, 1), (1, 3), (3, 5), (5, 6), (6, 10)], cost=1314.13
  Col 2317: blocks=[(0, 1), (1, 3), (3, 5), (5, 6), (6, 10)], cost=1314.13
  Col 2318: blocks=[(0, 1), (1, 3), (3, 5), (5, 6), (6, 10)], cost=1313.78
  Col 2319: blocks=[(0, 1), (1, 3), (3, 5), (5, 6), (6, 10)], cost=1316.14
  Col 2320: blocks=[(0, 1), (1, 3), (3, 5), (5, 6), (6, 10)], cost=1315.80
  Col 2321: blocks=[(0, 1), (1, 3), (3, 5), (5, 6), (6, 10)], cost=1315.80
  Col 2322: blocks=[(0, 1), (1, 3), (3, 5), (5, 6), (6, 10)], cost=1397.39
  Col 2323: blocks=[(0, 1), (1, 3), (3, 5), (5, 6), (6, 10)], cost=1397.39
  Col 2324: blocks=[(0, 1), (1, 3), (3, 5), (5, 6), (6, 10)], cost=1397.04
  Col 2325: blocks=[(0, 1), (1, 3), (3, 5), (5, 6), (6, 10)], cost=1399.40
  Col 2326: blocks=[(0, 1), (1, 3), (3, 5), (5, 6), (6, 10)], cost=1399.05
  Col 2327: blocks=[(0, 1), (1, 3), (3, 5), (5, 6), (6, 10)], cost=1399.05
  Col 2328: blocks=[(0, 1), (1, 3), (3, 5), (5, 6), (6, 10)], cost=1402.09
  Col 2329: blocks=[(0, 1), (1, 3), (3, 5), (5, 6), (6, 10)], cost=1401.74
  Col 2330: blocks=[(0, 1), (1, 3), (3, 5), (5, 6), (6, 10)], cost=1401.74
  Col 2331: blocks=[(0, 1), (1, 3), (3, 5), (5, 6), (6, 10)], cost=1403.75
  Col 2332: blocks=[(0, 1), (1, 3), (3, 5), (5, 7), (7, 8), (8, 9), (9, 10)], cost=1305.73
  Col 2333: blocks=[(0, 1), (1, 3), (3, 5), (5, 7), (7, 8), (8, 9), (9, 10)], cost=1388.98
  Col 2334: blocks=[(0, 1), (1, 3), (3, 5), (5, 7), (7, 8), (8, 9), (9, 10)], cost=1391.67
  Col 2335: blocks=[(0, 1), (1, 3), (3, 5), (5, 7), (7, 8), (8, 9), (9, 10)], cost=1393.34
  Col 2336: blocks=[(0, 1), (1, 3), (3, 5), (5, 7), (7, 8), (8, 9), (9, 10)], cost=1474.93
  Col 2337: blocks=[(0, 1), (1, 3), (3, 5), (5, 7), (7, 8), (8, 9), (9, 10)], cost=1476.59
  Col 2338: blocks=[(0, 1), (1, 3), (3, 5), (5, 7), (7, 8), (8, 9), (9, 10)], cost=1479.28
  Col 2339: blocks=[(0, 1), (1, 3), (3, 5), (5, 7), (7, 8), (8, 9), (9, 10)], cost=1562.54
  Col 2340: blocks=[(0, 1), (1, 3), (3, 5), (5, 7), (7, 8), (8, 10)], cost=1274.67
  Col 2341: blocks=[(0, 1), (1, 3), (3, 5), (5, 7), (7, 8), (8, 10)], cost=1362.28
  Col 2342: blocks=[(0, 1), (1, 3), (3, 5), (5, 7), (7, 8), (8, 10)], cost=1357.92
  Col 2343: blocks=[(0, 1), (1, 3), (3, 5), (5, 7), (7, 8), (8, 10)], cost=1360.61
  Col 2344: blocks=[(0, 1), (1, 3), (3, 5), (5, 7), (7, 8), (8, 10)], cost=1362.28
  Col 2345: blocks=[(0, 1), (1, 3), (3, 5), (5, 7), (7, 8), (8, 10)], cost=1445.53
  Col 2346: blocks=[(0, 1), (1, 3), (3, 5), (5, 7), (7, 8), (8, 10)], cost=1448.22
  Col 2347: blocks=[(0, 1), (1, 3), (3, 5), (5, 7), (7, 8), (8, 10)], cost=1449.89
  Col 2348: blocks=[(0, 1), (1, 3), (3, 5), (5, 7), (7, 8), (8, 10)], cost=1443.87
  Col 2349: blocks=[(0, 1), (1, 3), (3, 5), (5, 7), (7, 8), (8, 10)], cost=1445.53
  Col 2350: blocks=[(0, 1), (1, 3), (3, 5), (5, 7), (7, 8), (8, 10)], cost=1448.22
  Col 2351: blocks=[(0, 1), (1, 3), (3, 5), (5, 7), (7, 8), (8, 10)], cost=1531.48
  Col 2352: blocks=[(0, 1), (1, 3), (3, 5), (5, 7), (7, 8), (8, 10)], cost=1533.14
  Col 2353: blocks=[(0, 1), (1, 3), (3, 5), (5, 7), (7, 8), (8, 10)], cost=1535.83
  Col 2354: blocks=[(0, 1), (1, 3), (3, 5), (5, 7), (7, 8), (8, 10)], cost=1531.48
  Col 2355: blocks=[(0, 1), (1, 3), (3, 5), (5, 7), (7, 9), (9, 10)], cost=1176.71
  Col 2356: blocks=[(0, 1), (1, 3), (3, 5), (5, 7), (7, 9), (9, 10)], cost=1264.66
  Col 2357: blocks=[(0, 1), (1, 3), (3, 5), (5, 7), (7, 9), (9, 10)], cost=1259.96
  Col 2358: blocks=[(0, 1), (1, 3), (3, 5), (5, 7), (7, 9), (9, 10)], cost=1262.65
  Col 2359: blocks=[(0, 1), (1, 3), (3, 5), (5, 7), (7, 9), (9, 10)], cost=1264.32
  Col 2360: blocks=[(0, 1), (1, 3), (3, 5), (5, 7), (7, 9), (9, 10)], cost=1347.92
  Col 2361: blocks=[(0, 1), (1, 3), (3, 5), (5, 7), (7, 9), (9, 10)], cost=1350.61
  Col 2362: blocks=[(0, 1), (1, 3), (3, 5), (5, 7), (7, 9), (9, 10)], cost=1352.27
  Col 2363: blocks=[(0, 1), (1, 3), (3, 5), (5, 7), (7, 9), (9, 10)], cost=1345.91
  Col 2364: blocks=[(0, 1), (1, 3), (3, 5), (5, 7), (7, 9), (9, 10)], cost=1347.57
  Col 2365: blocks=[(0, 1), (1, 3), (3, 5), (5, 7), (7, 9), (9, 10)], cost=1350.26
  Col 2366: blocks=[(0, 1), (1, 3), (3, 5), (5, 7), (7, 9), (9, 10)], cost=1433.86
  Col 2367: blocks=[(0, 1), (1, 3), (3, 5), (5, 7), (7, 9), (9, 10)], cost=1435.53
  Col 2368: blocks=[(0, 1), (1, 3), (3, 5), (5, 7), (7, 9), (9, 10)], cost=1438.22
  Col 2369: blocks=[(0, 1), (1, 3), (3, 5), (5, 7), (7, 9), (9, 10)], cost=1433.51
  Col 2370: blocks=[(0, 1), (1, 3), (3, 5), (5, 7), (7, 10)], cost=1102.58
  Col 2371: blocks=[(0, 1), (1, 3), (3, 5), (5, 7), (7, 10)], cost=1185.83
  Col 2372: blocks=[(0, 1), (1, 3), (3, 5), (5, 7), (7, 10)], cost=1188.52
  Col 2373: blocks=[(0, 1), (1, 3), (3, 5), (5, 7), (7, 10)], cost=1190.19
  Col 2374: blocks=[(0, 1), (1, 3), (3, 5), (5, 7), (7, 10)], cost=1190.53
  Col 2375: blocks=[(0, 1), (1, 3), (3, 5), (5, 7), (7, 10)], cost=1190.19
  Col 2376: blocks=[(0, 1), (1, 3), (3, 5), (5, 7), (7, 10)], cost=1271.78
  Col 2377: blocks=[(0, 1), (1, 3), (3, 5), (5, 7), (7, 10)], cost=1273.44
  Col 2378: blocks=[(0, 1), (1, 3), (3, 5), (5, 7), (7, 10)], cost=1273.79
  Col 2379: blocks=[(0, 1), (1, 3), (3, 5), (5, 7), (7, 10)], cost=1273.44
  Col 2380: blocks=[(0, 1), (1, 3), (3, 5), (5, 7), (7, 10)], cost=1276.13
  Col 2381: blocks=[(0, 1), (1, 3), (3, 5), (5, 7), (7, 10)], cost=1276.48
  Col 2382: blocks=[(0, 1), (1, 3), (3, 5), (5, 7), (7, 10)], cost=1276.13
  Col 2383: blocks=[(0, 1), (1, 3), (3, 5), (5, 7), (7, 10)], cost=1278.14
  Col 2384: blocks=[(0, 1), (1, 3), (3, 5), (5, 7), (7, 10)], cost=1277.79
  Col 2385: blocks=[(0, 1), (1, 3), (3, 5), (5, 7), (7, 10)], cost=1278.14
  Col 2386: blocks=[(0, 1), (1, 3), (3, 5), (5, 7), (7, 10)], cost=1359.38
  Col 2387: blocks=[(0, 1), (1, 3), (3, 5), (5, 7), (7, 10)], cost=1359.73
  Col 2388: blocks=[(0, 1), (1, 3), (3, 5), (5, 7), (7, 10)], cost=1359.38
  Col 2389: blocks=[(0, 1), (1, 3), (3, 5), (5, 7), (7, 10)], cost=1361.40
  Col 2390: blocks=[(0, 1), (1, 3), (3, 5), (5, 7), (7, 10)], cost=1361.05
  Col 2391: blocks=[(0, 1), (1, 3), (3, 5), (5, 7), (7, 10)], cost=1361.40
  Col 2392: blocks=[(0, 1), (1, 3), (3, 5), (5, 7), (7, 10)], cost=1364.09
  Col 2393: blocks=[(0, 1), (1, 3), (3, 5), (5, 7), (7, 10)], cost=1363.74
  Col 2394: blocks=[(0, 1), (1, 3), (3, 5), (5, 7), (7, 10)], cost=1364.09
  Col 2395: blocks=[(0, 1), (1, 3), (3, 5), (5, 7), (7, 10)], cost=1365.75
  Col 2396: blocks=[(0, 1), (1, 3), (3, 5), (5, 8), (8, 9), (9, 10)], cost=1247.41
  Col 2397: blocks=[(0, 1), (1, 3), (3, 5), (5, 8), (8, 9), (9, 10)], cost=1330.66
  Col 2398: blocks=[(0, 1), (1, 3), (3, 5), (5, 8), (8, 9), (9, 10)], cost=1333.35
  Col 2399: blocks=[(0, 1), (1, 3), (3, 5), (5, 8), (8, 9), (9, 10)], cost=1335.02
  Col 2400: blocks=[(0, 1), (1, 3), (3, 5), (5, 8), (8, 9), (9, 10)], cost=1335.36
  Col 2401: blocks=[(0, 1), (1, 3), (3, 5), (5, 8), (8, 9), (9, 10)], cost=1416.61
  Col 2402: blocks=[(0, 1), (1, 3), (3, 5), (5, 8), (8, 9), (9, 10)], cost=1418.27
  Col 2403: blocks=[(0, 1), (1, 3), (3, 5), (5, 8), (8, 9), (9, 10)], cost=1418.62
  Col 2404: blocks=[(0, 1), (1, 3), (3, 5), (5, 8), (8, 9), (9, 10)], cost=1420.96
  Col 2405: blocks=[(0, 1), (1, 3), (3, 5), (5, 8), (8, 9), (9, 10)], cost=1421.31
  Col 2406: blocks=[(0, 1), (1, 3), (3, 5), (5, 8), (8, 9), (9, 10)], cost=1422.97
  Col 2407: blocks=[(0, 1), (1, 3), (3, 5), (5, 8), (8, 9), (9, 10)], cost=1504.21
  Col 2408: blocks=[(0, 1), (1, 3), (3, 5), (5, 8), (8, 9), (9, 10)], cost=1504.56
  Col 2409: blocks=[(0, 1), (1, 3), (3, 5), (5, 8), (8, 9), (9, 10)], cost=1506.23
  Col 2410: blocks=[(0, 1), (1, 3), (3, 5), (5, 8), (8, 9), (9, 10)], cost=1508.92
  Col 2411: blocks=[(0, 1), (1, 3), (3, 5), (5, 8), (8, 10)], cost=1216.35
  Col 2412: blocks=[(0, 1), (1, 3), (3, 5), (5, 8), (8, 10)], cost=1299.60
  Col 2413: blocks=[(0, 1), (1, 3), (3, 5), (5, 8), (8, 10)], cost=1302.29
  Col 2414: blocks=[(0, 1), (1, 3), (3, 5), (5, 8), (8, 10)], cost=1303.96
  Col 2415: blocks=[(0, 1), (1, 3), (3, 5), (5, 8), (8, 10)], cost=1304.30
  Col 2416: blocks=[(0, 1), (1, 3), (3, 5), (5, 8), (8, 10)], cost=1303.96
  Col 2417: blocks=[(0, 1), (1, 3), (3, 5), (5, 8), (8, 10)], cost=1385.55
  Col 2418: blocks=[(0, 1), (1, 3), (3, 5), (5, 8), (8, 10)], cost=1387.21
  Col 2419: blocks=[(0, 1), (1, 3), (3, 5), (5, 8), (8, 10)], cost=1387.56
  Col 2420: blocks=[(0, 1), (1, 3), (3, 5), (5, 8), (8, 10)], cost=1387.21
  Col 2421: blocks=[(0, 1), (1, 3), (3, 5), (5, 8), (8, 10)], cost=1389.90
  Col 2422: blocks=[(0, 1), (1, 3), (3, 5), (5, 8), (8, 10)], cost=1390.25
  Col 2423: blocks=[(0, 1), (1, 3), (3, 5), (5, 8), (8, 10)], cost=1389.90
  Col 2424: blocks=[(0, 1), (1, 3), (3, 5), (5, 8), (8, 10)], cost=1391.91
  Col 2425: blocks=[(0, 1), (1, 3), (3, 5), (5, 8), (8, 10)], cost=1391.56
  Col 2426: blocks=[(0, 1), (1, 3), (3, 5), (5, 8), (8, 10)], cost=1391.91
  Col 2427: blocks=[(0, 1), (1, 3), (3, 5), (5, 8), (8, 10)], cost=1473.15
  Col 2428: blocks=[(0, 1), (1, 3), (3, 5), (5, 8), (8, 10)], cost=1473.50
  Col 2429: blocks=[(0, 1), (1, 3), (3, 5), (5, 8), (8, 10)], cost=1473.15
  Col 2430: blocks=[(0, 1), (1, 3), (3, 5), (5, 8), (8, 10)], cost=1475.17
  Col 2431: blocks=[(0, 1), (1, 3), (3, 5), (5, 8), (8, 10)], cost=1474.82
  Col 2432: blocks=[(0, 1), (1, 3), (3, 5), (5, 8), (8, 10)], cost=1475.17
  Col 2433: blocks=[(0, 1), (1, 3), (3, 5), (5, 8), (8, 10)], cost=1477.86
  Col 2434: blocks=[(0, 1), (1, 3), (3, 5), (5, 8), (8, 10)], cost=1477.51
  Col 2435: blocks=[(0, 1), (1, 3), (3, 5), (5, 8), (8, 10)], cost=1477.86
  Col 2436: blocks=[(0, 1), (1, 3), (3, 5), (5, 8), (8, 10)], cost=1479.52
  Col 2437: blocks=[(0, 1), (1, 3), (3, 5), (5, 9), (9, 10)], cost=1189.85
  Col 2438: blocks=[(0, 1), (1, 3), (3, 5), (5, 9), (9, 10)], cost=1273.11
  Col 2439: blocks=[(0, 1), (1, 3), (3, 5), (5, 9), (9, 10)], cost=1275.80
  Col 2440: blocks=[(0, 1), (1, 3), (3, 5), (5, 9), (9, 10)], cost=1277.46
  Col 2441: blocks=[(0, 1), (1, 3), (3, 5), (5, 9), (9, 10)], cost=1277.81
  Col 2442: blocks=[(0, 1), (1, 3), (3, 5), (5, 9), (9, 10)], cost=1277.81
  Col 2443: blocks=[(0, 1), (1, 3), (3, 5), (5, 9), (9, 10)], cost=1359.05
  Col 2444: blocks=[(0, 1), (1, 3), (3, 5), (5, 9), (9, 10)], cost=1360.72
  Col 2445: blocks=[(0, 1), (1, 3), (3, 5), (5, 9), (9, 10)], cost=1361.06
  Col 2446: blocks=[(0, 1), (1, 3), (3, 5), (5, 9), (9, 10)], cost=1361.06
  Col 2447: blocks=[(0, 1), (1, 3), (3, 5), (5, 9), (9, 10)], cost=1363.41
  Col 2448: blocks=[(0, 1), (1, 3), (3, 5), (5, 9), (9, 10)], cost=1363.76
  Col 2449: blocks=[(0, 1), (1, 3), (3, 5), (5, 9), (9, 10)], cost=1363.76
  Col 2450: blocks=[(0, 1), (1, 3), (3, 5), (5, 9), (9, 10)], cost=1365.42
  Col 2451: blocks=[(0, 1), (1, 3), (3, 5), (5, 9), (9, 10)], cost=1365.42
  Col 2452: blocks=[(0, 1), (1, 3), (3, 5), (5, 9), (9, 10)], cost=1365.77
  Col 2453: blocks=[(0, 1), (1, 3), (3, 5), (5, 9), (9, 10)], cost=1446.66
  Col 2454: blocks=[(0, 1), (1, 3), (3, 5), (5, 9), (9, 10)], cost=1447.01
  Col 2455: blocks=[(0, 1), (1, 3), (3, 5), (5, 9), (9, 10)], cost=1447.01
  Col 2456: blocks=[(0, 1), (1, 3), (3, 5), (5, 9), (9, 10)], cost=1448.67
  Col 2457: blocks=[(0, 1), (1, 3), (3, 5), (5, 9), (9, 10)], cost=1448.67
  Col 2458: blocks=[(0, 1), (1, 3), (3, 5), (5, 9), (9, 10)], cost=1449.02
  Col 2459: blocks=[(0, 1), (1, 3), (3, 5), (5, 9), (9, 10)], cost=1451.36
  Col 2460: blocks=[(0, 1), (1, 3), (3, 5), (5, 9), (9, 10)], cost=1451.36
  Col 2461: blocks=[(0, 1), (1, 3), (3, 5), (5, 9), (9, 10)], cost=1451.71
  Col 2462: blocks=[(0, 1), (1, 3), (3, 5), (5, 9), (9, 10)], cost=1453.38
  Col 2463: blocks=[(0, 1), (1, 3), (3, 5), (5, 10)], cost=1190.68
  Col 2464: blocks=[(0, 1), (1, 3), (3, 5), (5, 10)], cost=1273.93
  Col 2465: blocks=[(0, 1), (1, 3), (3, 5), (5, 10)], cost=1276.63
  Col 2466: blocks=[(0, 1), (1, 3), (3, 5), (5, 10)], cost=1278.29
  Col 2467: blocks=[(0, 1), (1, 3), (3, 5), (5, 10)], cost=1278.64
  Col 2468: blocks=[(0, 1), (1, 3), (3, 5), (5, 10)], cost=1278.64
  Col 2469: blocks=[(0, 1), (1, 3), (3, 5), (5, 10)], cost=1278.29
  Col 2470: blocks=[(0, 1), (1, 3), (3, 5), (5, 10)], cost=1359.88
  Col 2471: blocks=[(0, 1), (1, 3), (3, 5), (5, 10)], cost=1361.54
  Col 2472: blocks=[(0, 1), (1, 3), (3, 5), (5, 10)], cost=1361.89
  Col 2473: blocks=[(0, 1), (1, 3), (3, 5), (5, 10)], cost=1361.89
  Col 2474: blocks=[(0, 1), (1, 3), (3, 5), (5, 10)], cost=1361.54
  Col 2475: blocks=[(0, 1), (1, 3), (3, 5), (5, 10)], cost=1364.23
  Col 2476: blocks=[(0, 1), (1, 3), (3, 5), (5, 10)], cost=1364.58
  Col 2477: blocks=[(0, 1), (1, 3), (3, 5), (5, 10)], cost=1364.58
  Col 2478: blocks=[(0, 1), (1, 3), (3, 5), (5, 10)], cost=1364.23
  Col 2479: blocks=[(0, 1), (1, 3), (3, 5), (5, 10)], cost=1366.25
  Col 2480: blocks=[(0, 1), (1, 3), (3, 5), (5, 10)], cost=1366.25
  Col 2481: blocks=[(0, 1), (1, 3), (3, 5), (5, 10)], cost=1365.90
  Col 2482: blocks=[(0, 1), (1, 3), (3, 5), (5, 10)], cost=1366.59
  Col 2483: blocks=[(0, 1), (1, 3), (3, 5), (5, 10)], cost=1366.25
  Col 2484: blocks=[(0, 1), (1, 3), (3, 5), (5, 10)], cost=1366.25
  Col 2485: blocks=[(0, 1), (1, 3), (3, 5), (5, 10)], cost=1447.49
  Col 2486: blocks=[(0, 1), (1, 3), (3, 5), (5, 10)], cost=1447.84
  Col 2487: blocks=[(0, 1), (1, 3), (3, 5), (5, 10)], cost=1447.84
  Col 2488: blocks=[(0, 1), (1, 3), (3, 5), (5, 10)], cost=1447.49
  Col 2489: blocks=[(0, 1), (1, 3), (3, 5), (5, 10)], cost=1449.50
  Col 2490: blocks=[(0, 1), (1, 3), (3, 5), (5, 10)], cost=1449.50
  Col 2491: blocks=[(0, 1), (1, 3), (3, 5), (5, 10)], cost=1449.15
  Col 2492: blocks=[(0, 1), (1, 3), (3, 5), (5, 10)], cost=1449.85
  Col 2493: blocks=[(0, 1), (1, 3), (3, 5), (5, 10)], cost=1449.50
  Col 2494: blocks=[(0, 1), (1, 3), (3, 5), (5, 10)], cost=1449.50
  Col 2495: blocks=[(0, 1), (1, 3), (3, 5), (5, 10)], cost=1452.19
  Col 2496: blocks=[(0, 1), (1, 3), (3, 5), (5, 10)], cost=1452.19
  Col 2497: blocks=[(0, 1), (1, 3), (3, 5), (5, 10)], cost=1451.84
  Col 2498: blocks=[(0, 1), (1, 3), (3, 5), (5, 10)], cost=1452.54
  Col 2499: blocks=[(0, 1), (1, 3), (3, 5), (5, 10)], cost=1452.19
  Col 2500: blocks=[(0, 1), (1, 3), (3, 5), (5, 10)], cost=1452.19
  Col 2501: blocks=[(0, 1), (1, 3), (3, 5), (5, 10)], cost=1454.20
  Col 2502: blocks=[(0, 1), (1, 3), (3, 5), (5, 10)], cost=1453.85
  Col 2503: blocks=[(0, 1), (1, 3), (3, 5), (5, 10)], cost=1453.85
  Col 2504: blocks=[(0, 1), (1, 3), (3, 5), (5, 10)], cost=1454.20
  Col 2505: blocks=[(0, 1), (1, 3), (3, 6), (6, 7), (7, 8), (8, 9), (9, 10)], cost=1306.37
  Col 2506: blocks=[(0, 1), (1, 3), (3, 6), (6, 7), (7, 8), (8, 9), (9, 10)], cost=1389.63
  Col 2507: blocks=[(0, 1), (1, 3), (3, 6), (6, 7), (7, 8), (8, 9), (9, 10)], cost=1392.32
  Col 2508: blocks=[(0, 1), (1, 3), (3, 6), (6, 7), (7, 8), (8, 9), (9, 10)], cost=1393.30
  Col 2509: blocks=[(0, 1), (1, 3), (3, 6), (6, 7), (7, 8), (8, 9), (9, 10)], cost=1475.57
  Col 2510: blocks=[(0, 1), (1, 3), (3, 6), (6, 7), (7, 8), (8, 9), (9, 10)], cost=1476.55
  Col 2511: blocks=[(0, 1), (1, 3), (3, 6), (6, 7), (7, 8), (8, 9), (9, 10)], cost=1479.25
  Col 2512: blocks=[(0, 1), (1, 3), (3, 6), (6, 7), (7, 8), (8, 9), (9, 10)], cost=1562.50
  Col 2513: blocks=[(0, 1), (1, 3), (3, 6), (6, 7), (7, 8), (8, 10)], cost=1275.31
  Col 2514: blocks=[(0, 1), (1, 3), (3, 6), (6, 7), (7, 8), (8, 10)], cost=1362.92
  Col 2515: blocks=[(0, 1), (1, 3), (3, 6), (6, 7), (7, 8), (8, 10)], cost=1358.57
  Col 2516: blocks=[(0, 1), (1, 3), (3, 6), (6, 7), (7, 8), (8, 10)], cost=1361.26
  Col 2517: blocks=[(0, 1), (1, 3), (3, 6), (6, 7), (7, 8), (8, 10)], cost=1362.24
  Col 2518: blocks=[(0, 1), (1, 3), (3, 6), (6, 7), (7, 8), (8, 10)], cost=1446.17
  Col 2519: blocks=[(0, 1), (1, 3), (3, 6), (6, 7), (7, 8), (8, 10)], cost=1448.87
  Col 2520: blocks=[(0, 1), (1, 3), (3, 6), (6, 7), (7, 8), (8, 10)], cost=1449.85
  Col 2521: blocks=[(0, 1), (1, 3), (3, 6), (6, 7), (7, 8), (8, 10)], cost=1444.51
  Col 2522: blocks=[(0, 1), (1, 3), (3, 6), (6, 7), (7, 8), (8, 10)], cost=1445.49
  Col 2523: blocks=[(0, 1), (1, 3), (3, 6), (6, 7), (7, 8), (8, 10)], cost=1448.19
  Col 2524: blocks=[(0, 1), (1, 3), (3, 6), (6, 7), (7, 8), (8, 10)], cost=1532.12
  Col 2525: blocks=[(0, 1), (1, 3), (3, 6), (6, 7), (7, 8), (8, 10)], cost=1533.10
  Col 2526: blocks=[(0, 1), (1, 3), (3, 6), (6, 7), (7, 8), (8, 10)], cost=1535.79
  Col 2527: blocks=[(0, 1), (1, 3), (3, 6), (6, 7), (7, 8), (8, 10)], cost=1531.44
  Col 2528: blocks=[(0, 1), (1, 3), (3, 6), (6, 7), (7, 9), (9, 10)], cost=1177.35
  Col 2529: blocks=[(0, 1), (1, 3), (3, 6), (6, 7), (7, 9), (9, 10)], cost=1265.31
  Col 2530: blocks=[(0, 1), (1, 3), (3, 6), (6, 7), (7, 9), (9, 10)], cost=1260.60
  Col 2531: blocks=[(0, 1), (1, 3), (3, 6), (6, 7), (7, 9), (9, 10)], cost=1263.29
  Col 2532: blocks=[(0, 1), (1, 3), (3, 6), (6, 7), (7, 9), (9, 10)], cost=1264.28
  Col 2533: blocks=[(0, 1), (1, 3), (3, 6), (6, 7), (7, 9), (9, 10)], cost=1348.56
  Col 2534: blocks=[(0, 1), (1, 3), (3, 6), (6, 7), (7, 9), (9, 10)], cost=1351.25
  Col 2535: blocks=[(0, 1), (1, 3), (3, 6), (6, 7), (7, 9), (9, 10)], cost=1352.23
  Col 2536: blocks=[(0, 1), (1, 3), (3, 6), (6, 7), (7, 9), (9, 10)], cost=1346.55
  Col 2537: blocks=[(0, 1), (1, 3), (3, 6), (6, 7), (7, 9), (9, 10)], cost=1347.53
  Col 2538: blocks=[(0, 1), (1, 3), (3, 6), (6, 7), (7, 9), (9, 10)], cost=1350.22
  Col 2539: blocks=[(0, 1), (1, 3), (3, 6), (6, 7), (7, 9), (9, 10)], cost=1434.50
  Col 2540: blocks=[(0, 1), (1, 3), (3, 6), (6, 7), (7, 9), (9, 10)], cost=1435.49
  Col 2541: blocks=[(0, 1), (1, 3), (3, 6), (6, 7), (7, 9), (9, 10)], cost=1438.18
  Col 2542: blocks=[(0, 1), (1, 3), (3, 6), (6, 7), (7, 9), (9, 10)], cost=1433.48
  Col 2543: blocks=[(0, 1), (1, 3), (3, 6), (6, 7), (7, 10)], cost=1103.22
  Col 2544: blocks=[(0, 1), (1, 3), (3, 6), (6, 7), (7, 10)], cost=1186.47
  Col 2545: blocks=[(0, 1), (1, 3), (3, 6), (6, 7), (7, 10)], cost=1189.17
  Col 2546: blocks=[(0, 1), (1, 3), (3, 6), (6, 7), (7, 10)], cost=1190.15
  Col 2547: blocks=[(0, 1), (1, 3), (3, 6), (6, 7), (7, 10)], cost=1191.18
  Col 2548: blocks=[(0, 1), (1, 3), (3, 6), (6, 7), (7, 10)], cost=1190.83
  Col 2549: blocks=[(0, 1), (1, 3), (3, 6), (6, 7), (7, 10)], cost=1272.42
  Col 2550: blocks=[(0, 1), (1, 3), (3, 6), (6, 7), (7, 10)], cost=1273.40
  Col 2551: blocks=[(0, 1), (1, 3), (3, 6), (6, 7), (7, 10)], cost=1274.43
  Col 2552: blocks=[(0, 1), (1, 3), (3, 6), (6, 7), (7, 10)], cost=1274.08
  Col 2553: blocks=[(0, 1), (1, 3), (3, 6), (6, 7), (7, 10)], cost=1276.09
  Col 2554: blocks=[(0, 1), (1, 3), (3, 6), (6, 7), (7, 10)], cost=1277.12
  Col 2555: blocks=[(0, 1), (1, 3), (3, 6), (6, 7), (7, 10)], cost=1276.77
  Col 2556: blocks=[(0, 1), (1, 3), (3, 6), (6, 7), (7, 10)], cost=1278.10
  Col 2557: blocks=[(0, 1), (1, 3), (3, 6), (6, 7), (7, 10)], cost=1277.76
  Col 2558: blocks=[(0, 1), (1, 3), (3, 6), (6, 7), (7, 10)], cost=1278.78
  Col 2559: blocks=[(0, 1), (1, 3), (3, 6), (6, 7), (7, 10)], cost=1359.35
  Col 2560: blocks=[(0, 1), (1, 3), (3, 6), (6, 7), (7, 10)], cost=1360.38
  Col 2561: blocks=[(0, 1), (1, 3), (3, 6), (6, 7), (7, 10)], cost=1360.03
  Col 2562: blocks=[(0, 1), (1, 3), (3, 6), (6, 7), (7, 10)], cost=1361.36
  Col 2563: blocks=[(0, 1), (1, 3), (3, 6), (6, 7), (7, 10)], cost=1361.01
  Col 2564: blocks=[(0, 1), (1, 3), (3, 6), (6, 7), (7, 10)], cost=1362.04
  Col 2565: blocks=[(0, 1), (1, 3), (3, 6), (6, 7), (7, 10)], cost=1364.05
  Col 2566: blocks=[(0, 1), (1, 3), (3, 6), (6, 7), (7, 10)], cost=1363.70
  Col 2567: blocks=[(0, 1), (1, 3), (3, 6), (6, 7), (7, 10)], cost=1364.73
  Col 2568: blocks=[(0, 1), (1, 3), (3, 6), (6, 7), (7, 10)], cost=1365.71
  Col 2569: blocks=[(0, 1), (1, 3), (3, 6), (6, 8), (8, 9), (9, 10)], cost=1228.16
  Col 2570: blocks=[(0, 1), (1, 3), (3, 6), (6, 8), (8, 9), (9, 10)], cost=1311.41
  Col 2571: blocks=[(0, 1), (1, 3), (3, 6), (6, 8), (8, 9), (9, 10)], cost=1314.10
  Col 2572: blocks=[(0, 1), (1, 3), (3, 6), (6, 8), (8, 9), (9, 10)], cost=1315.09
  Col 2573: blocks=[(0, 1), (1, 3), (3, 6), (6, 8), (8, 9), (9, 10)], cost=1316.12
  Col 2574: blocks=[(0, 1), (1, 3), (3, 6), (6, 8), (8, 9), (9, 10)], cost=1397.36
  Col 2575: blocks=[(0, 1), (1, 3), (3, 6), (6, 8), (8, 9), (9, 10)], cost=1398.34
  Col 2576: blocks=[(0, 1), (1, 3), (3, 6), (6, 8), (8, 9), (9, 10)], cost=1399.37
  Col 2577: blocks=[(0, 1), (1, 3), (3, 6), (6, 8), (8, 9), (9, 10)], cost=1401.03
  Col 2578: blocks=[(0, 1), (1, 3), (3, 6), (6, 8), (8, 9), (9, 10)], cost=1402.06
  Col 2579: blocks=[(0, 1), (1, 3), (3, 6), (6, 8), (8, 9), (9, 10)], cost=1403.04
  Col 2580: blocks=[(0, 1), (1, 3), (3, 6), (6, 8), (8, 9), (9, 10)], cost=1484.29
  Col 2581: blocks=[(0, 1), (1, 3), (3, 6), (6, 8), (8, 9), (9, 10)], cost=1485.31
  Col 2582: blocks=[(0, 1), (1, 3), (3, 6), (6, 8), (8, 9), (9, 10)], cost=1486.30
  Col 2583: blocks=[(0, 1), (1, 3), (3, 6), (6, 8), (8, 9), (9, 10)], cost=1488.99
  Col 2584: blocks=[(0, 1), (1, 3), (3, 6), (6, 8), (8, 10)], cost=1197.10
  Col 2585: blocks=[(0, 1), (1, 3), (3, 6), (6, 8), (8, 10)], cost=1280.35
  Col 2586: blocks=[(0, 1), (1, 3), (3, 6), (6, 8), (8, 10)], cost=1283.04
  Col 2587: blocks=[(0, 1), (1, 3), (3, 6), (6, 8), (8, 10)], cost=1284.03
  Col 2588: blocks=[(0, 1), (1, 3), (3, 6), (6, 8), (8, 10)], cost=1285.06
  Col 2589: blocks=[(0, 1), (1, 3), (3, 6), (6, 8), (8, 10)], cost=1284.71
  Col 2590: blocks=[(0, 1), (1, 3), (3, 6), (6, 8), (8, 10)], cost=1366.30
  Col 2591: blocks=[(0, 1), (1, 3), (3, 6), (6, 8), (8, 10)], cost=1367.28
  Col 2592: blocks=[(0, 1), (1, 3), (3, 6), (6, 8), (8, 10)], cost=1368.31
  Col 2593: blocks=[(0, 1), (1, 3), (3, 6), (6, 8), (8, 10)], cost=1367.96
  Col 2594: blocks=[(0, 1), (1, 3), (3, 6), (6, 8), (8, 10)], cost=1369.97
  Col 2595: blocks=[(0, 1), (1, 3), (3, 6), (6, 8), (8, 10)], cost=1371.00
  Col 2596: blocks=[(0, 1), (1, 3), (3, 6), (6, 8), (8, 10)], cost=1370.65
  Col 2597: blocks=[(0, 1), (1, 3), (3, 6), (6, 8), (8, 10)], cost=1371.98
  Col 2598: blocks=[(0, 1), (1, 3), (3, 6), (6, 8), (8, 10)], cost=1371.64
  Col 2599: blocks=[(0, 1), (1, 3), (3, 6), (6, 8), (8, 10)], cost=1372.66
  Col 2600: blocks=[(0, 1), (1, 3), (3, 6), (6, 8), (8, 10)], cost=1453.23
  Col 2601: blocks=[(0, 1), (1, 3), (3, 6), (6, 8), (8, 10)], cost=1454.25
  Col 2602: blocks=[(0, 1), (1, 3), (3, 6), (6, 8), (8, 10)], cost=1453.91
  Col 2603: blocks=[(0, 1), (1, 3), (3, 6), (6, 8), (8, 10)], cost=1455.24
  Col 2604: blocks=[(0, 1), (1, 3), (3, 6), (6, 8), (8, 10)], cost=1454.89
  Col 2605: blocks=[(0, 1), (1, 3), (3, 6), (6, 8), (8, 10)], cost=1455.92
  Col 2606: blocks=[(0, 1), (1, 3), (3, 6), (6, 8), (8, 10)], cost=1457.93
  Col 2607: blocks=[(0, 1), (1, 3), (3, 6), (6, 8), (8, 10)], cost=1457.58
  Col 2608: blocks=[(0, 1), (1, 3), (3, 6), (6, 8), (8, 10)], cost=1458.61
  Col 2609: blocks=[(0, 1), (1, 3), (3, 6), (6, 8), (8, 10)], cost=1459.59
  Col 2610: blocks=[(0, 1), (1, 3), (3, 6), (6, 9), (9, 10)], cost=1122.64
  Col 2611: blocks=[(0, 1), (1, 3), (3, 6), (6, 9), (9, 10)], cost=1205.89
  Col 2612: blocks=[(0, 1), (1, 3), (3, 6), (6, 9), (9, 10)], cost=1208.58
  Col 2613: blocks=[(0, 1), (1, 3), (3, 6), (6, 9), (9, 10)], cost=1209.57
  Col 2614: blocks=[(0, 1), (1, 3), (3, 6), (6, 9), (9, 10)], cost=1210.59
  Col 2615: blocks=[(0, 1), (1, 3), (3, 6), (6, 9), (9, 10)], cost=1210.59
  Col 2616: blocks=[(0, 1), (1, 3), (3, 6), (6, 9), (9, 10)], cost=1291.84
  Col 2617: blocks=[(0, 1), (1, 3), (3, 6), (6, 9), (9, 10)], cost=1292.82
  Col 2618: blocks=[(0, 1), (1, 3), (3, 6), (6, 9), (9, 10)], cost=1293.85
  Col 2619: blocks=[(0, 1), (1, 3), (3, 6), (6, 9), (9, 10)], cost=1293.85
  Col 2620: blocks=[(0, 1), (1, 3), (3, 6), (6, 9), (9, 10)], cost=1295.51
  Col 2621: blocks=[(0, 1), (1, 3), (3, 6), (6, 9), (9, 10)], cost=1296.54
  Col 2622: blocks=[(0, 1), (1, 3), (3, 6), (6, 9), (9, 10)], cost=1296.54
  Col 2623: blocks=[(0, 1), (1, 3), (3, 6), (6, 9), (9, 10)], cost=1297.52
  Col 2624: blocks=[(0, 1), (1, 3), (3, 6), (6, 9), (9, 10)], cost=1297.52
  Col 2625: blocks=[(0, 1), (1, 3), (3, 6), (6, 9), (9, 10)], cost=1298.55
  Col 2626: blocks=[(0, 1), (1, 3), (3, 6), (6, 9), (9, 10)], cost=1378.76
  Col 2627: blocks=[(0, 1), (1, 3), (3, 6), (6, 9), (9, 10)], cost=1379.79
  Col 2628: blocks=[(0, 1), (1, 3), (3, 6), (6, 9), (9, 10)], cost=1379.79
  Col 2629: blocks=[(0, 1), (1, 3), (3, 6), (6, 9), (9, 10)], cost=1380.78
  Col 2630: blocks=[(0, 1), (1, 3), (3, 6), (6, 9), (9, 10)], cost=1380.78
  Col 2631: blocks=[(0, 1), (1, 3), (3, 6), (6, 9), (9, 10)], cost=1381.80
  Col 2632: blocks=[(0, 1), (1, 3), (3, 6), (6, 9), (9, 10)], cost=1383.47
  Col 2633: blocks=[(0, 1), (1, 3), (3, 6), (6, 9), (9, 10)], cost=1383.47
  Col 2634: blocks=[(0, 1), (1, 3), (3, 6), (6, 9), (9, 10)], cost=1384.49
  Col 2635: blocks=[(0, 1), (1, 3), (3, 6), (6, 9), (9, 10)], cost=1385.48
  Col 2636: blocks=[(0, 1), (1, 3), (3, 6), (6, 10)], cost=1073.15
  Col 2637: blocks=[(0, 1), (1, 3), (3, 6), (6, 10)], cost=1156.41
  Col 2638: blocks=[(0, 1), (1, 3), (3, 6), (6, 10)], cost=1159.10
  Col 2639: blocks=[(0, 1), (1, 3), (3, 6), (6, 10)], cost=1160.08
  Col 2640: blocks=[(0, 1), (1, 3), (3, 6), (6, 10)], cost=1161.11
  Col 2641: blocks=[(0, 1), (1, 3), (3, 6), (6, 10)], cost=1161.11
  Col 2642: blocks=[(0, 1), (1, 3), (3, 6), (6, 10)], cost=1160.76
  Col 2643: blocks=[(0, 1), (1, 3), (3, 6), (6, 10)], cost=1242.35
  Col 2644: blocks=[(0, 1), (1, 3), (3, 6), (6, 10)], cost=1243.34
  Col 2645: blocks=[(0, 1), (1, 3), (3, 6), (6, 10)], cost=1244.36
  Col 2646: blocks=[(0, 1), (1, 3), (3, 6), (6, 10)], cost=1244.36
  Col 2647: blocks=[(0, 1), (1, 3), (3, 6), (6, 10)], cost=1244.02
  Col 2648: blocks=[(0, 1), (1, 3), (3, 6), (6, 10)], cost=1246.03
  Col 2649: blocks=[(0, 1), (1, 3), (3, 6), (6, 10)], cost=1247.06
  Col 2650: blocks=[(0, 1), (1, 3), (3, 6), (6, 10)], cost=1247.06
  Col 2651: blocks=[(0, 1), (1, 3), (3, 6), (6, 10)], cost=1246.71
  Col 2652: blocks=[(0, 1), (1, 3), (3, 6), (6, 10)], cost=1248.04
  Col 2653: blocks=[(0, 1), (1, 3), (3, 6), (6, 10)], cost=1248.04
  Col 2654: blocks=[(0, 1), (1, 3), (3, 6), (6, 10)], cost=1247.69
  Col 2655: blocks=[(0, 1), (1, 3), (3, 6), (6, 10)], cost=1249.07
  Col 2656: blocks=[(0, 1), (1, 3), (3, 6), (6, 10)], cost=1248.72
  Col 2657: blocks=[(0, 1), (1, 3), (3, 6), (6, 10)], cost=1248.72
  Col 2658: blocks=[(0, 1), (1, 3), (3, 6), (6, 10)], cost=1329.28
  Col 2659: blocks=[(0, 1), (1, 3), (3, 6), (6, 10)], cost=1330.31
  Col 2660: blocks=[(0, 1), (1, 3), (3, 6), (6, 10)], cost=1330.31
  Col 2661: blocks=[(0, 1), (1, 3), (3, 6), (6, 10)], cost=1329.96
  Col 2662: blocks=[(0, 1), (1, 3), (3, 6), (6, 10)], cost=1331.29
  Col 2663: blocks=[(0, 1), (1, 3), (3, 6), (6, 10)], cost=1331.29
  Col 2664: blocks=[(0, 1), (1, 3), (3, 6), (6, 10)], cost=1330.95
  Col 2665: blocks=[(0, 1), (1, 3), (3, 6), (6, 10)], cost=1332.32
  Col 2666: blocks=[(0, 1), (1, 3), (3, 6), (6, 10)], cost=1331.97
  Col 2667: blocks=[(0, 1), (1, 3), (3, 6), (6, 10)], cost=1331.97
  Col 2668: blocks=[(0, 1), (1, 3), (3, 6), (6, 10)], cost=1333.98
  Col 2669: blocks=[(0, 1), (1, 3), (3, 6), (6, 10)], cost=1333.98
  Col 2670: blocks=[(0, 1), (1, 3), (3, 6), (6, 10)], cost=1333.64
  Col 2671: blocks=[(0, 1), (1, 3), (3, 6), (6, 10)], cost=1335.01
  Col 2672: blocks=[(0, 1), (1, 3), (3, 6), (6, 10)], cost=1334.66
  Col 2673: blocks=[(0, 1), (1, 3), (3, 6), (6, 10)], cost=1334.66
  Col 2674: blocks=[(0, 1), (1, 3), (3, 6), (6, 10)], cost=1336.00
  Col 2675: blocks=[(0, 1), (1, 3), (3, 6), (6, 10)], cost=1335.65
  Col 2676: blocks=[(0, 1), (1, 3), (3, 6), (6, 10)], cost=1335.65
  Col 2677: blocks=[(0, 1), (1, 3), (3, 6), (6, 10)], cost=1336.68
  Col 2678: blocks=[(0, 1), (1, 3), (3, 7), (7, 8), (8, 9), (9, 10)], cost=1247.53
  Col 2679: blocks=[(0, 1), (1, 3), (3, 7), (7, 8), (8, 9), (9, 10)], cost=1330.79
  Col 2680: blocks=[(0, 1), (1, 3), (3, 7), (7, 8), (8, 9), (9, 10)], cost=1333.48
  Col 2681: blocks=[(0, 1), (1, 3), (3, 7), (7, 8), (8, 9), (9, 10)], cost=1334.46
  Col 2682: blocks=[(0, 1), (1, 3), (3, 7), (7, 8), (8, 9), (9, 10)], cost=1335.14
  Col 2683: blocks=[(0, 1), (1, 3), (3, 7), (7, 8), (8, 9), (9, 10)], cost=1416.73
  Col 2684: blocks=[(0, 1), (1, 3), (3, 7), (7, 8), (8, 9), (9, 10)], cost=1417.72
  Col 2685: blocks=[(0, 1), (1, 3), (3, 7), (7, 8), (8, 9), (9, 10)], cost=1418.40
  Col 2686: blocks=[(0, 1), (1, 3), (3, 7), (7, 8), (8, 9), (9, 10)], cost=1420.41
  Col 2687: blocks=[(0, 1), (1, 3), (3, 7), (7, 8), (8, 9), (9, 10)], cost=1421.09
  Col 2688: blocks=[(0, 1), (1, 3), (3, 7), (7, 8), (8, 9), (9, 10)], cost=1422.07
  Col 2689: blocks=[(0, 1), (1, 3), (3, 7), (7, 8), (8, 9), (9, 10)], cost=1503.66
  Col 2690: blocks=[(0, 1), (1, 3), (3, 7), (7, 8), (8, 9), (9, 10)], cost=1504.34
  Col 2691: blocks=[(0, 1), (1, 3), (3, 7), (7, 8), (8, 9), (9, 10)], cost=1505.33
  Col 2692: blocks=[(0, 1), (1, 3), (3, 7), (7, 8), (8, 9), (9, 10)], cost=1508.02
  Col 2693: blocks=[(0, 1), (1, 3), (3, 7), (7, 8), (8, 10)], cost=1216.47
  Col 2694: blocks=[(0, 1), (1, 3), (3, 7), (7, 8), (8, 10)], cost=1299.73
  Col 2695: blocks=[(0, 1), (1, 3), (3, 7), (7, 8), (8, 10)], cost=1302.42
  Col 2696: blocks=[(0, 1), (1, 3), (3, 7), (7, 8), (8, 10)], cost=1303.40
  Col 2697: blocks=[(0, 1), (1, 3), (3, 7), (7, 8), (8, 10)], cost=1304.08
  Col 2698: blocks=[(0, 1), (1, 3), (3, 7), (7, 8), (8, 10)], cost=1304.08
  Col 2699: blocks=[(0, 1), (1, 3), (3, 7), (7, 8), (8, 10)], cost=1385.67
  Col 2700: blocks=[(0, 1), (1, 3), (3, 7), (7, 8), (8, 10)], cost=1386.66
  Col 2701: blocks=[(0, 1), (1, 3), (3, 7), (7, 8), (8, 10)], cost=1387.34
  Col 2702: blocks=[(0, 1), (1, 3), (3, 7), (7, 8), (8, 10)], cost=1387.34
  Col 2703: blocks=[(0, 1), (1, 3), (3, 7), (7, 8), (8, 10)], cost=1389.35
  Col 2704: blocks=[(0, 1), (1, 3), (3, 7), (7, 8), (8, 10)], cost=1390.03
  Col 2705: blocks=[(0, 1), (1, 3), (3, 7), (7, 8), (8, 10)], cost=1390.03
  Col 2706: blocks=[(0, 1), (1, 3), (3, 7), (7, 8), (8, 10)], cost=1391.01
  Col 2707: blocks=[(0, 1), (1, 3), (3, 7), (7, 8), (8, 10)], cost=1391.01
  Col 2708: blocks=[(0, 1), (1, 3), (3, 7), (7, 8), (8, 10)], cost=1391.69
  Col 2709: blocks=[(0, 1), (1, 3), (3, 7), (7, 8), (8, 10)], cost=1472.60
  Col 2710: blocks=[(0, 1), (1, 3), (3, 7), (7, 8), (8, 10)], cost=1473.28
  Col 2711: blocks=[(0, 1), (1, 3), (3, 7), (7, 8), (8, 10)], cost=1473.28
  Col 2712: blocks=[(0, 1), (1, 3), (3, 7), (7, 8), (8, 10)], cost=1474.27
  Col 2713: blocks=[(0, 1), (1, 3), (3, 7), (7, 8), (8, 10)], cost=1474.27
  Col 2714: blocks=[(0, 1), (1, 3), (3, 7), (7, 8), (8, 10)], cost=1474.95
  Col 2715: blocks=[(0, 1), (1, 3), (3, 7), (7, 8), (8, 10)], cost=1476.96
  Col 2716: blocks=[(0, 1), (1, 3), (3, 7), (7, 8), (8, 10)], cost=1476.96
  Col 2717: blocks=[(0, 1), (1, 3), (3, 7), (7, 8), (8, 10)], cost=1477.64
  Col 2718: blocks=[(0, 1), (1, 3), (3, 7), (7, 8), (8, 10)], cost=1478.62
  Col 2719: blocks=[(0, 1), (1, 3), (3, 7), (7, 9), (9, 10)], cost=1118.51
  Col 2720: blocks=[(0, 1), (1, 3), (3, 7), (7, 9), (9, 10)], cost=1201.77
  Col 2721: blocks=[(0, 1), (1, 3), (3, 7), (7, 9), (9, 10)], cost=1204.46
  Col 2722: blocks=[(0, 1), (1, 3), (3, 7), (7, 9), (9, 10)], cost=1205.44
  Col 2723: blocks=[(0, 1), (1, 3), (3, 7), (7, 9), (9, 10)], cost=1206.12
  Col 2724: blocks=[(0, 1), (1, 3), (3, 7), (7, 9), (9, 10)], cost=1206.47
  Col 2725: blocks=[(0, 1), (1, 3), (3, 7), (7, 9), (9, 10)], cost=1287.71
  Col 2726: blocks=[(0, 1), (1, 3), (3, 7), (7, 9), (9, 10)], cost=1288.69
  Col 2727: blocks=[(0, 1), (1, 3), (3, 7), (7, 9), (9, 10)], cost=1289.37
  Col 2728: blocks=[(0, 1), (1, 3), (3, 7), (7, 9), (9, 10)], cost=1289.72
  Col 2729: blocks=[(0, 1), (1, 3), (3, 7), (7, 9), (9, 10)], cost=1291.39
  Col 2730: blocks=[(0, 1), (1, 3), (3, 7), (7, 9), (9, 10)], cost=1292.07
  Col 2731: blocks=[(0, 1), (1, 3), (3, 7), (7, 9), (9, 10)], cost=1292.41
  Col 2732: blocks=[(0, 1), (1, 3), (3, 7), (7, 9), (9, 10)], cost=1293.05
  Col 2733: blocks=[(0, 1), (1, 3), (3, 7), (7, 9), (9, 10)], cost=1293.40
  Col 2734: blocks=[(0, 1), (1, 3), (3, 7), (7, 9), (9, 10)], cost=1294.08
  Col 2735: blocks=[(0, 1), (1, 3), (3, 7), (7, 9), (9, 10)], cost=1374.64
  Col 2736: blocks=[(0, 1), (1, 3), (3, 7), (7, 9), (9, 10)], cost=1375.32
  Col 2737: blocks=[(0, 1), (1, 3), (3, 7), (7, 9), (9, 10)], cost=1375.67
  Col 2738: blocks=[(0, 1), (1, 3), (3, 7), (7, 9), (9, 10)], cost=1376.30
  Col 2739: blocks=[(0, 1), (1, 3), (3, 7), (7, 9), (9, 10)], cost=1376.65
  Col 2740: blocks=[(0, 1), (1, 3), (3, 7), (7, 9), (9, 10)], cost=1377.33
  Col 2741: blocks=[(0, 1), (1, 3), (3, 7), (7, 9), (9, 10)], cost=1378.99
  Col 2742: blocks=[(0, 1), (1, 3), (3, 7), (7, 9), (9, 10)], cost=1379.34
  Col 2743: blocks=[(0, 1), (1, 3), (3, 7), (7, 9), (9, 10)], cost=1380.02
  Col 2744: blocks=[(0, 1), (1, 3), (3, 7), (7, 9), (9, 10)], cost=1381.01
  Col 2745: blocks=[(0, 1), (1, 3), (3, 7), (7, 10)], cost=1044.38
  Col 2746: blocks=[(0, 1), (1, 3), (3, 7), (7, 10)], cost=1127.64
  Col 2747: blocks=[(0, 1), (1, 3), (3, 7), (7, 10)], cost=1130.33
  Col 2748: blocks=[(0, 1), (1, 3), (3, 7), (7, 10)], cost=1131.31
  Col 2749: blocks=[(0, 1), (1, 3), (3, 7), (7, 10)], cost=1131.99
  Col 2750: blocks=[(0, 1), (1, 3), (3, 7), (7, 10)], cost=1132.34
  Col 2751: blocks=[(0, 1), (1, 3), (3, 7), (7, 10)], cost=1131.99
  Col 2752: blocks=[(0, 1), (1, 3), (3, 7), (7, 10)], cost=1213.58
  Col 2753: blocks=[(0, 1), (1, 3), (3, 7), (7, 10)], cost=1214.57
  Col 2754: blocks=[(0, 1), (1, 3), (3, 7), (7, 10)], cost=1215.25
  Col 2755: blocks=[(0, 1), (1, 3), (3, 7), (7, 10)], cost=1215.59
  Col 2756: blocks=[(0, 1), (1, 3), (3, 7), (7, 10)], cost=1215.25
  Col 2757: blocks=[(0, 1), (1, 3), (3, 7), (7, 10)], cost=1217.26
  Col 2758: blocks=[(0, 1), (1, 3), (3, 7), (7, 10)], cost=1217.94
  Col 2759: blocks=[(0, 1), (1, 3), (3, 7), (7, 10)], cost=1218.28
  Col 2760: blocks=[(0, 1), (1, 3), (3, 7), (7, 10)], cost=1217.94
  Col 2761: blocks=[(0, 1), (1, 3), (3, 7), (7, 10)], cost=1218.92
  Col 2762: blocks=[(0, 1), (1, 3), (3, 7), (7, 10)], cost=1219.27
  Col 2763: blocks=[(0, 1), (1, 3), (3, 7), (7, 10)], cost=1218.92
  Col 2764: blocks=[(0, 1), (1, 3), (3, 7), (7, 10)], cost=1219.95
  Col 2765: blocks=[(0, 1), (1, 3), (3, 7), (7, 10)], cost=1219.60
  Col 2766: blocks=[(0, 1), (1, 3), (3, 7), (7, 10)], cost=1219.95
  Col 2767: blocks=[(0, 1), (1, 3), (3, 7), (7, 10)], cost=1300.51
  Col 2768: blocks=[(0, 1), (1, 3), (3, 7), (7, 10)], cost=1301.19
  Col 2769: blocks=[(0, 1), (1, 3), (3, 7), (7, 10)], cost=1301.54
  Col 2770: blocks=[(0, 1), (1, 3), (3, 7), (7, 10)], cost=1301.19
  Col 2771: blocks=[(0, 1), (1, 3), (3, 7), (7, 10)], cost=1302.17
  Col 2772: blocks=[(0, 1), (1, 3), (3, 7), (7, 10)], cost=1302.52
  Col 2773: blocks=[(0, 1), (1, 3), (3, 7), (7, 10)], cost=1302.17
  Col 2774: blocks=[(0, 1), (1, 3), (3, 7), (7, 10)], cost=1303.20
  Col 2775: blocks=[(0, 1), (1, 3), (3, 7), (7, 10)], cost=1302.85
  Col 2776: blocks=[(0, 1), (1, 3), (3, 7), (7, 10)], cost=1303.20
  Col 2777: blocks=[(0, 1), (1, 3), (3, 7), (7, 10)], cost=1304.86
  Col 2778: blocks=[(0, 1), (1, 3), (3, 7), (7, 10)], cost=1305.21
  Col 2779: blocks=[(0, 1), (1, 3), (3, 7), (7, 10)], cost=1304.86
  Col 2780: blocks=[(0, 1), (1, 3), (3, 7), (7, 10)], cost=1305.89
  Col 2781: blocks=[(0, 1), (1, 3), (3, 7), (7, 10)], cost=1305.55
  Col 2782: blocks=[(0, 1), (1, 3), (3, 7), (7, 10)], cost=1305.89
  Col 2783: blocks=[(0, 1), (1, 3), (3, 7), (7, 10)], cost=1306.88
  Col 2784: blocks=[(0, 1), (1, 3), (3, 7), (7, 10)], cost=1306.53
  Col 2785: blocks=[(0, 1), (1, 3), (3, 7), (7, 10)], cost=1306.88
  Col 2786: blocks=[(0, 1), (1, 3), (3, 7), (7, 10)], cost=1307.56
  Col 2787: blocks=[(0, 1), (1, 3), (3, 8), (8, 9), (9, 10)], cost=1198.09
  Col 2788: blocks=[(0, 1), (1, 3), (3, 8), (8, 9), (9, 10)], cost=1281.35
  Col 2789: blocks=[(0, 1), (1, 3), (3, 8), (8, 9), (9, 10)], cost=1284.04
  Col 2790: blocks=[(0, 1), (1, 3), (3, 8), (8, 9), (9, 10)], cost=1285.02
  Col 2791: blocks=[(0, 1), (1, 3), (3, 8), (8, 9), (9, 10)], cost=1285.70
  Col 2792: blocks=[(0, 1), (1, 3), (3, 8), (8, 9), (9, 10)], cost=1286.05
  Col 2793: blocks=[(0, 1), (1, 3), (3, 8), (8, 9), (9, 10)], cost=1367.29
  Col 2794: blocks=[(0, 1), (1, 3), (3, 8), (8, 9), (9, 10)], cost=1368.28
  Col 2795: blocks=[(0, 1), (1, 3), (3, 8), (8, 9), (9, 10)], cost=1368.96
  Col 2796: blocks=[(0, 1), (1, 3), (3, 8), (8, 9), (9, 10)], cost=1369.30
  Col 2797: blocks=[(0, 1), (1, 3), (3, 8), (8, 9), (9, 10)], cost=1370.97
  Col 2798: blocks=[(0, 1), (1, 3), (3, 8), (8, 9), (9, 10)], cost=1371.65
  Col 2799: blocks=[(0, 1), (1, 3), (3, 8), (8, 9), (9, 10)], cost=1371.99
  Col 2800: blocks=[(0, 1), (1, 3), (3, 8), (8, 9), (9, 10)], cost=1372.63
  Col 2801: blocks=[(0, 1), (1, 3), (3, 8), (8, 9), (9, 10)], cost=1372.98
  Col 2802: blocks=[(0, 1), (1, 3), (3, 8), (8, 9), (9, 10)], cost=1373.66
  Col 2803: blocks=[(0, 1), (1, 3), (3, 8), (8, 9), (9, 10)], cost=1454.22
  Col 2804: blocks=[(0, 1), (1, 3), (3, 8), (8, 9), (9, 10)], cost=1454.90
  Col 2805: blocks=[(0, 1), (1, 3), (3, 8), (8, 9), (9, 10)], cost=1455.25
  Col 2806: blocks=[(0, 1), (1, 3), (3, 8), (8, 9), (9, 10)], cost=1455.88
  Col 2807: blocks=[(0, 1), (1, 3), (3, 8), (8, 9), (9, 10)], cost=1456.23
  Col 2808: blocks=[(0, 1), (1, 3), (3, 8), (8, 9), (9, 10)], cost=1456.91
  Col 2809: blocks=[(0, 1), (1, 3), (3, 8), (8, 9), (9, 10)], cost=1458.58
  Col 2810: blocks=[(0, 1), (1, 3), (3, 8), (8, 9), (9, 10)], cost=1458.92
  Col 2811: blocks=[(0, 1), (1, 3), (3, 8), (8, 9), (9, 10)], cost=1459.60
  Col 2812: blocks=[(0, 1), (1, 3), (3, 8), (8, 9), (9, 10)], cost=1460.59
  Col 2813: blocks=[(0, 1), (1, 3), (3, 8), (8, 10)], cost=1167.03
  Col 2814: blocks=[(0, 1), (1, 3), (3, 8), (8, 10)], cost=1250.29
  Col 2815: blocks=[(0, 1), (1, 3), (3, 8), (8, 10)], cost=1252.98
  Col 2816: blocks=[(0, 1), (1, 3), (3, 8), (8, 10)], cost=1253.96
  Col 2817: blocks=[(0, 1), (1, 3), (3, 8), (8, 10)], cost=1254.64
  Col 2818: blocks=[(0, 1), (1, 3), (3, 8), (8, 10)], cost=1254.99
  Col 2819: blocks=[(0, 1), (1, 3), (3, 8), (8, 10)], cost=1254.64
  Col 2820: blocks=[(0, 1), (1, 3), (3, 8), (8, 10)], cost=1336.23
  Col 2821: blocks=[(0, 1), (1, 3), (3, 8), (8, 10)], cost=1337.22
  Col 2822: blocks=[(0, 1), (1, 3), (3, 8), (8, 10)], cost=1337.90
  Col 2823: blocks=[(0, 1), (1, 3), (3, 8), (8, 10)], cost=1338.24
  Col 2824: blocks=[(0, 1), (1, 3), (3, 8), (8, 10)], cost=1337.90
  Col 2825: blocks=[(0, 1), (1, 3), (3, 8), (8, 10)], cost=1339.91
  Col 2826: blocks=[(0, 1), (1, 3), (3, 8), (8, 10)], cost=1340.59
  Col 2827: blocks=[(0, 1), (1, 3), (3, 8), (8, 10)], cost=1340.93
  Col 2828: blocks=[(0, 1), (1, 3), (3, 8), (8, 10)], cost=1340.59
  Col 2829: blocks=[(0, 1), (1, 3), (3, 8), (8, 10)], cost=1341.57
  Col 2830: blocks=[(0, 1), (1, 3), (3, 8), (8, 10)], cost=1341.92
  Col 2831: blocks=[(0, 1), (1, 3), (3, 8), (8, 10)], cost=1341.57
  Col 2832: blocks=[(0, 1), (1, 3), (3, 8), (8, 10)], cost=1342.60
  Col 2833: blocks=[(0, 1), (1, 3), (3, 8), (8, 10)], cost=1342.25
  Col 2834: blocks=[(0, 1), (1, 3), (3, 8), (8, 10)], cost=1342.60
  Col 2835: blocks=[(0, 1), (1, 3), (3, 8), (8, 10)], cost=1423.16
  Col 2836: blocks=[(0, 1), (1, 3), (3, 8), (8, 10)], cost=1423.84
  Col 2837: blocks=[(0, 1), (1, 3), (3, 8), (8, 10)], cost=1424.19
  Col 2838: blocks=[(0, 1), (1, 3), (3, 8), (8, 10)], cost=1423.84
  Col 2839: blocks=[(0, 1), (1, 3), (3, 8), (8, 10)], cost=1424.82
  Col 2840: blocks=[(0, 1), (1, 3), (3, 8), (8, 10)], cost=1425.17
  Col 2841: blocks=[(0, 1), (1, 3), (3, 8), (8, 10)], cost=1424.82
  Col 2842: blocks=[(0, 1), (1, 3), (3, 8), (8, 10)], cost=1425.85
  Col 2843: blocks=[(0, 1), (1, 3), (3, 8), (8, 10)], cost=1425.50
  Col 2844: blocks=[(0, 1), (1, 3), (3, 8), (8, 10)], cost=1425.85
  Col 2845: blocks=[(0, 1), (1, 3), (3, 8), (8, 10)], cost=1427.52
  Col 2846: blocks=[(0, 1), (1, 3), (3, 8), (8, 10)], cost=1427.86
  Col 2847: blocks=[(0, 1), (1, 3), (3, 8), (8, 10)], cost=1427.52
  Col 2848: blocks=[(0, 1), (1, 3), (3, 8), (8, 10)], cost=1428.54
  Col 2849: blocks=[(0, 1), (1, 3), (3, 8), (8, 10)], cost=1428.20
  Col 2850: blocks=[(0, 1), (1, 3), (3, 8), (8, 10)], cost=1428.54
  Col 2851: blocks=[(0, 1), (1, 3), (3, 8), (8, 10)], cost=1429.53
  Col 2852: blocks=[(0, 1), (1, 3), (3, 8), (8, 10)], cost=1429.18
  Col 2853: blocks=[(0, 1), (1, 3), (3, 8), (8, 10)], cost=1429.53
  Col 2854: blocks=[(0, 1), (1, 3), (3, 8), (8, 10)], cost=1430.21
  Col 2855: blocks=[(0, 1), (1, 3), (3, 9), (9, 10)], cost=1161.96
  Col 2856: blocks=[(0, 1), (1, 3), (3, 9), (9, 10)], cost=1245.21
  Col 2857: blocks=[(0, 1), (1, 3), (3, 9), (9, 10)], cost=1247.91
  Col 2858: blocks=[(0, 1), (1, 3), (3, 9), (9, 10)], cost=1248.89
  Col 2859: blocks=[(0, 1), (1, 3), (3, 9), (9, 10)], cost=1249.57
  Col 2860: blocks=[(0, 1), (1, 3), (3, 9), (9, 10)], cost=1249.92
  Col 2861: blocks=[(0, 1), (1, 3), (3, 9), (9, 10)], cost=1249.92
  Col 2862: blocks=[(0, 1), (1, 3), (3, 9), (9, 10)], cost=1331.16
  Col 2863: blocks=[(0, 1), (1, 3), (3, 9), (9, 10)], cost=1332.14
  Col 2864: blocks=[(0, 1), (1, 3), (3, 9), (9, 10)], cost=1332.82
  Col 2865: blocks=[(0, 1), (1, 3), (3, 9), (9, 10)], cost=1333.17
  Col 2866: blocks=[(0, 1), (1, 3), (3, 9), (9, 10)], cost=1333.17
  Col 2867: blocks=[(0, 1), (1, 3), (3, 9), (9, 10)], cost=1334.83
  Col 2868: blocks=[(0, 1), (1, 3), (3, 9), (9, 10)], cost=1335.51
  Col 2869: blocks=[(0, 1), (1, 3), (3, 9), (9, 10)], cost=1335.86
  Col 2870: blocks=[(0, 1), (1, 3), (3, 9), (9, 10)], cost=1335.86
  Col 2871: blocks=[(0, 1), (1, 3), (3, 9), (9, 10)], cost=1336.50
  Col 2872: blocks=[(0, 1), (1, 3), (3, 9), (9, 10)], cost=1336.85
  Col 2873: blocks=[(0, 1), (1, 3), (3, 9), (9, 10)], cost=1336.85
  Col 2874: blocks=[(0, 1), (1, 3), (3, 9), (9, 10)], cost=1337.53
  Col 2875: blocks=[(0, 1), (1, 3), (3, 9), (9, 10)], cost=1337.53
  Col 2876: blocks=[(0, 1), (1, 3), (3, 9), (9, 10)], cost=1337.87
  Col 2877: blocks=[(0, 1), (1, 3), (3, 9), (9, 10)], cost=1418.09
  Col 2878: blocks=[(0, 1), (1, 3), (3, 9), (9, 10)], cost=1418.77
  Col 2879: blocks=[(0, 1), (1, 3), (3, 9), (9, 10)], cost=1419.12
  Col 2880: blocks=[(0, 1), (1, 3), (3, 9), (9, 10)], cost=1419.12
  Col 2881: blocks=[(0, 1), (1, 3), (3, 9), (9, 10)], cost=1419.75
  Col 2882: blocks=[(0, 1), (1, 3), (3, 9), (9, 10)], cost=1420.10
  Col 2883: blocks=[(0, 1), (1, 3), (3, 9), (9, 10)], cost=1420.10
  Col 2884: blocks=[(0, 1), (1, 3), (3, 9), (9, 10)], cost=1420.78
  Col 2885: blocks=[(0, 1), (1, 3), (3, 9), (9, 10)], cost=1420.78
  Col 2886: blocks=[(0, 1), (1, 3), (3, 9), (9, 10)], cost=1421.13
  Col 2887: blocks=[(0, 1), (1, 3), (3, 9), (9, 10)], cost=1422.44
  Col 2888: blocks=[(0, 1), (1, 3), (3, 9), (9, 10)], cost=1422.79
  Col 2889: blocks=[(0, 1), (1, 3), (3, 9), (9, 10)], cost=1422.79
  Col 2890: blocks=[(0, 1), (1, 3), (3, 9), (9, 10)], cost=1423.47
  Col 2891: blocks=[(0, 1), (1, 3), (3, 9), (9, 10)], cost=1423.47
  Col 2892: blocks=[(0, 1), (1, 3), (3, 9), (9, 10)], cost=1423.82
  Col 2893: blocks=[(0, 1), (1, 3), (3, 9), (9, 10)], cost=1424.45
  Col 2894: blocks=[(0, 1), (1, 3), (3, 9), (9, 10)], cost=1424.45
  Col 2895: blocks=[(0, 1), (1, 3), (3, 9), (9, 10)], cost=1424.80
  Col 2896: blocks=[(0, 1), (1, 3), (3, 9), (9, 10)], cost=1425.48
  Col 2897: blocks=[(0, 1), (1, 3), (3, 10)], cost=1185.25
  Col 2898: blocks=[(0, 1), (1, 3), (3, 10)], cost=1268.51
  Col 2899: blocks=[(0, 1), (1, 3), (3, 10)], cost=1271.20
  Col 2900: blocks=[(0, 1), (1, 3), (3, 10)], cost=1272.18
  Col 2901: blocks=[(0, 1), (1, 3), (3, 10)], cost=1272.86
  Col 2902: blocks=[(0, 1), (1, 3), (3, 10)], cost=1273.21
  Col 2903: blocks=[(0, 1), (1, 3), (3, 10)], cost=1273.21
  Col 2904: blocks=[(0, 1), (1, 3), (3, 10)], cost=1272.86
  Col 2905: blocks=[(0, 1), (1, 3), (3, 10)], cost=1354.45
  Col 2906: blocks=[(0, 1), (1, 3), (3, 10)], cost=1355.43
  Col 2907: blocks=[(0, 1), (1, 3), (3, 10)], cost=1356.11
  Col 2908: blocks=[(0, 1), (1, 3), (3, 10)], cost=1356.46
  Col 2909: blocks=[(0, 1), (1, 3), (3, 10)], cost=1356.46
  Col 2910: blocks=[(0, 1), (1, 3), (3, 10)], cost=1356.11
  Col 2911: blocks=[(0, 1), (1, 3), (3, 10)], cost=1358.13
  Col 2912: blocks=[(0, 1), (1, 3), (3, 10)], cost=1358.81
  Col 2913: blocks=[(0, 1), (1, 3), (3, 10)], cost=1359.15
  Col 2914: blocks=[(0, 1), (1, 3), (3, 10)], cost=1359.15
  Col 2915: blocks=[(0, 1), (1, 3), (3, 10)], cost=1358.81
  Col 2916: blocks=[(0, 1), (1, 3), (3, 10)], cost=1359.79
  Col 2917: blocks=[(0, 1), (1, 3), (3, 10)], cost=1360.14
  Col 2918: blocks=[(0, 1), (1, 3), (3, 10)], cost=1360.14
  Col 2919: blocks=[(0, 1), (1, 3), (3, 10)], cost=1359.79
  Col 2920: blocks=[(0, 1), (1, 3), (3, 10)], cost=1360.82
  Col 2921: blocks=[(0, 1), (1, 3), (3, 10)], cost=1360.82
  Col 2922: blocks=[(0, 1), (1, 3), (3, 10)], cost=1360.47
  Col 2923: blocks=[(0, 1), (1, 3), (3, 10)], cost=1361.16
  Col 2924: blocks=[(0, 1), (1, 3), (3, 10)], cost=1360.82
  Col 2925: blocks=[(0, 1), (1, 3), (3, 10)], cost=1360.82
  Col 2926: blocks=[(0, 1), (1, 3), (3, 10)], cost=1441.38
  Col 2927: blocks=[(0, 1), (1, 3), (3, 10)], cost=1442.06
  Col 2928: blocks=[(0, 1), (1, 3), (3, 10)], cost=1442.41
  Col 2929: blocks=[(0, 1), (1, 3), (3, 10)], cost=1442.41
  Col 2930: blocks=[(0, 1), (1, 3), (3, 10)], cost=1442.06
  Col 2931: blocks=[(0, 1), (1, 3), (3, 10)], cost=1443.04
  Col 2932: blocks=[(0, 1), (1, 3), (3, 10)], cost=1443.39
  Col 2933: blocks=[(0, 1), (1, 3), (3, 10)], cost=1443.39
  Col 2934: blocks=[(0, 1), (1, 3), (3, 10)], cost=1443.04
  Col 2935: blocks=[(0, 1), (1, 3), (3, 10)], cost=1444.07
  Col 2936: blocks=[(0, 1), (1, 3), (3, 10)], cost=1444.07
  Col 2937: blocks=[(0, 1), (1, 3), (3, 10)], cost=1443.72
  Col 2938: blocks=[(0, 1), (1, 3), (3, 10)], cost=1444.42
  Col 2939: blocks=[(0, 1), (1, 3), (3, 10)], cost=1444.07
  Col 2940: blocks=[(0, 1), (1, 3), (3, 10)], cost=1444.07
  Col 2941: blocks=[(0, 1), (1, 3), (3, 10)], cost=1445.73
  Col 2942: blocks=[(0, 1), (1, 3), (3, 10)], cost=1446.08
  Col 2943: blocks=[(0, 1), (1, 3), (3, 10)], cost=1446.08
  Col 2944: blocks=[(0, 1), (1, 3), (3, 10)], cost=1445.73
  Col 2945: blocks=[(0, 1), (1, 3), (3, 10)], cost=1446.76
  Col 2946: blocks=[(0, 1), (1, 3), (3, 10)], cost=1446.76
  Col 2947: blocks=[(0, 1), (1, 3), (3, 10)], cost=1446.41
  Col 2948: blocks=[(0, 1), (1, 3), (3, 10)], cost=1447.11
  Col 2949: blocks=[(0, 1), (1, 3), (3, 10)], cost=1446.76
  Col 2950: blocks=[(0, 1), (1, 3), (3, 10)], cost=1446.76
  Col 2951: blocks=[(0, 1), (1, 3), (3, 10)], cost=1447.75
  Col 2952: blocks=[(0, 1), (1, 3), (3, 10)], cost=1447.75
  Col 2953: blocks=[(0, 1), (1, 3), (3, 10)], cost=1447.40
  Col 2954: blocks=[(0, 1), (1, 3), (3, 10)], cost=1448.09
  Col 2955: blocks=[(0, 1), (1, 3), (3, 10)], cost=1447.75
  Col 2956: blocks=[(0, 1), (1, 3), (3, 10)], cost=1447.75
  Col 2957: blocks=[(0, 1), (1, 3), (3, 10)], cost=1448.77
  Col 2958: blocks=[(0, 1), (1, 3), (3, 10)], cost=1448.43
  Col 2959: blocks=[(0, 1), (1, 3), (3, 10)], cost=1448.43
  Col 2960: blocks=[(0, 1), (1, 3), (3, 10)], cost=1448.77
  Col 2961: blocks=[(0, 1), (1, 4), (4, 5), (5, 6), (6, 7), (7, 8), (8, 9), (9, 10)], cost=1377.07
  Col 2962: blocks=[(0, 1), (1, 4), (4, 5), (5, 6), (6, 7), (7, 8), (8, 9), (9, 10)], cost=1460.32
  Col 2963: blocks=[(0, 1), (1, 4), (4, 5), (5, 6), (6, 7), (7, 8), (8, 9), (9, 10)], cost=1461.77
  Col 2964: blocks=[(0, 1), (1, 4), (4, 5), (5, 6), (6, 7), (7, 8), (8, 9), (9, 10)], cost=1545.02
  Col 2965: blocks=[(0, 1), (1, 4), (4, 5), (5, 6), (6, 7), (7, 8), (8, 10)], cost=1346.01
  Col 2966: blocks=[(0, 1), (1, 4), (4, 5), (5, 6), (6, 7), (7, 8), (8, 10)], cost=1433.61
  Col 2967: blocks=[(0, 1), (1, 4), (4, 5), (5, 6), (6, 7), (7, 8), (8, 10)], cost=1429.26
  Col 2968: blocks=[(0, 1), (1, 4), (4, 5), (5, 6), (6, 7), (7, 8), (8, 10)], cost=1430.71
  Col 2969: blocks=[(0, 1), (1, 4), (4, 5), (5, 6), (6, 7), (7, 8), (8, 10)], cost=1516.87
  Col 2970: blocks=[(0, 1), (1, 4), (4, 5), (5, 6), (6, 7), (7, 8), (8, 10)], cost=1518.32
  Col 2971: blocks=[(0, 1), (1, 4), (4, 5), (5, 6), (6, 7), (7, 8), (8, 10)], cost=1513.96
  Col 2972: blocks=[(0, 1), (1, 4), (4, 5), (5, 6), (6, 7), (7, 8), (8, 10)], cost=1601.57
  Col 2973: blocks=[(0, 1), (1, 4), (4, 5), (5, 6), (6, 7), (7, 9), (9, 10)], cost=1248.04
  Col 2974: blocks=[(0, 1), (1, 4), (4, 5), (5, 6), (6, 7), (7, 9), (9, 10)], cost=1336.00
  Col 2975: blocks=[(0, 1), (1, 4), (4, 5), (5, 6), (6, 7), (7, 9), (9, 10)], cost=1331.30
  Col 2976: blocks=[(0, 1), (1, 4), (4, 5), (5, 6), (6, 7), (7, 9), (9, 10)], cost=1332.75
  Col 2977: blocks=[(0, 1), (1, 4), (4, 5), (5, 6), (6, 7), (7, 9), (9, 10)], cost=1419.25
  Col 2978: blocks=[(0, 1), (1, 4), (4, 5), (5, 6), (6, 7), (7, 9), (9, 10)], cost=1420.70
  Col 2979: blocks=[(0, 1), (1, 4), (4, 5), (5, 6), (6, 7), (7, 9), (9, 10)], cost=1416.00
  Col 2980: blocks=[(0, 1), (1, 4), (4, 5), (5, 6), (6, 7), (7, 9), (9, 10)], cost=1503.96
  Col 2981: blocks=[(0, 1), (1, 4), (4, 5), (5, 6), (6, 7), (7, 10)], cost=1173.91
  Col 2982: blocks=[(0, 1), (1, 4), (4, 5), (5, 6), (6, 7), (7, 10)], cost=1261.87
  Col 2983: blocks=[(0, 1), (1, 4), (4, 5), (5, 6), (6, 7), (7, 10)], cost=1261.52
  Col 2984: blocks=[(0, 1), (1, 4), (4, 5), (5, 6), (6, 7), (7, 10)], cost=1257.17
  Col 2985: blocks=[(0, 1), (1, 4), (4, 5), (5, 6), (6, 7), (7, 10)], cost=1258.62
  Col 2986: blocks=[(0, 1), (1, 4), (4, 5), (5, 6), (6, 7), (7, 10)], cost=1349.48
  Col 2987: blocks=[(0, 1), (1, 4), (4, 5), (5, 6), (6, 7), (7, 10)], cost=1345.12
  Col 2988: blocks=[(0, 1), (1, 4), (4, 5), (5, 6), (6, 7), (7, 10)], cost=1346.57
  Col 2989: blocks=[(0, 1), (1, 4), (4, 5), (5, 6), (6, 7), (7, 10)], cost=1344.78
  Col 2990: blocks=[(0, 1), (1, 4), (4, 5), (5, 6), (6, 7), (7, 10)], cost=1346.23
  Col 2991: blocks=[(0, 1), (1, 4), (4, 5), (5, 6), (6, 7), (7, 10)], cost=1341.87
  Col 2992: blocks=[(0, 1), (1, 4), (4, 5), (5, 6), (6, 7), (7, 10)], cost=1432.73
  Col 2993: blocks=[(0, 1), (1, 4), (4, 5), (5, 6), (6, 7), (7, 10)], cost=1434.18
  Col 2994: blocks=[(0, 1), (1, 4), (4, 5), (5, 6), (6, 7), (7, 10)], cost=1429.83
  Col 2995: blocks=[(0, 1), (1, 4), (4, 5), (5, 6), (6, 7), (7, 10)], cost=1429.48
  Col 2996: blocks=[(0, 1), (1, 4), (4, 5), (5, 6), (6, 8), (8, 9), (9, 10)], cost=1298.85
  Col 2997: blocks=[(0, 1), (1, 4), (4, 5), (5, 6), (6, 8), (8, 9), (9, 10)], cost=1382.11
  Col 2998: blocks=[(0, 1), (1, 4), (4, 5), (5, 6), (6, 8), (8, 9), (9, 10)], cost=1383.56
  Col 2999: blocks=[(0, 1), (1, 4), (4, 5), (5, 6), (6, 8), (8, 9), (9, 10)], cost=1386.81
  Col 3000: blocks=[(0, 1), (1, 4), (4, 5), (5, 6), (6, 8), (8, 9), (9, 10)], cost=1466.81
  Col 3001: blocks=[(0, 1), (1, 4), (4, 5), (5, 6), (6, 8), (8, 9), (9, 10)], cost=1470.06
  Col 3002: blocks=[(0, 1), (1, 4), (4, 5), (5, 6), (6, 8), (8, 9), (9, 10)], cost=1471.51
  Col 3003: blocks=[(0, 1), (1, 4), (4, 5), (5, 6), (6, 8), (8, 9), (9, 10)], cost=1554.77
  Col 3004: blocks=[(0, 1), (1, 4), (4, 5), (5, 6), (6, 8), (8, 10)], cost=1267.79
  Col 3005: blocks=[(0, 1), (1, 4), (4, 5), (5, 6), (6, 8), (8, 10)], cost=1355.40
  Col 3006: blocks=[(0, 1), (1, 4), (4, 5), (5, 6), (6, 8), (8, 10)], cost=1351.05
  Col 3007: blocks=[(0, 1), (1, 4), (4, 5), (5, 6), (6, 8), (8, 10)], cost=1352.50
  Col 3008: blocks=[(0, 1), (1, 4), (4, 5), (5, 6), (6, 8), (8, 10)], cost=1355.75
  Col 3009: blocks=[(0, 1), (1, 4), (4, 5), (5, 6), (6, 8), (8, 10)], cost=1438.66
  Col 3010: blocks=[(0, 1), (1, 4), (4, 5), (5, 6), (6, 8), (8, 10)], cost=1440.10
  Col 3011: blocks=[(0, 1), (1, 4), (4, 5), (5, 6), (6, 8), (8, 10)], cost=1443.36
  Col 3012: blocks=[(0, 1), (1, 4), (4, 5), (5, 6), (6, 8), (8, 10)], cost=1435.75
  Col 3013: blocks=[(0, 1), (1, 4), (4, 5), (5, 6), (6, 8), (8, 10)], cost=1439.00
  Col 3014: blocks=[(0, 1), (1, 4), (4, 5), (5, 6), (6, 8), (8, 10)], cost=1440.45
  Col 3015: blocks=[(0, 1), (1, 4), (4, 5), (5, 6), (6, 8), (8, 10)], cost=1523.36
  Col 3016: blocks=[(0, 1), (1, 4), (4, 5), (5, 6), (6, 8), (8, 10)], cost=1526.61
  Col 3017: blocks=[(0, 1), (1, 4), (4, 5), (5, 6), (6, 8), (8, 10)], cost=1528.06
  Col 3018: blocks=[(0, 1), (1, 4), (4, 5), (5, 6), (6, 8), (8, 10)], cost=1523.71
  Col 3019: blocks=[(0, 1), (1, 4), (4, 5), (5, 6), (6, 9), (9, 10)], cost=1193.33
  Col 3020: blocks=[(0, 1), (1, 4), (4, 5), (5, 6), (6, 9), (9, 10)], cost=1281.29
  Col 3021: blocks=[(0, 1), (1, 4), (4, 5), (5, 6), (6, 9), (9, 10)], cost=1276.59
  Col 3022: blocks=[(0, 1), (1, 4), (4, 5), (5, 6), (6, 9), (9, 10)], cost=1278.03
  Col 3023: blocks=[(0, 1), (1, 4), (4, 5), (5, 6), (6, 9), (9, 10)], cost=1281.29
  Col 3024: blocks=[(0, 1), (1, 4), (4, 5), (5, 6), (6, 9), (9, 10)], cost=1364.54
  Col 3025: blocks=[(0, 1), (1, 4), (4, 5), (5, 6), (6, 9), (9, 10)], cost=1365.99
  Col 3026: blocks=[(0, 1), (1, 4), (4, 5), (5, 6), (6, 9), (9, 10)], cost=1369.24
  Col 3027: blocks=[(0, 1), (1, 4), (4, 5), (5, 6), (6, 9), (9, 10)], cost=1361.29
  Col 3028: blocks=[(0, 1), (1, 4), (4, 5), (5, 6), (6, 9), (9, 10)], cost=1364.54
  Col 3029: blocks=[(0, 1), (1, 4), (4, 5), (5, 6), (6, 9), (9, 10)], cost=1365.99
  Col 3030: blocks=[(0, 1), (1, 4), (4, 5), (5, 6), (6, 9), (9, 10)], cost=1449.24
  Col 3031: blocks=[(0, 1), (1, 4), (4, 5), (5, 6), (6, 9), (9, 10)], cost=1452.50
  Col 3032: blocks=[(0, 1), (1, 4), (4, 5), (5, 6), (6, 9), (9, 10)], cost=1453.95
  Col 3033: blocks=[(0, 1), (1, 4), (4, 5), (5, 6), (6, 9), (9, 10)], cost=1449.24
  Col 3034: blocks=[(0, 1), (1, 4), (4, 5), (5, 6), (6, 10)], cost=1143.85
  Col 3035: blocks=[(0, 1), (1, 4), (4, 5), (5, 6), (6, 10)], cost=1227.10
  Col 3036: blocks=[(0, 1), (1, 4), (4, 5), (5, 6), (6, 10)], cost=1228.55
  Col 3037: blocks=[(0, 1), (1, 4), (4, 5), (5, 6), (6, 10)], cost=1231.81
  Col 3038: blocks=[(0, 1), (1, 4), (4, 5), (5, 6), (6, 10)], cost=1231.81
  Col 3039: blocks=[(0, 1), (1, 4), (4, 5), (5, 6), (6, 10)], cost=1231.46
  Col 3040: blocks=[(0, 1), (1, 4), (4, 5), (5, 6), (6, 10)], cost=1311.81
  Col 3041: blocks=[(0, 1), (1, 4), (4, 5), (5, 6), (6, 10)], cost=1315.06
  Col 3042: blocks=[(0, 1), (1, 4), (4, 5), (5, 6), (6, 10)], cost=1315.06
  Col 3043: blocks=[(0, 1), (1, 4), (4, 5), (5, 6), (6, 10)], cost=1314.71
  Col 3044: blocks=[(0, 1), (1, 4), (4, 5), (5, 6), (6, 10)], cost=1316.51
  Col 3045: blocks=[(0, 1), (1, 4), (4, 5), (5, 6), (6, 10)], cost=1316.51
  Col 3046: blocks=[(0, 1), (1, 4), (4, 5), (5, 6), (6, 10)], cost=1316.16
  Col 3047: blocks=[(0, 1), (1, 4), (4, 5), (5, 6), (6, 10)], cost=1319.76
  Col 3048: blocks=[(0, 1), (1, 4), (4, 5), (5, 6), (6, 10)], cost=1319.41
  Col 3049: blocks=[(0, 1), (1, 4), (4, 5), (5, 6), (6, 10)], cost=1319.41
  Col 3050: blocks=[(0, 1), (1, 4), (4, 5), (5, 6), (6, 10)], cost=1399.76
  Col 3051: blocks=[(0, 1), (1, 4), (4, 5), (5, 6), (6, 10)], cost=1399.76
  Col 3052: blocks=[(0, 1), (1, 4), (4, 5), (5, 6), (6, 10)], cost=1399.41
  Col 3053: blocks=[(0, 1), (1, 4), (4, 5), (5, 6), (6, 10)], cost=1403.02
  Col 3054: blocks=[(0, 1), (1, 4), (4, 5), (5, 6), (6, 10)], cost=1402.67
  Col 3055: blocks=[(0, 1), (1, 4), (4, 5), (5, 6), (6, 10)], cost=1402.67
  Col 3056: blocks=[(0, 1), (1, 4), (4, 5), (5, 6), (6, 10)], cost=1404.46
  Col 3057: blocks=[(0, 1), (1, 4), (4, 5), (5, 6), (6, 10)], cost=1404.12
  Col 3058: blocks=[(0, 1), (1, 4), (4, 5), (5, 6), (6, 10)], cost=1404.12
  Col 3059: blocks=[(0, 1), (1, 4), (4, 5), (5, 6), (6, 10)], cost=1407.37
  Col 3060: blocks=[(0, 1), (1, 4), (4, 5), (5, 7), (7, 8), (8, 9), (9, 10)], cost=1309.35
  Col 3061: blocks=[(0, 1), (1, 4), (4, 5), (5, 7), (7, 8), (8, 9), (9, 10)], cost=1392.60
  Col 3062: blocks=[(0, 1), (1, 4), (4, 5), (5, 7), (7, 8), (8, 9), (9, 10)], cost=1394.05
  Col 3063: blocks=[(0, 1), (1, 4), (4, 5), (5, 7), (7, 8), (8, 9), (9, 10)], cost=1396.96
  Col 3064: blocks=[(0, 1), (1, 4), (4, 5), (5, 7), (7, 8), (8, 9), (9, 10)], cost=1477.30
  Col 3065: blocks=[(0, 1), (1, 4), (4, 5), (5, 7), (7, 8), (8, 9), (9, 10)], cost=1480.21
  Col 3066: blocks=[(0, 1), (1, 4), (4, 5), (5, 7), (7, 8), (8, 9), (9, 10)], cost=1481.66
  Col 3067: blocks=[(0, 1), (1, 4), (4, 5), (5, 7), (7, 8), (8, 9), (9, 10)], cost=1564.91
  Col 3068: blocks=[(0, 1), (1, 4), (4, 5), (5, 7), (7, 8), (8, 10)], cost=1278.29
  Col 3069: blocks=[(0, 1), (1, 4), (4, 5), (5, 7), (7, 8), (8, 10)], cost=1365.90
  Col 3070: blocks=[(0, 1), (1, 4), (4, 5), (5, 7), (7, 8), (8, 10)], cost=1361.54
  Col 3071: blocks=[(0, 1), (1, 4), (4, 5), (5, 7), (7, 8), (8, 10)], cost=1362.99
  Col 3072: blocks=[(0, 1), (1, 4), (4, 5), (5, 7), (7, 8), (8, 10)], cost=1365.90
  Col 3073: blocks=[(0, 1), (1, 4), (4, 5), (5, 7), (7, 8), (8, 10)], cost=1449.15
  Col 3074: blocks=[(0, 1), (1, 4), (4, 5), (5, 7), (7, 8), (8, 10)], cost=1450.60
  Col 3075: blocks=[(0, 1), (1, 4), (4, 5), (5, 7), (7, 8), (8, 10)], cost=1453.50
  Col 3076: blocks=[(0, 1), (1, 4), (4, 5), (5, 7), (7, 8), (8, 10)], cost=1446.24
  Col 3077: blocks=[(0, 1), (1, 4), (4, 5), (5, 7), (7, 8), (8, 10)], cost=1449.15
  Col 3078: blocks=[(0, 1), (1, 4), (4, 5), (5, 7), (7, 8), (8, 10)], cost=1450.60
  Col 3079: blocks=[(0, 1), (1, 4), (4, 5), (5, 7), (7, 8), (8, 10)], cost=1533.85
  Col 3080: blocks=[(0, 1), (1, 4), (4, 5), (5, 7), (7, 8), (8, 10)], cost=1536.76
  Col 3081: blocks=[(0, 1), (1, 4), (4, 5), (5, 7), (7, 8), (8, 10)], cost=1538.21
  Col 3082: blocks=[(0, 1), (1, 4), (4, 5), (5, 7), (7, 8), (8, 10)], cost=1533.85
  Col 3083: blocks=[(0, 1), (1, 4), (4, 5), (5, 7), (7, 9), (9, 10)], cost=1180.33
  Col 3084: blocks=[(0, 1), (1, 4), (4, 5), (5, 7), (7, 9), (9, 10)], cost=1268.28
  Col 3085: blocks=[(0, 1), (1, 4), (4, 5), (5, 7), (7, 9), (9, 10)], cost=1263.58
  Col 3086: blocks=[(0, 1), (1, 4), (4, 5), (5, 7), (7, 9), (9, 10)], cost=1265.03
  Col 3087: blocks=[(0, 1), (1, 4), (4, 5), (5, 7), (7, 9), (9, 10)], cost=1267.93
  Col 3088: blocks=[(0, 1), (1, 4), (4, 5), (5, 7), (7, 9), (9, 10)], cost=1351.54
  Col 3089: blocks=[(0, 1), (1, 4), (4, 5), (5, 7), (7, 9), (9, 10)], cost=1352.98
  Col 3090: blocks=[(0, 1), (1, 4), (4, 5), (5, 7), (7, 9), (9, 10)], cost=1355.89
  Col 3091: blocks=[(0, 1), (1, 4), (4, 5), (5, 7), (7, 9), (9, 10)], cost=1348.28
  Col 3092: blocks=[(0, 1), (1, 4), (4, 5), (5, 7), (7, 9), (9, 10)], cost=1351.19
  Col 3093: blocks=[(0, 1), (1, 4), (4, 5), (5, 7), (7, 9), (9, 10)], cost=1352.64
  Col 3094: blocks=[(0, 1), (1, 4), (4, 5), (5, 7), (7, 9), (9, 10)], cost=1436.24
  Col 3095: blocks=[(0, 1), (1, 4), (4, 5), (5, 7), (7, 9), (9, 10)], cost=1439.14
  Col 3096: blocks=[(0, 1), (1, 4), (4, 5), (5, 7), (7, 9), (9, 10)], cost=1440.59
  Col 3097: blocks=[(0, 1), (1, 4), (4, 5), (5, 7), (7, 9), (9, 10)], cost=1435.89
  Col 3098: blocks=[(0, 1), (1, 4), (4, 5), (5, 7), (7, 10)], cost=1106.20
  Col 3099: blocks=[(0, 1), (1, 4), (4, 5), (5, 7), (7, 10)], cost=1189.45
  Col 3100: blocks=[(0, 1), (1, 4), (4, 5), (5, 7), (7, 10)], cost=1190.90
  Col 3101: blocks=[(0, 1), (1, 4), (4, 5), (5, 7), (7, 10)], cost=1193.80
  Col 3102: blocks=[(0, 1), (1, 4), (4, 5), (5, 7), (7, 10)], cost=1194.15
  Col 3103: blocks=[(0, 1), (1, 4), (4, 5), (5, 7), (7, 10)], cost=1193.80
  Col 3104: blocks=[(0, 1), (1, 4), (4, 5), (5, 7), (7, 10)], cost=1274.15
  Col 3105: blocks=[(0, 1), (1, 4), (4, 5), (5, 7), (7, 10)], cost=1277.06
  Col 3106: blocks=[(0, 1), (1, 4), (4, 5), (5, 7), (7, 10)], cost=1277.41
  Col 3107: blocks=[(0, 1), (1, 4), (4, 5), (5, 7), (7, 10)], cost=1277.06
  Col 3108: blocks=[(0, 1), (1, 4), (4, 5), (5, 7), (7, 10)], cost=1278.51
  Col 3109: blocks=[(0, 1), (1, 4), (4, 5), (5, 7), (7, 10)], cost=1278.85
  Col 3110: blocks=[(0, 1), (1, 4), (4, 5), (5, 7), (7, 10)], cost=1278.51
  Col 3111: blocks=[(0, 1), (1, 4), (4, 5), (5, 7), (7, 10)], cost=1281.76
  Col 3112: blocks=[(0, 1), (1, 4), (4, 5), (5, 7), (7, 10)], cost=1281.41
  Col 3113: blocks=[(0, 1), (1, 4), (4, 5), (5, 7), (7, 10)], cost=1281.76
  Col 3114: blocks=[(0, 1), (1, 4), (4, 5), (5, 7), (7, 10)], cost=1361.76
  Col 3115: blocks=[(0, 1), (1, 4), (4, 5), (5, 7), (7, 10)], cost=1362.11
  Col 3116: blocks=[(0, 1), (1, 4), (4, 5), (5, 7), (7, 10)], cost=1361.76
  Col 3117: blocks=[(0, 1), (1, 4), (4, 5), (5, 7), (7, 10)], cost=1365.01
  Col 3118: blocks=[(0, 1), (1, 4), (4, 5), (5, 7), (7, 10)], cost=1364.67
  Col 3119: blocks=[(0, 1), (1, 4), (4, 5), (5, 7), (7, 10)], cost=1365.01
  Col 3120: blocks=[(0, 1), (1, 4), (4, 5), (5, 7), (7, 10)], cost=1366.46
  Col 3121: blocks=[(0, 1), (1, 4), (4, 5), (5, 7), (7, 10)], cost=1366.12
  Col 3122: blocks=[(0, 1), (1, 4), (4, 5), (5, 7), (7, 10)], cost=1366.46
  Col 3123: blocks=[(0, 1), (1, 4), (4, 5), (5, 7), (7, 10)], cost=1369.37
  Col 3124: blocks=[(0, 1), (1, 4), (4, 5), (5, 8), (8, 9), (9, 10)], cost=1251.03
  Col 3125: blocks=[(0, 1), (1, 4), (4, 5), (5, 8), (8, 9), (9, 10)], cost=1334.28
  Col 3126: blocks=[(0, 1), (1, 4), (4, 5), (5, 8), (8, 9), (9, 10)], cost=1335.73
  Col 3127: blocks=[(0, 1), (1, 4), (4, 5), (5, 8), (8, 9), (9, 10)], cost=1338.63
  Col 3128: blocks=[(0, 1), (1, 4), (4, 5), (5, 8), (8, 9), (9, 10)], cost=1338.98
  Col 3129: blocks=[(0, 1), (1, 4), (4, 5), (5, 8), (8, 9), (9, 10)], cost=1418.98
  Col 3130: blocks=[(0, 1), (1, 4), (4, 5), (5, 8), (8, 9), (9, 10)], cost=1421.89
  Col 3131: blocks=[(0, 1), (1, 4), (4, 5), (5, 8), (8, 9), (9, 10)], cost=1422.24
  Col 3132: blocks=[(0, 1), (1, 4), (4, 5), (5, 8), (8, 9), (9, 10)], cost=1423.34
  Col 3133: blocks=[(0, 1), (1, 4), (4, 5), (5, 8), (8, 9), (9, 10)], cost=1423.68
  Col 3134: blocks=[(0, 1), (1, 4), (4, 5), (5, 8), (8, 9), (9, 10)], cost=1426.59
  Col 3135: blocks=[(0, 1), (1, 4), (4, 5), (5, 8), (8, 9), (9, 10)], cost=1506.59
  Col 3136: blocks=[(0, 1), (1, 4), (4, 5), (5, 8), (8, 9), (9, 10)], cost=1506.94
  Col 3137: blocks=[(0, 1), (1, 4), (4, 5), (5, 8), (8, 9), (9, 10)], cost=1509.84
  Col 3138: blocks=[(0, 1), (1, 4), (4, 5), (5, 8), (8, 9), (9, 10)], cost=1511.29
  Col 3139: blocks=[(0, 1), (1, 4), (4, 5), (5, 8), (8, 10)], cost=1219.97
  Col 3140: blocks=[(0, 1), (1, 4), (4, 5), (5, 8), (8, 10)], cost=1303.22
  Col 3141: blocks=[(0, 1), (1, 4), (4, 5), (5, 8), (8, 10)], cost=1304.67
  Col 3142: blocks=[(0, 1), (1, 4), (4, 5), (5, 8), (8, 10)], cost=1307.57
  Col 3143: blocks=[(0, 1), (1, 4), (4, 5), (5, 8), (8, 10)], cost=1307.92
  Col 3144: blocks=[(0, 1), (1, 4), (4, 5), (5, 8), (8, 10)], cost=1307.57
  Col 3145: blocks=[(0, 1), (1, 4), (4, 5), (5, 8), (8, 10)], cost=1387.92
  Col 3146: blocks=[(0, 1), (1, 4), (4, 5), (5, 8), (8, 10)], cost=1390.83
  Col 3147: blocks=[(0, 1), (1, 4), (4, 5), (5, 8), (8, 10)], cost=1391.18
  Col 3148: blocks=[(0, 1), (1, 4), (4, 5), (5, 8), (8, 10)], cost=1390.83
  Col 3149: blocks=[(0, 1), (1, 4), (4, 5), (5, 8), (8, 10)], cost=1392.28
  Col 3150: blocks=[(0, 1), (1, 4), (4, 5), (5, 8), (8, 10)], cost=1392.62
  Col 3151: blocks=[(0, 1), (1, 4), (4, 5), (5, 8), (8, 10)], cost=1392.28
  Col 3152: blocks=[(0, 1), (1, 4), (4, 5), (5, 8), (8, 10)], cost=1395.53
  Col 3153: blocks=[(0, 1), (1, 4), (4, 5), (5, 8), (8, 10)], cost=1395.18
  Col 3154: blocks=[(0, 1), (1, 4), (4, 5), (5, 8), (8, 10)], cost=1395.53
  Col 3155: blocks=[(0, 1), (1, 4), (4, 5), (5, 8), (8, 10)], cost=1475.53
  Col 3156: blocks=[(0, 1), (1, 4), (4, 5), (5, 8), (8, 10)], cost=1475.88
  Col 3157: blocks=[(0, 1), (1, 4), (4, 5), (5, 8), (8, 10)], cost=1475.53
  Col 3158: blocks=[(0, 1), (1, 4), (4, 5), (5, 8), (8, 10)], cost=1478.78
  Col 3159: blocks=[(0, 1), (1, 4), (4, 5), (5, 8), (8, 10)], cost=1478.44
  Col 3160: blocks=[(0, 1), (1, 4), (4, 5), (5, 8), (8, 10)], cost=1478.78
  Col 3161: blocks=[(0, 1), (1, 4), (4, 5), (5, 8), (8, 10)], cost=1480.23
  Col 3162: blocks=[(0, 1), (1, 4), (4, 5), (5, 8), (8, 10)], cost=1479.88
  Col 3163: blocks=[(0, 1), (1, 4), (4, 5), (5, 8), (8, 10)], cost=1480.23
  Col 3164: blocks=[(0, 1), (1, 4), (4, 5), (5, 8), (8, 10)], cost=1483.14
  Col 3165: blocks=[(0, 1), (1, 4), (4, 5), (5, 9), (9, 10)], cost=1193.47
  Col 3166: blocks=[(0, 1), (1, 4), (4, 5), (5, 9), (9, 10)], cost=1276.73
  Col 3167: blocks=[(0, 1), (1, 4), (4, 5), (5, 9), (9, 10)], cost=1278.18
  Col 3168: blocks=[(0, 1), (1, 4), (4, 5), (5, 9), (9, 10)], cost=1281.08
  Col 3169: blocks=[(0, 1), (1, 4), (4, 5), (5, 9), (9, 10)], cost=1281.43
  Col 3170: blocks=[(0, 1), (1, 4), (4, 5), (5, 9), (9, 10)], cost=1281.43
  Col 3171: blocks=[(0, 1), (1, 4), (4, 5), (5, 9), (9, 10)], cost=1361.43
  Col 3172: blocks=[(0, 1), (1, 4), (4, 5), (5, 9), (9, 10)], cost=1364.34
  Col 3173: blocks=[(0, 1), (1, 4), (4, 5), (5, 9), (9, 10)], cost=1364.68
  Col 3174: blocks=[(0, 1), (1, 4), (4, 5), (5, 9), (9, 10)], cost=1364.68
  Col 3175: blocks=[(0, 1), (1, 4), (4, 5), (5, 9), (9, 10)], cost=1365.78
  Col 3176: blocks=[(0, 1), (1, 4), (4, 5), (5, 9), (9, 10)], cost=1366.13
  Col 3177: blocks=[(0, 1), (1, 4), (4, 5), (5, 9), (9, 10)], cost=1366.13
  Col 3178: blocks=[(0, 1), (1, 4), (4, 5), (5, 9), (9, 10)], cost=1369.04
  Col 3179: blocks=[(0, 1), (1, 4), (4, 5), (5, 9), (9, 10)], cost=1369.04
  Col 3180: blocks=[(0, 1), (1, 4), (4, 5), (5, 9), (9, 10)], cost=1369.39
  Col 3181: blocks=[(0, 1), (1, 4), (4, 5), (5, 9), (9, 10)], cost=1449.04
  Col 3182: blocks=[(0, 1), (1, 4), (4, 5), (5, 9), (9, 10)], cost=1449.39
  Col 3183: blocks=[(0, 1), (1, 4), (4, 5), (5, 9), (9, 10)], cost=1449.39
  Col 3184: blocks=[(0, 1), (1, 4), (4, 5), (5, 9), (9, 10)], cost=1452.29
  Col 3185: blocks=[(0, 1), (1, 4), (4, 5), (5, 9), (9, 10)], cost=1452.29
  Col 3186: blocks=[(0, 1), (1, 4), (4, 5), (5, 9), (9, 10)], cost=1452.64
  Col 3187: blocks=[(0, 1), (1, 4), (4, 5), (5, 9), (9, 10)], cost=1453.74
  Col 3188: blocks=[(0, 1), (1, 4), (4, 5), (5, 9), (9, 10)], cost=1453.74
  Col 3189: blocks=[(0, 1), (1, 4), (4, 5), (5, 9), (9, 10)], cost=1454.09
  Col 3190: blocks=[(0, 1), (1, 4), (4, 5), (5, 9), (9, 10)], cost=1456.99
  Col 3191: blocks=[(0, 1), (1, 4), (4, 5), (5, 10)], cost=1194.30
  Col 3192: blocks=[(0, 1), (1, 4), (4, 5), (5, 10)], cost=1277.55
  Col 3193: blocks=[(0, 1), (1, 4), (4, 5), (5, 10)], cost=1279.00
  Col 3194: blocks=[(0, 1), (1, 4), (4, 5), (5, 10)], cost=1281.91
  Col 3195: blocks=[(0, 1), (1, 4), (4, 5), (5, 10)], cost=1282.26
  Col 3196: blocks=[(0, 1), (1, 4), (4, 5), (5, 10)], cost=1282.26
  Col 3197: blocks=[(0, 1), (1, 4), (4, 5), (5, 10)], cost=1281.91
  Col 3198: blocks=[(0, 1), (1, 4), (4, 5), (5, 10)], cost=1362.26
  Col 3199: blocks=[(0, 1), (1, 4), (4, 5), (5, 10)], cost=1365.16
  Col 3200: blocks=[(0, 1), (1, 4), (4, 5), (5, 10)], cost=1365.51
  Col 3201: blocks=[(0, 1), (1, 4), (4, 5), (5, 10)], cost=1365.51
  Col 3202: blocks=[(0, 1), (1, 4), (4, 5), (5, 10)], cost=1365.16
  Col 3203: blocks=[(0, 1), (1, 4), (4, 5), (5, 10)], cost=1366.61
  Col 3204: blocks=[(0, 1), (1, 4), (4, 5), (5, 10)], cost=1366.96
  Col 3205: blocks=[(0, 1), (1, 4), (4, 5), (5, 10)], cost=1366.96
  Col 3206: blocks=[(0, 1), (1, 4), (4, 5), (5, 10)], cost=1366.61
  Col 3207: blocks=[(0, 1), (1, 4), (4, 5), (5, 10)], cost=1369.86
  Col 3208: blocks=[(0, 1), (1, 4), (4, 5), (5, 10)], cost=1369.86
  Col 3209: blocks=[(0, 1), (1, 4), (4, 5), (5, 10)], cost=1369.52
  Col 3210: blocks=[(0, 1), (1, 4), (4, 5), (5, 10)], cost=1370.21
  Col 3211: blocks=[(0, 1), (1, 4), (4, 5), (5, 10)], cost=1369.86
  Col 3212: blocks=[(0, 1), (1, 4), (4, 5), (5, 10)], cost=1369.86
  Col 3213: blocks=[(0, 1), (1, 4), (4, 5), (5, 10)], cost=1449.86
  Col 3214: blocks=[(0, 1), (1, 4), (4, 5), (5, 10)], cost=1450.21
  Col 3215: blocks=[(0, 1), (1, 4), (4, 5), (5, 10)], cost=1450.21
  Col 3216: blocks=[(0, 1), (1, 4), (4, 5), (5, 10)], cost=1449.86
  Col 3217: blocks=[(0, 1), (1, 4), (4, 5), (5, 10)], cost=1453.12
  Col 3218: blocks=[(0, 1), (1, 4), (4, 5), (5, 10)], cost=1453.12
  Col 3219: blocks=[(0, 1), (1, 4), (4, 5), (5, 10)], cost=1452.77
  Col 3220: blocks=[(0, 1), (1, 4), (4, 5), (5, 10)], cost=1453.47
  Col 3221: blocks=[(0, 1), (1, 4), (4, 5), (5, 10)], cost=1453.12
  Col 3222: blocks=[(0, 1), (1, 4), (4, 5), (5, 10)], cost=1453.12
  Col 3223: blocks=[(0, 1), (1, 4), (4, 5), (5, 10)], cost=1454.57
  Col 3224: blocks=[(0, 1), (1, 4), (4, 5), (5, 10)], cost=1454.57
  Col 3225: blocks=[(0, 1), (1, 4), (4, 5), (5, 10)], cost=1454.22
  Col 3226: blocks=[(0, 1), (1, 4), (4, 5), (5, 10)], cost=1454.91
  Col 3227: blocks=[(0, 1), (1, 4), (4, 5), (5, 10)], cost=1454.57
  Col 3228: blocks=[(0, 1), (1, 4), (4, 5), (5, 10)], cost=1454.57
  Col 3229: blocks=[(0, 1), (1, 4), (4, 5), (5, 10)], cost=1457.82
  Col 3230: blocks=[(0, 1), (1, 4), (4, 5), (5, 10)], cost=1457.47
  Col 3231: blocks=[(0, 1), (1, 4), (4, 5), (5, 10)], cost=1457.47
  Col 3232: blocks=[(0, 1), (1, 4), (4, 5), (5, 10)], cost=1457.82
  Col 3233: blocks=[(0, 1), (1, 4), (4, 6), (6, 7), (7, 8), (8, 9), (9, 10)], cost=1289.92
  Col 3234: blocks=[(0, 1), (1, 4), (4, 6), (6, 7), (7, 8), (8, 9), (9, 10)], cost=1373.17
  Col 3235: blocks=[(0, 1), (1, 4), (4, 6), (6, 7), (7, 8), (8, 9), (9, 10)], cost=1374.62
  Col 3236: blocks=[(0, 1), (1, 4), (4, 6), (6, 7), (7, 8), (8, 9), (9, 10)], cost=1376.85
  Col 3237: blocks=[(0, 1), (1, 4), (4, 6), (6, 7), (7, 8), (8, 9), (9, 10)], cost=1457.87
  Col 3238: blocks=[(0, 1), (1, 4), (4, 6), (6, 7), (7, 8), (8, 9), (9, 10)], cost=1460.10
  Col 3239: blocks=[(0, 1), (1, 4), (4, 6), (6, 7), (7, 8), (8, 9), (9, 10)], cost=1461.55
  Col 3240: blocks=[(0, 1), (1, 4), (4, 6), (6, 7), (7, 8), (8, 9), (9, 10)], cost=1544.80
  Col 3241: blocks=[(0, 1), (1, 4), (4, 6), (6, 7), (7, 8), (8, 10)], cost=1258.86
  Col 3242: blocks=[(0, 1), (1, 4), (4, 6), (6, 7), (7, 8), (8, 10)], cost=1346.47
  Col 3243: blocks=[(0, 1), (1, 4), (4, 6), (6, 7), (7, 8), (8, 10)], cost=1342.11
  Col 3244: blocks=[(0, 1), (1, 4), (4, 6), (6, 7), (7, 8), (8, 10)], cost=1343.56
  Col 3245: blocks=[(0, 1), (1, 4), (4, 6), (6, 7), (7, 8), (8, 10)], cost=1345.79
  Col 3246: blocks=[(0, 1), (1, 4), (4, 6), (6, 7), (7, 8), (8, 10)], cost=1429.72
  Col 3247: blocks=[(0, 1), (1, 4), (4, 6), (6, 7), (7, 8), (8, 10)], cost=1431.17
  Col 3248: blocks=[(0, 1), (1, 4), (4, 6), (6, 7), (7, 8), (8, 10)], cost=1433.39
  Col 3249: blocks=[(0, 1), (1, 4), (4, 6), (6, 7), (7, 8), (8, 10)], cost=1426.81
  Col 3250: blocks=[(0, 1), (1, 4), (4, 6), (6, 7), (7, 8), (8, 10)], cost=1429.04
  Col 3251: blocks=[(0, 1), (1, 4), (4, 6), (6, 7), (7, 8), (8, 10)], cost=1430.49
  Col 3252: blocks=[(0, 1), (1, 4), (4, 6), (6, 7), (7, 8), (8, 10)], cost=1514.42
  Col 3253: blocks=[(0, 1), (1, 4), (4, 6), (6, 7), (7, 8), (8, 10)], cost=1516.65
  Col 3254: blocks=[(0, 1), (1, 4), (4, 6), (6, 7), (7, 8), (8, 10)], cost=1518.10
  Col 3255: blocks=[(0, 1), (1, 4), (4, 6), (6, 7), (7, 8), (8, 10)], cost=1513.74
  Col 3256: blocks=[(0, 1), (1, 4), (4, 6), (6, 7), (7, 9), (9, 10)], cost=1160.90
  Col 3257: blocks=[(0, 1), (1, 4), (4, 6), (6, 7), (7, 9), (9, 10)], cost=1248.85
  Col 3258: blocks=[(0, 1), (1, 4), (4, 6), (6, 7), (7, 9), (9, 10)], cost=1244.15
  Col 3259: blocks=[(0, 1), (1, 4), (4, 6), (6, 7), (7, 9), (9, 10)], cost=1245.60
  Col 3260: blocks=[(0, 1), (1, 4), (4, 6), (6, 7), (7, 9), (9, 10)], cost=1247.82
  Col 3261: blocks=[(0, 1), (1, 4), (4, 6), (6, 7), (7, 9), (9, 10)], cost=1332.11
  Col 3262: blocks=[(0, 1), (1, 4), (4, 6), (6, 7), (7, 9), (9, 10)], cost=1333.55
  Col 3263: blocks=[(0, 1), (1, 4), (4, 6), (6, 7), (7, 9), (9, 10)], cost=1335.78
  Col 3264: blocks=[(0, 1), (1, 4), (4, 6), (6, 7), (7, 9), (9, 10)], cost=1328.85
  Col 3265: blocks=[(0, 1), (1, 4), (4, 6), (6, 7), (7, 9), (9, 10)], cost=1331.08
  Col 3266: blocks=[(0, 1), (1, 4), (4, 6), (6, 7), (7, 9), (9, 10)], cost=1332.53
  Col 3267: blocks=[(0, 1), (1, 4), (4, 6), (6, 7), (7, 9), (9, 10)], cost=1416.81
  Col 3268: blocks=[(0, 1), (1, 4), (4, 6), (6, 7), (7, 9), (9, 10)], cost=1419.03
  Col 3269: blocks=[(0, 1), (1, 4), (4, 6), (6, 7), (7, 9), (9, 10)], cost=1420.48
  Col 3270: blocks=[(0, 1), (1, 4), (4, 6), (6, 7), (7, 9), (9, 10)], cost=1415.78
  Col 3271: blocks=[(0, 1), (1, 4), (4, 6), (6, 7), (7, 10)], cost=1086.77
  Col 3272: blocks=[(0, 1), (1, 4), (4, 6), (6, 7), (7, 10)], cost=1170.02
  Col 3273: blocks=[(0, 1), (1, 4), (4, 6), (6, 7), (7, 10)], cost=1171.47
  Col 3274: blocks=[(0, 1), (1, 4), (4, 6), (6, 7), (7, 10)], cost=1173.69
  Col 3275: blocks=[(0, 1), (1, 4), (4, 6), (6, 7), (7, 10)], cost=1174.72
  Col 3276: blocks=[(0, 1), (1, 4), (4, 6), (6, 7), (7, 10)], cost=1174.37
  Col 3277: blocks=[(0, 1), (1, 4), (4, 6), (6, 7), (7, 10)], cost=1254.72
  Col 3278: blocks=[(0, 1), (1, 4), (4, 6), (6, 7), (7, 10)], cost=1256.95
  Col 3279: blocks=[(0, 1), (1, 4), (4, 6), (6, 7), (7, 10)], cost=1257.98
  Col 3280: blocks=[(0, 1), (1, 4), (4, 6), (6, 7), (7, 10)], cost=1257.63
  Col 3281: blocks=[(0, 1), (1, 4), (4, 6), (6, 7), (7, 10)], cost=1258.40
  Col 3282: blocks=[(0, 1), (1, 4), (4, 6), (6, 7), (7, 10)], cost=1259.42
  Col 3283: blocks=[(0, 1), (1, 4), (4, 6), (6, 7), (7, 10)], cost=1259.08
  Col 3284: blocks=[(0, 1), (1, 4), (4, 6), (6, 7), (7, 10)], cost=1261.65
  Col 3285: blocks=[(0, 1), (1, 4), (4, 6), (6, 7), (7, 10)], cost=1261.30
  Col 3286: blocks=[(0, 1), (1, 4), (4, 6), (6, 7), (7, 10)], cost=1262.33
  Col 3287: blocks=[(0, 1), (1, 4), (4, 6), (6, 7), (7, 10)], cost=1341.65
  Col 3288: blocks=[(0, 1), (1, 4), (4, 6), (6, 7), (7, 10)], cost=1342.68
  Col 3289: blocks=[(0, 1), (1, 4), (4, 6), (6, 7), (7, 10)], cost=1342.33
  Col 3290: blocks=[(0, 1), (1, 4), (4, 6), (6, 7), (7, 10)], cost=1344.90
  Col 3291: blocks=[(0, 1), (1, 4), (4, 6), (6, 7), (7, 10)], cost=1344.56
  Col 3292: blocks=[(0, 1), (1, 4), (4, 6), (6, 7), (7, 10)], cost=1345.58
  Col 3293: blocks=[(0, 1), (1, 4), (4, 6), (6, 7), (7, 10)], cost=1346.35
  Col 3294: blocks=[(0, 1), (1, 4), (4, 6), (6, 7), (7, 10)], cost=1346.00
  Col 3295: blocks=[(0, 1), (1, 4), (4, 6), (6, 7), (7, 10)], cost=1347.03
  Col 3296: blocks=[(0, 1), (1, 4), (4, 6), (6, 7), (7, 10)], cost=1349.26
  Col 3297: blocks=[(0, 1), (1, 4), (4, 6), (6, 8), (8, 9), (9, 10)], cost=1211.71
  Col 3298: blocks=[(0, 1), (1, 4), (4, 6), (6, 8), (8, 9), (9, 10)], cost=1294.96
  Col 3299: blocks=[(0, 1), (1, 4), (4, 6), (6, 8), (8, 9), (9, 10)], cost=1296.41
  Col 3300: blocks=[(0, 1), (1, 4), (4, 6), (6, 8), (8, 9), (9, 10)], cost=1298.63
  Col 3301: blocks=[(0, 1), (1, 4), (4, 6), (6, 8), (8, 9), (9, 10)], cost=1299.66
  Col 3302: blocks=[(0, 1), (1, 4), (4, 6), (6, 8), (8, 9), (9, 10)], cost=1379.66
  Col 3303: blocks=[(0, 1), (1, 4), (4, 6), (6, 8), (8, 9), (9, 10)], cost=1381.89
  Col 3304: blocks=[(0, 1), (1, 4), (4, 6), (6, 8), (8, 9), (9, 10)], cost=1382.92
  Col 3305: blocks=[(0, 1), (1, 4), (4, 6), (6, 8), (8, 9), (9, 10)], cost=1383.34
  Col 3306: blocks=[(0, 1), (1, 4), (4, 6), (6, 8), (8, 9), (9, 10)], cost=1384.36
  Col 3307: blocks=[(0, 1), (1, 4), (4, 6), (6, 8), (8, 9), (9, 10)], cost=1386.59
  Col 3308: blocks=[(0, 1), (1, 4), (4, 6), (6, 8), (8, 9), (9, 10)], cost=1466.59
  Col 3309: blocks=[(0, 1), (1, 4), (4, 6), (6, 8), (8, 9), (9, 10)], cost=1467.62
  Col 3310: blocks=[(0, 1), (1, 4), (4, 6), (6, 8), (8, 9), (9, 10)], cost=1469.84
  Col 3311: blocks=[(0, 1), (1, 4), (4, 6), (6, 8), (8, 9), (9, 10)], cost=1471.29
  Col 3312: blocks=[(0, 1), (1, 4), (4, 6), (6, 8), (8, 10)], cost=1180.65
  Col 3313: blocks=[(0, 1), (1, 4), (4, 6), (6, 8), (8, 10)], cost=1263.90
  Col 3314: blocks=[(0, 1), (1, 4), (4, 6), (6, 8), (8, 10)], cost=1265.35
  Col 3315: blocks=[(0, 1), (1, 4), (4, 6), (6, 8), (8, 10)], cost=1267.57
  Col 3316: blocks=[(0, 1), (1, 4), (4, 6), (6, 8), (8, 10)], cost=1268.60
  Col 3317: blocks=[(0, 1), (1, 4), (4, 6), (6, 8), (8, 10)], cost=1268.25
  Col 3318: blocks=[(0, 1), (1, 4), (4, 6), (6, 8), (8, 10)], cost=1348.60
  Col 3319: blocks=[(0, 1), (1, 4), (4, 6), (6, 8), (8, 10)], cost=1350.83
  Col 3320: blocks=[(0, 1), (1, 4), (4, 6), (6, 8), (8, 10)], cost=1351.86
  Col 3321: blocks=[(0, 1), (1, 4), (4, 6), (6, 8), (8, 10)], cost=1351.51
  Col 3322: blocks=[(0, 1), (1, 4), (4, 6), (6, 8), (8, 10)], cost=1352.28
  Col 3323: blocks=[(0, 1), (1, 4), (4, 6), (6, 8), (8, 10)], cost=1353.30
  Col 3324: blocks=[(0, 1), (1, 4), (4, 6), (6, 8), (8, 10)], cost=1352.96
  Col 3325: blocks=[(0, 1), (1, 4), (4, 6), (6, 8), (8, 10)], cost=1355.53
  Col 3326: blocks=[(0, 1), (1, 4), (4, 6), (6, 8), (8, 10)], cost=1355.18
  Col 3327: blocks=[(0, 1), (1, 4), (4, 6), (6, 8), (8, 10)], cost=1356.21
  Col 3328: blocks=[(0, 1), (1, 4), (4, 6), (6, 8), (8, 10)], cost=1435.53
  Col 3329: blocks=[(0, 1), (1, 4), (4, 6), (6, 8), (8, 10)], cost=1436.56
  Col 3330: blocks=[(0, 1), (1, 4), (4, 6), (6, 8), (8, 10)], cost=1436.21
  Col 3331: blocks=[(0, 1), (1, 4), (4, 6), (6, 8), (8, 10)], cost=1438.78
  Col 3332: blocks=[(0, 1), (1, 4), (4, 6), (6, 8), (8, 10)], cost=1438.44
  Col 3333: blocks=[(0, 1), (1, 4), (4, 6), (6, 8), (8, 10)], cost=1439.46
  Col 3334: blocks=[(0, 1), (1, 4), (4, 6), (6, 8), (8, 10)], cost=1440.23
  Col 3335: blocks=[(0, 1), (1, 4), (4, 6), (6, 8), (8, 10)], cost=1439.88
  Col 3336: blocks=[(0, 1), (1, 4), (4, 6), (6, 8), (8, 10)], cost=1440.91
  Col 3337: blocks=[(0, 1), (1, 4), (4, 6), (6, 8), (8, 10)], cost=1443.14
  Col 3338: blocks=[(0, 1), (1, 4), (4, 6), (6, 9), (9, 10)], cost=1106.18
  Col 3339: blocks=[(0, 1), (1, 4), (4, 6), (6, 9), (9, 10)], cost=1189.44
  Col 3340: blocks=[(0, 1), (1, 4), (4, 6), (6, 9), (9, 10)], cost=1190.89
  Col 3341: blocks=[(0, 1), (1, 4), (4, 6), (6, 9), (9, 10)], cost=1193.11
  Col 3342: blocks=[(0, 1), (1, 4), (4, 6), (6, 9), (9, 10)], cost=1194.14
  Col 3343: blocks=[(0, 1), (1, 4), (4, 6), (6, 9), (9, 10)], cost=1194.14
  Col 3344: blocks=[(0, 1), (1, 4), (4, 6), (6, 9), (9, 10)], cost=1274.14
  Col 3345: blocks=[(0, 1), (1, 4), (4, 6), (6, 9), (9, 10)], cost=1276.37
  Col 3346: blocks=[(0, 1), (1, 4), (4, 6), (6, 9), (9, 10)], cost=1277.39
  Col 3347: blocks=[(0, 1), (1, 4), (4, 6), (6, 9), (9, 10)], cost=1277.39
  Col 3348: blocks=[(0, 1), (1, 4), (4, 6), (6, 9), (9, 10)], cost=1277.81
  Col 3349: blocks=[(0, 1), (1, 4), (4, 6), (6, 9), (9, 10)], cost=1278.84
  Col 3350: blocks=[(0, 1), (1, 4), (4, 6), (6, 9), (9, 10)], cost=1278.84
  Col 3351: blocks=[(0, 1), (1, 4), (4, 6), (6, 9), (9, 10)], cost=1281.07
  Col 3352: blocks=[(0, 1), (1, 4), (4, 6), (6, 9), (9, 10)], cost=1281.07
  Col 3353: blocks=[(0, 1), (1, 4), (4, 6), (6, 9), (9, 10)], cost=1282.10
  Col 3354: blocks=[(0, 1), (1, 4), (4, 6), (6, 9), (9, 10)], cost=1361.07
  Col 3355: blocks=[(0, 1), (1, 4), (4, 6), (6, 9), (9, 10)], cost=1362.10
  Col 3356: blocks=[(0, 1), (1, 4), (4, 6), (6, 9), (9, 10)], cost=1362.10
  Col 3357: blocks=[(0, 1), (1, 4), (4, 6), (6, 9), (9, 10)], cost=1364.32
  Col 3358: blocks=[(0, 1), (1, 4), (4, 6), (6, 9), (9, 10)], cost=1364.32
  Col 3359: blocks=[(0, 1), (1, 4), (4, 6), (6, 9), (9, 10)], cost=1365.35
  Col 3360: blocks=[(0, 1), (1, 4), (4, 6), (6, 9), (9, 10)], cost=1365.77
  Col 3361: blocks=[(0, 1), (1, 4), (4, 6), (6, 9), (9, 10)], cost=1365.77
  Col 3362: blocks=[(0, 1), (1, 4), (4, 6), (6, 9), (9, 10)], cost=1366.80
  Col 3363: blocks=[(0, 1), (1, 4), (4, 6), (6, 9), (9, 10)], cost=1369.02
  Col 3364: blocks=[(0, 1), (1, 4), (4, 6), (6, 10)], cost=1056.70
  Col 3365: blocks=[(0, 1), (1, 4), (4, 6), (6, 10)], cost=1139.95
  Col 3366: blocks=[(0, 1), (1, 4), (4, 6), (6, 10)], cost=1141.40
  Col 3367: blocks=[(0, 1), (1, 4), (4, 6), (6, 10)], cost=1143.63
  Col 3368: blocks=[(0, 1), (1, 4), (4, 6), (6, 10)], cost=1144.66
  Col 3369: blocks=[(0, 1), (1, 4), (4, 6), (6, 10)], cost=1144.66
  Col 3370: blocks=[(0, 1), (1, 4), (4, 6), (6, 10)], cost=1144.31
  Col 3371: blocks=[(0, 1), (1, 4), (4, 6), (6, 10)], cost=1224.66
  Col 3372: blocks=[(0, 1), (1, 4), (4, 6), (6, 10)], cost=1226.88
  Col 3373: blocks=[(0, 1), (1, 4), (4, 6), (6, 10)], cost=1227.91
  Col 3374: blocks=[(0, 1), (1, 4), (4, 6), (6, 10)], cost=1227.91
  Col 3375: blocks=[(0, 1), (1, 4), (4, 6), (6, 10)], cost=1227.56
  Col 3376: blocks=[(0, 1), (1, 4), (4, 6), (6, 10)], cost=1228.33
  Col 3377: blocks=[(0, 1), (1, 4), (4, 6), (6, 10)], cost=1229.36
  Col 3378: blocks=[(0, 1), (1, 4), (4, 6), (6, 10)], cost=1229.36
  Col 3379: blocks=[(0, 1), (1, 4), (4, 6), (6, 10)], cost=1229.01
  Col 3380: blocks=[(0, 1), (1, 4), (4, 6), (6, 10)], cost=1231.58
  Col 3381: blocks=[(0, 1), (1, 4), (4, 6), (6, 10)], cost=1231.58
  Col 3382: blocks=[(0, 1), (1, 4), (4, 6), (6, 10)], cost=1231.24
  Col 3383: blocks=[(0, 1), (1, 4), (4, 6), (6, 10)], cost=1232.61
  Col 3384: blocks=[(0, 1), (1, 4), (4, 6), (6, 10)], cost=1232.26
  Col 3385: blocks=[(0, 1), (1, 4), (4, 6), (6, 10)], cost=1232.26
  Col 3386: blocks=[(0, 1), (1, 4), (4, 6), (6, 10)], cost=1311.58
  Col 3387: blocks=[(0, 1), (1, 4), (4, 6), (6, 10)], cost=1312.61
  Col 3388: blocks=[(0, 1), (1, 4), (4, 6), (6, 10)], cost=1312.61
  Col 3389: blocks=[(0, 1), (1, 4), (4, 6), (6, 10)], cost=1312.26
  Col 3390: blocks=[(0, 1), (1, 4), (4, 6), (6, 10)], cost=1314.84
  Col 3391: blocks=[(0, 1), (1, 4), (4, 6), (6, 10)], cost=1314.84
  Col 3392: blocks=[(0, 1), (1, 4), (4, 6), (6, 10)], cost=1314.49
  Col 3393: blocks=[(0, 1), (1, 4), (4, 6), (6, 10)], cost=1315.87
  Col 3394: blocks=[(0, 1), (1, 4), (4, 6), (6, 10)], cost=1315.52
  Col 3395: blocks=[(0, 1), (1, 4), (4, 6), (6, 10)], cost=1315.52
  Col 3396: blocks=[(0, 1), (1, 4), (4, 6), (6, 10)], cost=1316.29
  Col 3397: blocks=[(0, 1), (1, 4), (4, 6), (6, 10)], cost=1316.29
  Col 3398: blocks=[(0, 1), (1, 4), (4, 6), (6, 10)], cost=1315.94
  Col 3399: blocks=[(0, 1), (1, 4), (4, 6), (6, 10)], cost=1317.31
  Col 3400: blocks=[(0, 1), (1, 4), (4, 6), (6, 10)], cost=1316.97
  Col 3401: blocks=[(0, 1), (1, 4), (4, 6), (6, 10)], cost=1316.97
  Col 3402: blocks=[(0, 1), (1, 4), (4, 6), (6, 10)], cost=1319.54
  Col 3403: blocks=[(0, 1), (1, 4), (4, 6), (6, 10)], cost=1319.19
  Col 3404: blocks=[(0, 1), (1, 4), (4, 6), (6, 10)], cost=1319.19
  Col 3405: blocks=[(0, 1), (1, 4), (4, 6), (6, 10)], cost=1320.22
  Col 3406: blocks=[(0, 1), (1, 4), (4, 7), (7, 8), (8, 9), (9, 10)], cost=1222.10
  Col 3407: blocks=[(0, 1), (1, 4), (4, 7), (7, 8), (8, 9), (9, 10)], cost=1305.35
  Col 3408: blocks=[(0, 1), (1, 4), (4, 7), (7, 8), (8, 9), (9, 10)], cost=1306.80
  Col 3409: blocks=[(0, 1), (1, 4), (4, 7), (7, 8), (8, 9), (9, 10)], cost=1309.03
  Col 3410: blocks=[(0, 1), (1, 4), (4, 7), (7, 8), (8, 9), (9, 10)], cost=1309.71
  Col 3411: blocks=[(0, 1), (1, 4), (4, 7), (7, 8), (8, 9), (9, 10)], cost=1390.06
  Col 3412: blocks=[(0, 1), (1, 4), (4, 7), (7, 8), (8, 9), (9, 10)], cost=1392.28
  Col 3413: blocks=[(0, 1), (1, 4), (4, 7), (7, 8), (8, 9), (9, 10)], cost=1392.96
  Col 3414: blocks=[(0, 1), (1, 4), (4, 7), (7, 8), (8, 9), (9, 10)], cost=1393.73
  Col 3415: blocks=[(0, 1), (1, 4), (4, 7), (7, 8), (8, 9), (9, 10)], cost=1394.41
  Col 3416: blocks=[(0, 1), (1, 4), (4, 7), (7, 8), (8, 9), (9, 10)], cost=1396.64
  Col 3417: blocks=[(0, 1), (1, 4), (4, 7), (7, 8), (8, 9), (9, 10)], cost=1476.98
  Col 3418: blocks=[(0, 1), (1, 4), (4, 7), (7, 8), (8, 9), (9, 10)], cost=1477.67
  Col 3419: blocks=[(0, 1), (1, 4), (4, 7), (7, 8), (8, 9), (9, 10)], cost=1479.89
  Col 3420: blocks=[(0, 1), (1, 4), (4, 7), (7, 8), (8, 9), (9, 10)], cost=1481.34
  Col 3421: blocks=[(0, 1), (1, 4), (4, 7), (7, 8), (8, 10)], cost=1191.04
  Col 3422: blocks=[(0, 1), (1, 4), (4, 7), (7, 8), (8, 10)], cost=1274.29
  Col 3423: blocks=[(0, 1), (1, 4), (4, 7), (7, 8), (8, 10)], cost=1275.74
  Col 3424: blocks=[(0, 1), (1, 4), (4, 7), (7, 8), (8, 10)], cost=1277.97
  Col 3425: blocks=[(0, 1), (1, 4), (4, 7), (7, 8), (8, 10)], cost=1278.65
  Col 3426: blocks=[(0, 1), (1, 4), (4, 7), (7, 8), (8, 10)], cost=1278.65
  Col 3427: blocks=[(0, 1), (1, 4), (4, 7), (7, 8), (8, 10)], cost=1359.00
  Col 3428: blocks=[(0, 1), (1, 4), (4, 7), (7, 8), (8, 10)], cost=1361.22
  Col 3429: blocks=[(0, 1), (1, 4), (4, 7), (7, 8), (8, 10)], cost=1361.90
  Col 3430: blocks=[(0, 1), (1, 4), (4, 7), (7, 8), (8, 10)], cost=1361.90
  Col 3431: blocks=[(0, 1), (1, 4), (4, 7), (7, 8), (8, 10)], cost=1362.67
  Col 3432: blocks=[(0, 1), (1, 4), (4, 7), (7, 8), (8, 10)], cost=1363.35
  Col 3433: blocks=[(0, 1), (1, 4), (4, 7), (7, 8), (8, 10)], cost=1363.35
  Col 3434: blocks=[(0, 1), (1, 4), (4, 7), (7, 8), (8, 10)], cost=1365.58
  Col 3435: blocks=[(0, 1), (1, 4), (4, 7), (7, 8), (8, 10)], cost=1365.58
  Col 3436: blocks=[(0, 1), (1, 4), (4, 7), (7, 8), (8, 10)], cost=1366.26
  Col 3437: blocks=[(0, 1), (1, 4), (4, 7), (7, 8), (8, 10)], cost=1445.92
  Col 3438: blocks=[(0, 1), (1, 4), (4, 7), (7, 8), (8, 10)], cost=1446.61
  Col 3439: blocks=[(0, 1), (1, 4), (4, 7), (7, 8), (8, 10)], cost=1446.61
  Col 3440: blocks=[(0, 1), (1, 4), (4, 7), (7, 8), (8, 10)], cost=1448.83
  Col 3441: blocks=[(0, 1), (1, 4), (4, 7), (7, 8), (8, 10)], cost=1448.83
  Col 3442: blocks=[(0, 1), (1, 4), (4, 7), (7, 8), (8, 10)], cost=1449.51
  Col 3443: blocks=[(0, 1), (1, 4), (4, 7), (7, 8), (8, 10)], cost=1450.28
  Col 3444: blocks=[(0, 1), (1, 4), (4, 7), (7, 8), (8, 10)], cost=1450.28
  Col 3445: blocks=[(0, 1), (1, 4), (4, 7), (7, 8), (8, 10)], cost=1450.96
  Col 3446: blocks=[(0, 1), (1, 4), (4, 7), (7, 8), (8, 10)], cost=1453.19
  Col 3447: blocks=[(0, 1), (1, 4), (4, 7), (7, 9), (9, 10)], cost=1093.08
  Col 3448: blocks=[(0, 1), (1, 4), (4, 7), (7, 9), (9, 10)], cost=1176.33
  Col 3449: blocks=[(0, 1), (1, 4), (4, 7), (7, 9), (9, 10)], cost=1177.78
  Col 3450: blocks=[(0, 1), (1, 4), (4, 7), (7, 9), (9, 10)], cost=1180.01
  Col 3451: blocks=[(0, 1), (1, 4), (4, 7), (7, 9), (9, 10)], cost=1180.69
  Col 3452: blocks=[(0, 1), (1, 4), (4, 7), (7, 9), (9, 10)], cost=1181.03
  Col 3453: blocks=[(0, 1), (1, 4), (4, 7), (7, 9), (9, 10)], cost=1261.03
  Col 3454: blocks=[(0, 1), (1, 4), (4, 7), (7, 9), (9, 10)], cost=1263.26
  Col 3455: blocks=[(0, 1), (1, 4), (4, 7), (7, 9), (9, 10)], cost=1263.94
  Col 3456: blocks=[(0, 1), (1, 4), (4, 7), (7, 9), (9, 10)], cost=1264.29
  Col 3457: blocks=[(0, 1), (1, 4), (4, 7), (7, 9), (9, 10)], cost=1264.71
  Col 3458: blocks=[(0, 1), (1, 4), (4, 7), (7, 9), (9, 10)], cost=1265.39
  Col 3459: blocks=[(0, 1), (1, 4), (4, 7), (7, 9), (9, 10)], cost=1265.74
  Col 3460: blocks=[(0, 1), (1, 4), (4, 7), (7, 9), (9, 10)], cost=1267.61
  Col 3461: blocks=[(0, 1), (1, 4), (4, 7), (7, 9), (9, 10)], cost=1267.96
  Col 3462: blocks=[(0, 1), (1, 4), (4, 7), (7, 9), (9, 10)], cost=1268.64
  Col 3463: blocks=[(0, 1), (1, 4), (4, 7), (7, 9), (9, 10)], cost=1347.96
  Col 3464: blocks=[(0, 1), (1, 4), (4, 7), (7, 9), (9, 10)], cost=1348.64
  Col 3465: blocks=[(0, 1), (1, 4), (4, 7), (7, 9), (9, 10)], cost=1348.99
  Col 3466: blocks=[(0, 1), (1, 4), (4, 7), (7, 9), (9, 10)], cost=1350.87
  Col 3467: blocks=[(0, 1), (1, 4), (4, 7), (7, 9), (9, 10)], cost=1351.22
  Col 3468: blocks=[(0, 1), (1, 4), (4, 7), (7, 9), (9, 10)], cost=1351.90
  Col 3469: blocks=[(0, 1), (1, 4), (4, 7), (7, 9), (9, 10)], cost=1352.32
  Col 3470: blocks=[(0, 1), (1, 4), (4, 7), (7, 9), (9, 10)], cost=1352.66
  Col 3471: blocks=[(0, 1), (1, 4), (4, 7), (7, 9), (9, 10)], cost=1353.35
  Col 3472: blocks=[(0, 1), (1, 4), (4, 7), (7, 9), (9, 10)], cost=1355.57
  Col 3473: blocks=[(0, 1), (1, 4), (4, 7), (7, 10)], cost=1018.95
  Col 3474: blocks=[(0, 1), (1, 4), (4, 7), (7, 10)], cost=1102.20
  Col 3475: blocks=[(0, 1), (1, 4), (4, 7), (7, 10)], cost=1103.65
  Col 3476: blocks=[(0, 1), (1, 4), (4, 7), (7, 10)], cost=1105.88
  Col 3477: blocks=[(0, 1), (1, 4), (4, 7), (7, 10)], cost=1106.56
  Col 3478: blocks=[(0, 1), (1, 4), (4, 7), (7, 10)], cost=1106.90
  Col 3479: blocks=[(0, 1), (1, 4), (4, 7), (7, 10)], cost=1106.56
  Col 3480: blocks=[(0, 1), (1, 4), (4, 7), (7, 10)], cost=1186.90
  Col 3481: blocks=[(0, 1), (1, 4), (4, 7), (7, 10)], cost=1189.13
  Col 3482: blocks=[(0, 1), (1, 4), (4, 7), (7, 10)], cost=1189.81
  Col 3483: blocks=[(0, 1), (1, 4), (4, 7), (7, 10)], cost=1190.16
  Col 3484: blocks=[(0, 1), (1, 4), (4, 7), (7, 10)], cost=1189.81
  Col 3485: blocks=[(0, 1), (1, 4), (4, 7), (7, 10)], cost=1190.58
  Col 3486: blocks=[(0, 1), (1, 4), (4, 7), (7, 10)], cost=1191.26
  Col 3487: blocks=[(0, 1), (1, 4), (4, 7), (7, 10)], cost=1191.61
  Col 3488: blocks=[(0, 1), (1, 4), (4, 7), (7, 10)], cost=1191.26
  Col 3489: blocks=[(0, 1), (1, 4), (4, 7), (7, 10)], cost=1193.49
  Col 3490: blocks=[(0, 1), (1, 4), (4, 7), (7, 10)], cost=1193.83
  Col 3491: blocks=[(0, 1), (1, 4), (4, 7), (7, 10)], cost=1193.49
  Col 3492: blocks=[(0, 1), (1, 4), (4, 7), (7, 10)], cost=1194.51
  Col 3493: blocks=[(0, 1), (1, 4), (4, 7), (7, 10)], cost=1194.17
  Col 3494: blocks=[(0, 1), (1, 4), (4, 7), (7, 10)], cost=1194.51
  Col 3495: blocks=[(0, 1), (1, 4), (4, 7), (7, 10)], cost=1273.83
  Col 3496: blocks=[(0, 1), (1, 4), (4, 7), (7, 10)], cost=1274.51
  Col 3497: blocks=[(0, 1), (1, 4), (4, 7), (7, 10)], cost=1274.86
  Col 3498: blocks=[(0, 1), (1, 4), (4, 7), (7, 10)], cost=1274.51
  Col 3499: blocks=[(0, 1), (1, 4), (4, 7), (7, 10)], cost=1276.74
  Col 3500: blocks=[(0, 1), (1, 4), (4, 7), (7, 10)], cost=1277.09
  Col 3501: blocks=[(0, 1), (1, 4), (4, 7), (7, 10)], cost=1276.74
  Col 3502: blocks=[(0, 1), (1, 4), (4, 7), (7, 10)], cost=1277.77
  Col 3503: blocks=[(0, 1), (1, 4), (4, 7), (7, 10)], cost=1277.42
  Col 3504: blocks=[(0, 1), (1, 4), (4, 7), (7, 10)], cost=1277.77
  Col 3505: blocks=[(0, 1), (1, 4), (4, 7), (7, 10)], cost=1278.19
  Col 3506: blocks=[(0, 1), (1, 4), (4, 7), (7, 10)], cost=1278.54
  Col 3507: blocks=[(0, 1), (1, 4), (4, 7), (7, 10)], cost=1278.19
  Col 3508: blocks=[(0, 1), (1, 4), (4, 7), (7, 10)], cost=1279.22
  Col 3509: blocks=[(0, 1), (1, 4), (4, 7), (7, 10)], cost=1278.87
  Col 3510: blocks=[(0, 1), (1, 4), (4, 7), (7, 10)], cost=1279.22
  Col 3511: blocks=[(0, 1), (1, 4), (4, 7), (7, 10)], cost=1281.44
  Col 3512: blocks=[(0, 1), (1, 4), (4, 7), (7, 10)], cost=1281.09
  Col 3513: blocks=[(0, 1), (1, 4), (4, 7), (7, 10)], cost=1281.44
  Col 3514: blocks=[(0, 1), (1, 4), (4, 7), (7, 10)], cost=1282.12
  Col 3515: blocks=[(0, 1), (1, 4), (4, 8), (8, 9), (9, 10)], cost=1163.68
  Col 3516: blocks=[(0, 1), (1, 4), (4, 8), (8, 9), (9, 10)], cost=1246.93
  Col 3517: blocks=[(0, 1), (1, 4), (4, 8), (8, 9), (9, 10)], cost=1248.38
  Col 3518: blocks=[(0, 1), (1, 4), (4, 8), (8, 9), (9, 10)], cost=1250.61
  Col 3519: blocks=[(0, 1), (1, 4), (4, 8), (8, 9), (9, 10)], cost=1251.29
  Col 3520: blocks=[(0, 1), (1, 4), (4, 8), (8, 9), (9, 10)], cost=1251.64
  Col 3521: blocks=[(0, 1), (1, 4), (4, 8), (8, 9), (9, 10)], cost=1331.64
  Col 3522: blocks=[(0, 1), (1, 4), (4, 8), (8, 9), (9, 10)], cost=1333.86
  Col 3523: blocks=[(0, 1), (1, 4), (4, 8), (8, 9), (9, 10)], cost=1334.54
  Col 3524: blocks=[(0, 1), (1, 4), (4, 8), (8, 9), (9, 10)], cost=1334.89
  Col 3525: blocks=[(0, 1), (1, 4), (4, 8), (8, 9), (9, 10)], cost=1335.31
  Col 3526: blocks=[(0, 1), (1, 4), (4, 8), (8, 9), (9, 10)], cost=1335.99
  Col 3527: blocks=[(0, 1), (1, 4), (4, 8), (8, 9), (9, 10)], cost=1336.34
  Col 3528: blocks=[(0, 1), (1, 4), (4, 8), (8, 9), (9, 10)], cost=1338.22
  Col 3529: blocks=[(0, 1), (1, 4), (4, 8), (8, 9), (9, 10)], cost=1338.56
  Col 3530: blocks=[(0, 1), (1, 4), (4, 8), (8, 9), (9, 10)], cost=1339.24
  Col 3531: blocks=[(0, 1), (1, 4), (4, 8), (8, 9), (9, 10)], cost=1418.56
  Col 3532: blocks=[(0, 1), (1, 4), (4, 8), (8, 9), (9, 10)], cost=1419.24
  Col 3533: blocks=[(0, 1), (1, 4), (4, 8), (8, 9), (9, 10)], cost=1419.59
  Col 3534: blocks=[(0, 1), (1, 4), (4, 8), (8, 9), (9, 10)], cost=1421.47
  Col 3535: blocks=[(0, 1), (1, 4), (4, 8), (8, 9), (9, 10)], cost=1421.82
  Col 3536: blocks=[(0, 1), (1, 4), (4, 8), (8, 9), (9, 10)], cost=1422.50
  Col 3537: blocks=[(0, 1), (1, 4), (4, 8), (8, 9), (9, 10)], cost=1422.92
  Col 3538: blocks=[(0, 1), (1, 4), (4, 8), (8, 9), (9, 10)], cost=1423.27
  Col 3539: blocks=[(0, 1), (1, 4), (4, 8), (8, 9), (9, 10)], cost=1423.95
  Col 3540: blocks=[(0, 1), (1, 4), (4, 8), (8, 9), (9, 10)], cost=1426.17
  Col 3541: blocks=[(0, 1), (1, 4), (4, 8), (8, 10)], cost=1132.62
  Col 3542: blocks=[(0, 1), (1, 4), (4, 8), (8, 10)], cost=1215.87
  Col 3543: blocks=[(0, 1), (1, 4), (4, 8), (8, 10)], cost=1217.32
  Col 3544: blocks=[(0, 1), (1, 4), (4, 8), (8, 10)], cost=1219.55
  Col 3545: blocks=[(0, 1), (1, 4), (4, 8), (8, 10)], cost=1220.23
  Col 3546: blocks=[(0, 1), (1, 4), (4, 8), (8, 10)], cost=1220.58
  Col 3547: blocks=[(0, 1), (1, 4), (4, 8), (8, 10)], cost=1220.23
  Col 3548: blocks=[(0, 1), (1, 4), (4, 8), (8, 10)], cost=1300.58
  Col 3549: blocks=[(0, 1), (1, 4), (4, 8), (8, 10)], cost=1302.80
  Col 3550: blocks=[(0, 1), (1, 4), (4, 8), (8, 10)], cost=1303.48
  Col 3551: blocks=[(0, 1), (1, 4), (4, 8), (8, 10)], cost=1303.83
  Col 3552: blocks=[(0, 1), (1, 4), (4, 8), (8, 10)], cost=1303.48
  Col 3553: blocks=[(0, 1), (1, 4), (4, 8), (8, 10)], cost=1304.25
  Col 3554: blocks=[(0, 1), (1, 4), (4, 8), (8, 10)], cost=1304.93
  Col 3555: blocks=[(0, 1), (1, 4), (4, 8), (8, 10)], cost=1305.28
  Col 3556: blocks=[(0, 1), (1, 4), (4, 8), (8, 10)], cost=1304.93
  Col 3557: blocks=[(0, 1), (1, 4), (4, 8), (8, 10)], cost=1307.16
  Col 3558: blocks=[(0, 1), (1, 4), (4, 8), (8, 10)], cost=1307.50
  Col 3559: blocks=[(0, 1), (1, 4), (4, 8), (8, 10)], cost=1307.16
  Col 3560: blocks=[(0, 1), (1, 4), (4, 8), (8, 10)], cost=1308.18
  Col 3561: blocks=[(0, 1), (1, 4), (4, 8), (8, 10)], cost=1307.84
  Col 3562: blocks=[(0, 1), (1, 4), (4, 8), (8, 10)], cost=1308.18
  Col 3563: blocks=[(0, 1), (1, 4), (4, 8), (8, 10)], cost=1387.50
  Col 3564: blocks=[(0, 1), (1, 4), (4, 8), (8, 10)], cost=1388.18
  Col 3565: blocks=[(0, 1), (1, 4), (4, 8), (8, 10)], cost=1388.53
  Col 3566: blocks=[(0, 1), (1, 4), (4, 8), (8, 10)], cost=1388.18
  Col 3567: blocks=[(0, 1), (1, 4), (4, 8), (8, 10)], cost=1390.41
  Col 3568: blocks=[(0, 1), (1, 4), (4, 8), (8, 10)], cost=1390.76
  Col 3569: blocks=[(0, 1), (1, 4), (4, 8), (8, 10)], cost=1390.41
  Col 3570: blocks=[(0, 1), (1, 4), (4, 8), (8, 10)], cost=1391.44
  Col 3571: blocks=[(0, 1), (1, 4), (4, 8), (8, 10)], cost=1391.09
  Col 3572: blocks=[(0, 1), (1, 4), (4, 8), (8, 10)], cost=1391.44
  Col 3573: blocks=[(0, 1), (1, 4), (4, 8), (8, 10)], cost=1391.86
  Col 3574: blocks=[(0, 1), (1, 4), (4, 8), (8, 10)], cost=1392.21
  Col 3575: blocks=[(0, 1), (1, 4), (4, 8), (8, 10)], cost=1391.86
  Col 3576: blocks=[(0, 1), (1, 4), (4, 8), (8, 10)], cost=1392.89
  Col 3577: blocks=[(0, 1), (1, 4), (4, 8), (8, 10)], cost=1392.54
  Col 3578: blocks=[(0, 1), (1, 4), (4, 8), (8, 10)], cost=1392.89
  Col 3579: blocks=[(0, 1), (1, 4), (4, 8), (8, 10)], cost=1395.11
  Col 3580: blocks=[(0, 1), (1, 4), (4, 8), (8, 10)], cost=1394.76
  Col 3581: blocks=[(0, 1), (1, 4), (4, 8), (8, 10)], cost=1395.11
  Col 3582: blocks=[(0, 1), (1, 4), (4, 8), (8, 10)], cost=1395.79
  Col 3583: blocks=[(0, 1), (1, 4), (4, 9), (9, 10)], cost=1105.89
  Col 3584: blocks=[(0, 1), (1, 4), (4, 9), (9, 10)], cost=1189.14
  Col 3585: blocks=[(0, 1), (1, 4), (4, 9), (9, 10)], cost=1190.59
  Col 3586: blocks=[(0, 1), (1, 4), (4, 9), (9, 10)], cost=1192.82
  Col 3587: blocks=[(0, 1), (1, 4), (4, 9), (9, 10)], cost=1193.50
  Col 3588: blocks=[(0, 1), (1, 4), (4, 9), (9, 10)], cost=1193.85
  Col 3589: blocks=[(0, 1), (1, 4), (4, 9), (9, 10)], cost=1193.85
  Col 3590: blocks=[(0, 1), (1, 4), (4, 9), (9, 10)], cost=1273.85
  Col 3591: blocks=[(0, 1), (1, 4), (4, 9), (9, 10)], cost=1276.07
  Col 3592: blocks=[(0, 1), (1, 4), (4, 9), (9, 10)], cost=1276.75
  Col 3593: blocks=[(0, 1), (1, 4), (4, 9), (9, 10)], cost=1277.10
  Col 3594: blocks=[(0, 1), (1, 4), (4, 9), (9, 10)], cost=1277.10
  Col 3595: blocks=[(0, 1), (1, 4), (4, 9), (9, 10)], cost=1277.52
  Col 3596: blocks=[(0, 1), (1, 4), (4, 9), (9, 10)], cost=1278.20
  Col 3597: blocks=[(0, 1), (1, 4), (4, 9), (9, 10)], cost=1278.55
  Col 3598: blocks=[(0, 1), (1, 4), (4, 9), (9, 10)], cost=1278.55
  Col 3599: blocks=[(0, 1), (1, 4), (4, 9), (9, 10)], cost=1280.43
  Col 3600: blocks=[(0, 1), (1, 4), (4, 9), (9, 10)], cost=1280.77
  Col 3601: blocks=[(0, 1), (1, 4), (4, 9), (9, 10)], cost=1280.77
  Col 3602: blocks=[(0, 1), (1, 4), (4, 9), (9, 10)], cost=1281.45
  Col 3603: blocks=[(0, 1), (1, 4), (4, 9), (9, 10)], cost=1281.45
  Col 3604: blocks=[(0, 1), (1, 4), (4, 9), (9, 10)], cost=1281.80
  Col 3605: blocks=[(0, 1), (1, 4), (4, 9), (9, 10)], cost=1360.77
  Col 3606: blocks=[(0, 1), (1, 4), (4, 9), (9, 10)], cost=1361.45
  Col 3607: blocks=[(0, 1), (1, 4), (4, 9), (9, 10)], cost=1361.80
  Col 3608: blocks=[(0, 1), (1, 4), (4, 9), (9, 10)], cost=1361.80
  Col 3609: blocks=[(0, 1), (1, 4), (4, 9), (9, 10)], cost=1363.68
  Col 3610: blocks=[(0, 1), (1, 4), (4, 9), (9, 10)], cost=1364.03
  Col 3611: blocks=[(0, 1), (1, 4), (4, 9), (9, 10)], cost=1364.03
  Col 3612: blocks=[(0, 1), (1, 4), (4, 9), (9, 10)], cost=1364.71
  Col 3613: blocks=[(0, 1), (1, 4), (4, 9), (9, 10)], cost=1364.71
  Col 3614: blocks=[(0, 1), (1, 4), (4, 9), (9, 10)], cost=1365.06
  Col 3615: blocks=[(0, 1), (1, 4), (4, 9), (9, 10)], cost=1365.13
  Col 3616: blocks=[(0, 1), (1, 4), (4, 9), (9, 10)], cost=1365.48
  Col 3617: blocks=[(0, 1), (1, 4), (4, 9), (9, 10)], cost=1365.48
  Col 3618: blocks=[(0, 1), (1, 4), (4, 9), (9, 10)], cost=1366.16
  Col 3619: blocks=[(0, 1), (1, 4), (4, 9), (9, 10)], cost=1366.16
  Col 3620: blocks=[(0, 1), (1, 4), (4, 9), (9, 10)], cost=1366.50
  Col 3621: blocks=[(0, 1), (1, 4), (4, 9), (9, 10)], cost=1368.38
  Col 3622: blocks=[(0, 1), (1, 4), (4, 9), (9, 10)], cost=1368.38
  Col 3623: blocks=[(0, 1), (1, 4), (4, 9), (9, 10)], cost=1368.73
  Col 3624: blocks=[(0, 1), (1, 4), (4, 9), (9, 10)], cost=1369.41
  Col 3625: blocks=[(0, 1), (1, 4), (4, 10)], cost=1106.47
  Col 3626: blocks=[(0, 1), (1, 4), (4, 10)], cost=1189.72
  Col 3627: blocks=[(0, 1), (1, 4), (4, 10)], cost=1191.17
  Col 3628: blocks=[(0, 1), (1, 4), (4, 10)], cost=1193.39
  Col 3629: blocks=[(0, 1), (1, 4), (4, 10)], cost=1194.08
  Col 3630: blocks=[(0, 1), (1, 4), (4, 10)], cost=1194.42
  Col 3631: blocks=[(0, 1), (1, 4), (4, 10)], cost=1194.42
  Col 3632: blocks=[(0, 1), (1, 4), (4, 10)], cost=1194.08
  Col 3633: blocks=[(0, 1), (1, 4), (4, 10)], cost=1274.42
  Col 3634: blocks=[(0, 1), (1, 4), (4, 10)], cost=1276.65
  Col 3635: blocks=[(0, 1), (1, 4), (4, 10)], cost=1277.33
  Col 3636: blocks=[(0, 1), (1, 4), (4, 10)], cost=1277.68
  Col 3637: blocks=[(0, 1), (1, 4), (4, 10)], cost=1277.68
  Col 3638: blocks=[(0, 1), (1, 4), (4, 10)], cost=1277.33
  Col 3639: blocks=[(0, 1), (1, 4), (4, 10)], cost=1278.10
  Col 3640: blocks=[(0, 1), (1, 4), (4, 10)], cost=1278.78
  Col 3641: blocks=[(0, 1), (1, 4), (4, 10)], cost=1279.12
  Col 3642: blocks=[(0, 1), (1, 4), (4, 10)], cost=1279.12
  Col 3643: blocks=[(0, 1), (1, 4), (4, 10)], cost=1278.78
  Col 3644: blocks=[(0, 1), (1, 4), (4, 10)], cost=1281.00
  Col 3645: blocks=[(0, 1), (1, 4), (4, 10)], cost=1281.35
  Col 3646: blocks=[(0, 1), (1, 4), (4, 10)], cost=1281.35
  Col 3647: blocks=[(0, 1), (1, 4), (4, 10)], cost=1281.00
  Col 3648: blocks=[(0, 1), (1, 4), (4, 10)], cost=1282.03
  Col 3649: blocks=[(0, 1), (1, 4), (4, 10)], cost=1282.03
  Col 3650: blocks=[(0, 1), (1, 4), (4, 10)], cost=1281.68
  Col 3651: blocks=[(0, 1), (1, 4), (4, 10)], cost=1282.38
  Col 3652: blocks=[(0, 1), (1, 4), (4, 10)], cost=1282.03
  Col 3653: blocks=[(0, 1), (1, 4), (4, 10)], cost=1282.03
  Col 3654: blocks=[(0, 1), (1, 4), (4, 10)], cost=1361.35
  Col 3655: blocks=[(0, 1), (1, 4), (4, 10)], cost=1362.03
  Col 3656: blocks=[(0, 1), (1, 4), (4, 10)], cost=1362.38
  Col 3657: blocks=[(0, 1), (1, 4), (4, 10)], cost=1362.38
  Col 3658: blocks=[(0, 1), (1, 4), (4, 10)], cost=1362.03
  Col 3659: blocks=[(0, 1), (1, 4), (4, 10)], cost=1364.26
  Col 3660: blocks=[(0, 1), (1, 4), (4, 10)], cost=1364.60
  Col 3661: blocks=[(0, 1), (1, 4), (4, 10)], cost=1364.60
  Col 3662: blocks=[(0, 1), (1, 4), (4, 10)], cost=1364.26
  Col 3663: blocks=[(0, 1), (1, 4), (4, 10)], cost=1365.29
  Col 3664: blocks=[(0, 1), (1, 4), (4, 10)], cost=1365.29
  Col 3665: blocks=[(0, 1), (1, 4), (4, 10)], cost=1364.94
  Col 3666: blocks=[(0, 1), (1, 4), (4, 10)], cost=1365.63
  Col 3667: blocks=[(0, 1), (1, 4), (4, 10)], cost=1365.29
  Col 3668: blocks=[(0, 1), (1, 4), (4, 10)], cost=1365.29
  Col 3669: blocks=[(0, 1), (1, 4), (4, 10)], cost=1365.71
  Col 3670: blocks=[(0, 1), (1, 4), (4, 10)], cost=1366.05
  Col 3671: blocks=[(0, 1), (1, 4), (4, 10)], cost=1366.05
  Col 3672: blocks=[(0, 1), (1, 4), (4, 10)], cost=1365.71
  Col 3673: blocks=[(0, 1), (1, 4), (4, 10)], cost=1366.73
  Col 3674: blocks=[(0, 1), (1, 4), (4, 10)], cost=1366.73
  Col 3675: blocks=[(0, 1), (1, 4), (4, 10)], cost=1366.39
  Col 3676: blocks=[(0, 1), (1, 4), (4, 10)], cost=1367.08
  Col 3677: blocks=[(0, 1), (1, 4), (4, 10)], cost=1366.73
  Col 3678: blocks=[(0, 1), (1, 4), (4, 10)], cost=1366.73
  Col 3679: blocks=[(0, 1), (1, 4), (4, 10)], cost=1368.96
  Col 3680: blocks=[(0, 1), (1, 4), (4, 10)], cost=1368.96
  Col 3681: blocks=[(0, 1), (1, 4), (4, 10)], cost=1368.61
  Col 3682: blocks=[(0, 1), (1, 4), (4, 10)], cost=1369.31
  Col 3683: blocks=[(0, 1), (1, 4), (4, 10)], cost=1368.96
  Col 3684: blocks=[(0, 1), (1, 4), (4, 10)], cost=1368.96
  Col 3685: blocks=[(0, 1), (1, 4), (4, 10)], cost=1369.99
  Col 3686: blocks=[(0, 1), (1, 4), (4, 10)], cost=1369.64
  Col 3687: blocks=[(0, 1), (1, 4), (4, 10)], cost=1369.64
  Col 3688: blocks=[(0, 1), (1, 4), (4, 10)], cost=1369.99
  Col 3689: blocks=[(0, 1), (1, 5), (5, 6), (6, 7), (7, 8), (8, 9), (9, 10)], cost=1376.14
  Col 3690: blocks=[(0, 1), (1, 5), (5, 6), (6, 7), (7, 8), (8, 9), (9, 10)], cost=1459.40
  Col 3691: blocks=[(0, 1), (1, 5), (5, 6), (6, 7), (7, 8), (8, 9), (9, 10)], cost=1460.85
  Col 3692: blocks=[(0, 1), (1, 5), (5, 6), (6, 7), (7, 8), (8, 9), (9, 10)], cost=1462.09
  Col 3693: blocks=[(0, 1), (1, 5), (5, 6), (6, 7), (7, 8), (8, 9), (9, 10)], cost=1544.10
  Col 3694: blocks=[(0, 1), (1, 5), (5, 6), (6, 7), (7, 8), (8, 9), (9, 10)], cost=1545.34
  Col 3695: blocks=[(0, 1), (1, 5), (5, 6), (6, 7), (7, 8), (8, 9), (9, 10)], cost=1546.79
  Col 3696: blocks=[(0, 1), (1, 5), (5, 6), (6, 7), (7, 8), (8, 9), (9, 10)], cost=1630.04
  Col 3697: blocks=[(0, 1), (1, 5), (5, 6), (6, 7), (7, 8), (8, 10)], cost=1345.08
  Col 3698: blocks=[(0, 1), (1, 5), (5, 6), (6, 7), (7, 8), (8, 10)], cost=1432.69
  Col 3699: blocks=[(0, 1), (1, 5), (5, 6), (6, 7), (7, 8), (8, 10)], cost=1428.34
  Col 3700: blocks=[(0, 1), (1, 5), (5, 6), (6, 7), (7, 8), (8, 10)], cost=1429.79
  Col 3701: blocks=[(0, 1), (1, 5), (5, 6), (6, 7), (7, 8), (8, 10)], cost=1431.03
  Col 3702: blocks=[(0, 1), (1, 5), (5, 6), (6, 7), (7, 8), (8, 10)], cost=1515.95
  Col 3703: blocks=[(0, 1), (1, 5), (5, 6), (6, 7), (7, 8), (8, 10)], cost=1517.39
  Col 3704: blocks=[(0, 1), (1, 5), (5, 6), (6, 7), (7, 8), (8, 10)], cost=1518.64
  Col 3705: blocks=[(0, 1), (1, 5), (5, 6), (6, 7), (7, 8), (8, 10)], cost=1513.04
  Col 3706: blocks=[(0, 1), (1, 5), (5, 6), (6, 7), (7, 8), (8, 10)], cost=1514.28
  Col 3707: blocks=[(0, 1), (1, 5), (5, 6), (6, 7), (7, 8), (8, 10)], cost=1515.73
  Col 3708: blocks=[(0, 1), (1, 5), (5, 6), (6, 7), (7, 8), (8, 10)], cost=1600.65
  Col 3709: blocks=[(0, 1), (1, 5), (5, 6), (6, 7), (7, 8), (8, 10)], cost=1601.89
  Col 3710: blocks=[(0, 1), (1, 5), (5, 6), (6, 7), (7, 8), (8, 10)], cost=1603.34
  Col 3711: blocks=[(0, 1), (1, 5), (5, 6), (6, 7), (7, 8), (8, 10)], cost=1598.98
  Col 3712: blocks=[(0, 1), (1, 5), (5, 6), (6, 7), (7, 9), (9, 10)], cost=1247.12
  Col 3713: blocks=[(0, 1), (1, 5), (5, 6), (6, 7), (7, 9), (9, 10)], cost=1335.08
  Col 3714: blocks=[(0, 1), (1, 5), (5, 6), (6, 7), (7, 9), (9, 10)], cost=1330.37
  Col 3715: blocks=[(0, 1), (1, 5), (5, 6), (6, 7), (7, 9), (9, 10)], cost=1331.82
  Col 3716: blocks=[(0, 1), (1, 5), (5, 6), (6, 7), (7, 9), (9, 10)], cost=1333.07
  Col 3717: blocks=[(0, 1), (1, 5), (5, 6), (6, 7), (7, 9), (9, 10)], cost=1418.33
  Col 3718: blocks=[(0, 1), (1, 5), (5, 6), (6, 7), (7, 9), (9, 10)], cost=1419.78
  Col 3719: blocks=[(0, 1), (1, 5), (5, 6), (6, 7), (7, 9), (9, 10)], cost=1421.02
  Col 3720: blocks=[(0, 1), (1, 5), (5, 6), (6, 7), (7, 9), (9, 10)], cost=1415.08
  Col 3721: blocks=[(0, 1), (1, 5), (5, 6), (6, 7), (7, 9), (9, 10)], cost=1416.32
  Col 3722: blocks=[(0, 1), (1, 5), (5, 6), (6, 7), (7, 9), (9, 10)], cost=1417.77
  Col 3723: blocks=[(0, 1), (1, 5), (5, 6), (6, 7), (7, 9), (9, 10)], cost=1503.03
  Col 3724: blocks=[(0, 1), (1, 5), (5, 6), (6, 7), (7, 9), (9, 10)], cost=1504.28
  Col 3725: blocks=[(0, 1), (1, 5), (5, 6), (6, 7), (7, 9), (9, 10)], cost=1505.72
  Col 3726: blocks=[(0, 1), (1, 5), (5, 6), (6, 7), (7, 9), (9, 10)], cost=1501.02
  Col 3727: blocks=[(0, 1), (1, 5), (5, 6), (6, 7), (7, 10)], cost=1172.99
  Col 3728: blocks=[(0, 1), (1, 5), (5, 6), (6, 7), (7, 10)], cost=1256.25
  Col 3729: blocks=[(0, 1), (1, 5), (5, 6), (6, 7), (7, 10)], cost=1257.69
  Col 3730: blocks=[(0, 1), (1, 5), (5, 6), (6, 7), (7, 10)], cost=1258.94
  Col 3731: blocks=[(0, 1), (1, 5), (5, 6), (6, 7), (7, 10)], cost=1260.95
  Col 3732: blocks=[(0, 1), (1, 5), (5, 6), (6, 7), (7, 10)], cost=1260.60
  Col 3733: blocks=[(0, 1), (1, 5), (5, 6), (6, 7), (7, 10)], cost=1340.95
  Col 3734: blocks=[(0, 1), (1, 5), (5, 6), (6, 7), (7, 10)], cost=1342.19
  Col 3735: blocks=[(0, 1), (1, 5), (5, 6), (6, 7), (7, 10)], cost=1344.20
  Col 3736: blocks=[(0, 1), (1, 5), (5, 6), (6, 7), (7, 10)], cost=1343.85
  Col 3737: blocks=[(0, 1), (1, 5), (5, 6), (6, 7), (7, 10)], cost=1343.64
  Col 3738: blocks=[(0, 1), (1, 5), (5, 6), (6, 7), (7, 10)], cost=1345.65
  Col 3739: blocks=[(0, 1), (1, 5), (5, 6), (6, 7), (7, 10)], cost=1345.30
  Col 3740: blocks=[(0, 1), (1, 5), (5, 6), (6, 7), (7, 10)], cost=1346.89
  Col 3741: blocks=[(0, 1), (1, 5), (5, 6), (6, 7), (7, 10)], cost=1346.55
  Col 3742: blocks=[(0, 1), (1, 5), (5, 6), (6, 7), (7, 10)], cost=1348.56
  Col 3743: blocks=[(0, 1), (1, 5), (5, 6), (6, 7), (7, 10)], cost=1426.89
  Col 3744: blocks=[(0, 1), (1, 5), (5, 6), (6, 7), (7, 10)], cost=1428.90
  Col 3745: blocks=[(0, 1), (1, 5), (5, 6), (6, 7), (7, 10)], cost=1428.56
  Col 3746: blocks=[(0, 1), (1, 5), (5, 6), (6, 7), (7, 10)], cost=1430.15
  Col 3747: blocks=[(0, 1), (1, 5), (5, 6), (6, 7), (7, 10)], cost=1429.80
  Col 3748: blocks=[(0, 1), (1, 5), (5, 6), (6, 7), (7, 10)], cost=1431.81
  Col 3749: blocks=[(0, 1), (1, 5), (5, 6), (6, 7), (7, 10)], cost=1431.60
  Col 3750: blocks=[(0, 1), (1, 5), (5, 6), (6, 7), (7, 10)], cost=1431.25
  Col 3751: blocks=[(0, 1), (1, 5), (5, 6), (6, 7), (7, 10)], cost=1433.26
  Col 3752: blocks=[(0, 1), (1, 5), (5, 6), (6, 7), (7, 10)], cost=1434.50
  Col 3753: blocks=[(0, 1), (1, 5), (5, 6), (6, 8), (8, 9), (9, 10)], cost=1297.93
  Col 3754: blocks=[(0, 1), (1, 5), (5, 6), (6, 8), (8, 9), (9, 10)], cost=1381.18
  Col 3755: blocks=[(0, 1), (1, 5), (5, 6), (6, 8), (8, 9), (9, 10)], cost=1382.63
  Col 3756: blocks=[(0, 1), (1, 5), (5, 6), (6, 8), (8, 9), (9, 10)], cost=1383.88
  Col 3757: blocks=[(0, 1), (1, 5), (5, 6), (6, 8), (8, 9), (9, 10)], cost=1385.89
  Col 3758: blocks=[(0, 1), (1, 5), (5, 6), (6, 8), (8, 9), (9, 10)], cost=1465.89
  Col 3759: blocks=[(0, 1), (1, 5), (5, 6), (6, 8), (8, 9), (9, 10)], cost=1467.13
  Col 3760: blocks=[(0, 1), (1, 5), (5, 6), (6, 8), (8, 9), (9, 10)], cost=1469.14
  Col 3761: blocks=[(0, 1), (1, 5), (5, 6), (6, 8), (8, 9), (9, 10)], cost=1468.58
  Col 3762: blocks=[(0, 1), (1, 5), (5, 6), (6, 8), (8, 9), (9, 10)], cost=1470.59
  Col 3763: blocks=[(0, 1), (1, 5), (5, 6), (6, 8), (8, 9), (9, 10)], cost=1471.83
  Col 3764: blocks=[(0, 1), (1, 5), (5, 6), (6, 8), (8, 9), (9, 10)], cost=1551.83
  Col 3765: blocks=[(0, 1), (1, 5), (5, 6), (6, 8), (8, 9), (9, 10)], cost=1553.84
  Col 3766: blocks=[(0, 1), (1, 5), (5, 6), (6, 8), (8, 9), (9, 10)], cost=1555.09
  Col 3767: blocks=[(0, 1), (1, 5), (5, 6), (6, 8), (8, 9), (9, 10)], cost=1556.53
  Col 3768: blocks=[(0, 1), (1, 5), (5, 6), (6, 8), (8, 10)], cost=1266.87
  Col 3769: blocks=[(0, 1), (1, 5), (5, 6), (6, 8), (8, 10)], cost=1350.12
  Col 3770: blocks=[(0, 1), (1, 5), (5, 6), (6, 8), (8, 10)], cost=1351.57
  Col 3771: blocks=[(0, 1), (1, 5), (5, 6), (6, 8), (8, 10)], cost=1352.82
  Col 3772: blocks=[(0, 1), (1, 5), (5, 6), (6, 8), (8, 10)], cost=1354.83
  Col 3773: blocks=[(0, 1), (1, 5), (5, 6), (6, 8), (8, 10)], cost=1354.48
  Col 3774: blocks=[(0, 1), (1, 5), (5, 6), (6, 8), (8, 10)], cost=1434.83
  Col 3775: blocks=[(0, 1), (1, 5), (5, 6), (6, 8), (8, 10)], cost=1436.07
  Col 3776: blocks=[(0, 1), (1, 5), (5, 6), (6, 8), (8, 10)], cost=1438.08
  Col 3777: blocks=[(0, 1), (1, 5), (5, 6), (6, 8), (8, 10)], cost=1437.73
  Col 3778: blocks=[(0, 1), (1, 5), (5, 6), (6, 8), (8, 10)], cost=1437.52
  Col 3779: blocks=[(0, 1), (1, 5), (5, 6), (6, 8), (8, 10)], cost=1439.53
  Col 3780: blocks=[(0, 1), (1, 5), (5, 6), (6, 8), (8, 10)], cost=1439.18
  Col 3781: blocks=[(0, 1), (1, 5), (5, 6), (6, 8), (8, 10)], cost=1440.77
  Col 3782: blocks=[(0, 1), (1, 5), (5, 6), (6, 8), (8, 10)], cost=1440.42
  Col 3783: blocks=[(0, 1), (1, 5), (5, 6), (6, 8), (8, 10)], cost=1442.44
  Col 3784: blocks=[(0, 1), (1, 5), (5, 6), (6, 8), (8, 10)], cost=1520.77
  Col 3785: blocks=[(0, 1), (1, 5), (5, 6), (6, 8), (8, 10)], cost=1522.78
  Col 3786: blocks=[(0, 1), (1, 5), (5, 6), (6, 8), (8, 10)], cost=1522.44
  Col 3787: blocks=[(0, 1), (1, 5), (5, 6), (6, 8), (8, 10)], cost=1524.03
  Col 3788: blocks=[(0, 1), (1, 5), (5, 6), (6, 8), (8, 10)], cost=1523.68
  Col 3789: blocks=[(0, 1), (1, 5), (5, 6), (6, 8), (8, 10)], cost=1525.69
  Col 3790: blocks=[(0, 1), (1, 5), (5, 6), (6, 8), (8, 10)], cost=1525.47
  Col 3791: blocks=[(0, 1), (1, 5), (5, 6), (6, 8), (8, 10)], cost=1525.13
  Col 3792: blocks=[(0, 1), (1, 5), (5, 6), (6, 8), (8, 10)], cost=1527.14
  Col 3793: blocks=[(0, 1), (1, 5), (5, 6), (6, 8), (8, 10)], cost=1528.38
  Col 3794: blocks=[(0, 1), (1, 5), (5, 6), (6, 9), (9, 10)], cost=1192.41
  Col 3795: blocks=[(0, 1), (1, 5), (5, 6), (6, 9), (9, 10)], cost=1275.66
  Col 3796: blocks=[(0, 1), (1, 5), (5, 6), (6, 9), (9, 10)], cost=1277.11
  Col 3797: blocks=[(0, 1), (1, 5), (5, 6), (6, 9), (9, 10)], cost=1278.35
  Col 3798: blocks=[(0, 1), (1, 5), (5, 6), (6, 9), (9, 10)], cost=1280.36
  Col 3799: blocks=[(0, 1), (1, 5), (5, 6), (6, 9), (9, 10)], cost=1280.36
  Col 3800: blocks=[(0, 1), (1, 5), (5, 6), (6, 9), (9, 10)], cost=1360.36
  Col 3801: blocks=[(0, 1), (1, 5), (5, 6), (6, 9), (9, 10)], cost=1361.61
  Col 3802: blocks=[(0, 1), (1, 5), (5, 6), (6, 9), (9, 10)], cost=1363.62
  Col 3803: blocks=[(0, 1), (1, 5), (5, 6), (6, 9), (9, 10)], cost=1363.62
  Col 3804: blocks=[(0, 1), (1, 5), (5, 6), (6, 9), (9, 10)], cost=1363.06
  Col 3805: blocks=[(0, 1), (1, 5), (5, 6), (6, 9), (9, 10)], cost=1365.07
  Col 3806: blocks=[(0, 1), (1, 5), (5, 6), (6, 9), (9, 10)], cost=1365.07
  Col 3807: blocks=[(0, 1), (1, 5), (5, 6), (6, 9), (9, 10)], cost=1366.31
  Col 3808: blocks=[(0, 1), (1, 5), (5, 6), (6, 9), (9, 10)], cost=1366.31
  Col 3809: blocks=[(0, 1), (1, 5), (5, 6), (6, 9), (9, 10)], cost=1368.32
  Col 3810: blocks=[(0, 1), (1, 5), (5, 6), (6, 9), (9, 10)], cost=1446.31
  Col 3811: blocks=[(0, 1), (1, 5), (5, 6), (6, 9), (9, 10)], cost=1448.32
  Col 3812: blocks=[(0, 1), (1, 5), (5, 6), (6, 9), (9, 10)], cost=1448.32
  Col 3813: blocks=[(0, 1), (1, 5), (5, 6), (6, 9), (9, 10)], cost=1449.56
  Col 3814: blocks=[(0, 1), (1, 5), (5, 6), (6, 9), (9, 10)], cost=1449.56
  Col 3815: blocks=[(0, 1), (1, 5), (5, 6), (6, 9), (9, 10)], cost=1451.58
  Col 3816: blocks=[(0, 1), (1, 5), (5, 6), (6, 9), (9, 10)], cost=1451.01
  Col 3817: blocks=[(0, 1), (1, 5), (5, 6), (6, 9), (9, 10)], cost=1451.01
  Col 3818: blocks=[(0, 1), (1, 5), (5, 6), (6, 9), (9, 10)], cost=1453.02
  Col 3819: blocks=[(0, 1), (1, 5), (5, 6), (6, 9), (9, 10)], cost=1454.27
  Col 3820: blocks=[(0, 1), (1, 5), (5, 6), (6, 10)], cost=1142.93
  Col 3821: blocks=[(0, 1), (1, 5), (5, 6), (6, 10)], cost=1226.18
  Col 3822: blocks=[(0, 1), (1, 5), (5, 6), (6, 10)], cost=1227.63
  Col 3823: blocks=[(0, 1), (1, 5), (5, 6), (6, 10)], cost=1228.87
  Col 3824: blocks=[(0, 1), (1, 5), (5, 6), (6, 10)], cost=1230.88
  Col 3825: blocks=[(0, 1), (1, 5), (5, 6), (6, 10)], cost=1230.88
  Col 3826: blocks=[(0, 1), (1, 5), (5, 6), (6, 10)], cost=1230.53
  Col 3827: blocks=[(0, 1), (1, 5), (5, 6), (6, 10)], cost=1310.88
  Col 3828: blocks=[(0, 1), (1, 5), (5, 6), (6, 10)], cost=1312.12
  Col 3829: blocks=[(0, 1), (1, 5), (5, 6), (6, 10)], cost=1314.14
  Col 3830: blocks=[(0, 1), (1, 5), (5, 6), (6, 10)], cost=1314.14
  Col 3831: blocks=[(0, 1), (1, 5), (5, 6), (6, 10)], cost=1313.79
  Col 3832: blocks=[(0, 1), (1, 5), (5, 6), (6, 10)], cost=1313.57
  Col 3833: blocks=[(0, 1), (1, 5), (5, 6), (6, 10)], cost=1315.58
  Col 3834: blocks=[(0, 1), (1, 5), (5, 6), (6, 10)], cost=1315.58
  Col 3835: blocks=[(0, 1), (1, 5), (5, 6), (6, 10)], cost=1315.24
  Col 3836: blocks=[(0, 1), (1, 5), (5, 6), (6, 10)], cost=1316.83
  Col 3837: blocks=[(0, 1), (1, 5), (5, 6), (6, 10)], cost=1316.83
  Col 3838: blocks=[(0, 1), (1, 5), (5, 6), (6, 10)], cost=1316.48
  Col 3839: blocks=[(0, 1), (1, 5), (5, 6), (6, 10)], cost=1318.84
  Col 3840: blocks=[(0, 1), (1, 5), (5, 6), (6, 10)], cost=1318.49
  Col 3841: blocks=[(0, 1), (1, 5), (5, 6), (6, 10)], cost=1318.49
  Col 3842: blocks=[(0, 1), (1, 5), (5, 6), (6, 10)], cost=1396.83
  Col 3843: blocks=[(0, 1), (1, 5), (5, 6), (6, 10)], cost=1398.84
  Col 3844: blocks=[(0, 1), (1, 5), (5, 6), (6, 10)], cost=1398.84
  Col 3845: blocks=[(0, 1), (1, 5), (5, 6), (6, 10)], cost=1398.49
  Col 3846: blocks=[(0, 1), (1, 5), (5, 6), (6, 10)], cost=1400.08
  Col 3847: blocks=[(0, 1), (1, 5), (5, 6), (6, 10)], cost=1400.08
  Col 3848: blocks=[(0, 1), (1, 5), (5, 6), (6, 10)], cost=1399.73
  Col 3849: blocks=[(0, 1), (1, 5), (5, 6), (6, 10)], cost=1402.09
  Col 3850: blocks=[(0, 1), (1, 5), (5, 6), (6, 10)], cost=1401.74
  Col 3851: blocks=[(0, 1), (1, 5), (5, 6), (6, 10)], cost=1401.74
  Col 3852: blocks=[(0, 1), (1, 5), (5, 6), (6, 10)], cost=1401.53
  Col 3853: blocks=[(0, 1), (1, 5), (5, 6), (6, 10)], cost=1401.53
  Col 3854: blocks=[(0, 1), (1, 5), (5, 6), (6, 10)], cost=1401.18
  Col 3855: blocks=[(0, 1), (1, 5), (5, 6), (6, 10)], cost=1403.54
  Col 3856: blocks=[(0, 1), (1, 5), (5, 6), (6, 10)], cost=1403.19
  Col 3857: blocks=[(0, 1), (1, 5), (5, 6), (6, 10)], cost=1403.19
  Col 3858: blocks=[(0, 1), (1, 5), (5, 6), (6, 10)], cost=1404.78
  Col 3859: blocks=[(0, 1), (1, 5), (5, 6), (6, 10)], cost=1404.44
  Col 3860: blocks=[(0, 1), (1, 5), (5, 6), (6, 10)], cost=1404.44
  Col 3861: blocks=[(0, 1), (1, 5), (5, 6), (6, 10)], cost=1406.45
  Col 3862: blocks=[(0, 1), (1, 5), (5, 7), (7, 8), (8, 9), (9, 10)], cost=1308.42
  Col 3863: blocks=[(0, 1), (1, 5), (5, 7), (7, 8), (8, 9), (9, 10)], cost=1391.68
  Col 3864: blocks=[(0, 1), (1, 5), (5, 7), (7, 8), (8, 9), (9, 10)], cost=1393.13
  Col 3865: blocks=[(0, 1), (1, 5), (5, 7), (7, 8), (8, 9), (9, 10)], cost=1394.37
  Col 3866: blocks=[(0, 1), (1, 5), (5, 7), (7, 8), (8, 9), (9, 10)], cost=1396.03
  Col 3867: blocks=[(0, 1), (1, 5), (5, 7), (7, 8), (8, 9), (9, 10)], cost=1476.38
  Col 3868: blocks=[(0, 1), (1, 5), (5, 7), (7, 8), (8, 9), (9, 10)], cost=1477.62
  Col 3869: blocks=[(0, 1), (1, 5), (5, 7), (7, 8), (8, 9), (9, 10)], cost=1479.29
  Col 3870: blocks=[(0, 1), (1, 5), (5, 7), (7, 8), (8, 9), (9, 10)], cost=1479.07
  Col 3871: blocks=[(0, 1), (1, 5), (5, 7), (7, 8), (8, 9), (9, 10)], cost=1480.74
  Col 3872: blocks=[(0, 1), (1, 5), (5, 7), (7, 8), (8, 9), (9, 10)], cost=1481.98
  Col 3873: blocks=[(0, 1), (1, 5), (5, 7), (7, 8), (8, 9), (9, 10)], cost=1562.33
  Col 3874: blocks=[(0, 1), (1, 5), (5, 7), (7, 8), (8, 9), (9, 10)], cost=1563.99
  Col 3875: blocks=[(0, 1), (1, 5), (5, 7), (7, 8), (8, 9), (9, 10)], cost=1565.23
  Col 3876: blocks=[(0, 1), (1, 5), (5, 7), (7, 8), (8, 9), (9, 10)], cost=1566.68
  Col 3877: blocks=[(0, 1), (1, 5), (5, 7), (7, 8), (8, 10)], cost=1277.36
  Col 3878: blocks=[(0, 1), (1, 5), (5, 7), (7, 8), (8, 10)], cost=1360.62
  Col 3879: blocks=[(0, 1), (1, 5), (5, 7), (7, 8), (8, 10)], cost=1362.07
  Col 3880: blocks=[(0, 1), (1, 5), (5, 7), (7, 8), (8, 10)], cost=1363.31
  Col 3881: blocks=[(0, 1), (1, 5), (5, 7), (7, 8), (8, 10)], cost=1364.97
  Col 3882: blocks=[(0, 1), (1, 5), (5, 7), (7, 8), (8, 10)], cost=1364.97
  Col 3883: blocks=[(0, 1), (1, 5), (5, 7), (7, 8), (8, 10)], cost=1445.32
  Col 3884: blocks=[(0, 1), (1, 5), (5, 7), (7, 8), (8, 10)], cost=1446.56
  Col 3885: blocks=[(0, 1), (1, 5), (5, 7), (7, 8), (8, 10)], cost=1448.23
  Col 3886: blocks=[(0, 1), (1, 5), (5, 7), (7, 8), (8, 10)], cost=1448.23
  Col 3887: blocks=[(0, 1), (1, 5), (5, 7), (7, 8), (8, 10)], cost=1448.01
  Col 3888: blocks=[(0, 1), (1, 5), (5, 7), (7, 8), (8, 10)], cost=1449.68
  Col 3889: blocks=[(0, 1), (1, 5), (5, 7), (7, 8), (8, 10)], cost=1449.68
  Col 3890: blocks=[(0, 1), (1, 5), (5, 7), (7, 8), (8, 10)], cost=1450.92
  Col 3891: blocks=[(0, 1), (1, 5), (5, 7), (7, 8), (8, 10)], cost=1450.92
  Col 3892: blocks=[(0, 1), (1, 5), (5, 7), (7, 8), (8, 10)], cost=1452.58
  Col 3893: blocks=[(0, 1), (1, 5), (5, 7), (7, 8), (8, 10)], cost=1531.27
  Col 3894: blocks=[(0, 1), (1, 5), (5, 7), (7, 8), (8, 10)], cost=1532.93
  Col 3895: blocks=[(0, 1), (1, 5), (5, 7), (7, 8), (8, 10)], cost=1532.93
  Col 3896: blocks=[(0, 1), (1, 5), (5, 7), (7, 8), (8, 10)], cost=1534.17
  Col 3897: blocks=[(0, 1), (1, 5), (5, 7), (7, 8), (8, 10)], cost=1534.17
  Col 3898: blocks=[(0, 1), (1, 5), (5, 7), (7, 8), (8, 10)], cost=1535.84
  Col 3899: blocks=[(0, 1), (1, 5), (5, 7), (7, 8), (8, 10)], cost=1535.62
  Col 3900: blocks=[(0, 1), (1, 5), (5, 7), (7, 8), (8, 10)], cost=1535.62
  Col 3901: blocks=[(0, 1), (1, 5), (5, 7), (7, 8), (8, 10)], cost=1537.28
  Col 3902: blocks=[(0, 1), (1, 5), (5, 7), (7, 8), (8, 10)], cost=1538.53
  Col 3903: blocks=[(0, 1), (1, 5), (5, 7), (7, 9), (9, 10)], cost=1179.40
  Col 3904: blocks=[(0, 1), (1, 5), (5, 7), (7, 9), (9, 10)], cost=1262.66
  Col 3905: blocks=[(0, 1), (1, 5), (5, 7), (7, 9), (9, 10)], cost=1264.10
  Col 3906: blocks=[(0, 1), (1, 5), (5, 7), (7, 9), (9, 10)], cost=1265.35
  Col 3907: blocks=[(0, 1), (1, 5), (5, 7), (7, 9), (9, 10)], cost=1267.01
  Col 3908: blocks=[(0, 1), (1, 5), (5, 7), (7, 9), (9, 10)], cost=1267.36
  Col 3909: blocks=[(0, 1), (1, 5), (5, 7), (7, 9), (9, 10)], cost=1347.36
  Col 3910: blocks=[(0, 1), (1, 5), (5, 7), (7, 9), (9, 10)], cost=1348.60
  Col 3911: blocks=[(0, 1), (1, 5), (5, 7), (7, 9), (9, 10)], cost=1350.26
  Col 3912: blocks=[(0, 1), (1, 5), (5, 7), (7, 9), (9, 10)], cost=1350.61
  Col 3913: blocks=[(0, 1), (1, 5), (5, 7), (7, 9), (9, 10)], cost=1350.05
  Col 3914: blocks=[(0, 1), (1, 5), (5, 7), (7, 9), (9, 10)], cost=1351.71
  Col 3915: blocks=[(0, 1), (1, 5), (5, 7), (7, 9), (9, 10)], cost=1352.06
  Col 3916: blocks=[(0, 1), (1, 5), (5, 7), (7, 9), (9, 10)], cost=1352.96
  Col 3917: blocks=[(0, 1), (1, 5), (5, 7), (7, 9), (9, 10)], cost=1353.30
  Col 3918: blocks=[(0, 1), (1, 5), (5, 7), (7, 9), (9, 10)], cost=1354.97
  Col 3919: blocks=[(0, 1), (1, 5), (5, 7), (7, 9), (9, 10)], cost=1433.30
  Col 3920: blocks=[(0, 1), (1, 5), (5, 7), (7, 9), (9, 10)], cost=1434.97
  Col 3921: blocks=[(0, 1), (1, 5), (5, 7), (7, 9), (9, 10)], cost=1435.31
  Col 3922: blocks=[(0, 1), (1, 5), (5, 7), (7, 9), (9, 10)], cost=1436.21
  Col 3923: blocks=[(0, 1), (1, 5), (5, 7), (7, 9), (9, 10)], cost=1436.56
  Col 3924: blocks=[(0, 1), (1, 5), (5, 7), (7, 9), (9, 10)], cost=1438.22
  Col 3925: blocks=[(0, 1), (1, 5), (5, 7), (7, 9), (9, 10)], cost=1437.66
  Col 3926: blocks=[(0, 1), (1, 5), (5, 7), (7, 9), (9, 10)], cost=1438.01
  Col 3927: blocks=[(0, 1), (1, 5), (5, 7), (7, 9), (9, 10)], cost=1439.67
  Col 3928: blocks=[(0, 1), (1, 5), (5, 7), (7, 9), (9, 10)], cost=1440.91
  Col 3929: blocks=[(0, 1), (1, 5), (5, 7), (7, 10)], cost=1105.27
  Col 3930: blocks=[(0, 1), (1, 5), (5, 7), (7, 10)], cost=1188.53
  Col 3931: blocks=[(0, 1), (1, 5), (5, 7), (7, 10)], cost=1189.98
  Col 3932: blocks=[(0, 1), (1, 5), (5, 7), (7, 10)], cost=1191.22
  Col 3933: blocks=[(0, 1), (1, 5), (5, 7), (7, 10)], cost=1192.88
  Col 3934: blocks=[(0, 1), (1, 5), (5, 7), (7, 10)], cost=1193.23
  Col 3935: blocks=[(0, 1), (1, 5), (5, 7), (7, 10)], cost=1192.88
  Col 3936: blocks=[(0, 1), (1, 5), (5, 7), (7, 10)], cost=1273.23
  Col 3937: blocks=[(0, 1), (1, 5), (5, 7), (7, 10)], cost=1274.47
  Col 3938: blocks=[(0, 1), (1, 5), (5, 7), (7, 10)], cost=1276.14
  Col 3939: blocks=[(0, 1), (1, 5), (5, 7), (7, 10)], cost=1276.48
  Col 3940: blocks=[(0, 1), (1, 5), (5, 7), (7, 10)], cost=1276.14
  Col 3941: blocks=[(0, 1), (1, 5), (5, 7), (7, 10)], cost=1275.92
  Col 3942: blocks=[(0, 1), (1, 5), (5, 7), (7, 10)], cost=1277.58
  Col 3943: blocks=[(0, 1), (1, 5), (5, 7), (7, 10)], cost=1277.93
  Col 3944: blocks=[(0, 1), (1, 5), (5, 7), (7, 10)], cost=1277.58
  Col 3945: blocks=[(0, 1), (1, 5), (5, 7), (7, 10)], cost=1278.83
  Col 3946: blocks=[(0, 1), (1, 5), (5, 7), (7, 10)], cost=1279.17
  Col 3947: blocks=[(0, 1), (1, 5), (5, 7), (7, 10)], cost=1278.83
  Col 3948: blocks=[(0, 1), (1, 5), (5, 7), (7, 10)], cost=1280.84
  Col 3949: blocks=[(0, 1), (1, 5), (5, 7), (7, 10)], cost=1280.49
  Col 3950: blocks=[(0, 1), (1, 5), (5, 7), (7, 10)], cost=1280.84
  Col 3951: blocks=[(0, 1), (1, 5), (5, 7), (7, 10)], cost=1359.17
  Col 3952: blocks=[(0, 1), (1, 5), (5, 7), (7, 10)], cost=1360.84
  Col 3953: blocks=[(0, 1), (1, 5), (5, 7), (7, 10)], cost=1361.19
  Col 3954: blocks=[(0, 1), (1, 5), (5, 7), (7, 10)], cost=1360.84
  Col 3955: blocks=[(0, 1), (1, 5), (5, 7), (7, 10)], cost=1362.08
  Col 3956: blocks=[(0, 1), (1, 5), (5, 7), (7, 10)], cost=1362.43
  Col 3957: blocks=[(0, 1), (1, 5), (5, 7), (7, 10)], cost=1362.08
  Col 3958: blocks=[(0, 1), (1, 5), (5, 7), (7, 10)], cost=1364.09
  Col 3959: blocks=[(0, 1), (1, 5), (5, 7), (7, 10)], cost=1363.74
  Col 3960: blocks=[(0, 1), (1, 5), (5, 7), (7, 10)], cost=1364.09
  Col 3961: blocks=[(0, 1), (1, 5), (5, 7), (7, 10)], cost=1363.53
  Col 3962: blocks=[(0, 1), (1, 5), (5, 7), (7, 10)], cost=1363.88
  Col 3963: blocks=[(0, 1), (1, 5), (5, 7), (7, 10)], cost=1363.53
  Col 3964: blocks=[(0, 1), (1, 5), (5, 7), (7, 10)], cost=1365.54
  Col 3965: blocks=[(0, 1), (1, 5), (5, 7), (7, 10)], cost=1365.19
  Col 3966: blocks=[(0, 1), (1, 5), (5, 7), (7, 10)], cost=1365.54
  Col 3967: blocks=[(0, 1), (1, 5), (5, 7), (7, 10)], cost=1366.78
  Col 3968: blocks=[(0, 1), (1, 5), (5, 7), (7, 10)], cost=1366.43
  Col 3969: blocks=[(0, 1), (1, 5), (5, 7), (7, 10)], cost=1366.78
  Col 3970: blocks=[(0, 1), (1, 5), (5, 7), (7, 10)], cost=1368.45
  Col 3971: blocks=[(0, 1), (1, 5), (5, 8), (8, 9), (9, 10)], cost=1250.10
  Col 3972: blocks=[(0, 1), (1, 5), (5, 8), (8, 9), (9, 10)], cost=1333.36
  Col 3973: blocks=[(0, 1), (1, 5), (5, 8), (8, 9), (9, 10)], cost=1334.80
  Col 3974: blocks=[(0, 1), (1, 5), (5, 8), (8, 9), (9, 10)], cost=1336.05
  Col 3975: blocks=[(0, 1), (1, 5), (5, 8), (8, 9), (9, 10)], cost=1337.71
  Col 3976: blocks=[(0, 1), (1, 5), (5, 8), (8, 9), (9, 10)], cost=1338.06
  Col 3977: blocks=[(0, 1), (1, 5), (5, 8), (8, 9), (9, 10)], cost=1418.06
  Col 3978: blocks=[(0, 1), (1, 5), (5, 8), (8, 9), (9, 10)], cost=1419.30
  Col 3979: blocks=[(0, 1), (1, 5), (5, 8), (8, 9), (9, 10)], cost=1420.96
  Col 3980: blocks=[(0, 1), (1, 5), (5, 8), (8, 9), (9, 10)], cost=1421.31
  Col 3981: blocks=[(0, 1), (1, 5), (5, 8), (8, 9), (9, 10)], cost=1420.75
  Col 3982: blocks=[(0, 1), (1, 5), (5, 8), (8, 9), (9, 10)], cost=1422.41
  Col 3983: blocks=[(0, 1), (1, 5), (5, 8), (8, 9), (9, 10)], cost=1422.76
  Col 3984: blocks=[(0, 1), (1, 5), (5, 8), (8, 9), (9, 10)], cost=1423.66
  Col 3985: blocks=[(0, 1), (1, 5), (5, 8), (8, 9), (9, 10)], cost=1424.00
  Col 3986: blocks=[(0, 1), (1, 5), (5, 8), (8, 9), (9, 10)], cost=1425.67
  Col 3987: blocks=[(0, 1), (1, 5), (5, 8), (8, 9), (9, 10)], cost=1504.00
  Col 3988: blocks=[(0, 1), (1, 5), (5, 8), (8, 9), (9, 10)], cost=1505.67
  Col 3989: blocks=[(0, 1), (1, 5), (5, 8), (8, 9), (9, 10)], cost=1506.01
  Col 3990: blocks=[(0, 1), (1, 5), (5, 8), (8, 9), (9, 10)], cost=1506.91
  Col 3991: blocks=[(0, 1), (1, 5), (5, 8), (8, 9), (9, 10)], cost=1507.26
  Col 3992: blocks=[(0, 1), (1, 5), (5, 8), (8, 9), (9, 10)], cost=1508.92
  Col 3993: blocks=[(0, 1), (1, 5), (5, 8), (8, 9), (9, 10)], cost=1508.36
  Col 3994: blocks=[(0, 1), (1, 5), (5, 8), (8, 9), (9, 10)], cost=1508.71
  Col 3995: blocks=[(0, 1), (1, 5), (5, 8), (8, 9), (9, 10)], cost=1510.37
  Col 3996: blocks=[(0, 1), (1, 5), (5, 8), (8, 9), (9, 10)], cost=1511.61
  Col 3997: blocks=[(0, 1), (1, 5), (5, 8), (8, 10)], cost=1219.04
  Col 3998: blocks=[(0, 1), (1, 5), (5, 8), (8, 10)], cost=1302.30
  Col 3999: blocks=[(0, 1), (1, 5), (5, 8), (8, 10)], cost=1303.74
  Col 4000: blocks=[(0, 1), (1, 5), (5, 8), (8, 10)], cost=1304.99
  Col 4001: blocks=[(0, 1), (1, 5), (5, 8), (8, 10)], cost=1306.65
  Col 4002: blocks=[(0, 1), (1, 5), (5, 8), (8, 10)], cost=1307.00
  Col 4003: blocks=[(0, 1), (1, 5), (5, 8), (8, 10)], cost=1306.65
  Col 4004: blocks=[(0, 1), (1, 5), (5, 8), (8, 10)], cost=1387.00
  Col 4005: blocks=[(0, 1), (1, 5), (5, 8), (8, 10)], cost=1388.24
  Col 4006: blocks=[(0, 1), (1, 5), (5, 8), (8, 10)], cost=1389.90
  Col 4007: blocks=[(0, 1), (1, 5), (5, 8), (8, 10)], cost=1390.25
  Col 4008: blocks=[(0, 1), (1, 5), (5, 8), (8, 10)], cost=1389.90
  Col 4009: blocks=[(0, 1), (1, 5), (5, 8), (8, 10)], cost=1389.69
  Col 4010: blocks=[(0, 1), (1, 5), (5, 8), (8, 10)], cost=1391.35
  Col 4011: blocks=[(0, 1), (1, 5), (5, 8), (8, 10)], cost=1391.70
  Col 4012: blocks=[(0, 1), (1, 5), (5, 8), (8, 10)], cost=1391.35
  Col 4013: blocks=[(0, 1), (1, 5), (5, 8), (8, 10)], cost=1392.60
  Col 4014: blocks=[(0, 1), (1, 5), (5, 8), (8, 10)], cost=1392.94
  Col 4015: blocks=[(0, 1), (1, 5), (5, 8), (8, 10)], cost=1392.60
  Col 4016: blocks=[(0, 1), (1, 5), (5, 8), (8, 10)], cost=1394.61
  Col 4017: blocks=[(0, 1), (1, 5), (5, 8), (8, 10)], cost=1394.26
  Col 4018: blocks=[(0, 1), (1, 5), (5, 8), (8, 10)], cost=1394.61
  Col 4019: blocks=[(0, 1), (1, 5), (5, 8), (8, 10)], cost=1472.94
  Col 4020: blocks=[(0, 1), (1, 5), (5, 8), (8, 10)], cost=1474.61
  Col 4021: blocks=[(0, 1), (1, 5), (5, 8), (8, 10)], cost=1474.95
  Col 4022: blocks=[(0, 1), (1, 5), (5, 8), (8, 10)], cost=1474.61
  Col 4023: blocks=[(0, 1), (1, 5), (5, 8), (8, 10)], cost=1475.85
  Col 4024: blocks=[(0, 1), (1, 5), (5, 8), (8, 10)], cost=1476.20
  Col 4025: blocks=[(0, 1), (1, 5), (5, 8), (8, 10)], cost=1475.85
  Col 4026: blocks=[(0, 1), (1, 5), (5, 8), (8, 10)], cost=1477.86
  Col 4027: blocks=[(0, 1), (1, 5), (5, 8), (8, 10)], cost=1477.51
  Col 4028: blocks=[(0, 1), (1, 5), (5, 8), (8, 10)], cost=1477.86
  Col 4029: blocks=[(0, 1), (1, 5), (5, 8), (8, 10)], cost=1477.30
  Col 4030: blocks=[(0, 1), (1, 5), (5, 8), (8, 10)], cost=1477.65
  Col 4031: blocks=[(0, 1), (1, 5), (5, 8), (8, 10)], cost=1477.30
  Col 4032: blocks=[(0, 1), (1, 5), (5, 8), (8, 10)], cost=1479.31
  Col 4033: blocks=[(0, 1), (1, 5), (5, 8), (8, 10)], cost=1478.96
  Col 4034: blocks=[(0, 1), (1, 5), (5, 8), (8, 10)], cost=1479.31
  Col 4035: blocks=[(0, 1), (1, 5), (5, 8), (8, 10)], cost=1480.55
  Col 4036: blocks=[(0, 1), (1, 5), (5, 8), (8, 10)], cost=1480.20
  Col 4037: blocks=[(0, 1), (1, 5), (5, 8), (8, 10)], cost=1480.55
  Col 4038: blocks=[(0, 1), (1, 5), (5, 8), (8, 10)], cost=1482.22
  Col 4039: blocks=[(0, 1), (1, 5), (5, 9), (9, 10)], cost=1192.55
  Col 4040: blocks=[(0, 1), (1, 5), (5, 9), (9, 10)], cost=1275.80
  Col 4041: blocks=[(0, 1), (1, 5), (5, 9), (9, 10)], cost=1277.25
  Col 4042: blocks=[(0, 1), (1, 5), (5, 9), (9, 10)], cost=1278.49
  Col 4043: blocks=[(0, 1), (1, 5), (5, 9), (9, 10)], cost=1280.16
  Col 4044: blocks=[(0, 1), (1, 5), (5, 9), (9, 10)], cost=1280.51
  Col 4045: blocks=[(0, 1), (1, 5), (5, 9), (9, 10)], cost=1280.51
  Col 4046: blocks=[(0, 1), (1, 5), (5, 9), (9, 10)], cost=1360.51
  Col 4047: blocks=[(0, 1), (1, 5), (5, 9), (9, 10)], cost=1361.75
  Col 4048: blocks=[(0, 1), (1, 5), (5, 9), (9, 10)], cost=1363.41
  Col 4049: blocks=[(0, 1), (1, 5), (5, 9), (9, 10)], cost=1363.76
  Col 4050: blocks=[(0, 1), (1, 5), (5, 9), (9, 10)], cost=1363.76
  Col 4051: blocks=[(0, 1), (1, 5), (5, 9), (9, 10)], cost=1363.20
  Col 4052: blocks=[(0, 1), (1, 5), (5, 9), (9, 10)], cost=1364.86
  Col 4053: blocks=[(0, 1), (1, 5), (5, 9), (9, 10)], cost=1365.21
  Col 4054: blocks=[(0, 1), (1, 5), (5, 9), (9, 10)], cost=1365.21
  Col 4055: blocks=[(0, 1), (1, 5), (5, 9), (9, 10)], cost=1366.10
  Col 4056: blocks=[(0, 1), (1, 5), (5, 9), (9, 10)], cost=1366.45
  Col 4057: blocks=[(0, 1), (1, 5), (5, 9), (9, 10)], cost=1366.45
  Col 4058: blocks=[(0, 1), (1, 5), (5, 9), (9, 10)], cost=1368.11
  Col 4059: blocks=[(0, 1), (1, 5), (5, 9), (9, 10)], cost=1368.11
  Col 4060: blocks=[(0, 1), (1, 5), (5, 9), (9, 10)], cost=1368.46
  Col 4061: blocks=[(0, 1), (1, 5), (5, 9), (9, 10)], cost=1446.45
  Col 4062: blocks=[(0, 1), (1, 5), (5, 9), (9, 10)], cost=1448.11
  Col 4063: blocks=[(0, 1), (1, 5), (5, 9), (9, 10)], cost=1448.46
  Col 4064: blocks=[(0, 1), (1, 5), (5, 9), (9, 10)], cost=1448.46
  Col 4065: blocks=[(0, 1), (1, 5), (5, 9), (9, 10)], cost=1449.36
  Col 4066: blocks=[(0, 1), (1, 5), (5, 9), (9, 10)], cost=1449.70
  Col 4067: blocks=[(0, 1), (1, 5), (5, 9), (9, 10)], cost=1449.70
  Col 4068: blocks=[(0, 1), (1, 5), (5, 9), (9, 10)], cost=1451.37
  Col 4069: blocks=[(0, 1), (1, 5), (5, 9), (9, 10)], cost=1451.37
  Col 4070: blocks=[(0, 1), (1, 5), (5, 9), (9, 10)], cost=1451.72
  Col 4071: blocks=[(0, 1), (1, 5), (5, 9), (9, 10)], cost=1450.81
  Col 4072: blocks=[(0, 1), (1, 5), (5, 9), (9, 10)], cost=1451.15
  Col 4073: blocks=[(0, 1), (1, 5), (5, 9), (9, 10)], cost=1451.15
  Col 4074: blocks=[(0, 1), (1, 5), (5, 9), (9, 10)], cost=1452.82
  Col 4075: blocks=[(0, 1), (1, 5), (5, 9), (9, 10)], cost=1452.82
  Col 4076: blocks=[(0, 1), (1, 5), (5, 9), (9, 10)], cost=1453.16
  Col 4077: blocks=[(0, 1), (1, 5), (5, 9), (9, 10)], cost=1454.06
  Col 4078: blocks=[(0, 1), (1, 5), (5, 9), (9, 10)], cost=1454.06
  Col 4079: blocks=[(0, 1), (1, 5), (5, 9), (9, 10)], cost=1454.41
  Col 4080: blocks=[(0, 1), (1, 5), (5, 9), (9, 10)], cost=1456.07
  Col 4081: blocks=[(0, 1), (1, 5), (5, 10)], cost=1193.38
  Col 4082: blocks=[(0, 1), (1, 5), (5, 10)], cost=1276.63
  Col 4083: blocks=[(0, 1), (1, 5), (5, 10)], cost=1278.08
  Col 4084: blocks=[(0, 1), (1, 5), (5, 10)], cost=1279.32
  Col 4085: blocks=[(0, 1), (1, 5), (5, 10)], cost=1280.99
  Col 4086: blocks=[(0, 1), (1, 5), (5, 10)], cost=1281.33
  Col 4087: blocks=[(0, 1), (1, 5), (5, 10)], cost=1281.33
  Col 4088: blocks=[(0, 1), (1, 5), (5, 10)], cost=1280.99
  Col 4089: blocks=[(0, 1), (1, 5), (5, 10)], cost=1361.33
  Col 4090: blocks=[(0, 1), (1, 5), (5, 10)], cost=1362.58
  Col 4091: blocks=[(0, 1), (1, 5), (5, 10)], cost=1364.24
  Col 4092: blocks=[(0, 1), (1, 5), (5, 10)], cost=1364.59
  Col 4093: blocks=[(0, 1), (1, 5), (5, 10)], cost=1364.59
  Col 4094: blocks=[(0, 1), (1, 5), (5, 10)], cost=1364.24
  Col 4095: blocks=[(0, 1), (1, 5), (5, 10)], cost=1364.02
  Col 4096: blocks=[(0, 1), (1, 5), (5, 10)], cost=1365.69
  Col 4097: blocks=[(0, 1), (1, 5), (5, 10)], cost=1366.04
  Col 4098: blocks=[(0, 1), (1, 5), (5, 10)], cost=1366.04
  Col 4099: blocks=[(0, 1), (1, 5), (5, 10)], cost=1365.69
  Col 4100: blocks=[(0, 1), (1, 5), (5, 10)], cost=1366.93
  Col 4101: blocks=[(0, 1), (1, 5), (5, 10)], cost=1367.28
  Col 4102: blocks=[(0, 1), (1, 5), (5, 10)], cost=1367.28
  Col 4103: blocks=[(0, 1), (1, 5), (5, 10)], cost=1366.93
  Col 4104: blocks=[(0, 1), (1, 5), (5, 10)], cost=1368.94
  Col 4105: blocks=[(0, 1), (1, 5), (5, 10)], cost=1368.94
  Col 4106: blocks=[(0, 1), (1, 5), (5, 10)], cost=1368.59
  Col 4107: blocks=[(0, 1), (1, 5), (5, 10)], cost=1369.29
  Col 4108: blocks=[(0, 1), (1, 5), (5, 10)], cost=1368.94
  Col 4109: blocks=[(0, 1), (1, 5), (5, 10)], cost=1368.94
  Col 4110: blocks=[(0, 1), (1, 5), (5, 10)], cost=1447.28
  Col 4111: blocks=[(0, 1), (1, 5), (5, 10)], cost=1448.94
  Col 4112: blocks=[(0, 1), (1, 5), (5, 10)], cost=1449.29
  Col 4113: blocks=[(0, 1), (1, 5), (5, 10)], cost=1449.29
  Col 4114: blocks=[(0, 1), (1, 5), (5, 10)], cost=1448.94
  Col 4115: blocks=[(0, 1), (1, 5), (5, 10)], cost=1450.18
  Col 4116: blocks=[(0, 1), (1, 5), (5, 10)], cost=1450.53
  Col 4117: blocks=[(0, 1), (1, 5), (5, 10)], cost=1450.53
  Col 4118: blocks=[(0, 1), (1, 5), (5, 10)], cost=1450.18
  Col 4119: blocks=[(0, 1), (1, 5), (5, 10)], cost=1452.20
  Col 4120: blocks=[(0, 1), (1, 5), (5, 10)], cost=1452.20
  Col 4121: blocks=[(0, 1), (1, 5), (5, 10)], cost=1451.85
  Col 4122: blocks=[(0, 1), (1, 5), (5, 10)], cost=1452.54
  Col 4123: blocks=[(0, 1), (1, 5), (5, 10)], cost=1452.20
  Col 4124: blocks=[(0, 1), (1, 5), (5, 10)], cost=1452.20
  Col 4125: blocks=[(0, 1), (1, 5), (5, 10)], cost=1451.63
  Col 4126: blocks=[(0, 1), (1, 5), (5, 10)], cost=1451.98
  Col 4127: blocks=[(0, 1), (1, 5), (5, 10)], cost=1451.98
  Col 4128: blocks=[(0, 1), (1, 5), (5, 10)], cost=1451.63
  Col 4129: blocks=[(0, 1), (1, 5), (5, 10)], cost=1453.64
  Col 4130: blocks=[(0, 1), (1, 5), (5, 10)], cost=1453.64
  Col 4131: blocks=[(0, 1), (1, 5), (5, 10)], cost=1453.30
  Col 4132: blocks=[(0, 1), (1, 5), (5, 10)], cost=1453.99
  Col 4133: blocks=[(0, 1), (1, 5), (5, 10)], cost=1453.64
  Col 4134: blocks=[(0, 1), (1, 5), (5, 10)], cost=1453.64
  Col 4135: blocks=[(0, 1), (1, 5), (5, 10)], cost=1454.89
  Col 4136: blocks=[(0, 1), (1, 5), (5, 10)], cost=1454.89
  Col 4137: blocks=[(0, 1), (1, 5), (5, 10)], cost=1454.54
  Col 4138: blocks=[(0, 1), (1, 5), (5, 10)], cost=1455.23
  Col 4139: blocks=[(0, 1), (1, 5), (5, 10)], cost=1454.89
  Col 4140: blocks=[(0, 1), (1, 5), (5, 10)], cost=1454.89
  Col 4141: blocks=[(0, 1), (1, 5), (5, 10)], cost=1456.90
  Col 4142: blocks=[(0, 1), (1, 5), (5, 10)], cost=1456.55
  Col 4143: blocks=[(0, 1), (1, 5), (5, 10)], cost=1456.55
  Col 4144: blocks=[(0, 1), (1, 5), (5, 10)], cost=1456.90
  Col 4145: blocks=[(0, 1), (1, 6), (6, 7), (7, 8), (8, 9), (9, 10)], cost=1337.95
  Col 4146: blocks=[(0, 1), (1, 6), (6, 7), (7, 8), (8, 9), (9, 10)], cost=1421.20
  Col 4147: blocks=[(0, 1), (1, 6), (6, 7), (7, 8), (8, 9), (9, 10)], cost=1422.65
  Col 4148: blocks=[(0, 1), (1, 6), (6, 7), (7, 8), (8, 9), (9, 10)], cost=1423.89
  Col 4149: blocks=[(0, 1), (1, 6), (6, 7), (7, 8), (8, 9), (9, 10)], cost=1424.87
  Col 4150: blocks=[(0, 1), (1, 6), (6, 7), (7, 8), (8, 9), (9, 10)], cost=1505.90
  Col 4151: blocks=[(0, 1), (1, 6), (6, 7), (7, 8), (8, 9), (9, 10)], cost=1507.15
  Col 4152: blocks=[(0, 1), (1, 6), (6, 7), (7, 8), (8, 9), (9, 10)], cost=1508.13
  Col 4153: blocks=[(0, 1), (1, 6), (6, 7), (7, 8), (8, 9), (9, 10)], cost=1508.59
  Col 4154: blocks=[(0, 1), (1, 6), (6, 7), (7, 8), (8, 9), (9, 10)], cost=1509.58
  Col 4155: blocks=[(0, 1), (1, 6), (6, 7), (7, 8), (8, 9), (9, 10)], cost=1510.82
  Col 4156: blocks=[(0, 1), (1, 6), (6, 7), (7, 8), (8, 9), (9, 10)], cost=1591.85
  Col 4157: blocks=[(0, 1), (1, 6), (6, 7), (7, 8), (8, 9), (9, 10)], cost=1592.83
  Col 4158: blocks=[(0, 1), (1, 6), (6, 7), (7, 8), (8, 9), (9, 10)], cost=1594.07
  Col 4159: blocks=[(0, 1), (1, 6), (6, 7), (7, 8), (8, 9), (9, 10)], cost=1595.52
  Col 4160: blocks=[(0, 1), (1, 6), (6, 7), (7, 8), (8, 10)], cost=1306.89
  Col 4161: blocks=[(0, 1), (1, 6), (6, 7), (7, 8), (8, 10)], cost=1390.14
  Col 4162: blocks=[(0, 1), (1, 6), (6, 7), (7, 8), (8, 10)], cost=1391.59
  Col 4163: blocks=[(0, 1), (1, 6), (6, 7), (7, 8), (8, 10)], cost=1392.83
  Col 4164: blocks=[(0, 1), (1, 6), (6, 7), (7, 8), (8, 10)], cost=1393.81
  Col 4165: blocks=[(0, 1), (1, 6), (6, 7), (7, 8), (8, 10)], cost=1394.50
  Col 4166: blocks=[(0, 1), (1, 6), (6, 7), (7, 8), (8, 10)], cost=1474.84
  Col 4167: blocks=[(0, 1), (1, 6), (6, 7), (7, 8), (8, 10)], cost=1476.09
  Col 4168: blocks=[(0, 1), (1, 6), (6, 7), (7, 8), (8, 10)], cost=1477.07
  Col 4169: blocks=[(0, 1), (1, 6), (6, 7), (7, 8), (8, 10)], cost=1477.75
  Col 4170: blocks=[(0, 1), (1, 6), (6, 7), (7, 8), (8, 10)], cost=1477.53
  Col 4171: blocks=[(0, 1), (1, 6), (6, 7), (7, 8), (8, 10)], cost=1478.52
  Col 4172: blocks=[(0, 1), (1, 6), (6, 7), (7, 8), (8, 10)], cost=1479.20
  Col 4173: blocks=[(0, 1), (1, 6), (6, 7), (7, 8), (8, 10)], cost=1479.76
  Col 4174: blocks=[(0, 1), (1, 6), (6, 7), (7, 8), (8, 10)], cost=1480.44
  Col 4175: blocks=[(0, 1), (1, 6), (6, 7), (7, 8), (8, 10)], cost=1481.42
  Col 4176: blocks=[(0, 1), (1, 6), (6, 7), (7, 8), (8, 10)], cost=1560.79
  Col 4177: blocks=[(0, 1), (1, 6), (6, 7), (7, 8), (8, 10)], cost=1561.77
  Col 4178: blocks=[(0, 1), (1, 6), (6, 7), (7, 8), (8, 10)], cost=1562.45
  Col 4179: blocks=[(0, 1), (1, 6), (6, 7), (7, 8), (8, 10)], cost=1563.01
  Col 4180: blocks=[(0, 1), (1, 6), (6, 7), (7, 8), (8, 10)], cost=1563.69
  Col 4181: blocks=[(0, 1), (1, 6), (6, 7), (7, 8), (8, 10)], cost=1564.68
  Col 4182: blocks=[(0, 1), (1, 6), (6, 7), (7, 8), (8, 10)], cost=1564.46
  Col 4183: blocks=[(0, 1), (1, 6), (6, 7), (7, 8), (8, 10)], cost=1565.14
  Col 4184: blocks=[(0, 1), (1, 6), (6, 7), (7, 8), (8, 10)], cost=1566.13
  Col 4185: blocks=[(0, 1), (1, 6), (6, 7), (7, 8), (8, 10)], cost=1567.37
  Col 4186: blocks=[(0, 1), (1, 6), (6, 7), (7, 9), (9, 10)], cost=1208.92
  Col 4187: blocks=[(0, 1), (1, 6), (6, 7), (7, 9), (9, 10)], cost=1292.18
  Col 4188: blocks=[(0, 1), (1, 6), (6, 7), (7, 9), (9, 10)], cost=1293.63
  Col 4189: blocks=[(0, 1), (1, 6), (6, 7), (7, 9), (9, 10)], cost=1294.87
  Col 4190: blocks=[(0, 1), (1, 6), (6, 7), (7, 9), (9, 10)], cost=1295.85
  Col 4191: blocks=[(0, 1), (1, 6), (6, 7), (7, 9), (9, 10)], cost=1296.88
  Col 4192: blocks=[(0, 1), (1, 6), (6, 7), (7, 9), (9, 10)], cost=1376.88
  Col 4193: blocks=[(0, 1), (1, 6), (6, 7), (7, 9), (9, 10)], cost=1378.12
  Col 4194: blocks=[(0, 1), (1, 6), (6, 7), (7, 9), (9, 10)], cost=1379.11
  Col 4195: blocks=[(0, 1), (1, 6), (6, 7), (7, 9), (9, 10)], cost=1380.13
  Col 4196: blocks=[(0, 1), (1, 6), (6, 7), (7, 9), (9, 10)], cost=1379.57
  Col 4197: blocks=[(0, 1), (1, 6), (6, 7), (7, 9), (9, 10)], cost=1380.55
  Col 4198: blocks=[(0, 1), (1, 6), (6, 7), (7, 9), (9, 10)], cost=1381.58
  Col 4199: blocks=[(0, 1), (1, 6), (6, 7), (7, 9), (9, 10)], cost=1381.80
  Col 4200: blocks=[(0, 1), (1, 6), (6, 7), (7, 9), (9, 10)], cost=1382.83
  Col 4201: blocks=[(0, 1), (1, 6), (6, 7), (7, 9), (9, 10)], cost=1383.81
  Col 4202: blocks=[(0, 1), (1, 6), (6, 7), (7, 9), (9, 10)], cost=1462.83
  Col 4203: blocks=[(0, 1), (1, 6), (6, 7), (7, 9), (9, 10)], cost=1463.81
  Col 4204: blocks=[(0, 1), (1, 6), (6, 7), (7, 9), (9, 10)], cost=1464.84
  Col 4205: blocks=[(0, 1), (1, 6), (6, 7), (7, 9), (9, 10)], cost=1465.05
  Col 4206: blocks=[(0, 1), (1, 6), (6, 7), (7, 9), (9, 10)], cost=1466.08
  Col 4207: blocks=[(0, 1), (1, 6), (6, 7), (7, 9), (9, 10)], cost=1467.06
  Col 4208: blocks=[(0, 1), (1, 6), (6, 7), (7, 9), (9, 10)], cost=1466.50
  Col 4209: blocks=[(0, 1), (1, 6), (6, 7), (7, 9), (9, 10)], cost=1467.53
  Col 4210: blocks=[(0, 1), (1, 6), (6, 7), (7, 9), (9, 10)], cost=1468.51
  Col 4211: blocks=[(0, 1), (1, 6), (6, 7), (7, 9), (9, 10)], cost=1469.75
  Col 4212: blocks=[(0, 1), (1, 6), (6, 7), (7, 10)], cost=1134.79
  Col 4213: blocks=[(0, 1), (1, 6), (6, 7), (7, 10)], cost=1218.05
  Col 4214: blocks=[(0, 1), (1, 6), (6, 7), (7, 10)], cost=1219.50
  Col 4215: blocks=[(0, 1), (1, 6), (6, 7), (7, 10)], cost=1220.74
  Col 4216: blocks=[(0, 1), (1, 6), (6, 7), (7, 10)], cost=1221.72
  Col 4217: blocks=[(0, 1), (1, 6), (6, 7), (7, 10)], cost=1222.75
  Col 4218: blocks=[(0, 1), (1, 6), (6, 7), (7, 10)], cost=1222.40
  Col 4219: blocks=[(0, 1), (1, 6), (6, 7), (7, 10)], cost=1302.75
  Col 4220: blocks=[(0, 1), (1, 6), (6, 7), (7, 10)], cost=1303.99
  Col 4221: blocks=[(0, 1), (1, 6), (6, 7), (7, 10)], cost=1304.98
  Col 4222: blocks=[(0, 1), (1, 6), (6, 7), (7, 10)], cost=1306.01
  Col 4223: blocks=[(0, 1), (1, 6), (6, 7), (7, 10)], cost=1305.66
  Col 4224: blocks=[(0, 1), (1, 6), (6, 7), (7, 10)], cost=1305.44
  Col 4225: blocks=[(0, 1), (1, 6), (6, 7), (7, 10)], cost=1306.43
  Col 4226: blocks=[(0, 1), (1, 6), (6, 7), (7, 10)], cost=1307.45
  Col 4227: blocks=[(0, 1), (1, 6), (6, 7), (7, 10)], cost=1307.11
  Col 4228: blocks=[(0, 1), (1, 6), (6, 7), (7, 10)], cost=1307.67
  Col 4229: blocks=[(0, 1), (1, 6), (6, 7), (7, 10)], cost=1308.70
  Col 4230: blocks=[(0, 1), (1, 6), (6, 7), (7, 10)], cost=1308.35
  Col 4231: blocks=[(0, 1), (1, 6), (6, 7), (7, 10)], cost=1309.68
  Col 4232: blocks=[(0, 1), (1, 6), (6, 7), (7, 10)], cost=1309.33
  Col 4233: blocks=[(0, 1), (1, 6), (6, 7), (7, 10)], cost=1310.36
  Col 4234: blocks=[(0, 1), (1, 6), (6, 7), (7, 10)], cost=1388.70
  Col 4235: blocks=[(0, 1), (1, 6), (6, 7), (7, 10)], cost=1389.68
  Col 4236: blocks=[(0, 1), (1, 6), (6, 7), (7, 10)], cost=1390.71
  Col 4237: blocks=[(0, 1), (1, 6), (6, 7), (7, 10)], cost=1390.36
  Col 4238: blocks=[(0, 1), (1, 6), (6, 7), (7, 10)], cost=1390.92
  Col 4239: blocks=[(0, 1), (1, 6), (6, 7), (7, 10)], cost=1391.95
  Col 4240: blocks=[(0, 1), (1, 6), (6, 7), (7, 10)], cost=1391.60
  Col 4241: blocks=[(0, 1), (1, 6), (6, 7), (7, 10)], cost=1392.93
  Col 4242: blocks=[(0, 1), (1, 6), (6, 7), (7, 10)], cost=1392.59
  Col 4243: blocks=[(0, 1), (1, 6), (6, 7), (7, 10)], cost=1393.61
  Col 4244: blocks=[(0, 1), (1, 6), (6, 7), (7, 10)], cost=1392.37
  Col 4245: blocks=[(0, 1), (1, 6), (6, 7), (7, 10)], cost=1393.40
  Col 4246: blocks=[(0, 1), (1, 6), (6, 7), (7, 10)], cost=1393.05
  Col 4247: blocks=[(0, 1), (1, 6), (6, 7), (7, 10)], cost=1394.38
  Col 4248: blocks=[(0, 1), (1, 6), (6, 7), (7, 10)], cost=1394.03
  Col 4249: blocks=[(0, 1), (1, 6), (6, 7), (7, 10)], cost=1395.06
  Col 4250: blocks=[(0, 1), (1, 6), (6, 7), (7, 10)], cost=1395.62
  Col 4251: blocks=[(0, 1), (1, 6), (6, 7), (7, 10)], cost=1395.28
  Col 4252: blocks=[(0, 1), (1, 6), (6, 7), (7, 10)], cost=1396.30
  Col 4253: blocks=[(0, 1), (1, 6), (6, 7), (7, 10)], cost=1397.29
  Col 4254: blocks=[(0, 1), (1, 6), (6, 8), (8, 9), (9, 10)], cost=1259.73
  Col 4255: blocks=[(0, 1), (1, 6), (6, 8), (8, 9), (9, 10)], cost=1342.99
  Col 4256: blocks=[(0, 1), (1, 6), (6, 8), (8, 9), (9, 10)], cost=1344.44
  Col 4257: blocks=[(0, 1), (1, 6), (6, 8), (8, 9), (9, 10)], cost=1345.68
  Col 4258: blocks=[(0, 1), (1, 6), (6, 8), (8, 9), (9, 10)], cost=1346.66
  Col 4259: blocks=[(0, 1), (1, 6), (6, 8), (8, 9), (9, 10)], cost=1347.69
  Col 4260: blocks=[(0, 1), (1, 6), (6, 8), (8, 9), (9, 10)], cost=1427.69
  Col 4261: blocks=[(0, 1), (1, 6), (6, 8), (8, 9), (9, 10)], cost=1428.93
  Col 4262: blocks=[(0, 1), (1, 6), (6, 8), (8, 9), (9, 10)], cost=1429.92
  Col 4263: blocks=[(0, 1), (1, 6), (6, 8), (8, 9), (9, 10)], cost=1430.94
  Col 4264: blocks=[(0, 1), (1, 6), (6, 8), (8, 9), (9, 10)], cost=1430.38
  Col 4265: blocks=[(0, 1), (1, 6), (6, 8), (8, 9), (9, 10)], cost=1431.36
  Col 4266: blocks=[(0, 1), (1, 6), (6, 8), (8, 9), (9, 10)], cost=1432.39
  Col 4267: blocks=[(0, 1), (1, 6), (6, 8), (8, 9), (9, 10)], cost=1432.61
  Col 4268: blocks=[(0, 1), (1, 6), (6, 8), (8, 9), (9, 10)], cost=1433.64
  Col 4269: blocks=[(0, 1), (1, 6), (6, 8), (8, 9), (9, 10)], cost=1434.62
  Col 4270: blocks=[(0, 1), (1, 6), (6, 8), (8, 9), (9, 10)], cost=1513.64
  Col 4271: blocks=[(0, 1), (1, 6), (6, 8), (8, 9), (9, 10)], cost=1514.62
  Col 4272: blocks=[(0, 1), (1, 6), (6, 8), (8, 9), (9, 10)], cost=1515.65
  Col 4273: blocks=[(0, 1), (1, 6), (6, 8), (8, 9), (9, 10)], cost=1515.86
  Col 4274: blocks=[(0, 1), (1, 6), (6, 8), (8, 9), (9, 10)], cost=1516.89
  Col 4275: blocks=[(0, 1), (1, 6), (6, 8), (8, 9), (9, 10)], cost=1517.87
  Col 4276: blocks=[(0, 1), (1, 6), (6, 8), (8, 9), (9, 10)], cost=1517.31
  Col 4277: blocks=[(0, 1), (1, 6), (6, 8), (8, 9), (9, 10)], cost=1518.34
  Col 4278: blocks=[(0, 1), (1, 6), (6, 8), (8, 9), (9, 10)], cost=1519.32
  Col 4279: blocks=[(0, 1), (1, 6), (6, 8), (8, 9), (9, 10)], cost=1520.56
  Col 4280: blocks=[(0, 1), (1, 6), (6, 8), (8, 10)], cost=1228.67
  Col 4281: blocks=[(0, 1), (1, 6), (6, 8), (8, 10)], cost=1311.93
  Col 4282: blocks=[(0, 1), (1, 6), (6, 8), (8, 10)], cost=1313.38
  Col 4283: blocks=[(0, 1), (1, 6), (6, 8), (8, 10)], cost=1314.62
  Col 4284: blocks=[(0, 1), (1, 6), (6, 8), (8, 10)], cost=1315.60
  Col 4285: blocks=[(0, 1), (1, 6), (6, 8), (8, 10)], cost=1316.63
  Col 4286: blocks=[(0, 1), (1, 6), (6, 8), (8, 10)], cost=1316.28
  Col 4287: blocks=[(0, 1), (1, 6), (6, 8), (8, 10)], cost=1396.63
  Col 4288: blocks=[(0, 1), (1, 6), (6, 8), (8, 10)], cost=1397.87
  Col 4289: blocks=[(0, 1), (1, 6), (6, 8), (8, 10)], cost=1398.86
  Col 4290: blocks=[(0, 1), (1, 6), (6, 8), (8, 10)], cost=1399.88
  Col 4291: blocks=[(0, 1), (1, 6), (6, 8), (8, 10)], cost=1399.54
  Col 4292: blocks=[(0, 1), (1, 6), (6, 8), (8, 10)], cost=1399.32
  Col 4293: blocks=[(0, 1), (1, 6), (6, 8), (8, 10)], cost=1400.30
  Col 4294: blocks=[(0, 1), (1, 6), (6, 8), (8, 10)], cost=1401.33
  Col 4295: blocks=[(0, 1), (1, 6), (6, 8), (8, 10)], cost=1400.99
  Col 4296: blocks=[(0, 1), (1, 6), (6, 8), (8, 10)], cost=1401.55
  Col 4297: blocks=[(0, 1), (1, 6), (6, 8), (8, 10)], cost=1402.58
  Col 4298: blocks=[(0, 1), (1, 6), (6, 8), (8, 10)], cost=1402.23
  Col 4299: blocks=[(0, 1), (1, 6), (6, 8), (8, 10)], cost=1403.56
  Col 4300: blocks=[(0, 1), (1, 6), (6, 8), (8, 10)], cost=1403.21
  Col 4301: blocks=[(0, 1), (1, 6), (6, 8), (8, 10)], cost=1404.24
  Col 4302: blocks=[(0, 1), (1, 6), (6, 8), (8, 10)], cost=1482.58
  Col 4303: blocks=[(0, 1), (1, 6), (6, 8), (8, 10)], cost=1483.56
  Col 4304: blocks=[(0, 1), (1, 6), (6, 8), (8, 10)], cost=1484.59
  Col 4305: blocks=[(0, 1), (1, 6), (6, 8), (8, 10)], cost=1484.24
  Col 4306: blocks=[(0, 1), (1, 6), (6, 8), (8, 10)], cost=1484.80
  Col 4307: blocks=[(0, 1), (1, 6), (6, 8), (8, 10)], cost=1485.83
  Col 4308: blocks=[(0, 1), (1, 6), (6, 8), (8, 10)], cost=1485.48
  Col 4309: blocks=[(0, 1), (1, 6), (6, 8), (8, 10)], cost=1486.81
  Col 4310: blocks=[(0, 1), (1, 6), (6, 8), (8, 10)], cost=1486.46
  Col 4311: blocks=[(0, 1), (1, 6), (6, 8), (8, 10)], cost=1487.49
  Col 4312: blocks=[(0, 1), (1, 6), (6, 8), (8, 10)], cost=1486.25
  Col 4313: blocks=[(0, 1), (1, 6), (6, 8), (8, 10)], cost=1487.28
  Col 4314: blocks=[(0, 1), (1, 6), (6, 8), (8, 10)], cost=1486.93
  Col 4315: blocks=[(0, 1), (1, 6), (6, 8), (8, 10)], cost=1488.26
  Col 4316: blocks=[(0, 1), (1, 6), (6, 8), (8, 10)], cost=1487.91
  Col 4317: blocks=[(0, 1), (1, 6), (6, 8), (8, 10)], cost=1488.94
  Col 4318: blocks=[(0, 1), (1, 6), (6, 8), (8, 10)], cost=1489.50
  Col 4319: blocks=[(0, 1), (1, 6), (6, 8), (8, 10)], cost=1489.16
  Col 4320: blocks=[(0, 1), (1, 6), (6, 8), (8, 10)], cost=1490.18
  Col 4321: blocks=[(0, 1), (1, 6), (6, 8), (8, 10)], cost=1491.17
  Col 4322: blocks=[(0, 1), (1, 6), (6, 9), (9, 10)], cost=1154.21
  Col 4323: blocks=[(0, 1), (1, 6), (6, 9), (9, 10)], cost=1237.47
  Col 4324: blocks=[(0, 1), (1, 6), (6, 9), (9, 10)], cost=1238.91
  Col 4325: blocks=[(0, 1), (1, 6), (6, 9), (9, 10)], cost=1240.16
  Col 4326: blocks=[(0, 1), (1, 6), (6, 9), (9, 10)], cost=1241.14
  Col 4327: blocks=[(0, 1), (1, 6), (6, 9), (9, 10)], cost=1242.17
  Col 4328: blocks=[(0, 1), (1, 6), (6, 9), (9, 10)], cost=1242.17
  Col 4329: blocks=[(0, 1), (1, 6), (6, 9), (9, 10)], cost=1322.17
  Col 4330: blocks=[(0, 1), (1, 6), (6, 9), (9, 10)], cost=1323.41
  Col 4331: blocks=[(0, 1), (1, 6), (6, 9), (9, 10)], cost=1324.39
  Col 4332: blocks=[(0, 1), (1, 6), (6, 9), (9, 10)], cost=1325.42
  Col 4333: blocks=[(0, 1), (1, 6), (6, 9), (9, 10)], cost=1325.42
  Col 4334: blocks=[(0, 1), (1, 6), (6, 9), (9, 10)], cost=1324.86
  Col 4335: blocks=[(0, 1), (1, 6), (6, 9), (9, 10)], cost=1325.84
  Col 4336: blocks=[(0, 1), (1, 6), (6, 9), (9, 10)], cost=1326.87
  Col 4337: blocks=[(0, 1), (1, 6), (6, 9), (9, 10)], cost=1326.87
  Col 4338: blocks=[(0, 1), (1, 6), (6, 9), (9, 10)], cost=1327.09
  Col 4339: blocks=[(0, 1), (1, 6), (6, 9), (9, 10)], cost=1328.11
  Col 4340: blocks=[(0, 1), (1, 6), (6, 9), (9, 10)], cost=1328.11
  Col 4341: blocks=[(0, 1), (1, 6), (6, 9), (9, 10)], cost=1329.10
  Col 4342: blocks=[(0, 1), (1, 6), (6, 9), (9, 10)], cost=1329.10
  Col 4343: blocks=[(0, 1), (1, 6), (6, 9), (9, 10)], cost=1330.12
  Col 4344: blocks=[(0, 1), (1, 6), (6, 9), (9, 10)], cost=1408.11
  Col 4345: blocks=[(0, 1), (1, 6), (6, 9), (9, 10)], cost=1409.10
  Col 4346: blocks=[(0, 1), (1, 6), (6, 9), (9, 10)], cost=1410.12
  Col 4347: blocks=[(0, 1), (1, 6), (6, 9), (9, 10)], cost=1410.12
  Col 4348: blocks=[(0, 1), (1, 6), (6, 9), (9, 10)], cost=1410.34
  Col 4349: blocks=[(0, 1), (1, 6), (6, 9), (9, 10)], cost=1411.37
  Col 4350: blocks=[(0, 1), (1, 6), (6, 9), (9, 10)], cost=1411.37
  Col 4351: blocks=[(0, 1), (1, 6), (6, 9), (9, 10)], cost=1412.35
  Col 4352: blocks=[(0, 1), (1, 6), (6, 9), (9, 10)], cost=1412.35
  Col 4353: blocks=[(0, 1), (1, 6), (6, 9), (9, 10)], cost=1413.38
  Col 4354: blocks=[(0, 1), (1, 6), (6, 9), (9, 10)], cost=1411.79
  Col 4355: blocks=[(0, 1), (1, 6), (6, 9), (9, 10)], cost=1412.82
  Col 4356: blocks=[(0, 1), (1, 6), (6, 9), (9, 10)], cost=1412.82
  Col 4357: blocks=[(0, 1), (1, 6), (6, 9), (9, 10)], cost=1413.80
  Col 4358: blocks=[(0, 1), (1, 6), (6, 9), (9, 10)], cost=1413.80
  Col 4359: blocks=[(0, 1), (1, 6), (6, 9), (9, 10)], cost=1414.83
  Col 4360: blocks=[(0, 1), (1, 6), (6, 9), (9, 10)], cost=1415.04
  Col 4361: blocks=[(0, 1), (1, 6), (6, 9), (9, 10)], cost=1415.04
  Col 4362: blocks=[(0, 1), (1, 6), (6, 9), (9, 10)], cost=1416.07
  Col 4363: blocks=[(0, 1), (1, 6), (6, 9), (9, 10)], cost=1417.05
  Col 4364: blocks=[(0, 1), (1, 6), (6, 10)], cost=1104.73
  Col 4365: blocks=[(0, 1), (1, 6), (6, 10)], cost=1187.98
  Col 4366: blocks=[(0, 1), (1, 6), (6, 10)], cost=1189.43
  Col 4367: blocks=[(0, 1), (1, 6), (6, 10)], cost=1190.67
  Col 4368: blocks=[(0, 1), (1, 6), (6, 10)], cost=1191.66
  Col 4369: blocks=[(0, 1), (1, 6), (6, 10)], cost=1192.69
  Col 4370: blocks=[(0, 1), (1, 6), (6, 10)], cost=1192.69
  Col 4371: blocks=[(0, 1), (1, 6), (6, 10)], cost=1192.34
  Col 4372: blocks=[(0, 1), (1, 6), (6, 10)], cost=1272.69
  Col 4373: blocks=[(0, 1), (1, 6), (6, 10)], cost=1273.93
  Col 4374: blocks=[(0, 1), (1, 6), (6, 10)], cost=1274.91
  Col 4375: blocks=[(0, 1), (1, 6), (6, 10)], cost=1275.94
  Col 4376: blocks=[(0, 1), (1, 6), (6, 10)], cost=1275.94
  Col 4377: blocks=[(0, 1), (1, 6), (6, 10)], cost=1275.59
  Col 4378: blocks=[(0, 1), (1, 6), (6, 10)], cost=1275.38
  Col 4379: blocks=[(0, 1), (1, 6), (6, 10)], cost=1276.36
  Col 4380: blocks=[(0, 1), (1, 6), (6, 10)], cost=1277.39
  Col 4381: blocks=[(0, 1), (1, 6), (6, 10)], cost=1277.39
  Col 4382: blocks=[(0, 1), (1, 6), (6, 10)], cost=1277.04
  Col 4383: blocks=[(0, 1), (1, 6), (6, 10)], cost=1277.60
  Col 4384: blocks=[(0, 1), (1, 6), (6, 10)], cost=1278.63
  Col 4385: blocks=[(0, 1), (1, 6), (6, 10)], cost=1278.63
  Col 4386: blocks=[(0, 1), (1, 6), (6, 10)], cost=1278.28
  Col 4387: blocks=[(0, 1), (1, 6), (6, 10)], cost=1279.61
  Col 4388: blocks=[(0, 1), (1, 6), (6, 10)], cost=1279.61
  Col 4389: blocks=[(0, 1), (1, 6), (6, 10)], cost=1279.27
  Col 4390: blocks=[(0, 1), (1, 6), (6, 10)], cost=1280.64
  Col 4391: blocks=[(0, 1), (1, 6), (6, 10)], cost=1280.29
  Col 4392: blocks=[(0, 1), (1, 6), (6, 10)], cost=1280.29
  Col 4393: blocks=[(0, 1), (1, 6), (6, 10)], cost=1358.63
  Col 4394: blocks=[(0, 1), (1, 6), (6, 10)], cost=1359.61
  Col 4395: blocks=[(0, 1), (1, 6), (6, 10)], cost=1360.64
  Col 4396: blocks=[(0, 1), (1, 6), (6, 10)], cost=1360.64
  Col 4397: blocks=[(0, 1), (1, 6), (6, 10)], cost=1360.29
  Col 4398: blocks=[(0, 1), (1, 6), (6, 10)], cost=1360.86
  Col 4399: blocks=[(0, 1), (1, 6), (6, 10)], cost=1361.88
  Col 4400: blocks=[(0, 1), (1, 6), (6, 10)], cost=1361.88
  Col 4401: blocks=[(0, 1), (1, 6), (6, 10)], cost=1361.54
  Col 4402: blocks=[(0, 1), (1, 6), (6, 10)], cost=1362.87
  Col 4403: blocks=[(0, 1), (1, 6), (6, 10)], cost=1362.87
  Col 4404: blocks=[(0, 1), (1, 6), (6, 10)], cost=1362.52
  Col 4405: blocks=[(0, 1), (1, 6), (6, 10)], cost=1363.90
  Col 4406: blocks=[(0, 1), (1, 6), (6, 10)], cost=1363.55
  Col 4407: blocks=[(0, 1), (1, 6), (6, 10)], cost=1363.55
  Col 4408: blocks=[(0, 1), (1, 6), (6, 10)], cost=1362.31
  Col 4409: blocks=[(0, 1), (1, 6), (6, 10)], cost=1363.33
  Col 4410: blocks=[(0, 1), (1, 6), (6, 10)], cost=1363.33
  Col 4411: blocks=[(0, 1), (1, 6), (6, 10)], cost=1362.99
  Col 4412: blocks=[(0, 1), (1, 6), (6, 10)], cost=1364.32
  Col 4413: blocks=[(0, 1), (1, 6), (6, 10)], cost=1364.32
  Col 4414: blocks=[(0, 1), (1, 6), (6, 10)], cost=1363.97
  Col 4415: blocks=[(0, 1), (1, 6), (6, 10)], cost=1365.34
  Col 4416: blocks=[(0, 1), (1, 6), (6, 10)], cost=1365.00
  Col 4417: blocks=[(0, 1), (1, 6), (6, 10)], cost=1365.00
  Col 4418: blocks=[(0, 1), (1, 6), (6, 10)], cost=1365.56
  Col 4419: blocks=[(0, 1), (1, 6), (6, 10)], cost=1365.56
  Col 4420: blocks=[(0, 1), (1, 6), (6, 10)], cost=1365.21
  Col 4421: blocks=[(0, 1), (1, 6), (6, 10)], cost=1366.59
  Col 4422: blocks=[(0, 1), (1, 6), (6, 10)], cost=1366.24
  Col 4423: blocks=[(0, 1), (1, 6), (6, 10)], cost=1366.24
  Col 4424: blocks=[(0, 1), (1, 6), (6, 10)], cost=1367.57
  Col 4425: blocks=[(0, 1), (1, 6), (6, 10)], cost=1367.22
  Col 4426: blocks=[(0, 1), (1, 6), (6, 10)], cost=1367.22
  Col 4427: blocks=[(0, 1), (1, 6), (6, 10)], cost=1368.25
  Col 4428: blocks=[(0, 1), (1, 7), (7, 8), (8, 9), (9, 10)], cost=1292.03
  Col 4429: blocks=[(0, 1), (1, 7), (7, 8), (8, 9), (9, 10)], cost=1375.28
  Col 4430: blocks=[(0, 1), (1, 7), (7, 8), (8, 9), (9, 10)], cost=1376.73
  Col 4431: blocks=[(0, 1), (1, 7), (7, 8), (8, 9), (9, 10)], cost=1377.97
  Col 4432: blocks=[(0, 1), (1, 7), (7, 8), (8, 9), (9, 10)], cost=1378.96
  Col 4433: blocks=[(0, 1), (1, 7), (7, 8), (8, 9), (9, 10)], cost=1379.64
  Col 4434: blocks=[(0, 1), (1, 7), (7, 8), (8, 9), (9, 10)], cost=1459.99
  Col 4435: blocks=[(0, 1), (1, 7), (7, 8), (8, 9), (9, 10)], cost=1461.23
  Col 4436: blocks=[(0, 1), (1, 7), (7, 8), (8, 9), (9, 10)], cost=1462.21
  Col 4437: blocks=[(0, 1), (1, 7), (7, 8), (8, 9), (9, 10)], cost=1462.89
  Col 4438: blocks=[(0, 1), (1, 7), (7, 8), (8, 9), (9, 10)], cost=1462.68
  Col 4439: blocks=[(0, 1), (1, 7), (7, 8), (8, 9), (9, 10)], cost=1463.66
  Col 4440: blocks=[(0, 1), (1, 7), (7, 8), (8, 9), (9, 10)], cost=1464.34
  Col 4441: blocks=[(0, 1), (1, 7), (7, 8), (8, 9), (9, 10)], cost=1464.90
  Col 4442: blocks=[(0, 1), (1, 7), (7, 8), (8, 9), (9, 10)], cost=1465.58
  Col 4443: blocks=[(0, 1), (1, 7), (7, 8), (8, 9), (9, 10)], cost=1466.57
  Col 4444: blocks=[(0, 1), (1, 7), (7, 8), (8, 9), (9, 10)], cost=1545.93
  Col 4445: blocks=[(0, 1), (1, 7), (7, 8), (8, 9), (9, 10)], cost=1546.91
  Col 4446: blocks=[(0, 1), (1, 7), (7, 8), (8, 9), (9, 10)], cost=1547.59
  Col 4447: blocks=[(0, 1), (1, 7), (7, 8), (8, 9), (9, 10)], cost=1548.16
  Col 4448: blocks=[(0, 1), (1, 7), (7, 8), (8, 9), (9, 10)], cost=1548.84
  Col 4449: blocks=[(0, 1), (1, 7), (7, 8), (8, 9), (9, 10)], cost=1549.82
  Col 4450: blocks=[(0, 1), (1, 7), (7, 8), (8, 9), (9, 10)], cost=1549.60
  Col 4451: blocks=[(0, 1), (1, 7), (7, 8), (8, 9), (9, 10)], cost=1550.29
  Col 4452: blocks=[(0, 1), (1, 7), (7, 8), (8, 9), (9, 10)], cost=1551.27
  Col 4453: blocks=[(0, 1), (1, 7), (7, 8), (8, 9), (9, 10)], cost=1552.51
  Col 4454: blocks=[(0, 1), (1, 7), (7, 8), (8, 10)], cost=1260.97
  Col 4455: blocks=[(0, 1), (1, 7), (7, 8), (8, 10)], cost=1344.22
  Col 4456: blocks=[(0, 1), (1, 7), (7, 8), (8, 10)], cost=1345.67
  Col 4457: blocks=[(0, 1), (1, 7), (7, 8), (8, 10)], cost=1346.91
  Col 4458: blocks=[(0, 1), (1, 7), (7, 8), (8, 10)], cost=1347.90
  Col 4459: blocks=[(0, 1), (1, 7), (7, 8), (8, 10)], cost=1348.58
  Col 4460: blocks=[(0, 1), (1, 7), (7, 8), (8, 10)], cost=1348.58
  Col 4461: blocks=[(0, 1), (1, 7), (7, 8), (8, 10)], cost=1428.93
  Col 4462: blocks=[(0, 1), (1, 7), (7, 8), (8, 10)], cost=1430.17
  Col 4463: blocks=[(0, 1), (1, 7), (7, 8), (8, 10)], cost=1431.15
  Col 4464: blocks=[(0, 1), (1, 7), (7, 8), (8, 10)], cost=1431.83
  Col 4465: blocks=[(0, 1), (1, 7), (7, 8), (8, 10)], cost=1431.83
  Col 4466: blocks=[(0, 1), (1, 7), (7, 8), (8, 10)], cost=1431.62
  Col 4467: blocks=[(0, 1), (1, 7), (7, 8), (8, 10)], cost=1432.60
  Col 4468: blocks=[(0, 1), (1, 7), (7, 8), (8, 10)], cost=1433.28
  Col 4469: blocks=[(0, 1), (1, 7), (7, 8), (8, 10)], cost=1433.28
  Col 4470: blocks=[(0, 1), (1, 7), (7, 8), (8, 10)], cost=1433.84
  Col 4471: blocks=[(0, 1), (1, 7), (7, 8), (8, 10)], cost=1434.52
  Col 4472: blocks=[(0, 1), (1, 7), (7, 8), (8, 10)], cost=1434.52
  Col 4473: blocks=[(0, 1), (1, 7), (7, 8), (8, 10)], cost=1435.51
  Col 4474: blocks=[(0, 1), (1, 7), (7, 8), (8, 10)], cost=1435.51
  Col 4475: blocks=[(0, 1), (1, 7), (7, 8), (8, 10)], cost=1436.19
  Col 4476: blocks=[(0, 1), (1, 7), (7, 8), (8, 10)], cost=1514.87
  Col 4477: blocks=[(0, 1), (1, 7), (7, 8), (8, 10)], cost=1515.85
  Col 4478: blocks=[(0, 1), (1, 7), (7, 8), (8, 10)], cost=1516.53
  Col 4479: blocks=[(0, 1), (1, 7), (7, 8), (8, 10)], cost=1516.53
  Col 4480: blocks=[(0, 1), (1, 7), (7, 8), (8, 10)], cost=1517.10
  Col 4481: blocks=[(0, 1), (1, 7), (7, 8), (8, 10)], cost=1517.78
  Col 4482: blocks=[(0, 1), (1, 7), (7, 8), (8, 10)], cost=1517.78
  Col 4483: blocks=[(0, 1), (1, 7), (7, 8), (8, 10)], cost=1518.76
  Col 4484: blocks=[(0, 1), (1, 7), (7, 8), (8, 10)], cost=1518.76
  Col 4485: blocks=[(0, 1), (1, 7), (7, 8), (8, 10)], cost=1519.44
  Col 4486: blocks=[(0, 1), (1, 7), (7, 8), (8, 10)], cost=1518.54
  Col 4487: blocks=[(0, 1), (1, 7), (7, 8), (8, 10)], cost=1519.22
  Col 4488: blocks=[(0, 1), (1, 7), (7, 8), (8, 10)], cost=1519.22
  Col 4489: blocks=[(0, 1), (1, 7), (7, 8), (8, 10)], cost=1520.21
  Col 4490: blocks=[(0, 1), (1, 7), (7, 8), (8, 10)], cost=1520.21
  Col 4491: blocks=[(0, 1), (1, 7), (7, 8), (8, 10)], cost=1520.89
  Col 4492: blocks=[(0, 1), (1, 7), (7, 8), (8, 10)], cost=1521.45
  Col 4493: blocks=[(0, 1), (1, 7), (7, 8), (8, 10)], cost=1521.45
  Col 4494: blocks=[(0, 1), (1, 7), (7, 8), (8, 10)], cost=1522.13
  Col 4495: blocks=[(0, 1), (1, 7), (7, 8), (8, 10)], cost=1523.11
  Col 4496: blocks=[(0, 1), (1, 7), (7, 9), (9, 10)], cost=1163.01
  Col 4497: blocks=[(0, 1), (1, 7), (7, 9), (9, 10)], cost=1246.26
  Col 4498: blocks=[(0, 1), (1, 7), (7, 9), (9, 10)], cost=1247.71
  Col 4499: blocks=[(0, 1), (1, 7), (7, 9), (9, 10)], cost=1248.95
  Col 4500: blocks=[(0, 1), (1, 7), (7, 9), (9, 10)], cost=1249.93
  Col 4501: blocks=[(0, 1), (1, 7), (7, 9), (9, 10)], cost=1250.62
  Col 4502: blocks=[(0, 1), (1, 7), (7, 9), (9, 10)], cost=1250.96
  Col 4503: blocks=[(0, 1), (1, 7), (7, 9), (9, 10)], cost=1330.96
  Col 4504: blocks=[(0, 1), (1, 7), (7, 9), (9, 10)], cost=1332.21
  Col 4505: blocks=[(0, 1), (1, 7), (7, 9), (9, 10)], cost=1333.19
  Col 4506: blocks=[(0, 1), (1, 7), (7, 9), (9, 10)], cost=1333.87
  Col 4507: blocks=[(0, 1), (1, 7), (7, 9), (9, 10)], cost=1334.22
  Col 4508: blocks=[(0, 1), (1, 7), (7, 9), (9, 10)], cost=1333.65
  Col 4509: blocks=[(0, 1), (1, 7), (7, 9), (9, 10)], cost=1334.64
  Col 4510: blocks=[(0, 1), (1, 7), (7, 9), (9, 10)], cost=1335.32
  Col 4511: blocks=[(0, 1), (1, 7), (7, 9), (9, 10)], cost=1335.67
  Col 4512: blocks=[(0, 1), (1, 7), (7, 9), (9, 10)], cost=1335.88
  Col 4513: blocks=[(0, 1), (1, 7), (7, 9), (9, 10)], cost=1336.56
  Col 4514: blocks=[(0, 1), (1, 7), (7, 9), (9, 10)], cost=1336.91
  Col 4515: blocks=[(0, 1), (1, 7), (7, 9), (9, 10)], cost=1337.54
  Col 4516: blocks=[(0, 1), (1, 7), (7, 9), (9, 10)], cost=1337.89
  Col 4517: blocks=[(0, 1), (1, 7), (7, 9), (9, 10)], cost=1338.57
  Col 4518: blocks=[(0, 1), (1, 7), (7, 9), (9, 10)], cost=1416.91
  Col 4519: blocks=[(0, 1), (1, 7), (7, 9), (9, 10)], cost=1417.89
  Col 4520: blocks=[(0, 1), (1, 7), (7, 9), (9, 10)], cost=1418.57
  Col 4521: blocks=[(0, 1), (1, 7), (7, 9), (9, 10)], cost=1418.92
  Col 4522: blocks=[(0, 1), (1, 7), (7, 9), (9, 10)], cost=1419.13
  Col 4523: blocks=[(0, 1), (1, 7), (7, 9), (9, 10)], cost=1419.81
  Col 4524: blocks=[(0, 1), (1, 7), (7, 9), (9, 10)], cost=1420.16
  Col 4525: blocks=[(0, 1), (1, 7), (7, 9), (9, 10)], cost=1420.80
  Col 4526: blocks=[(0, 1), (1, 7), (7, 9), (9, 10)], cost=1421.14
  Col 4527: blocks=[(0, 1), (1, 7), (7, 9), (9, 10)], cost=1421.83
  Col 4528: blocks=[(0, 1), (1, 7), (7, 9), (9, 10)], cost=1420.58
  Col 4529: blocks=[(0, 1), (1, 7), (7, 9), (9, 10)], cost=1421.26
  Col 4530: blocks=[(0, 1), (1, 7), (7, 9), (9, 10)], cost=1421.61
  Col 4531: blocks=[(0, 1), (1, 7), (7, 9), (9, 10)], cost=1422.25
  Col 4532: blocks=[(0, 1), (1, 7), (7, 9), (9, 10)], cost=1422.59
  Col 4533: blocks=[(0, 1), (1, 7), (7, 9), (9, 10)], cost=1423.27
  Col 4534: blocks=[(0, 1), (1, 7), (7, 9), (9, 10)], cost=1423.49
  Col 4535: blocks=[(0, 1), (1, 7), (7, 9), (9, 10)], cost=1423.84
  Col 4536: blocks=[(0, 1), (1, 7), (7, 9), (9, 10)], cost=1424.52
  Col 4537: blocks=[(0, 1), (1, 7), (7, 9), (9, 10)], cost=1425.50
  Col 4538: blocks=[(0, 1), (1, 7), (7, 10)], cost=1088.88
  Col 4539: blocks=[(0, 1), (1, 7), (7, 10)], cost=1172.13
  Col 4540: blocks=[(0, 1), (1, 7), (7, 10)], cost=1173.58
  Col 4541: blocks=[(0, 1), (1, 7), (7, 10)], cost=1174.82
  Col 4542: blocks=[(0, 1), (1, 7), (7, 10)], cost=1175.81
  Col 4543: blocks=[(0, 1), (1, 7), (7, 10)], cost=1176.49
  Col 4544: blocks=[(0, 1), (1, 7), (7, 10)], cost=1176.83
  Col 4545: blocks=[(0, 1), (1, 7), (7, 10)], cost=1176.49
  Col 4546: blocks=[(0, 1), (1, 7), (7, 10)], cost=1256.83
  Col 4547: blocks=[(0, 1), (1, 7), (7, 10)], cost=1258.08
  Col 4548: blocks=[(0, 1), (1, 7), (7, 10)], cost=1259.06
  Col 4549: blocks=[(0, 1), (1, 7), (7, 10)], cost=1259.74
  Col 4550: blocks=[(0, 1), (1, 7), (7, 10)], cost=1260.09
  Col 4551: blocks=[(0, 1), (1, 7), (7, 10)], cost=1259.74
  Col 4552: blocks=[(0, 1), (1, 7), (7, 10)], cost=1259.52
  Col 4553: blocks=[(0, 1), (1, 7), (7, 10)], cost=1260.51
  Col 4554: blocks=[(0, 1), (1, 7), (7, 10)], cost=1261.19
  Col 4555: blocks=[(0, 1), (1, 7), (7, 10)], cost=1261.54
  Col 4556: blocks=[(0, 1), (1, 7), (7, 10)], cost=1261.19
  Col 4557: blocks=[(0, 1), (1, 7), (7, 10)], cost=1261.75
  Col 4558: blocks=[(0, 1), (1, 7), (7, 10)], cost=1262.43
  Col 4559: blocks=[(0, 1), (1, 7), (7, 10)], cost=1262.78
  Col 4560: blocks=[(0, 1), (1, 7), (7, 10)], cost=1262.43
  Col 4561: blocks=[(0, 1), (1, 7), (7, 10)], cost=1263.41
  Col 4562: blocks=[(0, 1), (1, 7), (7, 10)], cost=1263.76
  Col 4563: blocks=[(0, 1), (1, 7), (7, 10)], cost=1263.41
  Col 4564: blocks=[(0, 1), (1, 7), (7, 10)], cost=1264.44
  Col 4565: blocks=[(0, 1), (1, 7), (7, 10)], cost=1264.09
  Col 4566: blocks=[(0, 1), (1, 7), (7, 10)], cost=1264.44
  Col 4567: blocks=[(0, 1), (1, 7), (7, 10)], cost=1342.78
  Col 4568: blocks=[(0, 1), (1, 7), (7, 10)], cost=1343.76
  Col 4569: blocks=[(0, 1), (1, 7), (7, 10)], cost=1344.44
  Col 4570: blocks=[(0, 1), (1, 7), (7, 10)], cost=1344.79
  Col 4571: blocks=[(0, 1), (1, 7), (7, 10)], cost=1344.44
  Col 4572: blocks=[(0, 1), (1, 7), (7, 10)], cost=1345.00
  Col 4573: blocks=[(0, 1), (1, 7), (7, 10)], cost=1345.68
  Col 4574: blocks=[(0, 1), (1, 7), (7, 10)], cost=1346.03
  Col 4575: blocks=[(0, 1), (1, 7), (7, 10)], cost=1345.68
  Col 4576: blocks=[(0, 1), (1, 7), (7, 10)], cost=1346.67
  Col 4577: blocks=[(0, 1), (1, 7), (7, 10)], cost=1347.02
  Col 4578: blocks=[(0, 1), (1, 7), (7, 10)], cost=1346.67
  Col 4579: blocks=[(0, 1), (1, 7), (7, 10)], cost=1347.70
  Col 4580: blocks=[(0, 1), (1, 7), (7, 10)], cost=1347.35
  Col 4581: blocks=[(0, 1), (1, 7), (7, 10)], cost=1347.70
  Col 4582: blocks=[(0, 1), (1, 7), (7, 10)], cost=1346.45
  Col 4583: blocks=[(0, 1), (1, 7), (7, 10)], cost=1347.13
  Col 4584: blocks=[(0, 1), (1, 7), (7, 10)], cost=1347.48
  Col 4585: blocks=[(0, 1), (1, 7), (7, 10)], cost=1347.13
  Col 4586: blocks=[(0, 1), (1, 7), (7, 10)], cost=1348.12
  Col 4587: blocks=[(0, 1), (1, 7), (7, 10)], cost=1348.46
  Col 4588: blocks=[(0, 1), (1, 7), (7, 10)], cost=1348.12
  Col 4589: blocks=[(0, 1), (1, 7), (7, 10)], cost=1349.14
  Col 4590: blocks=[(0, 1), (1, 7), (7, 10)], cost=1348.80
  Col 4591: blocks=[(0, 1), (1, 7), (7, 10)], cost=1349.14
  Col 4592: blocks=[(0, 1), (1, 7), (7, 10)], cost=1349.36
  Col 4593: blocks=[(0, 1), (1, 7), (7, 10)], cost=1349.71
  Col 4594: blocks=[(0, 1), (1, 7), (7, 10)], cost=1349.36
  Col 4595: blocks=[(0, 1), (1, 7), (7, 10)], cost=1350.39
  Col 4596: blocks=[(0, 1), (1, 7), (7, 10)], cost=1350.04
  Col 4597: blocks=[(0, 1), (1, 7), (7, 10)], cost=1350.39
  Col 4598: blocks=[(0, 1), (1, 7), (7, 10)], cost=1351.37
  Col 4599: blocks=[(0, 1), (1, 7), (7, 10)], cost=1351.02
  Col 4600: blocks=[(0, 1), (1, 7), (7, 10)], cost=1351.37
  Col 4601: blocks=[(0, 1), (1, 7), (7, 10)], cost=1352.05
  Col 4602: blocks=[(0, 1), (1, 8), (8, 9), (9, 10)], cost=1255.51
  Col 4603: blocks=[(0, 1), (1, 8), (8, 9), (9, 10)], cost=1338.76
  Col 4604: blocks=[(0, 1), (1, 8), (8, 9), (9, 10)], cost=1340.21
  Col 4605: blocks=[(0, 1), (1, 8), (8, 9), (9, 10)], cost=1341.45
  Col 4606: blocks=[(0, 1), (1, 8), (8, 9), (9, 10)], cost=1342.44
  Col 4607: blocks=[(0, 1), (1, 8), (8, 9), (9, 10)], cost=1343.12
  Col 4608: blocks=[(0, 1), (1, 8), (8, 9), (9, 10)], cost=1343.46
  Col 4609: blocks=[(0, 1), (1, 8), (8, 9), (9, 10)], cost=1423.46
  Col 4610: blocks=[(0, 1), (1, 8), (8, 9), (9, 10)], cost=1424.71
  Col 4611: blocks=[(0, 1), (1, 8), (8, 9), (9, 10)], cost=1425.69
  Col 4612: blocks=[(0, 1), (1, 8), (8, 9), (9, 10)], cost=1426.37
  Col 4613: blocks=[(0, 1), (1, 8), (8, 9), (9, 10)], cost=1426.72
  Col 4614: blocks=[(0, 1), (1, 8), (8, 9), (9, 10)], cost=1426.16
  Col 4615: blocks=[(0, 1), (1, 8), (8, 9), (9, 10)], cost=1427.14
  Col 4616: blocks=[(0, 1), (1, 8), (8, 9), (9, 10)], cost=1427.82
  Col 4617: blocks=[(0, 1), (1, 8), (8, 9), (9, 10)], cost=1428.17
  Col 4618: blocks=[(0, 1), (1, 8), (8, 9), (9, 10)], cost=1428.38
  Col 4619: blocks=[(0, 1), (1, 8), (8, 9), (9, 10)], cost=1429.06
  Col 4620: blocks=[(0, 1), (1, 8), (8, 9), (9, 10)], cost=1429.41
  Col 4621: blocks=[(0, 1), (1, 8), (8, 9), (9, 10)], cost=1430.04
  Col 4622: blocks=[(0, 1), (1, 8), (8, 9), (9, 10)], cost=1430.39
  Col 4623: blocks=[(0, 1), (1, 8), (8, 9), (9, 10)], cost=1431.07
  Col 4624: blocks=[(0, 1), (1, 8), (8, 9), (9, 10)], cost=1509.41
  Col 4625: blocks=[(0, 1), (1, 8), (8, 9), (9, 10)], cost=1510.39
  Col 4626: blocks=[(0, 1), (1, 8), (8, 9), (9, 10)], cost=1511.07
  Col 4627: blocks=[(0, 1), (1, 8), (8, 9), (9, 10)], cost=1511.42
  Col 4628: blocks=[(0, 1), (1, 8), (8, 9), (9, 10)], cost=1511.64
  Col 4629: blocks=[(0, 1), (1, 8), (8, 9), (9, 10)], cost=1512.32
  Col 4630: blocks=[(0, 1), (1, 8), (8, 9), (9, 10)], cost=1512.66
  Col 4631: blocks=[(0, 1), (1, 8), (8, 9), (9, 10)], cost=1513.30
  Col 4632: blocks=[(0, 1), (1, 8), (8, 9), (9, 10)], cost=1513.65
  Col 4633: blocks=[(0, 1), (1, 8), (8, 9), (9, 10)], cost=1514.33
  Col 4634: blocks=[(0, 1), (1, 8), (8, 9), (9, 10)], cost=1513.08
  Col 4635: blocks=[(0, 1), (1, 8), (8, 9), (9, 10)], cost=1513.76
  Col 4636: blocks=[(0, 1), (1, 8), (8, 9), (9, 10)], cost=1514.11
  Col 4637: blocks=[(0, 1), (1, 8), (8, 9), (9, 10)], cost=1514.75
  Col 4638: blocks=[(0, 1), (1, 8), (8, 9), (9, 10)], cost=1515.09
  Col 4639: blocks=[(0, 1), (1, 8), (8, 9), (9, 10)], cost=1515.77
  Col 4640: blocks=[(0, 1), (1, 8), (8, 9), (9, 10)], cost=1515.99
  Col 4641: blocks=[(0, 1), (1, 8), (8, 9), (9, 10)], cost=1516.34
  Col 4642: blocks=[(0, 1), (1, 8), (8, 9), (9, 10)], cost=1517.02
  Col 4643: blocks=[(0, 1), (1, 8), (8, 9), (9, 10)], cost=1518.00
  Col 4644: blocks=[(0, 1), (1, 8), (8, 10)], cost=1224.45
  Col 4645: blocks=[(0, 1), (1, 8), (8, 10)], cost=1307.70
  Col 4646: blocks=[(0, 1), (1, 8), (8, 10)], cost=1309.15
  Col 4647: blocks=[(0, 1), (1, 8), (8, 10)], cost=1310.39
  Col 4648: blocks=[(0, 1), (1, 8), (8, 10)], cost=1311.38
  Col 4649: blocks=[(0, 1), (1, 8), (8, 10)], cost=1312.06
  Col 4650: blocks=[(0, 1), (1, 8), (8, 10)], cost=1312.40
  Col 4651: blocks=[(0, 1), (1, 8), (8, 10)], cost=1312.06
  Col 4652: blocks=[(0, 1), (1, 8), (8, 10)], cost=1392.40
  Col 4653: blocks=[(0, 1), (1, 8), (8, 10)], cost=1393.65
  Col 4654: blocks=[(0, 1), (1, 8), (8, 10)], cost=1394.63
  Col 4655: blocks=[(0, 1), (1, 8), (8, 10)], cost=1395.31
  Col 4656: blocks=[(0, 1), (1, 8), (8, 10)], cost=1395.66
  Col 4657: blocks=[(0, 1), (1, 8), (8, 10)], cost=1395.31
  Col 4658: blocks=[(0, 1), (1, 8), (8, 10)], cost=1395.10
  Col 4659: blocks=[(0, 1), (1, 8), (8, 10)], cost=1396.08
  Col 4660: blocks=[(0, 1), (1, 8), (8, 10)], cost=1396.76
  Col 4661: blocks=[(0, 1), (1, 8), (8, 10)], cost=1397.11
  Col 4662: blocks=[(0, 1), (1, 8), (8, 10)], cost=1396.76
  Col 4663: blocks=[(0, 1), (1, 8), (8, 10)], cost=1397.32
  Col 4664: blocks=[(0, 1), (1, 8), (8, 10)], cost=1398.00
  Col 4665: blocks=[(0, 1), (1, 8), (8, 10)], cost=1398.35
  Col 4666: blocks=[(0, 1), (1, 8), (8, 10)], cost=1398.00
  Col 4667: blocks=[(0, 1), (1, 8), (8, 10)], cost=1398.98
  Col 4668: blocks=[(0, 1), (1, 8), (8, 10)], cost=1399.33
  Col 4669: blocks=[(0, 1), (1, 8), (8, 10)], cost=1398.98
  Col 4670: blocks=[(0, 1), (1, 8), (8, 10)], cost=1400.01
  Col 4671: blocks=[(0, 1), (1, 8), (8, 10)], cost=1399.66
  Col 4672: blocks=[(0, 1), (1, 8), (8, 10)], cost=1400.01
  Col 4673: blocks=[(0, 1), (1, 8), (8, 10)], cost=1478.35
  Col 4674: blocks=[(0, 1), (1, 8), (8, 10)], cost=1479.33
  Col 4675: blocks=[(0, 1), (1, 8), (8, 10)], cost=1480.01
  Col 4676: blocks=[(0, 1), (1, 8), (8, 10)], cost=1480.36
  Col 4677: blocks=[(0, 1), (1, 8), (8, 10)], cost=1480.01
  Col 4678: blocks=[(0, 1), (1, 8), (8, 10)], cost=1480.58
  Col 4679: blocks=[(0, 1), (1, 8), (8, 10)], cost=1481.26
  Col 4680: blocks=[(0, 1), (1, 8), (8, 10)], cost=1481.60
  Col 4681: blocks=[(0, 1), (1, 8), (8, 10)], cost=1481.26
  Col 4682: blocks=[(0, 1), (1, 8), (8, 10)], cost=1482.24
  Col 4683: blocks=[(0, 1), (1, 8), (8, 10)], cost=1482.59
  Col 4684: blocks=[(0, 1), (1, 8), (8, 10)], cost=1482.24
  Col 4685: blocks=[(0, 1), (1, 8), (8, 10)], cost=1483.27
  Col 4686: blocks=[(0, 1), (1, 8), (8, 10)], cost=1482.92
  Col 4687: blocks=[(0, 1), (1, 8), (8, 10)], cost=1483.27
  Col 4688: blocks=[(0, 1), (1, 8), (8, 10)], cost=1482.02
  Col 4689: blocks=[(0, 1), (1, 8), (8, 10)], cost=1482.70
  Col 4690: blocks=[(0, 1), (1, 8), (8, 10)], cost=1483.05
  Col 4691: blocks=[(0, 1), (1, 8), (8, 10)], cost=1482.70
  Col 4692: blocks=[(0, 1), (1, 8), (8, 10)], cost=1483.69
  Col 4693: blocks=[(0, 1), (1, 8), (8, 10)], cost=1484.03
  Col 4694: blocks=[(0, 1), (1, 8), (8, 10)], cost=1483.69
  Col 4695: blocks=[(0, 1), (1, 8), (8, 10)], cost=1484.71
  Col 4696: blocks=[(0, 1), (1, 8), (8, 10)], cost=1484.37
  Col 4697: blocks=[(0, 1), (1, 8), (8, 10)], cost=1484.71
  Col 4698: blocks=[(0, 1), (1, 8), (8, 10)], cost=1484.93
  Col 4699: blocks=[(0, 1), (1, 8), (8, 10)], cost=1485.28
  Col 4700: blocks=[(0, 1), (1, 8), (8, 10)], cost=1484.93
  Col 4701: blocks=[(0, 1), (1, 8), (8, 10)], cost=1485.96
  Col 4702: blocks=[(0, 1), (1, 8), (8, 10)], cost=1485.61
  Col 4703: blocks=[(0, 1), (1, 8), (8, 10)], cost=1485.96
  Col 4704: blocks=[(0, 1), (1, 8), (8, 10)], cost=1486.94
  Col 4705: blocks=[(0, 1), (1, 8), (8, 10)], cost=1486.59
  Col 4706: blocks=[(0, 1), (1, 8), (8, 10)], cost=1486.94
  Col 4707: blocks=[(0, 1), (1, 8), (8, 10)], cost=1487.62
  Col 4708: blocks=[(0, 1), (1, 9), (9, 10)], cost=1250.53
  Col 4709: blocks=[(0, 1), (1, 9), (9, 10)], cost=1333.79
  Col 4710: blocks=[(0, 1), (1, 9), (9, 10)], cost=1335.24
  Col 4711: blocks=[(0, 1), (1, 9), (9, 10)], cost=1336.48
  Col 4712: blocks=[(0, 1), (1, 9), (9, 10)], cost=1337.46
  Col 4713: blocks=[(0, 1), (1, 9), (9, 10)], cost=1338.14
  Col 4714: blocks=[(0, 1), (1, 9), (9, 10)], cost=1338.49
  Col 4715: blocks=[(0, 1), (1, 9), (9, 10)], cost=1338.49
  Col 4716: blocks=[(0, 1), (1, 9), (9, 10)], cost=1418.49
  Col 4717: blocks=[(0, 1), (1, 9), (9, 10)], cost=1419.73
  Col 4718: blocks=[(0, 1), (1, 9), (9, 10)], cost=1420.72
  Col 4719: blocks=[(0, 1), (1, 9), (9, 10)], cost=1421.40
  Col 4720: blocks=[(0, 1), (1, 9), (9, 10)], cost=1421.74
  Col 4721: blocks=[(0, 1), (1, 9), (9, 10)], cost=1421.74
  Col 4722: blocks=[(0, 1), (1, 9), (9, 10)], cost=1421.18
  Col 4723: blocks=[(0, 1), (1, 9), (9, 10)], cost=1422.16
  Col 4724: blocks=[(0, 1), (1, 9), (9, 10)], cost=1422.85
  Col 4725: blocks=[(0, 1), (1, 9), (9, 10)], cost=1423.19
  Col 4726: blocks=[(0, 1), (1, 9), (9, 10)], cost=1423.19
  Col 4727: blocks=[(0, 1), (1, 9), (9, 10)], cost=1423.41
  Col 4728: blocks=[(0, 1), (1, 9), (9, 10)], cost=1424.09
  Col 4729: blocks=[(0, 1), (1, 9), (9, 10)], cost=1424.44
  Col 4730: blocks=[(0, 1), (1, 9), (9, 10)], cost=1424.44
  Col 4731: blocks=[(0, 1), (1, 9), (9, 10)], cost=1425.07
  Col 4732: blocks=[(0, 1), (1, 9), (9, 10)], cost=1425.42
  Col 4733: blocks=[(0, 1), (1, 9), (9, 10)], cost=1425.42
  Col 4734: blocks=[(0, 1), (1, 9), (9, 10)], cost=1426.10
  Col 4735: blocks=[(0, 1), (1, 9), (9, 10)], cost=1426.10
  Col 4736: blocks=[(0, 1), (1, 9), (9, 10)], cost=1426.45
  Col 4737: blocks=[(0, 1), (1, 9), (9, 10)], cost=1504.44
  Col 4738: blocks=[(0, 1), (1, 9), (9, 10)], cost=1505.42
  Col 4739: blocks=[(0, 1), (1, 9), (9, 10)], cost=1506.10
  Col 4740: blocks=[(0, 1), (1, 9), (9, 10)], cost=1506.45
  Col 4741: blocks=[(0, 1), (1, 9), (9, 10)], cost=1506.45
  Col 4742: blocks=[(0, 1), (1, 9), (9, 10)], cost=1506.66
  Col 4743: blocks=[(0, 1), (1, 9), (9, 10)], cost=1507.34
  Col 4744: blocks=[(0, 1), (1, 9), (9, 10)], cost=1507.69
  Col 4745: blocks=[(0, 1), (1, 9), (9, 10)], cost=1507.69
  Col 4746: blocks=[(0, 1), (1, 9), (9, 10)], cost=1508.32
  Col 4747: blocks=[(0, 1), (1, 9), (9, 10)], cost=1508.67
  Col 4748: blocks=[(0, 1), (1, 9), (9, 10)], cost=1508.67
  Col 4749: blocks=[(0, 1), (1, 9), (9, 10)], cost=1509.35
  Col 4750: blocks=[(0, 1), (1, 9), (9, 10)], cost=1509.35
  Col 4751: blocks=[(0, 1), (1, 9), (9, 10)], cost=1509.70
  Col 4752: blocks=[(0, 1), (1, 9), (9, 10)], cost=1508.11
  Col 4753: blocks=[(0, 1), (1, 9), (9, 10)], cost=1508.79
  Col 4754: blocks=[(0, 1), (1, 9), (9, 10)], cost=1509.14
  Col 4755: blocks=[(0, 1), (1, 9), (9, 10)], cost=1509.14
  Col 4756: blocks=[(0, 1), (1, 9), (9, 10)], cost=1509.77
  Col 4757: blocks=[(0, 1), (1, 9), (9, 10)], cost=1510.12
  Col 4758: blocks=[(0, 1), (1, 9), (9, 10)], cost=1510.12
  Col 4759: blocks=[(0, 1), (1, 9), (9, 10)], cost=1510.80
  Col 4760: blocks=[(0, 1), (1, 9), (9, 10)], cost=1510.80
  Col 4761: blocks=[(0, 1), (1, 9), (9, 10)], cost=1511.15
  Col 4762: blocks=[(0, 1), (1, 9), (9, 10)], cost=1511.02
  Col 4763: blocks=[(0, 1), (1, 9), (9, 10)], cost=1511.36
  Col 4764: blocks=[(0, 1), (1, 9), (9, 10)], cost=1511.36
  Col 4765: blocks=[(0, 1), (1, 9), (9, 10)], cost=1512.04
  Col 4766: blocks=[(0, 1), (1, 9), (9, 10)], cost=1512.04
  Col 4767: blocks=[(0, 1), (1, 9), (9, 10)], cost=1512.39
  Col 4768: blocks=[(0, 1), (1, 9), (9, 10)], cost=1513.03
  Col 4769: blocks=[(0, 1), (1, 9), (9, 10)], cost=1513.03
  Col 4770: blocks=[(0, 1), (1, 9), (9, 10)], cost=1513.37
  Col 4771: blocks=[(0, 1), (1, 9), (9, 10)], cost=1514.06
  Col 4772: blocks=[(0, 1), (1, 10)], cost=1306.50
  Col 4773: blocks=[(0, 1), (1, 10)], cost=1389.76
  Col 4774: blocks=[(0, 1), (1, 10)], cost=1391.21
  Col 4775: blocks=[(0, 1), (1, 10)], cost=1392.45
  Col 4776: blocks=[(0, 1), (1, 10)], cost=1393.43
  Col 4777: blocks=[(0, 1), (1, 10)], cost=1394.11
  Col 4778: blocks=[(0, 1), (1, 10)], cost=1394.46
  Col 4779: blocks=[(0, 1), (1, 10)], cost=1394.46
  Col 4780: blocks=[(0, 1), (1, 10)], cost=1394.11
  Col 4781: blocks=[(0, 1), (1, 10)], cost=1474.46
  Col 4782: blocks=[(0, 1), (1, 10)], cost=1475.70
  Col 4783: blocks=[(0, 1), (1, 10)], cost=1476.69
  Col 4784: blocks=[(0, 1), (1, 10)], cost=1477.37
  Col 4785: blocks=[(0, 1), (1, 10)], cost=1477.71
  Col 4786: blocks=[(0, 1), (1, 10)], cost=1477.71
  Col 4787: blocks=[(0, 1), (1, 10)], cost=1477.37
  Col 4788: blocks=[(0, 1), (1, 10)], cost=1477.15
  Col 4789: blocks=[(0, 1), (1, 10)], cost=1478.14
  Col 4790: blocks=[(0, 1), (1, 10)], cost=1478.82
  Col 4791: blocks=[(0, 1), (1, 10)], cost=1479.16
  Col 4792: blocks=[(0, 1), (1, 10)], cost=1479.16
  Col 4793: blocks=[(0, 1), (1, 10)], cost=1478.82
  Col 4794: blocks=[(0, 1), (1, 10)], cost=1479.38
  Col 4795: blocks=[(0, 1), (1, 10)], cost=1480.06
  Col 4796: blocks=[(0, 1), (1, 10)], cost=1480.41
  Col 4797: blocks=[(0, 1), (1, 10)], cost=1480.41
  Col 4798: blocks=[(0, 1), (1, 10)], cost=1480.06
  Col 4799: blocks=[(0, 1), (1, 10)], cost=1481.04
  Col 4800: blocks=[(0, 1), (1, 10)], cost=1481.39
  Col 4801: blocks=[(0, 1), (1, 10)], cost=1481.39
  Col 4802: blocks=[(0, 1), (1, 10)], cost=1481.04
  Col 4803: blocks=[(0, 1), (1, 10)], cost=1482.07
  Col 4804: blocks=[(0, 1), (1, 10)], cost=1482.07
  Col 4805: blocks=[(0, 1), (1, 10)], cost=1481.72
  Col 4806: blocks=[(0, 1), (1, 10)], cost=1482.42
  Col 4807: blocks=[(0, 1), (1, 10)], cost=1482.07
  Col 4808: blocks=[(0, 1), (1, 10)], cost=1482.07
  Col 4809: blocks=[(0, 1), (1, 10)], cost=1560.41
  Col 4810: blocks=[(0, 1), (1, 10)], cost=1561.39
  Col 4811: blocks=[(0, 1), (1, 10)], cost=1562.07
  Col 4812: blocks=[(0, 1), (1, 10)], cost=1562.42
  Col 4813: blocks=[(0, 1), (1, 10)], cost=1562.42
  Col 4814: blocks=[(0, 1), (1, 10)], cost=1562.07
  Col 4815: blocks=[(0, 1), (1, 10)], cost=1562.63
  Col 4816: blocks=[(0, 1), (1, 10)], cost=1563.31
  Col 4817: blocks=[(0, 1), (1, 10)], cost=1563.66
  Col 4818: blocks=[(0, 1), (1, 10)], cost=1563.66
  Col 4819: blocks=[(0, 1), (1, 10)], cost=1563.31
  Col 4820: blocks=[(0, 1), (1, 10)], cost=1564.30
  Col 4821: blocks=[(0, 1), (1, 10)], cost=1564.64
  Col 4822: blocks=[(0, 1), (1, 10)], cost=1564.64
  Col 4823: blocks=[(0, 1), (1, 10)], cost=1564.30
  Col 4824: blocks=[(0, 1), (1, 10)], cost=1565.32
  Col 4825: blocks=[(0, 1), (1, 10)], cost=1565.32
  Col 4826: blocks=[(0, 1), (1, 10)], cost=1564.98
  Col 4827: blocks=[(0, 1), (1, 10)], cost=1565.67
  Col 4828: blocks=[(0, 1), (1, 10)], cost=1565.32
  Col 4829: blocks=[(0, 1), (1, 10)], cost=1565.32
  Col 4830: blocks=[(0, 1), (1, 10)], cost=1564.08
  Col 4831: blocks=[(0, 1), (1, 10)], cost=1564.76
  Col 4832: blocks=[(0, 1), (1, 10)], cost=1565.11
  Col 4833: blocks=[(0, 1), (1, 10)], cost=1565.11
  Col 4834: blocks=[(0, 1), (1, 10)], cost=1564.76
  Col 4835: blocks=[(0, 1), (1, 10)], cost=1565.74
  Col 4836: blocks=[(0, 1), (1, 10)], cost=1566.09
  Col 4837: blocks=[(0, 1), (1, 10)], cost=1566.09
  Col 4838: blocks=[(0, 1), (1, 10)], cost=1565.74
  Col 4839: blocks=[(0, 1), (1, 10)], cost=1566.77
  Col 4840: blocks=[(0, 1), (1, 10)], cost=1566.77
  Col 4841: blocks=[(0, 1), (1, 10)], cost=1566.42
  Col 4842: blocks=[(0, 1), (1, 10)], cost=1567.12
  Col 4843: blocks=[(0, 1), (1, 10)], cost=1566.77
  Col 4844: blocks=[(0, 1), (1, 10)], cost=1566.77
  Col 4845: blocks=[(0, 1), (1, 10)], cost=1566.99
  Col 4846: blocks=[(0, 1), (1, 10)], cost=1567.33
  Col 4847: blocks=[(0, 1), (1, 10)], cost=1567.33
  Col 4848: blocks=[(0, 1), (1, 10)], cost=1566.99
  Col 4849: blocks=[(0, 1), (1, 10)], cost=1568.01
  Col 4850: blocks=[(0, 1), (1, 10)], cost=1568.01
  Col 4851: blocks=[(0, 1), (1, 10)], cost=1567.67
  Col 4852: blocks=[(0, 1), (1, 10)], cost=1568.36
  Col 4853: blocks=[(0, 1), (1, 10)], cost=1568.01
  Col 4854: blocks=[(0, 1), (1, 10)], cost=1568.01
  Col 4855: blocks=[(0, 1), (1, 10)], cost=1569.00
  Col 4856: blocks=[(0, 1), (1, 10)], cost=1569.00
  Col 4857: blocks=[(0, 1), (1, 10)], cost=1568.65
  Col 4858: blocks=[(0, 1), (1, 10)], cost=1569.35
  Col 4859: blocks=[(0, 1), (1, 10)], cost=1569.00
  Col 4860: blocks=[(0, 1), (1, 10)], cost=1569.00
  Col 4861: blocks=[(0, 1), (1, 10)], cost=1570.03
  Col 4862: blocks=[(0, 1), (1, 10)], cost=1569.68
  Col 4863: blocks=[(0, 1), (1, 10)], cost=1569.68
  Col 4864: blocks=[(0, 1), (1, 10)], cost=1570.03
  Col 4865: blocks=[(0, 2), (2, 3), (3, 4), (4, 5), (5, 6), (6, 7), (7, 8), (8, 9), (9, 10)], cost=1451.45
  Col 4866: blocks=[(0, 2), (2, 3), (3, 4), (4, 5), (5, 6), (6, 7), (7, 8), (8, 9), (9, 10)], cost=1533.12
  Col 4867: blocks=[(0, 2), (2, 3), (3, 4), (4, 5), (5, 6), (6, 7), (7, 8), (8, 10)], cost=1420.39
  Col 4868: blocks=[(0, 2), (2, 3), (3, 4), (4, 5), (5, 6), (6, 7), (7, 8), (8, 10)], cost=1502.06
  Col 4869: blocks=[(0, 2), (2, 3), (3, 4), (4, 5), (5, 6), (6, 7), (7, 8), (8, 10)], cost=1508.00
  Col 4870: blocks=[(0, 2), (2, 3), (3, 4), (4, 5), (5, 6), (6, 7), (7, 8), (8, 10)], cost=1589.66
  Col 4871: blocks=[(0, 2), (2, 3), (3, 4), (4, 5), (5, 6), (6, 7), (7, 9), (9, 10)], cost=1322.43
  Col 4872: blocks=[(0, 2), (2, 3), (3, 4), (4, 5), (5, 6), (6, 7), (7, 9), (9, 10)], cost=1410.39
  Col 4873: blocks=[(0, 2), (2, 3), (3, 4), (4, 5), (5, 6), (6, 7), (7, 9), (9, 10)], cost=1404.09
  Col 4874: blocks=[(0, 2), (2, 3), (3, 4), (4, 5), (5, 6), (6, 7), (7, 9), (9, 10)], cost=1492.05
  Col 4875: blocks=[(0, 2), (2, 3), (3, 4), (4, 5), (5, 6), (6, 7), (7, 10)], cost=1248.30
  Col 4876: blocks=[(0, 2), (2, 3), (3, 4), (4, 5), (5, 6), (6, 7), (7, 10)], cost=1336.26
  Col 4877: blocks=[(0, 2), (2, 3), (3, 4), (4, 5), (5, 6), (6, 7), (7, 10)], cost=1329.96
  Col 4878: blocks=[(0, 2), (2, 3), (3, 4), (4, 5), (5, 6), (6, 7), (7, 10)], cost=1335.91
  Col 4879: blocks=[(0, 2), (2, 3), (3, 4), (4, 5), (5, 6), (6, 7), (7, 10)], cost=1417.92
  Col 4880: blocks=[(0, 2), (2, 3), (3, 4), (4, 5), (5, 6), (6, 7), (7, 10)], cost=1423.87
  Col 4881: blocks=[(0, 2), (2, 3), (3, 4), (4, 5), (5, 6), (6, 7), (7, 10)], cost=1417.57
  Col 4882: blocks=[(0, 2), (2, 3), (3, 4), (4, 5), (5, 6), (6, 7), (7, 10)], cost=1505.53
  Col 4883: blocks=[(0, 2), (2, 3), (3, 4), (4, 5), (5, 6), (6, 8), (8, 9), (9, 10)], cost=1373.24
  Col 4884: blocks=[(0, 2), (2, 3), (3, 4), (4, 5), (5, 6), (6, 8), (8, 9), (9, 10)], cost=1454.90
  Col 4885: blocks=[(0, 2), (2, 3), (3, 4), (4, 5), (5, 6), (6, 8), (8, 9), (9, 10)], cost=1461.20
  Col 4886: blocks=[(0, 2), (2, 3), (3, 4), (4, 5), (5, 6), (6, 8), (8, 9), (9, 10)], cost=1542.86
  Col 4887: blocks=[(0, 2), (2, 3), (3, 4), (4, 5), (5, 6), (6, 8), (8, 10)], cost=1342.18
  Col 4888: blocks=[(0, 2), (2, 3), (3, 4), (4, 5), (5, 6), (6, 8), (8, 10)], cost=1423.84
  Col 4889: blocks=[(0, 2), (2, 3), (3, 4), (4, 5), (5, 6), (6, 8), (8, 10)], cost=1429.79
  Col 4890: blocks=[(0, 2), (2, 3), (3, 4), (4, 5), (5, 6), (6, 8), (8, 10)], cost=1430.14
  Col 4891: blocks=[(0, 2), (2, 3), (3, 4), (4, 5), (5, 6), (6, 8), (8, 10)], cost=1511.45
  Col 4892: blocks=[(0, 2), (2, 3), (3, 4), (4, 5), (5, 6), (6, 8), (8, 10)], cost=1511.80
  Col 4893: blocks=[(0, 2), (2, 3), (3, 4), (4, 5), (5, 6), (6, 8), (8, 10)], cost=1517.74
  Col 4894: blocks=[(0, 2), (2, 3), (3, 4), (4, 5), (5, 6), (6, 8), (8, 10)], cost=1599.41
  Col 4895: blocks=[(0, 2), (2, 3), (3, 4), (4, 5), (5, 6), (6, 9), (9, 10)], cost=1267.72
  Col 4896: blocks=[(0, 2), (2, 3), (3, 4), (4, 5), (5, 6), (6, 9), (9, 10)], cost=1355.67
  Col 4897: blocks=[(0, 2), (2, 3), (3, 4), (4, 5), (5, 6), (6, 9), (9, 10)], cost=1349.38
  Col 4898: blocks=[(0, 2), (2, 3), (3, 4), (4, 5), (5, 6), (6, 9), (9, 10)], cost=1355.67
  Col 4899: blocks=[(0, 2), (2, 3), (3, 4), (4, 5), (5, 6), (6, 9), (9, 10)], cost=1437.34
  Col 4900: blocks=[(0, 2), (2, 3), (3, 4), (4, 5), (5, 6), (6, 9), (9, 10)], cost=1443.63
  Col 4901: blocks=[(0, 2), (2, 3), (3, 4), (4, 5), (5, 6), (6, 9), (9, 10)], cost=1437.34
  Col 4902: blocks=[(0, 2), (2, 3), (3, 4), (4, 5), (5, 6), (6, 9), (9, 10)], cost=1525.29
  Col 4903: blocks=[(0, 2), (2, 3), (3, 4), (4, 5), (5, 6), (6, 10)], cost=1218.23
  Col 4904: blocks=[(0, 2), (2, 3), (3, 4), (4, 5), (5, 6), (6, 10)], cost=1306.19
  Col 4905: blocks=[(0, 2), (2, 3), (3, 4), (4, 5), (5, 6), (6, 10)], cost=1299.90
  Col 4906: blocks=[(0, 2), (2, 3), (3, 4), (4, 5), (5, 6), (6, 10)], cost=1305.84
  Col 4907: blocks=[(0, 2), (2, 3), (3, 4), (4, 5), (5, 6), (6, 10)], cost=1306.19
  Col 4908: blocks=[(0, 2), (2, 3), (3, 4), (4, 5), (5, 6), (6, 10)], cost=1387.85
  Col 4909: blocks=[(0, 2), (2, 3), (3, 4), (4, 5), (5, 6), (6, 10)], cost=1393.80
  Col 4910: blocks=[(0, 2), (2, 3), (3, 4), (4, 5), (5, 6), (6, 10)], cost=1394.15
  Col 4911: blocks=[(0, 2), (2, 3), (3, 4), (4, 5), (5, 6), (6, 10)], cost=1387.51
  Col 4912: blocks=[(0, 2), (2, 3), (3, 4), (4, 5), (5, 6), (6, 10)], cost=1387.85
  Col 4913: blocks=[(0, 2), (2, 3), (3, 4), (4, 5), (5, 6), (6, 10)], cost=1393.80
  Col 4914: blocks=[(0, 2), (2, 3), (3, 4), (4, 5), (5, 6), (6, 10)], cost=1475.46
  Col 4915: blocks=[(0, 2), (2, 3), (3, 4), (4, 5), (5, 6), (6, 10)], cost=1475.81
  Col 4916: blocks=[(0, 2), (2, 3), (3, 4), (4, 5), (5, 6), (6, 10)], cost=1481.76
  Col 4917: blocks=[(0, 2), (2, 3), (3, 4), (4, 5), (5, 6), (6, 10)], cost=1475.46
  Col 4918: blocks=[(0, 2), (2, 3), (3, 4), (4, 5), (5, 7), (7, 8), (8, 9), (9, 10)], cost=1383.73
  Col 4919: blocks=[(0, 2), (2, 3), (3, 4), (4, 5), (5, 7), (7, 8), (8, 9), (9, 10)], cost=1465.40
  Col 4920: blocks=[(0, 2), (2, 3), (3, 4), (4, 5), (5, 7), (7, 8), (8, 9), (9, 10)], cost=1471.34
  Col 4921: blocks=[(0, 2), (2, 3), (3, 4), (4, 5), (5, 7), (7, 8), (8, 9), (9, 10)], cost=1553.01
  Col 4922: blocks=[(0, 2), (2, 3), (3, 4), (4, 5), (5, 7), (7, 8), (8, 10)], cost=1352.67
  Col 4923: blocks=[(0, 2), (2, 3), (3, 4), (4, 5), (5, 7), (7, 8), (8, 10)], cost=1434.34
  Col 4924: blocks=[(0, 2), (2, 3), (3, 4), (4, 5), (5, 7), (7, 8), (8, 10)], cost=1440.28
  Col 4925: blocks=[(0, 2), (2, 3), (3, 4), (4, 5), (5, 7), (7, 8), (8, 10)], cost=1440.28
  Col 4926: blocks=[(0, 2), (2, 3), (3, 4), (4, 5), (5, 7), (7, 8), (8, 10)], cost=1521.95
  Col 4927: blocks=[(0, 2), (2, 3), (3, 4), (4, 5), (5, 7), (7, 8), (8, 10)], cost=1521.95
  Col 4928: blocks=[(0, 2), (2, 3), (3, 4), (4, 5), (5, 7), (7, 8), (8, 10)], cost=1527.89
  Col 4929: blocks=[(0, 2), (2, 3), (3, 4), (4, 5), (5, 7), (7, 8), (8, 10)], cost=1609.55
  Col 4930: blocks=[(0, 2), (2, 3), (3, 4), (4, 5), (5, 7), (7, 9), (9, 10)], cost=1254.71
  Col 4931: blocks=[(0, 2), (2, 3), (3, 4), (4, 5), (5, 7), (7, 9), (9, 10)], cost=1342.67
  Col 4932: blocks=[(0, 2), (2, 3), (3, 4), (4, 5), (5, 7), (7, 9), (9, 10)], cost=1336.37
  Col 4933: blocks=[(0, 2), (2, 3), (3, 4), (4, 5), (5, 7), (7, 9), (9, 10)], cost=1342.32
  Col 4934: blocks=[(0, 2), (2, 3), (3, 4), (4, 5), (5, 7), (7, 9), (9, 10)], cost=1424.33
  Col 4935: blocks=[(0, 2), (2, 3), (3, 4), (4, 5), (5, 7), (7, 9), (9, 10)], cost=1430.28
  Col 4936: blocks=[(0, 2), (2, 3), (3, 4), (4, 5), (5, 7), (7, 9), (9, 10)], cost=1423.98
  Col 4937: blocks=[(0, 2), (2, 3), (3, 4), (4, 5), (5, 7), (7, 9), (9, 10)], cost=1511.94
  Col 4938: blocks=[(0, 2), (2, 3), (3, 4), (4, 5), (5, 7), (7, 10)], cost=1180.58
  Col 4939: blocks=[(0, 2), (2, 3), (3, 4), (4, 5), (5, 7), (7, 10)], cost=1268.54
  Col 4940: blocks=[(0, 2), (2, 3), (3, 4), (4, 5), (5, 7), (7, 10)], cost=1262.25
  Col 4941: blocks=[(0, 2), (2, 3), (3, 4), (4, 5), (5, 7), (7, 10)], cost=1268.19
  Col 4942: blocks=[(0, 2), (2, 3), (3, 4), (4, 5), (5, 7), (7, 10)], cost=1268.19
  Col 4943: blocks=[(0, 2), (2, 3), (3, 4), (4, 5), (5, 7), (7, 10)], cost=1350.20
  Col 4944: blocks=[(0, 2), (2, 3), (3, 4), (4, 5), (5, 7), (7, 10)], cost=1356.15
  Col 4945: blocks=[(0, 2), (2, 3), (3, 4), (4, 5), (5, 7), (7, 10)], cost=1356.15
  Col 4946: blocks=[(0, 2), (2, 3), (3, 4), (4, 5), (5, 7), (7, 10)], cost=1349.85
  Col 4947: blocks=[(0, 2), (2, 3), (3, 4), (4, 5), (5, 7), (7, 10)], cost=1349.85
  Col 4948: blocks=[(0, 2), (2, 3), (3, 4), (4, 5), (5, 7), (7, 10)], cost=1355.80
  Col 4949: blocks=[(0, 2), (2, 3), (3, 4), (4, 5), (5, 7), (7, 10)], cost=1437.81
  Col 4950: blocks=[(0, 2), (2, 3), (3, 4), (4, 5), (5, 7), (7, 10)], cost=1437.81
  Col 4951: blocks=[(0, 2), (2, 3), (3, 4), (4, 5), (5, 7), (7, 10)], cost=1443.75
  Col 4952: blocks=[(0, 2), (2, 3), (3, 4), (4, 5), (5, 7), (7, 10)], cost=1437.46
  Col 4953: blocks=[(0, 2), (2, 3), (3, 4), (4, 5), (5, 8), (8, 9), (9, 10)], cost=1325.41
  Col 4954: blocks=[(0, 2), (2, 3), (3, 4), (4, 5), (5, 8), (8, 9), (9, 10)], cost=1407.07
  Col 4955: blocks=[(0, 2), (2, 3), (3, 4), (4, 5), (5, 8), (8, 9), (9, 10)], cost=1413.02
  Col 4956: blocks=[(0, 2), (2, 3), (3, 4), (4, 5), (5, 8), (8, 9), (9, 10)], cost=1413.37
  Col 4957: blocks=[(0, 2), (2, 3), (3, 4), (4, 5), (5, 8), (8, 9), (9, 10)], cost=1494.68
  Col 4958: blocks=[(0, 2), (2, 3), (3, 4), (4, 5), (5, 8), (8, 9), (9, 10)], cost=1495.03
  Col 4959: blocks=[(0, 2), (2, 3), (3, 4), (4, 5), (5, 8), (8, 9), (9, 10)], cost=1500.98
  Col 4960: blocks=[(0, 2), (2, 3), (3, 4), (4, 5), (5, 8), (8, 9), (9, 10)], cost=1582.64
  Col 4961: blocks=[(0, 2), (2, 3), (3, 4), (4, 5), (5, 8), (8, 10)], cost=1294.35
  Col 4962: blocks=[(0, 2), (2, 3), (3, 4), (4, 5), (5, 8), (8, 10)], cost=1376.01
  Col 4963: blocks=[(0, 2), (2, 3), (3, 4), (4, 5), (5, 8), (8, 10)], cost=1381.96
  Col 4964: blocks=[(0, 2), (2, 3), (3, 4), (4, 5), (5, 8), (8, 10)], cost=1381.96
  Col 4965: blocks=[(0, 2), (2, 3), (3, 4), (4, 5), (5, 8), (8, 10)], cost=1382.31
  Col 4966: blocks=[(0, 2), (2, 3), (3, 4), (4, 5), (5, 8), (8, 10)], cost=1463.62
  Col 4967: blocks=[(0, 2), (2, 3), (3, 4), (4, 5), (5, 8), (8, 10)], cost=1463.62
  Col 4968: blocks=[(0, 2), (2, 3), (3, 4), (4, 5), (5, 8), (8, 10)], cost=1463.97
  Col 4969: blocks=[(0, 2), (2, 3), (3, 4), (4, 5), (5, 8), (8, 10)], cost=1469.57
  Col 4970: blocks=[(0, 2), (2, 3), (3, 4), (4, 5), (5, 8), (8, 10)], cost=1469.92
  Col 4971: blocks=[(0, 2), (2, 3), (3, 4), (4, 5), (5, 8), (8, 10)], cost=1469.92
  Col 4972: blocks=[(0, 2), (2, 3), (3, 4), (4, 5), (5, 8), (8, 10)], cost=1551.23
  Col 4973: blocks=[(0, 2), (2, 3), (3, 4), (4, 5), (5, 8), (8, 10)], cost=1551.58
  Col 4974: blocks=[(0, 2), (2, 3), (3, 4), (4, 5), (5, 8), (8, 10)], cost=1551.58
  Col 4975: blocks=[(0, 2), (2, 3), (3, 4), (4, 5), (5, 8), (8, 10)], cost=1557.52
  Col 4976: blocks=[(0, 2), (2, 3), (3, 4), (4, 5), (5, 9), (9, 10)], cost=1267.86
  Col 4977: blocks=[(0, 2), (2, 3), (3, 4), (4, 5), (5, 9), (9, 10)], cost=1355.81
  Col 4978: blocks=[(0, 2), (2, 3), (3, 4), (4, 5), (5, 9), (9, 10)], cost=1349.52
  Col 4979: blocks=[(0, 2), (2, 3), (3, 4), (4, 5), (5, 9), (9, 10)], cost=1355.47
  Col 4980: blocks=[(0, 2), (2, 3), (3, 4), (4, 5), (5, 9), (9, 10)], cost=1355.81
  Col 4981: blocks=[(0, 2), (2, 3), (3, 4), (4, 5), (5, 9), (9, 10)], cost=1437.48
  Col 4982: blocks=[(0, 2), (2, 3), (3, 4), (4, 5), (5, 9), (9, 10)], cost=1443.42
  Col 4983: blocks=[(0, 2), (2, 3), (3, 4), (4, 5), (5, 9), (9, 10)], cost=1443.77
  Col 4984: blocks=[(0, 2), (2, 3), (3, 4), (4, 5), (5, 9), (9, 10)], cost=1437.13
  Col 4985: blocks=[(0, 2), (2, 3), (3, 4), (4, 5), (5, 9), (9, 10)], cost=1437.48
  Col 4986: blocks=[(0, 2), (2, 3), (3, 4), (4, 5), (5, 9), (9, 10)], cost=1443.42
  Col 4987: blocks=[(0, 2), (2, 3), (3, 4), (4, 5), (5, 9), (9, 10)], cost=1525.09
  Col 4988: blocks=[(0, 2), (2, 3), (3, 4), (4, 5), (5, 9), (9, 10)], cost=1525.43
  Col 4989: blocks=[(0, 2), (2, 3), (3, 4), (4, 5), (5, 9), (9, 10)], cost=1531.38
  Col 4990: blocks=[(0, 2), (2, 3), (3, 4), (4, 5), (5, 9), (9, 10)], cost=1525.09
  Col 4991: blocks=[(0, 2), (2, 3), (3, 4), (4, 5), (5, 10)], cost=1268.69
  Col 4992: blocks=[(0, 2), (2, 3), (3, 4), (4, 5), (5, 10)], cost=1350.35
  Col 4993: blocks=[(0, 2), (2, 3), (3, 4), (4, 5), (5, 10)], cost=1356.29
  Col 4994: blocks=[(0, 2), (2, 3), (3, 4), (4, 5), (5, 10)], cost=1356.64
  Col 4995: blocks=[(0, 2), (2, 3), (3, 4), (4, 5), (5, 10)], cost=1356.64
  Col 4996: blocks=[(0, 2), (2, 3), (3, 4), (4, 5), (5, 10)], cost=1356.29
  Col 4997: blocks=[(0, 2), (2, 3), (3, 4), (4, 5), (5, 10)], cost=1437.96
  Col 4998: blocks=[(0, 2), (2, 3), (3, 4), (4, 5), (5, 10)], cost=1438.31
  Col 4999: blocks=[(0, 2), (2, 3), (3, 4), (4, 5), (5, 10)], cost=1438.31
  Col 5000: blocks=[(0, 2), (2, 3), (3, 4), (4, 5), (5, 10)], cost=1437.96
  Col 5001: blocks=[(0, 2), (2, 3), (3, 4), (4, 5), (5, 10)], cost=1444.25
  Col 5002: blocks=[(0, 2), (2, 3), (3, 4), (4, 5), (5, 10)], cost=1444.25
  Col 5003: blocks=[(0, 2), (2, 3), (3, 4), (4, 5), (5, 10)], cost=1443.90
  Col 5004: blocks=[(0, 2), (2, 3), (3, 4), (4, 5), (5, 10)], cost=1444.60
  Col 5005: blocks=[(0, 2), (2, 3), (3, 4), (4, 5), (5, 10)], cost=1444.25
  Col 5006: blocks=[(0, 2), (2, 3), (3, 4), (4, 5), (5, 10)], cost=1444.25
  Col 5007: blocks=[(0, 2), (2, 3), (3, 4), (4, 5), (5, 10)], cost=1525.91
  Col 5008: blocks=[(0, 2), (2, 3), (3, 4), (4, 5), (5, 10)], cost=1525.91
  Col 5009: blocks=[(0, 2), (2, 3), (3, 4), (4, 5), (5, 10)], cost=1525.57
  Col 5010: blocks=[(0, 2), (2, 3), (3, 4), (4, 5), (5, 10)], cost=1526.26
  Col 5011: blocks=[(0, 2), (2, 3), (3, 4), (4, 5), (5, 10)], cost=1525.91
  Col 5012: blocks=[(0, 2), (2, 3), (3, 4), (4, 5), (5, 10)], cost=1525.91
  Col 5013: blocks=[(0, 2), (2, 3), (3, 4), (4, 5), (5, 10)], cost=1532.21
  Col 5014: blocks=[(0, 2), (2, 3), (3, 4), (4, 5), (5, 10)], cost=1531.86
  Col 5015: blocks=[(0, 2), (2, 3), (3, 4), (4, 5), (5, 10)], cost=1531.86
  Col 5016: blocks=[(0, 2), (2, 3), (3, 4), (4, 5), (5, 10)], cost=1532.21
  Col 5017: blocks=[(0, 2), (2, 3), (3, 4), (4, 6), (6, 7), (7, 8), (8, 9), (9, 10)], cost=1364.30
  Col 5018: blocks=[(0, 2), (2, 3), (3, 4), (4, 6), (6, 7), (7, 8), (8, 9), (9, 10)], cost=1445.97
  Col 5019: blocks=[(0, 2), (2, 3), (3, 4), (4, 6), (6, 7), (7, 8), (8, 9), (9, 10)], cost=1451.23
  Col 5020: blocks=[(0, 2), (2, 3), (3, 4), (4, 6), (6, 7), (7, 8), (8, 9), (9, 10)], cost=1532.89
  Col 5021: blocks=[(0, 2), (2, 3), (3, 4), (4, 6), (6, 7), (7, 8), (8, 10)], cost=1333.24
  Col 5022: blocks=[(0, 2), (2, 3), (3, 4), (4, 6), (6, 7), (7, 8), (8, 10)], cost=1414.91
  Col 5023: blocks=[(0, 2), (2, 3), (3, 4), (4, 6), (6, 7), (7, 8), (8, 10)], cost=1420.17
  Col 5024: blocks=[(0, 2), (2, 3), (3, 4), (4, 6), (6, 7), (7, 8), (8, 10)], cost=1420.85
  Col 5025: blocks=[(0, 2), (2, 3), (3, 4), (4, 6), (6, 7), (7, 8), (8, 10)], cost=1501.83
  Col 5026: blocks=[(0, 2), (2, 3), (3, 4), (4, 6), (6, 7), (7, 8), (8, 10)], cost=1502.52
  Col 5027: blocks=[(0, 2), (2, 3), (3, 4), (4, 6), (6, 7), (7, 8), (8, 10)], cost=1507.78
  Col 5028: blocks=[(0, 2), (2, 3), (3, 4), (4, 6), (6, 7), (7, 8), (8, 10)], cost=1589.44
  Col 5029: blocks=[(0, 2), (2, 3), (3, 4), (4, 6), (6, 7), (7, 9), (9, 10)], cost=1235.28
  Col 5030: blocks=[(0, 2), (2, 3), (3, 4), (4, 6), (6, 7), (7, 9), (9, 10)], cost=1323.24
  Col 5031: blocks=[(0, 2), (2, 3), (3, 4), (4, 6), (6, 7), (7, 9), (9, 10)], cost=1316.94
  Col 5032: blocks=[(0, 2), (2, 3), (3, 4), (4, 6), (6, 7), (7, 9), (9, 10)], cost=1322.21
  Col 5033: blocks=[(0, 2), (2, 3), (3, 4), (4, 6), (6, 7), (7, 9), (9, 10)], cost=1404.90
  Col 5034: blocks=[(0, 2), (2, 3), (3, 4), (4, 6), (6, 7), (7, 9), (9, 10)], cost=1410.17
  Col 5035: blocks=[(0, 2), (2, 3), (3, 4), (4, 6), (6, 7), (7, 9), (9, 10)], cost=1403.87
  Col 5036: blocks=[(0, 2), (2, 3), (3, 4), (4, 6), (6, 7), (7, 9), (9, 10)], cost=1491.83
  Col 5037: blocks=[(0, 2), (2, 3), (3, 4), (4, 6), (6, 7), (7, 10)], cost=1161.15
  Col 5038: blocks=[(0, 2), (2, 3), (3, 4), (4, 6), (6, 7), (7, 10)], cost=1249.11
  Col 5039: blocks=[(0, 2), (2, 3), (3, 4), (4, 6), (6, 7), (7, 10)], cost=1242.82
  Col 5040: blocks=[(0, 2), (2, 3), (3, 4), (4, 6), (6, 7), (7, 10)], cost=1248.08
  Col 5041: blocks=[(0, 2), (2, 3), (3, 4), (4, 6), (6, 7), (7, 10)], cost=1248.76
  Col 5042: blocks=[(0, 2), (2, 3), (3, 4), (4, 6), (6, 7), (7, 10)], cost=1330.77
  Col 5043: blocks=[(0, 2), (2, 3), (3, 4), (4, 6), (6, 7), (7, 10)], cost=1336.04
  Col 5044: blocks=[(0, 2), (2, 3), (3, 4), (4, 6), (6, 7), (7, 10)], cost=1336.72
  Col 5045: blocks=[(0, 2), (2, 3), (3, 4), (4, 6), (6, 7), (7, 10)], cost=1329.74
  Col 5046: blocks=[(0, 2), (2, 3), (3, 4), (4, 6), (6, 7), (7, 10)], cost=1330.42
  Col 5047: blocks=[(0, 2), (2, 3), (3, 4), (4, 6), (6, 7), (7, 10)], cost=1335.69
  Col 5048: blocks=[(0, 2), (2, 3), (3, 4), (4, 6), (6, 7), (7, 10)], cost=1417.70
  Col 5049: blocks=[(0, 2), (2, 3), (3, 4), (4, 6), (6, 7), (7, 10)], cost=1418.38
  Col 5050: blocks=[(0, 2), (2, 3), (3, 4), (4, 6), (6, 7), (7, 10)], cost=1423.64
  Col 5051: blocks=[(0, 2), (2, 3), (3, 4), (4, 6), (6, 7), (7, 10)], cost=1417.35
  Col 5052: blocks=[(0, 2), (2, 3), (3, 4), (4, 6), (6, 8), (8, 9), (9, 10)], cost=1286.09
  Col 5053: blocks=[(0, 2), (2, 3), (3, 4), (4, 6), (6, 8), (8, 9), (9, 10)], cost=1367.75
  Col 5054: blocks=[(0, 2), (2, 3), (3, 4), (4, 6), (6, 8), (8, 9), (9, 10)], cost=1373.02
  Col 5055: blocks=[(0, 2), (2, 3), (3, 4), (4, 6), (6, 8), (8, 9), (9, 10)], cost=1374.05
  Col 5056: blocks=[(0, 2), (2, 3), (3, 4), (4, 6), (6, 8), (8, 9), (9, 10)], cost=1454.68
  Col 5057: blocks=[(0, 2), (2, 3), (3, 4), (4, 6), (6, 8), (8, 9), (9, 10)], cost=1455.71
  Col 5058: blocks=[(0, 2), (2, 3), (3, 4), (4, 6), (6, 8), (8, 9), (9, 10)], cost=1460.98
  Col 5059: blocks=[(0, 2), (2, 3), (3, 4), (4, 6), (6, 8), (8, 9), (9, 10)], cost=1542.64
  Col 5060: blocks=[(0, 2), (2, 3), (3, 4), (4, 6), (6, 8), (8, 10)], cost=1255.03
  Col 5061: blocks=[(0, 2), (2, 3), (3, 4), (4, 6), (6, 8), (8, 10)], cost=1336.69
  Col 5062: blocks=[(0, 2), (2, 3), (3, 4), (4, 6), (6, 8), (8, 10)], cost=1341.96
  Col 5063: blocks=[(0, 2), (2, 3), (3, 4), (4, 6), (6, 8), (8, 10)], cost=1342.64
  Col 5064: blocks=[(0, 2), (2, 3), (3, 4), (4, 6), (6, 8), (8, 10)], cost=1342.99
  Col 5065: blocks=[(0, 2), (2, 3), (3, 4), (4, 6), (6, 8), (8, 10)], cost=1423.62
  Col 5066: blocks=[(0, 2), (2, 3), (3, 4), (4, 6), (6, 8), (8, 10)], cost=1424.30
  Col 5067: blocks=[(0, 2), (2, 3), (3, 4), (4, 6), (6, 8), (8, 10)], cost=1424.65
  Col 5068: blocks=[(0, 2), (2, 3), (3, 4), (4, 6), (6, 8), (8, 10)], cost=1429.57
  Col 5069: blocks=[(0, 2), (2, 3), (3, 4), (4, 6), (6, 8), (8, 10)], cost=1429.92
  Col 5070: blocks=[(0, 2), (2, 3), (3, 4), (4, 6), (6, 8), (8, 10)], cost=1430.60
  Col 5071: blocks=[(0, 2), (2, 3), (3, 4), (4, 6), (6, 8), (8, 10)], cost=1511.23
  Col 5072: blocks=[(0, 2), (2, 3), (3, 4), (4, 6), (6, 8), (8, 10)], cost=1511.58
  Col 5073: blocks=[(0, 2), (2, 3), (3, 4), (4, 6), (6, 8), (8, 10)], cost=1512.26
  Col 5074: blocks=[(0, 2), (2, 3), (3, 4), (4, 6), (6, 8), (8, 10)], cost=1517.52
  Col 5075: blocks=[(0, 2), (2, 3), (3, 4), (4, 6), (6, 9), (9, 10)], cost=1180.57
  Col 5076: blocks=[(0, 2), (2, 3), (3, 4), (4, 6), (6, 9), (9, 10)], cost=1268.53
  Col 5077: blocks=[(0, 2), (2, 3), (3, 4), (4, 6), (6, 9), (9, 10)], cost=1262.23
  Col 5078: blocks=[(0, 2), (2, 3), (3, 4), (4, 6), (6, 9), (9, 10)], cost=1267.50
  Col 5079: blocks=[(0, 2), (2, 3), (3, 4), (4, 6), (6, 9), (9, 10)], cost=1268.53
  Col 5080: blocks=[(0, 2), (2, 3), (3, 4), (4, 6), (6, 9), (9, 10)], cost=1350.19
  Col 5081: blocks=[(0, 2), (2, 3), (3, 4), (4, 6), (6, 9), (9, 10)], cost=1355.45
  Col 5082: blocks=[(0, 2), (2, 3), (3, 4), (4, 6), (6, 9), (9, 10)], cost=1356.48
  Col 5083: blocks=[(0, 2), (2, 3), (3, 4), (4, 6), (6, 9), (9, 10)], cost=1349.16
  Col 5084: blocks=[(0, 2), (2, 3), (3, 4), (4, 6), (6, 9), (9, 10)], cost=1350.19
  Col 5085: blocks=[(0, 2), (2, 3), (3, 4), (4, 6), (6, 9), (9, 10)], cost=1355.45
  Col 5086: blocks=[(0, 2), (2, 3), (3, 4), (4, 6), (6, 9), (9, 10)], cost=1437.12
  Col 5087: blocks=[(0, 2), (2, 3), (3, 4), (4, 6), (6, 9), (9, 10)], cost=1438.14
  Col 5088: blocks=[(0, 2), (2, 3), (3, 4), (4, 6), (6, 9), (9, 10)], cost=1443.41
  Col 5089: blocks=[(0, 2), (2, 3), (3, 4), (4, 6), (6, 9), (9, 10)], cost=1437.12
  Col 5090: blocks=[(0, 2), (2, 3), (3, 4), (4, 6), (6, 10)], cost=1131.09
  Col 5091: blocks=[(0, 2), (2, 3), (3, 4), (4, 6), (6, 10)], cost=1212.75
  Col 5092: blocks=[(0, 2), (2, 3), (3, 4), (4, 6), (6, 10)], cost=1218.01
  Col 5093: blocks=[(0, 2), (2, 3), (3, 4), (4, 6), (6, 10)], cost=1219.04
  Col 5094: blocks=[(0, 2), (2, 3), (3, 4), (4, 6), (6, 10)], cost=1219.04
  Col 5095: blocks=[(0, 2), (2, 3), (3, 4), (4, 6), (6, 10)], cost=1218.69
  Col 5096: blocks=[(0, 2), (2, 3), (3, 4), (4, 6), (6, 10)], cost=1299.68
  Col 5097: blocks=[(0, 2), (2, 3), (3, 4), (4, 6), (6, 10)], cost=1300.71
  Col 5098: blocks=[(0, 2), (2, 3), (3, 4), (4, 6), (6, 10)], cost=1300.71
  Col 5099: blocks=[(0, 2), (2, 3), (3, 4), (4, 6), (6, 10)], cost=1300.36
  Col 5100: blocks=[(0, 2), (2, 3), (3, 4), (4, 6), (6, 10)], cost=1305.97
  Col 5101: blocks=[(0, 2), (2, 3), (3, 4), (4, 6), (6, 10)], cost=1305.97
  Col 5102: blocks=[(0, 2), (2, 3), (3, 4), (4, 6), (6, 10)], cost=1305.62
  Col 5103: blocks=[(0, 2), (2, 3), (3, 4), (4, 6), (6, 10)], cost=1307.00
  Col 5104: blocks=[(0, 2), (2, 3), (3, 4), (4, 6), (6, 10)], cost=1306.65
  Col 5105: blocks=[(0, 2), (2, 3), (3, 4), (4, 6), (6, 10)], cost=1306.65
  Col 5106: blocks=[(0, 2), (2, 3), (3, 4), (4, 6), (6, 10)], cost=1387.63
  Col 5107: blocks=[(0, 2), (2, 3), (3, 4), (4, 6), (6, 10)], cost=1387.63
  Col 5108: blocks=[(0, 2), (2, 3), (3, 4), (4, 6), (6, 10)], cost=1387.29
  Col 5109: blocks=[(0, 2), (2, 3), (3, 4), (4, 6), (6, 10)], cost=1388.66
  Col 5110: blocks=[(0, 2), (2, 3), (3, 4), (4, 6), (6, 10)], cost=1388.31
  Col 5111: blocks=[(0, 2), (2, 3), (3, 4), (4, 6), (6, 10)], cost=1388.31
  Col 5112: blocks=[(0, 2), (2, 3), (3, 4), (4, 6), (6, 10)], cost=1393.93
  Col 5113: blocks=[(0, 2), (2, 3), (3, 4), (4, 6), (6, 10)], cost=1393.58
  Col 5114: blocks=[(0, 2), (2, 3), (3, 4), (4, 6), (6, 10)], cost=1393.58
  Col 5115: blocks=[(0, 2), (2, 3), (3, 4), (4, 6), (6, 10)], cost=1394.61
  Col 5116: blocks=[(0, 2), (2, 3), (3, 4), (4, 7), (7, 8), (8, 9), (9, 10)], cost=1296.49
  Col 5117: blocks=[(0, 2), (2, 3), (3, 4), (4, 7), (7, 8), (8, 9), (9, 10)], cost=1378.15
  Col 5118: blocks=[(0, 2), (2, 3), (3, 4), (4, 7), (7, 8), (8, 9), (9, 10)], cost=1383.41
  Col 5119: blocks=[(0, 2), (2, 3), (3, 4), (4, 7), (7, 8), (8, 9), (9, 10)], cost=1384.09
  Col 5120: blocks=[(0, 2), (2, 3), (3, 4), (4, 7), (7, 8), (8, 9), (9, 10)], cost=1465.08
  Col 5121: blocks=[(0, 2), (2, 3), (3, 4), (4, 7), (7, 8), (8, 9), (9, 10)], cost=1465.76
  Col 5122: blocks=[(0, 2), (2, 3), (3, 4), (4, 7), (7, 8), (8, 9), (9, 10)], cost=1471.02
  Col 5123: blocks=[(0, 2), (2, 3), (3, 4), (4, 7), (7, 8), (8, 9), (9, 10)], cost=1552.69
  Col 5124: blocks=[(0, 2), (2, 3), (3, 4), (4, 7), (7, 8), (8, 10)], cost=1265.43
  Col 5125: blocks=[(0, 2), (2, 3), (3, 4), (4, 7), (7, 8), (8, 10)], cost=1347.09
  Col 5126: blocks=[(0, 2), (2, 3), (3, 4), (4, 7), (7, 8), (8, 10)], cost=1352.35
  Col 5127: blocks=[(0, 2), (2, 3), (3, 4), (4, 7), (7, 8), (8, 10)], cost=1353.03
  Col 5128: blocks=[(0, 2), (2, 3), (3, 4), (4, 7), (7, 8), (8, 10)], cost=1353.03
  Col 5129: blocks=[(0, 2), (2, 3), (3, 4), (4, 7), (7, 8), (8, 10)], cost=1434.02
  Col 5130: blocks=[(0, 2), (2, 3), (3, 4), (4, 7), (7, 8), (8, 10)], cost=1434.70
  Col 5131: blocks=[(0, 2), (2, 3), (3, 4), (4, 7), (7, 8), (8, 10)], cost=1434.70
  Col 5132: blocks=[(0, 2), (2, 3), (3, 4), (4, 7), (7, 8), (8, 10)], cost=1439.96
  Col 5133: blocks=[(0, 2), (2, 3), (3, 4), (4, 7), (7, 8), (8, 10)], cost=1439.96
  Col 5134: blocks=[(0, 2), (2, 3), (3, 4), (4, 7), (7, 8), (8, 10)], cost=1440.64
  Col 5135: blocks=[(0, 2), (2, 3), (3, 4), (4, 7), (7, 8), (8, 10)], cost=1521.63
  Col 5136: blocks=[(0, 2), (2, 3), (3, 4), (4, 7), (7, 8), (8, 10)], cost=1521.63
  Col 5137: blocks=[(0, 2), (2, 3), (3, 4), (4, 7), (7, 8), (8, 10)], cost=1522.31
  Col 5138: blocks=[(0, 2), (2, 3), (3, 4), (4, 7), (7, 8), (8, 10)], cost=1527.57
  Col 5139: blocks=[(0, 2), (2, 3), (3, 4), (4, 7), (7, 9), (9, 10)], cost=1167.46
  Col 5140: blocks=[(0, 2), (2, 3), (3, 4), (4, 7), (7, 9), (9, 10)], cost=1255.42
  Col 5141: blocks=[(0, 2), (2, 3), (3, 4), (4, 7), (7, 9), (9, 10)], cost=1249.13
  Col 5142: blocks=[(0, 2), (2, 3), (3, 4), (4, 7), (7, 9), (9, 10)], cost=1254.39
  Col 5143: blocks=[(0, 2), (2, 3), (3, 4), (4, 7), (7, 9), (9, 10)], cost=1255.07
  Col 5144: blocks=[(0, 2), (2, 3), (3, 4), (4, 7), (7, 9), (9, 10)], cost=1337.08
  Col 5145: blocks=[(0, 2), (2, 3), (3, 4), (4, 7), (7, 9), (9, 10)], cost=1342.35
  Col 5146: blocks=[(0, 2), (2, 3), (3, 4), (4, 7), (7, 9), (9, 10)], cost=1343.03
  Col 5147: blocks=[(0, 2), (2, 3), (3, 4), (4, 7), (7, 9), (9, 10)], cost=1336.06
  Col 5148: blocks=[(0, 2), (2, 3), (3, 4), (4, 7), (7, 9), (9, 10)], cost=1336.74
  Col 5149: blocks=[(0, 2), (2, 3), (3, 4), (4, 7), (7, 9), (9, 10)], cost=1342.00
  Col 5150: blocks=[(0, 2), (2, 3), (3, 4), (4, 7), (7, 9), (9, 10)], cost=1424.01
  Col 5151: blocks=[(0, 2), (2, 3), (3, 4), (4, 7), (7, 9), (9, 10)], cost=1424.69
  Col 5152: blocks=[(0, 2), (2, 3), (3, 4), (4, 7), (7, 9), (9, 10)], cost=1429.96
  Col 5153: blocks=[(0, 2), (2, 3), (3, 4), (4, 7), (7, 9), (9, 10)], cost=1423.66
  Col 5154: blocks=[(0, 2), (2, 3), (3, 4), (4, 7), (7, 10)], cost=1093.33
  Col 5155: blocks=[(0, 2), (2, 3), (3, 4), (4, 7), (7, 10)], cost=1175.00
  Col 5156: blocks=[(0, 2), (2, 3), (3, 4), (4, 7), (7, 10)], cost=1180.26
  Col 5157: blocks=[(0, 2), (2, 3), (3, 4), (4, 7), (7, 10)], cost=1180.94
  Col 5158: blocks=[(0, 2), (2, 3), (3, 4), (4, 7), (7, 10)], cost=1181.29
  Col 5159: blocks=[(0, 2), (2, 3), (3, 4), (4, 7), (7, 10)], cost=1180.94
  Col 5160: blocks=[(0, 2), (2, 3), (3, 4), (4, 7), (7, 10)], cost=1261.93
  Col 5161: blocks=[(0, 2), (2, 3), (3, 4), (4, 7), (7, 10)], cost=1262.61
  Col 5162: blocks=[(0, 2), (2, 3), (3, 4), (4, 7), (7, 10)], cost=1262.95
  Col 5163: blocks=[(0, 2), (2, 3), (3, 4), (4, 7), (7, 10)], cost=1262.61
  Col 5164: blocks=[(0, 2), (2, 3), (3, 4), (4, 7), (7, 10)], cost=1267.87
  Col 5165: blocks=[(0, 2), (2, 3), (3, 4), (4, 7), (7, 10)], cost=1268.22
  Col 5166: blocks=[(0, 2), (2, 3), (3, 4), (4, 7), (7, 10)], cost=1267.87
  Col 5167: blocks=[(0, 2), (2, 3), (3, 4), (4, 7), (7, 10)], cost=1268.90
  Col 5168: blocks=[(0, 2), (2, 3), (3, 4), (4, 7), (7, 10)], cost=1268.55
  Col 5169: blocks=[(0, 2), (2, 3), (3, 4), (4, 7), (7, 10)], cost=1268.90
  Col 5170: blocks=[(0, 2), (2, 3), (3, 4), (4, 7), (7, 10)], cost=1349.53
  Col 5171: blocks=[(0, 2), (2, 3), (3, 4), (4, 7), (7, 10)], cost=1349.88
  Col 5172: blocks=[(0, 2), (2, 3), (3, 4), (4, 7), (7, 10)], cost=1349.53
  Col 5173: blocks=[(0, 2), (2, 3), (3, 4), (4, 7), (7, 10)], cost=1350.56
  Col 5174: blocks=[(0, 2), (2, 3), (3, 4), (4, 7), (7, 10)], cost=1350.21
  Col 5175: blocks=[(0, 2), (2, 3), (3, 4), (4, 7), (7, 10)], cost=1350.56
  Col 5176: blocks=[(0, 2), (2, 3), (3, 4), (4, 7), (7, 10)], cost=1355.83
  Col 5177: blocks=[(0, 2), (2, 3), (3, 4), (4, 7), (7, 10)], cost=1355.48
  Col 5178: blocks=[(0, 2), (2, 3), (3, 4), (4, 7), (7, 10)], cost=1355.83
  Col 5179: blocks=[(0, 2), (2, 3), (3, 4), (4, 7), (7, 10)], cost=1356.51
  Col 5180: blocks=[(0, 2), (2, 3), (3, 4), (4, 8), (8, 9), (9, 10)], cost=1238.07
  Col 5181: blocks=[(0, 2), (2, 3), (3, 4), (4, 8), (8, 9), (9, 10)], cost=1319.73
  Col 5182: blocks=[(0, 2), (2, 3), (3, 4), (4, 8), (8, 9), (9, 10)], cost=1324.99
  Col 5183: blocks=[(0, 2), (2, 3), (3, 4), (4, 8), (8, 9), (9, 10)], cost=1325.67
  Col 5184: blocks=[(0, 2), (2, 3), (3, 4), (4, 8), (8, 9), (9, 10)], cost=1326.02
  Col 5185: blocks=[(0, 2), (2, 3), (3, 4), (4, 8), (8, 9), (9, 10)], cost=1406.66
  Col 5186: blocks=[(0, 2), (2, 3), (3, 4), (4, 8), (8, 9), (9, 10)], cost=1407.34
  Col 5187: blocks=[(0, 2), (2, 3), (3, 4), (4, 8), (8, 9), (9, 10)], cost=1407.68
  Col 5188: blocks=[(0, 2), (2, 3), (3, 4), (4, 8), (8, 9), (9, 10)], cost=1412.60
  Col 5189: blocks=[(0, 2), (2, 3), (3, 4), (4, 8), (8, 9), (9, 10)], cost=1412.95
  Col 5190: blocks=[(0, 2), (2, 3), (3, 4), (4, 8), (8, 9), (9, 10)], cost=1413.63
  Col 5191: blocks=[(0, 2), (2, 3), (3, 4), (4, 8), (8, 9), (9, 10)], cost=1494.27
  Col 5192: blocks=[(0, 2), (2, 3), (3, 4), (4, 8), (8, 9), (9, 10)], cost=1494.61
  Col 5193: blocks=[(0, 2), (2, 3), (3, 4), (4, 8), (8, 9), (9, 10)], cost=1495.29
  Col 5194: blocks=[(0, 2), (2, 3), (3, 4), (4, 8), (8, 9), (9, 10)], cost=1500.56
  Col 5195: blocks=[(0, 2), (2, 3), (3, 4), (4, 8), (8, 10)], cost=1207.01
  Col 5196: blocks=[(0, 2), (2, 3), (3, 4), (4, 8), (8, 10)], cost=1288.67
  Col 5197: blocks=[(0, 2), (2, 3), (3, 4), (4, 8), (8, 10)], cost=1293.93
  Col 5198: blocks=[(0, 2), (2, 3), (3, 4), (4, 8), (8, 10)], cost=1294.61
  Col 5199: blocks=[(0, 2), (2, 3), (3, 4), (4, 8), (8, 10)], cost=1294.96
  Col 5200: blocks=[(0, 2), (2, 3), (3, 4), (4, 8), (8, 10)], cost=1294.61
  Col 5201: blocks=[(0, 2), (2, 3), (3, 4), (4, 8), (8, 10)], cost=1375.60
  Col 5202: blocks=[(0, 2), (2, 3), (3, 4), (4, 8), (8, 10)], cost=1376.28
  Col 5203: blocks=[(0, 2), (2, 3), (3, 4), (4, 8), (8, 10)], cost=1376.62
  Col 5204: blocks=[(0, 2), (2, 3), (3, 4), (4, 8), (8, 10)], cost=1376.28
  Col 5205: blocks=[(0, 2), (2, 3), (3, 4), (4, 8), (8, 10)], cost=1381.54
  Col 5206: blocks=[(0, 2), (2, 3), (3, 4), (4, 8), (8, 10)], cost=1381.89
  Col 5207: blocks=[(0, 2), (2, 3), (3, 4), (4, 8), (8, 10)], cost=1381.54
  Col 5208: blocks=[(0, 2), (2, 3), (3, 4), (4, 8), (8, 10)], cost=1382.57
  Col 5209: blocks=[(0, 2), (2, 3), (3, 4), (4, 8), (8, 10)], cost=1382.22
  Col 5210: blocks=[(0, 2), (2, 3), (3, 4), (4, 8), (8, 10)], cost=1382.57
  Col 5211: blocks=[(0, 2), (2, 3), (3, 4), (4, 8), (8, 10)], cost=1463.21
  Col 5212: blocks=[(0, 2), (2, 3), (3, 4), (4, 8), (8, 10)], cost=1463.55
  Col 5213: blocks=[(0, 2), (2, 3), (3, 4), (4, 8), (8, 10)], cost=1463.21
  Col 5214: blocks=[(0, 2), (2, 3), (3, 4), (4, 8), (8, 10)], cost=1464.23
  Col 5215: blocks=[(0, 2), (2, 3), (3, 4), (4, 8), (8, 10)], cost=1463.89
  Col 5216: blocks=[(0, 2), (2, 3), (3, 4), (4, 8), (8, 10)], cost=1464.23
  Col 5217: blocks=[(0, 2), (2, 3), (3, 4), (4, 8), (8, 10)], cost=1469.50
  Col 5218: blocks=[(0, 2), (2, 3), (3, 4), (4, 8), (8, 10)], cost=1469.15
  Col 5219: blocks=[(0, 2), (2, 3), (3, 4), (4, 8), (8, 10)], cost=1469.50
  Col 5220: blocks=[(0, 2), (2, 3), (3, 4), (4, 8), (8, 10)], cost=1470.18
  Col 5221: blocks=[(0, 2), (2, 3), (3, 4), (4, 9), (9, 10)], cost=1180.28
  Col 5222: blocks=[(0, 2), (2, 3), (3, 4), (4, 9), (9, 10)], cost=1261.94
  Col 5223: blocks=[(0, 2), (2, 3), (3, 4), (4, 9), (9, 10)], cost=1267.20
  Col 5224: blocks=[(0, 2), (2, 3), (3, 4), (4, 9), (9, 10)], cost=1267.88
  Col 5225: blocks=[(0, 2), (2, 3), (3, 4), (4, 9), (9, 10)], cost=1268.23
  Col 5226: blocks=[(0, 2), (2, 3), (3, 4), (4, 9), (9, 10)], cost=1268.23
  Col 5227: blocks=[(0, 2), (2, 3), (3, 4), (4, 9), (9, 10)], cost=1348.87
  Col 5228: blocks=[(0, 2), (2, 3), (3, 4), (4, 9), (9, 10)], cost=1349.55
  Col 5229: blocks=[(0, 2), (2, 3), (3, 4), (4, 9), (9, 10)], cost=1349.89
  Col 5230: blocks=[(0, 2), (2, 3), (3, 4), (4, 9), (9, 10)], cost=1349.89
  Col 5231: blocks=[(0, 2), (2, 3), (3, 4), (4, 9), (9, 10)], cost=1354.81
  Col 5232: blocks=[(0, 2), (2, 3), (3, 4), (4, 9), (9, 10)], cost=1355.16
  Col 5233: blocks=[(0, 2), (2, 3), (3, 4), (4, 9), (9, 10)], cost=1355.16
  Col 5234: blocks=[(0, 2), (2, 3), (3, 4), (4, 9), (9, 10)], cost=1355.84
  Col 5235: blocks=[(0, 2), (2, 3), (3, 4), (4, 9), (9, 10)], cost=1355.84
  Col 5236: blocks=[(0, 2), (2, 3), (3, 4), (4, 9), (9, 10)], cost=1356.19
  Col 5237: blocks=[(0, 2), (2, 3), (3, 4), (4, 9), (9, 10)], cost=1436.47
  Col 5238: blocks=[(0, 2), (2, 3), (3, 4), (4, 9), (9, 10)], cost=1436.82
  Col 5239: blocks=[(0, 2), (2, 3), (3, 4), (4, 9), (9, 10)], cost=1436.82
  Col 5240: blocks=[(0, 2), (2, 3), (3, 4), (4, 9), (9, 10)], cost=1437.50
  Col 5241: blocks=[(0, 2), (2, 3), (3, 4), (4, 9), (9, 10)], cost=1437.50
  Col 5242: blocks=[(0, 2), (2, 3), (3, 4), (4, 9), (9, 10)], cost=1437.85
  Col 5243: blocks=[(0, 2), (2, 3), (3, 4), (4, 9), (9, 10)], cost=1442.77
  Col 5244: blocks=[(0, 2), (2, 3), (3, 4), (4, 9), (9, 10)], cost=1442.77
  Col 5245: blocks=[(0, 2), (2, 3), (3, 4), (4, 9), (9, 10)], cost=1443.12
  Col 5246: blocks=[(0, 2), (2, 3), (3, 4), (4, 9), (9, 10)], cost=1443.80
  Col 5247: blocks=[(0, 2), (2, 3), (3, 4), (4, 10)], cost=1180.85
  Col 5248: blocks=[(0, 2), (2, 3), (3, 4), (4, 10)], cost=1262.52
  Col 5249: blocks=[(0, 2), (2, 3), (3, 4), (4, 10)], cost=1267.78
  Col 5250: blocks=[(0, 2), (2, 3), (3, 4), (4, 10)], cost=1268.46
  Col 5251: blocks=[(0, 2), (2, 3), (3, 4), (4, 10)], cost=1268.81
  Col 5252: blocks=[(0, 2), (2, 3), (3, 4), (4, 10)], cost=1268.81
  Col 5253: blocks=[(0, 2), (2, 3), (3, 4), (4, 10)], cost=1268.46
  Col 5254: blocks=[(0, 2), (2, 3), (3, 4), (4, 10)], cost=1349.44
  Col 5255: blocks=[(0, 2), (2, 3), (3, 4), (4, 10)], cost=1350.12
  Col 5256: blocks=[(0, 2), (2, 3), (3, 4), (4, 10)], cost=1350.47
  Col 5257: blocks=[(0, 2), (2, 3), (3, 4), (4, 10)], cost=1350.47
  Col 5258: blocks=[(0, 2), (2, 3), (3, 4), (4, 10)], cost=1350.12
  Col 5259: blocks=[(0, 2), (2, 3), (3, 4), (4, 10)], cost=1355.39
  Col 5260: blocks=[(0, 2), (2, 3), (3, 4), (4, 10)], cost=1355.74
  Col 5261: blocks=[(0, 2), (2, 3), (3, 4), (4, 10)], cost=1355.74
  Col 5262: blocks=[(0, 2), (2, 3), (3, 4), (4, 10)], cost=1355.39
  Col 5263: blocks=[(0, 2), (2, 3), (3, 4), (4, 10)], cost=1356.42
  Col 5264: blocks=[(0, 2), (2, 3), (3, 4), (4, 10)], cost=1356.42
  Col 5265: blocks=[(0, 2), (2, 3), (3, 4), (4, 10)], cost=1356.07
  Col 5266: blocks=[(0, 2), (2, 3), (3, 4), (4, 10)], cost=1356.76
  Col 5267: blocks=[(0, 2), (2, 3), (3, 4), (4, 10)], cost=1356.42
  Col 5268: blocks=[(0, 2), (2, 3), (3, 4), (4, 10)], cost=1356.42
  Col 5269: blocks=[(0, 2), (2, 3), (3, 4), (4, 10)], cost=1437.05
  Col 5270: blocks=[(0, 2), (2, 3), (3, 4), (4, 10)], cost=1437.40
  Col 5271: blocks=[(0, 2), (2, 3), (3, 4), (4, 10)], cost=1437.40
  Col 5272: blocks=[(0, 2), (2, 3), (3, 4), (4, 10)], cost=1437.05
  Col 5273: blocks=[(0, 2), (2, 3), (3, 4), (4, 10)], cost=1438.08
  Col 5274: blocks=[(0, 2), (2, 3), (3, 4), (4, 10)], cost=1438.08
  Col 5275: blocks=[(0, 2), (2, 3), (3, 4), (4, 10)], cost=1437.73
  Col 5276: blocks=[(0, 2), (2, 3), (3, 4), (4, 10)], cost=1438.43
  Col 5277: blocks=[(0, 2), (2, 3), (3, 4), (4, 10)], cost=1438.08
  Col 5278: blocks=[(0, 2), (2, 3), (3, 4), (4, 10)], cost=1438.08
  Col 5279: blocks=[(0, 2), (2, 3), (3, 4), (4, 10)], cost=1443.35
  Col 5280: blocks=[(0, 2), (2, 3), (3, 4), (4, 10)], cost=1443.35
  Col 5281: blocks=[(0, 2), (2, 3), (3, 4), (4, 10)], cost=1443.00
  Col 5282: blocks=[(0, 2), (2, 3), (3, 4), (4, 10)], cost=1443.69
  Col 5283: blocks=[(0, 2), (2, 3), (3, 4), (4, 10)], cost=1443.35
  Col 5284: blocks=[(0, 2), (2, 3), (3, 4), (4, 10)], cost=1443.35
  Col 5285: blocks=[(0, 2), (2, 3), (3, 4), (4, 10)], cost=1444.37
  Col 5286: blocks=[(0, 2), (2, 3), (3, 4), (4, 10)], cost=1444.03
  Col 5287: blocks=[(0, 2), (2, 3), (3, 4), (4, 10)], cost=1444.03
  Col 5288: blocks=[(0, 2), (2, 3), (3, 4), (4, 10)], cost=1444.37
  Col 5289: blocks=[(0, 2), (2, 3), (3, 5), (5, 6), (6, 7), (7, 8), (8, 9), (9, 10)], cost=1400.37
  Col 5290: blocks=[(0, 2), (2, 3), (3, 5), (5, 6), (6, 7), (7, 8), (8, 9), (9, 10)], cost=1482.03
  Col 5291: blocks=[(0, 2), (2, 3), (3, 5), (5, 6), (6, 7), (7, 8), (8, 9), (9, 10)], cost=1486.32
  Col 5292: blocks=[(0, 2), (2, 3), (3, 5), (5, 6), (6, 7), (7, 8), (8, 9), (9, 10)], cost=1567.98
  Col 5293: blocks=[(0, 2), (2, 3), (3, 5), (5, 6), (6, 7), (7, 8), (8, 10)], cost=1369.31
  Col 5294: blocks=[(0, 2), (2, 3), (3, 5), (5, 6), (6, 7), (7, 8), (8, 10)], cost=1450.97
  Col 5295: blocks=[(0, 2), (2, 3), (3, 5), (5, 6), (6, 7), (7, 8), (8, 10)], cost=1455.26
  Col 5296: blocks=[(0, 2), (2, 3), (3, 5), (5, 6), (6, 7), (7, 8), (8, 10)], cost=1456.92
  Col 5297: blocks=[(0, 2), (2, 3), (3, 5), (5, 6), (6, 7), (7, 8), (8, 10)], cost=1536.92
  Col 5298: blocks=[(0, 2), (2, 3), (3, 5), (5, 6), (6, 7), (7, 8), (8, 10)], cost=1538.58
  Col 5299: blocks=[(0, 2), (2, 3), (3, 5), (5, 6), (6, 7), (7, 8), (8, 10)], cost=1542.86
  Col 5300: blocks=[(0, 2), (2, 3), (3, 5), (5, 6), (6, 7), (7, 8), (8, 10)], cost=1624.53
  Col 5301: blocks=[(0, 2), (2, 3), (3, 5), (5, 6), (6, 7), (7, 9), (9, 10)], cost=1271.35
  Col 5302: blocks=[(0, 2), (2, 3), (3, 5), (5, 6), (6, 7), (7, 9), (9, 10)], cost=1359.30
  Col 5303: blocks=[(0, 2), (2, 3), (3, 5), (5, 6), (6, 7), (7, 9), (9, 10)], cost=1353.01
  Col 5304: blocks=[(0, 2), (2, 3), (3, 5), (5, 6), (6, 7), (7, 9), (9, 10)], cost=1357.29
  Col 5305: blocks=[(0, 2), (2, 3), (3, 5), (5, 6), (6, 7), (7, 9), (9, 10)], cost=1440.97
  Col 5306: blocks=[(0, 2), (2, 3), (3, 5), (5, 6), (6, 7), (7, 9), (9, 10)], cost=1445.25
  Col 5307: blocks=[(0, 2), (2, 3), (3, 5), (5, 6), (6, 7), (7, 9), (9, 10)], cost=1438.96
  Col 5308: blocks=[(0, 2), (2, 3), (3, 5), (5, 6), (6, 7), (7, 9), (9, 10)], cost=1526.91
  Col 5309: blocks=[(0, 2), (2, 3), (3, 5), (5, 6), (6, 7), (7, 10)], cost=1197.22
  Col 5310: blocks=[(0, 2), (2, 3), (3, 5), (5, 6), (6, 7), (7, 10)], cost=1285.17
  Col 5311: blocks=[(0, 2), (2, 3), (3, 5), (5, 6), (6, 7), (7, 10)], cost=1278.88
  Col 5312: blocks=[(0, 2), (2, 3), (3, 5), (5, 6), (6, 7), (7, 10)], cost=1283.16
  Col 5313: blocks=[(0, 2), (2, 3), (3, 5), (5, 6), (6, 7), (7, 10)], cost=1284.83
  Col 5314: blocks=[(0, 2), (2, 3), (3, 5), (5, 6), (6, 7), (7, 10)], cost=1366.84
  Col 5315: blocks=[(0, 2), (2, 3), (3, 5), (5, 6), (6, 7), (7, 10)], cost=1371.12
  Col 5316: blocks=[(0, 2), (2, 3), (3, 5), (5, 6), (6, 7), (7, 10)], cost=1372.78
  Col 5317: blocks=[(0, 2), (2, 3), (3, 5), (5, 6), (6, 7), (7, 10)], cost=1364.83
  Col 5318: blocks=[(0, 2), (2, 3), (3, 5), (5, 6), (6, 7), (7, 10)], cost=1366.49
  Col 5319: blocks=[(0, 2), (2, 3), (3, 5), (5, 6), (6, 7), (7, 10)], cost=1370.77
  Col 5320: blocks=[(0, 2), (2, 3), (3, 5), (5, 6), (6, 7), (7, 10)], cost=1452.78
  Col 5321: blocks=[(0, 2), (2, 3), (3, 5), (5, 6), (6, 7), (7, 10)], cost=1454.45
  Col 5322: blocks=[(0, 2), (2, 3), (3, 5), (5, 6), (6, 7), (7, 10)], cost=1458.73
  Col 5323: blocks=[(0, 2), (2, 3), (3, 5), (5, 6), (6, 7), (7, 10)], cost=1452.44
  Col 5324: blocks=[(0, 2), (2, 3), (3, 5), (5, 6), (6, 8), (8, 9), (9, 10)], cost=1322.16
  Col 5325: blocks=[(0, 2), (2, 3), (3, 5), (5, 6), (6, 8), (8, 9), (9, 10)], cost=1403.82
  Col 5326: blocks=[(0, 2), (2, 3), (3, 5), (5, 6), (6, 8), (8, 9), (9, 10)], cost=1408.10
  Col 5327: blocks=[(0, 2), (2, 3), (3, 5), (5, 6), (6, 8), (8, 9), (9, 10)], cost=1410.11
  Col 5328: blocks=[(0, 2), (2, 3), (3, 5), (5, 6), (6, 8), (8, 9), (9, 10)], cost=1489.77
  Col 5329: blocks=[(0, 2), (2, 3), (3, 5), (5, 6), (6, 8), (8, 9), (9, 10)], cost=1491.78
  Col 5330: blocks=[(0, 2), (2, 3), (3, 5), (5, 6), (6, 8), (8, 9), (9, 10)], cost=1496.06
  Col 5331: blocks=[(0, 2), (2, 3), (3, 5), (5, 6), (6, 8), (8, 9), (9, 10)], cost=1577.72
  Col 5332: blocks=[(0, 2), (2, 3), (3, 5), (5, 6), (6, 8), (8, 10)], cost=1291.10
  Col 5333: blocks=[(0, 2), (2, 3), (3, 5), (5, 6), (6, 8), (8, 10)], cost=1372.76
  Col 5334: blocks=[(0, 2), (2, 3), (3, 5), (5, 6), (6, 8), (8, 10)], cost=1377.04
  Col 5335: blocks=[(0, 2), (2, 3), (3, 5), (5, 6), (6, 8), (8, 10)], cost=1378.71
  Col 5336: blocks=[(0, 2), (2, 3), (3, 5), (5, 6), (6, 8), (8, 10)], cost=1379.05
  Col 5337: blocks=[(0, 2), (2, 3), (3, 5), (5, 6), (6, 8), (8, 10)], cost=1458.71
  Col 5338: blocks=[(0, 2), (2, 3), (3, 5), (5, 6), (6, 8), (8, 10)], cost=1460.37
  Col 5339: blocks=[(0, 2), (2, 3), (3, 5), (5, 6), (6, 8), (8, 10)], cost=1460.72
  Col 5340: blocks=[(0, 2), (2, 3), (3, 5), (5, 6), (6, 8), (8, 10)], cost=1464.65
  Col 5341: blocks=[(0, 2), (2, 3), (3, 5), (5, 6), (6, 8), (8, 10)], cost=1465.00
  Col 5342: blocks=[(0, 2), (2, 3), (3, 5), (5, 6), (6, 8), (8, 10)], cost=1466.66
  Col 5343: blocks=[(0, 2), (2, 3), (3, 5), (5, 6), (6, 8), (8, 10)], cost=1546.32
  Col 5344: blocks=[(0, 2), (2, 3), (3, 5), (5, 6), (6, 8), (8, 10)], cost=1546.66
  Col 5345: blocks=[(0, 2), (2, 3), (3, 5), (5, 6), (6, 8), (8, 10)], cost=1548.33
  Col 5346: blocks=[(0, 2), (2, 3), (3, 5), (5, 6), (6, 8), (8, 10)], cost=1552.61
  Col 5347: blocks=[(0, 2), (2, 3), (3, 5), (5, 6), (6, 9), (9, 10)], cost=1216.64
  Col 5348: blocks=[(0, 2), (2, 3), (3, 5), (5, 6), (6, 9), (9, 10)], cost=1304.59
  Col 5349: blocks=[(0, 2), (2, 3), (3, 5), (5, 6), (6, 9), (9, 10)], cost=1298.30
  Col 5350: blocks=[(0, 2), (2, 3), (3, 5), (5, 6), (6, 9), (9, 10)], cost=1302.58
  Col 5351: blocks=[(0, 2), (2, 3), (3, 5), (5, 6), (6, 9), (9, 10)], cost=1304.59
  Col 5352: blocks=[(0, 2), (2, 3), (3, 5), (5, 6), (6, 9), (9, 10)], cost=1386.26
  Col 5353: blocks=[(0, 2), (2, 3), (3, 5), (5, 6), (6, 9), (9, 10)], cost=1390.54
  Col 5354: blocks=[(0, 2), (2, 3), (3, 5), (5, 6), (6, 9), (9, 10)], cost=1392.55
  Col 5355: blocks=[(0, 2), (2, 3), (3, 5), (5, 6), (6, 9), (9, 10)], cost=1384.24
  Col 5356: blocks=[(0, 2), (2, 3), (3, 5), (5, 6), (6, 9), (9, 10)], cost=1386.26
  Col 5357: blocks=[(0, 2), (2, 3), (3, 5), (5, 6), (6, 9), (9, 10)], cost=1390.54
  Col 5358: blocks=[(0, 2), (2, 3), (3, 5), (5, 6), (6, 9), (9, 10)], cost=1472.20
  Col 5359: blocks=[(0, 2), (2, 3), (3, 5), (5, 6), (6, 9), (9, 10)], cost=1474.21
  Col 5360: blocks=[(0, 2), (2, 3), (3, 5), (5, 6), (6, 9), (9, 10)], cost=1478.49
  Col 5361: blocks=[(0, 2), (2, 3), (3, 5), (5, 6), (6, 9), (9, 10)], cost=1472.20
  Col 5362: blocks=[(0, 2), (2, 3), (3, 5), (5, 6), (6, 10)], cost=1167.15
  Col 5363: blocks=[(0, 2), (2, 3), (3, 5), (5, 6), (6, 10)], cost=1248.82
  Col 5364: blocks=[(0, 2), (2, 3), (3, 5), (5, 6), (6, 10)], cost=1253.10
  Col 5365: blocks=[(0, 2), (2, 3), (3, 5), (5, 6), (6, 10)], cost=1255.11
  Col 5366: blocks=[(0, 2), (2, 3), (3, 5), (5, 6), (6, 10)], cost=1255.11
  Col 5367: blocks=[(0, 2), (2, 3), (3, 5), (5, 6), (6, 10)], cost=1254.76
  Col 5368: blocks=[(0, 2), (2, 3), (3, 5), (5, 6), (6, 10)], cost=1334.76
  Col 5369: blocks=[(0, 2), (2, 3), (3, 5), (5, 6), (6, 10)], cost=1336.77
  Col 5370: blocks=[(0, 2), (2, 3), (3, 5), (5, 6), (6, 10)], cost=1336.77
  Col 5371: blocks=[(0, 2), (2, 3), (3, 5), (5, 6), (6, 10)], cost=1336.42
  Col 5372: blocks=[(0, 2), (2, 3), (3, 5), (5, 6), (6, 10)], cost=1341.05
  Col 5373: blocks=[(0, 2), (2, 3), (3, 5), (5, 6), (6, 10)], cost=1341.05
  Col 5374: blocks=[(0, 2), (2, 3), (3, 5), (5, 6), (6, 10)], cost=1340.71
  Col 5375: blocks=[(0, 2), (2, 3), (3, 5), (5, 6), (6, 10)], cost=1343.07
  Col 5376: blocks=[(0, 2), (2, 3), (3, 5), (5, 6), (6, 10)], cost=1342.72
  Col 5377: blocks=[(0, 2), (2, 3), (3, 5), (5, 6), (6, 10)], cost=1342.72
  Col 5378: blocks=[(0, 2), (2, 3), (3, 5), (5, 6), (6, 10)], cost=1422.72
  Col 5379: blocks=[(0, 2), (2, 3), (3, 5), (5, 6), (6, 10)], cost=1422.72
  Col 5380: blocks=[(0, 2), (2, 3), (3, 5), (5, 6), (6, 10)], cost=1422.37
  Col 5381: blocks=[(0, 2), (2, 3), (3, 5), (5, 6), (6, 10)], cost=1424.73
  Col 5382: blocks=[(0, 2), (2, 3), (3, 5), (5, 6), (6, 10)], cost=1424.38
  Col 5383: blocks=[(0, 2), (2, 3), (3, 5), (5, 6), (6, 10)], cost=1424.38
  Col 5384: blocks=[(0, 2), (2, 3), (3, 5), (5, 6), (6, 10)], cost=1429.01
  Col 5385: blocks=[(0, 2), (2, 3), (3, 5), (5, 6), (6, 10)], cost=1428.66
  Col 5386: blocks=[(0, 2), (2, 3), (3, 5), (5, 6), (6, 10)], cost=1428.66
  Col 5387: blocks=[(0, 2), (2, 3), (3, 5), (5, 6), (6, 10)], cost=1430.67
  Col 5388: blocks=[(0, 2), (2, 3), (3, 5), (5, 7), (7, 8), (8, 9), (9, 10)], cost=1332.65
  Col 5389: blocks=[(0, 2), (2, 3), (3, 5), (5, 7), (7, 8), (8, 9), (9, 10)], cost=1414.32
  Col 5390: blocks=[(0, 2), (2, 3), (3, 5), (5, 7), (7, 8), (8, 9), (9, 10)], cost=1418.60
  Col 5391: blocks=[(0, 2), (2, 3), (3, 5), (5, 7), (7, 8), (8, 9), (9, 10)], cost=1420.26
  Col 5392: blocks=[(0, 2), (2, 3), (3, 5), (5, 7), (7, 8), (8, 9), (9, 10)], cost=1500.26
  Col 5393: blocks=[(0, 2), (2, 3), (3, 5), (5, 7), (7, 8), (8, 9), (9, 10)], cost=1501.92
  Col 5394: blocks=[(0, 2), (2, 3), (3, 5), (5, 7), (7, 8), (8, 9), (9, 10)], cost=1506.21
  Col 5395: blocks=[(0, 2), (2, 3), (3, 5), (5, 7), (7, 8), (8, 9), (9, 10)], cost=1587.87
  Col 5396: blocks=[(0, 2), (2, 3), (3, 5), (5, 7), (7, 8), (8, 10)], cost=1301.59
  Col 5397: blocks=[(0, 2), (2, 3), (3, 5), (5, 7), (7, 8), (8, 10)], cost=1383.26
  Col 5398: blocks=[(0, 2), (2, 3), (3, 5), (5, 7), (7, 8), (8, 10)], cost=1387.54
  Col 5399: blocks=[(0, 2), (2, 3), (3, 5), (5, 7), (7, 8), (8, 10)], cost=1389.20
  Col 5400: blocks=[(0, 2), (2, 3), (3, 5), (5, 7), (7, 8), (8, 10)], cost=1389.20
  Col 5401: blocks=[(0, 2), (2, 3), (3, 5), (5, 7), (7, 8), (8, 10)], cost=1469.20
  Col 5402: blocks=[(0, 2), (2, 3), (3, 5), (5, 7), (7, 8), (8, 10)], cost=1470.86
  Col 5403: blocks=[(0, 2), (2, 3), (3, 5), (5, 7), (7, 8), (8, 10)], cost=1470.86
  Col 5404: blocks=[(0, 2), (2, 3), (3, 5), (5, 7), (7, 8), (8, 10)], cost=1475.15
  Col 5405: blocks=[(0, 2), (2, 3), (3, 5), (5, 7), (7, 8), (8, 10)], cost=1475.15
  Col 5406: blocks=[(0, 2), (2, 3), (3, 5), (5, 7), (7, 8), (8, 10)], cost=1476.81
  Col 5407: blocks=[(0, 2), (2, 3), (3, 5), (5, 7), (7, 8), (8, 10)], cost=1556.81
  Col 5408: blocks=[(0, 2), (2, 3), (3, 5), (5, 7), (7, 8), (8, 10)], cost=1556.81
  Col 5409: blocks=[(0, 2), (2, 3), (3, 5), (5, 7), (7, 8), (8, 10)], cost=1558.47
  Col 5410: blocks=[(0, 2), (2, 3), (3, 5), (5, 7), (7, 8), (8, 10)], cost=1562.75
  Col 5411: blocks=[(0, 2), (2, 3), (3, 5), (5, 7), (7, 9), (9, 10)], cost=1203.63
  Col 5412: blocks=[(0, 2), (2, 3), (3, 5), (5, 7), (7, 9), (9, 10)], cost=1291.59
  Col 5413: blocks=[(0, 2), (2, 3), (3, 5), (5, 7), (7, 9), (9, 10)], cost=1285.29
  Col 5414: blocks=[(0, 2), (2, 3), (3, 5), (5, 7), (7, 9), (9, 10)], cost=1289.57
  Col 5415: blocks=[(0, 2), (2, 3), (3, 5), (5, 7), (7, 9), (9, 10)], cost=1291.24
  Col 5416: blocks=[(0, 2), (2, 3), (3, 5), (5, 7), (7, 9), (9, 10)], cost=1373.25
  Col 5417: blocks=[(0, 2), (2, 3), (3, 5), (5, 7), (7, 9), (9, 10)], cost=1377.53
  Col 5418: blocks=[(0, 2), (2, 3), (3, 5), (5, 7), (7, 9), (9, 10)], cost=1379.19
  Col 5419: blocks=[(0, 2), (2, 3), (3, 5), (5, 7), (7, 9), (9, 10)], cost=1371.24
  Col 5420: blocks=[(0, 2), (2, 3), (3, 5), (5, 7), (7, 9), (9, 10)], cost=1372.90
  Col 5421: blocks=[(0, 2), (2, 3), (3, 5), (5, 7), (7, 9), (9, 10)], cost=1377.18
  Col 5422: blocks=[(0, 2), (2, 3), (3, 5), (5, 7), (7, 9), (9, 10)], cost=1459.19
  Col 5423: blocks=[(0, 2), (2, 3), (3, 5), (5, 7), (7, 9), (9, 10)], cost=1460.86
  Col 5424: blocks=[(0, 2), (2, 3), (3, 5), (5, 7), (7, 9), (9, 10)], cost=1465.14
  Col 5425: blocks=[(0, 2), (2, 3), (3, 5), (5, 7), (7, 9), (9, 10)], cost=1458.85
  Col 5426: blocks=[(0, 2), (2, 3), (3, 5), (5, 7), (7, 10)], cost=1129.50
  Col 5427: blocks=[(0, 2), (2, 3), (3, 5), (5, 7), (7, 10)], cost=1211.16
  Col 5428: blocks=[(0, 2), (2, 3), (3, 5), (5, 7), (7, 10)], cost=1215.45
  Col 5429: blocks=[(0, 2), (2, 3), (3, 5), (5, 7), (7, 10)], cost=1217.11
  Col 5430: blocks=[(0, 2), (2, 3), (3, 5), (5, 7), (7, 10)], cost=1217.46
  Col 5431: blocks=[(0, 2), (2, 3), (3, 5), (5, 7), (7, 10)], cost=1217.11
  Col 5432: blocks=[(0, 2), (2, 3), (3, 5), (5, 7), (7, 10)], cost=1297.11
  Col 5433: blocks=[(0, 2), (2, 3), (3, 5), (5, 7), (7, 10)], cost=1298.77
  Col 5434: blocks=[(0, 2), (2, 3), (3, 5), (5, 7), (7, 10)], cost=1299.12
  Col 5435: blocks=[(0, 2), (2, 3), (3, 5), (5, 7), (7, 10)], cost=1298.77
  Col 5436: blocks=[(0, 2), (2, 3), (3, 5), (5, 7), (7, 10)], cost=1303.05
  Col 5437: blocks=[(0, 2), (2, 3), (3, 5), (5, 7), (7, 10)], cost=1303.40
  Col 5438: blocks=[(0, 2), (2, 3), (3, 5), (5, 7), (7, 10)], cost=1303.05
  Col 5439: blocks=[(0, 2), (2, 3), (3, 5), (5, 7), (7, 10)], cost=1305.06
  Col 5440: blocks=[(0, 2), (2, 3), (3, 5), (5, 7), (7, 10)], cost=1304.72
  Col 5441: blocks=[(0, 2), (2, 3), (3, 5), (5, 7), (7, 10)], cost=1305.06
  Col 5442: blocks=[(0, 2), (2, 3), (3, 5), (5, 7), (7, 10)], cost=1384.72
  Col 5443: blocks=[(0, 2), (2, 3), (3, 5), (5, 7), (7, 10)], cost=1385.06
  Col 5444: blocks=[(0, 2), (2, 3), (3, 5), (5, 7), (7, 10)], cost=1384.72
  Col 5445: blocks=[(0, 2), (2, 3), (3, 5), (5, 7), (7, 10)], cost=1386.73
  Col 5446: blocks=[(0, 2), (2, 3), (3, 5), (5, 7), (7, 10)], cost=1386.38
  Col 5447: blocks=[(0, 2), (2, 3), (3, 5), (5, 7), (7, 10)], cost=1386.73
  Col 5448: blocks=[(0, 2), (2, 3), (3, 5), (5, 7), (7, 10)], cost=1391.01
  Col 5449: blocks=[(0, 2), (2, 3), (3, 5), (5, 7), (7, 10)], cost=1390.66
  Col 5450: blocks=[(0, 2), (2, 3), (3, 5), (5, 7), (7, 10)], cost=1391.01
  Col 5451: blocks=[(0, 2), (2, 3), (3, 5), (5, 7), (7, 10)], cost=1392.67
  Col 5452: blocks=[(0, 2), (2, 3), (3, 5), (5, 8), (8, 9), (9, 10)], cost=1274.33
  Col 5453: blocks=[(0, 2), (2, 3), (3, 5), (5, 8), (8, 9), (9, 10)], cost=1355.99
  Col 5454: blocks=[(0, 2), (2, 3), (3, 5), (5, 8), (8, 9), (9, 10)], cost=1360.27
  Col 5455: blocks=[(0, 2), (2, 3), (3, 5), (5, 8), (8, 9), (9, 10)], cost=1361.94
  Col 5456: blocks=[(0, 2), (2, 3), (3, 5), (5, 8), (8, 9), (9, 10)], cost=1362.29
  Col 5457: blocks=[(0, 2), (2, 3), (3, 5), (5, 8), (8, 9), (9, 10)], cost=1441.94
  Col 5458: blocks=[(0, 2), (2, 3), (3, 5), (5, 8), (8, 9), (9, 10)], cost=1443.60
  Col 5459: blocks=[(0, 2), (2, 3), (3, 5), (5, 8), (8, 9), (9, 10)], cost=1443.95
  Col 5460: blocks=[(0, 2), (2, 3), (3, 5), (5, 8), (8, 9), (9, 10)], cost=1447.88
  Col 5461: blocks=[(0, 2), (2, 3), (3, 5), (5, 8), (8, 9), (9, 10)], cost=1448.23
  Col 5462: blocks=[(0, 2), (2, 3), (3, 5), (5, 8), (8, 9), (9, 10)], cost=1449.89
  Col 5463: blocks=[(0, 2), (2, 3), (3, 5), (5, 8), (8, 9), (9, 10)], cost=1529.55
  Col 5464: blocks=[(0, 2), (2, 3), (3, 5), (5, 8), (8, 9), (9, 10)], cost=1529.89
  Col 5465: blocks=[(0, 2), (2, 3), (3, 5), (5, 8), (8, 9), (9, 10)], cost=1531.56
  Col 5466: blocks=[(0, 2), (2, 3), (3, 5), (5, 8), (8, 9), (9, 10)], cost=1535.84
  Col 5467: blocks=[(0, 2), (2, 3), (3, 5), (5, 8), (8, 10)], cost=1243.27
  Col 5468: blocks=[(0, 2), (2, 3), (3, 5), (5, 8), (8, 10)], cost=1324.93
  Col 5469: blocks=[(0, 2), (2, 3), (3, 5), (5, 8), (8, 10)], cost=1329.21
  Col 5470: blocks=[(0, 2), (2, 3), (3, 5), (5, 8), (8, 10)], cost=1330.88
  Col 5471: blocks=[(0, 2), (2, 3), (3, 5), (5, 8), (8, 10)], cost=1331.23
  Col 5472: blocks=[(0, 2), (2, 3), (3, 5), (5, 8), (8, 10)], cost=1330.88
  Col 5473: blocks=[(0, 2), (2, 3), (3, 5), (5, 8), (8, 10)], cost=1410.88
  Col 5474: blocks=[(0, 2), (2, 3), (3, 5), (5, 8), (8, 10)], cost=1412.54
  Col 5475: blocks=[(0, 2), (2, 3), (3, 5), (5, 8), (8, 10)], cost=1412.89
  Col 5476: blocks=[(0, 2), (2, 3), (3, 5), (5, 8), (8, 10)], cost=1412.54
  Col 5477: blocks=[(0, 2), (2, 3), (3, 5), (5, 8), (8, 10)], cost=1416.82
  Col 5478: blocks=[(0, 2), (2, 3), (3, 5), (5, 8), (8, 10)], cost=1417.17
  Col 5479: blocks=[(0, 2), (2, 3), (3, 5), (5, 8), (8, 10)], cost=1416.82
  Col 5480: blocks=[(0, 2), (2, 3), (3, 5), (5, 8), (8, 10)], cost=1418.83
  Col 5481: blocks=[(0, 2), (2, 3), (3, 5), (5, 8), (8, 10)], cost=1418.49
  Col 5482: blocks=[(0, 2), (2, 3), (3, 5), (5, 8), (8, 10)], cost=1418.83
  Col 5483: blocks=[(0, 2), (2, 3), (3, 5), (5, 8), (8, 10)], cost=1498.49
  Col 5484: blocks=[(0, 2), (2, 3), (3, 5), (5, 8), (8, 10)], cost=1498.83
  Col 5485: blocks=[(0, 2), (2, 3), (3, 5), (5, 8), (8, 10)], cost=1498.49
  Col 5486: blocks=[(0, 2), (2, 3), (3, 5), (5, 8), (8, 10)], cost=1500.50
  Col 5487: blocks=[(0, 2), (2, 3), (3, 5), (5, 8), (8, 10)], cost=1500.15
  Col 5488: blocks=[(0, 2), (2, 3), (3, 5), (5, 8), (8, 10)], cost=1500.50
  Col 5489: blocks=[(0, 2), (2, 3), (3, 5), (5, 8), (8, 10)], cost=1504.78
  Col 5490: blocks=[(0, 2), (2, 3), (3, 5), (5, 8), (8, 10)], cost=1504.43
  Col 5491: blocks=[(0, 2), (2, 3), (3, 5), (5, 8), (8, 10)], cost=1504.78
  Col 5492: blocks=[(0, 2), (2, 3), (3, 5), (5, 8), (8, 10)], cost=1506.44
  Col 5493: blocks=[(0, 2), (2, 3), (3, 5), (5, 9), (9, 10)], cost=1216.78
  Col 5494: blocks=[(0, 2), (2, 3), (3, 5), (5, 9), (9, 10)], cost=1298.44
  Col 5495: blocks=[(0, 2), (2, 3), (3, 5), (5, 9), (9, 10)], cost=1302.72
  Col 5496: blocks=[(0, 2), (2, 3), (3, 5), (5, 9), (9, 10)], cost=1304.39
  Col 5497: blocks=[(0, 2), (2, 3), (3, 5), (5, 9), (9, 10)], cost=1304.73
  Col 5498: blocks=[(0, 2), (2, 3), (3, 5), (5, 9), (9, 10)], cost=1304.73
  Col 5499: blocks=[(0, 2), (2, 3), (3, 5), (5, 9), (9, 10)], cost=1384.39
  Col 5500: blocks=[(0, 2), (2, 3), (3, 5), (5, 9), (9, 10)], cost=1386.05
  Col 5501: blocks=[(0, 2), (2, 3), (3, 5), (5, 9), (9, 10)], cost=1386.40
  Col 5502: blocks=[(0, 2), (2, 3), (3, 5), (5, 9), (9, 10)], cost=1386.40
  Col 5503: blocks=[(0, 2), (2, 3), (3, 5), (5, 9), (9, 10)], cost=1390.33
  Col 5504: blocks=[(0, 2), (2, 3), (3, 5), (5, 9), (9, 10)], cost=1390.68
  Col 5505: blocks=[(0, 2), (2, 3), (3, 5), (5, 9), (9, 10)], cost=1390.68
  Col 5506: blocks=[(0, 2), (2, 3), (3, 5), (5, 9), (9, 10)], cost=1392.34
  Col 5507: blocks=[(0, 2), (2, 3), (3, 5), (5, 9), (9, 10)], cost=1392.34
  Col 5508: blocks=[(0, 2), (2, 3), (3, 5), (5, 9), (9, 10)], cost=1392.69
  Col 5509: blocks=[(0, 2), (2, 3), (3, 5), (5, 9), (9, 10)], cost=1471.99
  Col 5510: blocks=[(0, 2), (2, 3), (3, 5), (5, 9), (9, 10)], cost=1472.34
  Col 5511: blocks=[(0, 2), (2, 3), (3, 5), (5, 9), (9, 10)], cost=1472.34
  Col 5512: blocks=[(0, 2), (2, 3), (3, 5), (5, 9), (9, 10)], cost=1474.00
  Col 5513: blocks=[(0, 2), (2, 3), (3, 5), (5, 9), (9, 10)], cost=1474.00
  Col 5514: blocks=[(0, 2), (2, 3), (3, 5), (5, 9), (9, 10)], cost=1474.35
  Col 5515: blocks=[(0, 2), (2, 3), (3, 5), (5, 9), (9, 10)], cost=1478.29
  Col 5516: blocks=[(0, 2), (2, 3), (3, 5), (5, 9), (9, 10)], cost=1478.29
  Col 5517: blocks=[(0, 2), (2, 3), (3, 5), (5, 9), (9, 10)], cost=1478.63
  Col 5518: blocks=[(0, 2), (2, 3), (3, 5), (5, 9), (9, 10)], cost=1480.30
  Col 5519: blocks=[(0, 2), (2, 3), (3, 5), (5, 10)], cost=1217.60
  Col 5520: blocks=[(0, 2), (2, 3), (3, 5), (5, 10)], cost=1299.27
  Col 5521: blocks=[(0, 2), (2, 3), (3, 5), (5, 10)], cost=1303.55
  Col 5522: blocks=[(0, 2), (2, 3), (3, 5), (5, 10)], cost=1305.21
  Col 5523: blocks=[(0, 2), (2, 3), (3, 5), (5, 10)], cost=1305.56
  Col 5524: blocks=[(0, 2), (2, 3), (3, 5), (5, 10)], cost=1305.56
  Col 5525: blocks=[(0, 2), (2, 3), (3, 5), (5, 10)], cost=1305.21
  Col 5526: blocks=[(0, 2), (2, 3), (3, 5), (5, 10)], cost=1385.21
  Col 5527: blocks=[(0, 2), (2, 3), (3, 5), (5, 10)], cost=1386.88
  Col 5528: blocks=[(0, 2), (2, 3), (3, 5), (5, 10)], cost=1387.22
  Col 5529: blocks=[(0, 2), (2, 3), (3, 5), (5, 10)], cost=1387.22
  Col 5530: blocks=[(0, 2), (2, 3), (3, 5), (5, 10)], cost=1386.88
  Col 5531: blocks=[(0, 2), (2, 3), (3, 5), (5, 10)], cost=1391.16
  Col 5532: blocks=[(0, 2), (2, 3), (3, 5), (5, 10)], cost=1391.51
  Col 5533: blocks=[(0, 2), (2, 3), (3, 5), (5, 10)], cost=1391.51
  Col 5534: blocks=[(0, 2), (2, 3), (3, 5), (5, 10)], cost=1391.16
  Col 5535: blocks=[(0, 2), (2, 3), (3, 5), (5, 10)], cost=1393.17
  Col 5536: blocks=[(0, 2), (2, 3), (3, 5), (5, 10)], cost=1393.17
  Col 5537: blocks=[(0, 2), (2, 3), (3, 5), (5, 10)], cost=1392.82
  Col 5538: blocks=[(0, 2), (2, 3), (3, 5), (5, 10)], cost=1393.52
  Col 5539: blocks=[(0, 2), (2, 3), (3, 5), (5, 10)], cost=1393.17
  Col 5540: blocks=[(0, 2), (2, 3), (3, 5), (5, 10)], cost=1393.17
  Col 5541: blocks=[(0, 2), (2, 3), (3, 5), (5, 10)], cost=1472.82
  Col 5542: blocks=[(0, 2), (2, 3), (3, 5), (5, 10)], cost=1473.17
  Col 5543: blocks=[(0, 2), (2, 3), (3, 5), (5, 10)], cost=1473.17
  Col 5544: blocks=[(0, 2), (2, 3), (3, 5), (5, 10)], cost=1472.82
  Col 5545: blocks=[(0, 2), (2, 3), (3, 5), (5, 10)], cost=1474.83
  Col 5546: blocks=[(0, 2), (2, 3), (3, 5), (5, 10)], cost=1474.83
  Col 5547: blocks=[(0, 2), (2, 3), (3, 5), (5, 10)], cost=1474.48
  Col 5548: blocks=[(0, 2), (2, 3), (3, 5), (5, 10)], cost=1475.18
  Col 5549: blocks=[(0, 2), (2, 3), (3, 5), (5, 10)], cost=1474.83
  Col 5550: blocks=[(0, 2), (2, 3), (3, 5), (5, 10)], cost=1474.83
  Col 5551: blocks=[(0, 2), (2, 3), (3, 5), (5, 10)], cost=1479.11
  Col 5552: blocks=[(0, 2), (2, 3), (3, 5), (5, 10)], cost=1479.11
  Col 5553: blocks=[(0, 2), (2, 3), (3, 5), (5, 10)], cost=1478.77
  Col 5554: blocks=[(0, 2), (2, 3), (3, 5), (5, 10)], cost=1479.46
  Col 5555: blocks=[(0, 2), (2, 3), (3, 5), (5, 10)], cost=1479.11
  Col 5556: blocks=[(0, 2), (2, 3), (3, 5), (5, 10)], cost=1479.11
  Col 5557: blocks=[(0, 2), (2, 3), (3, 5), (5, 10)], cost=1481.12
  Col 5558: blocks=[(0, 2), (2, 3), (3, 5), (5, 10)], cost=1480.78
  Col 5559: blocks=[(0, 2), (2, 3), (3, 5), (5, 10)], cost=1480.78
  Col 5560: blocks=[(0, 2), (2, 3), (3, 5), (5, 10)], cost=1481.12
  Col 5561: blocks=[(0, 2), (2, 3), (3, 6), (6, 7), (7, 8), (8, 9), (9, 10)], cost=1333.29
  Col 5562: blocks=[(0, 2), (2, 3), (3, 6), (6, 7), (7, 8), (8, 9), (9, 10)], cost=1414.96
  Col 5563: blocks=[(0, 2), (2, 3), (3, 6), (6, 7), (7, 8), (8, 9), (9, 10)], cost=1419.24
  Col 5564: blocks=[(0, 2), (2, 3), (3, 6), (6, 7), (7, 8), (8, 9), (9, 10)], cost=1420.22
  Col 5565: blocks=[(0, 2), (2, 3), (3, 6), (6, 7), (7, 8), (8, 9), (9, 10)], cost=1500.90
  Col 5566: blocks=[(0, 2), (2, 3), (3, 6), (6, 7), (7, 8), (8, 9), (9, 10)], cost=1501.89
  Col 5567: blocks=[(0, 2), (2, 3), (3, 6), (6, 7), (7, 8), (8, 9), (9, 10)], cost=1506.17
  Col 5568: blocks=[(0, 2), (2, 3), (3, 6), (6, 7), (7, 8), (8, 9), (9, 10)], cost=1587.83
  Col 5569: blocks=[(0, 2), (2, 3), (3, 6), (6, 7), (7, 8), (8, 10)], cost=1302.23
  Col 5570: blocks=[(0, 2), (2, 3), (3, 6), (6, 7), (7, 8), (8, 10)], cost=1383.90
  Col 5571: blocks=[(0, 2), (2, 3), (3, 6), (6, 7), (7, 8), (8, 10)], cost=1388.18
  Col 5572: blocks=[(0, 2), (2, 3), (3, 6), (6, 7), (7, 8), (8, 10)], cost=1389.16
  Col 5573: blocks=[(0, 2), (2, 3), (3, 6), (6, 7), (7, 8), (8, 10)], cost=1389.84
  Col 5574: blocks=[(0, 2), (2, 3), (3, 6), (6, 7), (7, 8), (8, 10)], cost=1469.84
  Col 5575: blocks=[(0, 2), (2, 3), (3, 6), (6, 7), (7, 8), (8, 10)], cost=1470.83
  Col 5576: blocks=[(0, 2), (2, 3), (3, 6), (6, 7), (7, 8), (8, 10)], cost=1471.51
  Col 5577: blocks=[(0, 2), (2, 3), (3, 6), (6, 7), (7, 8), (8, 10)], cost=1475.11
  Col 5578: blocks=[(0, 2), (2, 3), (3, 6), (6, 7), (7, 8), (8, 10)], cost=1475.79
  Col 5579: blocks=[(0, 2), (2, 3), (3, 6), (6, 7), (7, 8), (8, 10)], cost=1476.77
  Col 5580: blocks=[(0, 2), (2, 3), (3, 6), (6, 7), (7, 8), (8, 10)], cost=1556.77
  Col 5581: blocks=[(0, 2), (2, 3), (3, 6), (6, 7), (7, 8), (8, 10)], cost=1557.45
  Col 5582: blocks=[(0, 2), (2, 3), (3, 6), (6, 7), (7, 8), (8, 10)], cost=1558.43
  Col 5583: blocks=[(0, 2), (2, 3), (3, 6), (6, 7), (7, 8), (8, 10)], cost=1562.72
  Col 5584: blocks=[(0, 2), (2, 3), (3, 6), (6, 7), (7, 9), (9, 10)], cost=1204.27
  Col 5585: blocks=[(0, 2), (2, 3), (3, 6), (6, 7), (7, 9), (9, 10)], cost=1292.23
  Col 5586: blocks=[(0, 2), (2, 3), (3, 6), (6, 7), (7, 9), (9, 10)], cost=1285.94
  Col 5587: blocks=[(0, 2), (2, 3), (3, 6), (6, 7), (7, 9), (9, 10)], cost=1290.22
  Col 5588: blocks=[(0, 2), (2, 3), (3, 6), (6, 7), (7, 9), (9, 10)], cost=1291.20
  Col 5589: blocks=[(0, 2), (2, 3), (3, 6), (6, 7), (7, 9), (9, 10)], cost=1373.89
  Col 5590: blocks=[(0, 2), (2, 3), (3, 6), (6, 7), (7, 9), (9, 10)], cost=1378.17
  Col 5591: blocks=[(0, 2), (2, 3), (3, 6), (6, 7), (7, 9), (9, 10)], cost=1379.16
  Col 5592: blocks=[(0, 2), (2, 3), (3, 6), (6, 7), (7, 9), (9, 10)], cost=1371.88
  Col 5593: blocks=[(0, 2), (2, 3), (3, 6), (6, 7), (7, 9), (9, 10)], cost=1372.86
  Col 5594: blocks=[(0, 2), (2, 3), (3, 6), (6, 7), (7, 9), (9, 10)], cost=1377.15
  Col 5595: blocks=[(0, 2), (2, 3), (3, 6), (6, 7), (7, 9), (9, 10)], cost=1459.84
  Col 5596: blocks=[(0, 2), (2, 3), (3, 6), (6, 7), (7, 9), (9, 10)], cost=1460.82
  Col 5597: blocks=[(0, 2), (2, 3), (3, 6), (6, 7), (7, 9), (9, 10)], cost=1465.10
  Col 5598: blocks=[(0, 2), (2, 3), (3, 6), (6, 7), (7, 9), (9, 10)], cost=1458.81
  Col 5599: blocks=[(0, 2), (2, 3), (3, 6), (6, 7), (7, 10)], cost=1130.14
  Col 5600: blocks=[(0, 2), (2, 3), (3, 6), (6, 7), (7, 10)], cost=1211.81
  Col 5601: blocks=[(0, 2), (2, 3), (3, 6), (6, 7), (7, 10)], cost=1216.09
  Col 5602: blocks=[(0, 2), (2, 3), (3, 6), (6, 7), (7, 10)], cost=1217.07
  Col 5603: blocks=[(0, 2), (2, 3), (3, 6), (6, 7), (7, 10)], cost=1218.10
  Col 5604: blocks=[(0, 2), (2, 3), (3, 6), (6, 7), (7, 10)], cost=1217.75
  Col 5605: blocks=[(0, 2), (2, 3), (3, 6), (6, 7), (7, 10)], cost=1297.75
  Col 5606: blocks=[(0, 2), (2, 3), (3, 6), (6, 7), (7, 10)], cost=1298.73
  Col 5607: blocks=[(0, 2), (2, 3), (3, 6), (6, 7), (7, 10)], cost=1299.76
  Col 5608: blocks=[(0, 2), (2, 3), (3, 6), (6, 7), (7, 10)], cost=1299.41
  Col 5609: blocks=[(0, 2), (2, 3), (3, 6), (6, 7), (7, 10)], cost=1303.02
  Col 5610: blocks=[(0, 2), (2, 3), (3, 6), (6, 7), (7, 10)], cost=1304.04
  Col 5611: blocks=[(0, 2), (2, 3), (3, 6), (6, 7), (7, 10)], cost=1303.70
  Col 5612: blocks=[(0, 2), (2, 3), (3, 6), (6, 7), (7, 10)], cost=1305.03
  Col 5613: blocks=[(0, 2), (2, 3), (3, 6), (6, 7), (7, 10)], cost=1304.68
  Col 5614: blocks=[(0, 2), (2, 3), (3, 6), (6, 7), (7, 10)], cost=1305.71
  Col 5615: blocks=[(0, 2), (2, 3), (3, 6), (6, 7), (7, 10)], cost=1384.68
  Col 5616: blocks=[(0, 2), (2, 3), (3, 6), (6, 7), (7, 10)], cost=1385.71
  Col 5617: blocks=[(0, 2), (2, 3), (3, 6), (6, 7), (7, 10)], cost=1385.36
  Col 5618: blocks=[(0, 2), (2, 3), (3, 6), (6, 7), (7, 10)], cost=1386.69
  Col 5619: blocks=[(0, 2), (2, 3), (3, 6), (6, 7), (7, 10)], cost=1386.34
  Col 5620: blocks=[(0, 2), (2, 3), (3, 6), (6, 7), (7, 10)], cost=1387.37
  Col 5621: blocks=[(0, 2), (2, 3), (3, 6), (6, 7), (7, 10)], cost=1390.97
  Col 5622: blocks=[(0, 2), (2, 3), (3, 6), (6, 7), (7, 10)], cost=1390.62
  Col 5623: blocks=[(0, 2), (2, 3), (3, 6), (6, 7), (7, 10)], cost=1391.65
  Col 5624: blocks=[(0, 2), (2, 3), (3, 6), (6, 7), (7, 10)], cost=1392.64
  Col 5625: blocks=[(0, 2), (2, 3), (3, 6), (6, 8), (8, 9), (9, 10)], cost=1255.08
  Col 5626: blocks=[(0, 2), (2, 3), (3, 6), (6, 8), (8, 9), (9, 10)], cost=1336.75
  Col 5627: blocks=[(0, 2), (2, 3), (3, 6), (6, 8), (8, 9), (9, 10)], cost=1341.03
  Col 5628: blocks=[(0, 2), (2, 3), (3, 6), (6, 8), (8, 9), (9, 10)], cost=1342.01
  Col 5629: blocks=[(0, 2), (2, 3), (3, 6), (6, 8), (8, 9), (9, 10)], cost=1343.04
  Col 5630: blocks=[(0, 2), (2, 3), (3, 6), (6, 8), (8, 9), (9, 10)], cost=1422.69
  Col 5631: blocks=[(0, 2), (2, 3), (3, 6), (6, 8), (8, 9), (9, 10)], cost=1423.67
  Col 5632: blocks=[(0, 2), (2, 3), (3, 6), (6, 8), (8, 9), (9, 10)], cost=1424.70
  Col 5633: blocks=[(0, 2), (2, 3), (3, 6), (6, 8), (8, 9), (9, 10)], cost=1427.96
  Col 5634: blocks=[(0, 2), (2, 3), (3, 6), (6, 8), (8, 9), (9, 10)], cost=1428.98
  Col 5635: blocks=[(0, 2), (2, 3), (3, 6), (6, 8), (8, 9), (9, 10)], cost=1429.97
  Col 5636: blocks=[(0, 2), (2, 3), (3, 6), (6, 8), (8, 9), (9, 10)], cost=1509.62
  Col 5637: blocks=[(0, 2), (2, 3), (3, 6), (6, 8), (8, 9), (9, 10)], cost=1510.65
  Col 5638: blocks=[(0, 2), (2, 3), (3, 6), (6, 8), (8, 9), (9, 10)], cost=1511.63
  Col 5639: blocks=[(0, 2), (2, 3), (3, 6), (6, 8), (8, 9), (9, 10)], cost=1515.91
  Col 5640: blocks=[(0, 2), (2, 3), (3, 6), (6, 8), (8, 10)], cost=1224.02
  Col 5641: blocks=[(0, 2), (2, 3), (3, 6), (6, 8), (8, 10)], cost=1305.69
  Col 5642: blocks=[(0, 2), (2, 3), (3, 6), (6, 8), (8, 10)], cost=1309.97
  Col 5643: blocks=[(0, 2), (2, 3), (3, 6), (6, 8), (8, 10)], cost=1310.95
  Col 5644: blocks=[(0, 2), (2, 3), (3, 6), (6, 8), (8, 10)], cost=1311.98
  Col 5645: blocks=[(0, 2), (2, 3), (3, 6), (6, 8), (8, 10)], cost=1311.63
  Col 5646: blocks=[(0, 2), (2, 3), (3, 6), (6, 8), (8, 10)], cost=1391.63
  Col 5647: blocks=[(0, 2), (2, 3), (3, 6), (6, 8), (8, 10)], cost=1392.61
  Col 5648: blocks=[(0, 2), (2, 3), (3, 6), (6, 8), (8, 10)], cost=1393.64
  Col 5649: blocks=[(0, 2), (2, 3), (3, 6), (6, 8), (8, 10)], cost=1393.29
  Col 5650: blocks=[(0, 2), (2, 3), (3, 6), (6, 8), (8, 10)], cost=1396.90
  Col 5651: blocks=[(0, 2), (2, 3), (3, 6), (6, 8), (8, 10)], cost=1397.92
  Col 5652: blocks=[(0, 2), (2, 3), (3, 6), (6, 8), (8, 10)], cost=1397.58
  Col 5653: blocks=[(0, 2), (2, 3), (3, 6), (6, 8), (8, 10)], cost=1398.91
  Col 5654: blocks=[(0, 2), (2, 3), (3, 6), (6, 8), (8, 10)], cost=1398.56
  Col 5655: blocks=[(0, 2), (2, 3), (3, 6), (6, 8), (8, 10)], cost=1399.59
  Col 5656: blocks=[(0, 2), (2, 3), (3, 6), (6, 8), (8, 10)], cost=1478.56
  Col 5657: blocks=[(0, 2), (2, 3), (3, 6), (6, 8), (8, 10)], cost=1479.59
  Col 5658: blocks=[(0, 2), (2, 3), (3, 6), (6, 8), (8, 10)], cost=1479.24
  Col 5659: blocks=[(0, 2), (2, 3), (3, 6), (6, 8), (8, 10)], cost=1480.57
  Col 5660: blocks=[(0, 2), (2, 3), (3, 6), (6, 8), (8, 10)], cost=1480.22
  Col 5661: blocks=[(0, 2), (2, 3), (3, 6), (6, 8), (8, 10)], cost=1481.25
  Col 5662: blocks=[(0, 2), (2, 3), (3, 6), (6, 8), (8, 10)], cost=1484.85
  Col 5663: blocks=[(0, 2), (2, 3), (3, 6), (6, 8), (8, 10)], cost=1484.50
  Col 5664: blocks=[(0, 2), (2, 3), (3, 6), (6, 8), (8, 10)], cost=1485.53
  Col 5665: blocks=[(0, 2), (2, 3), (3, 6), (6, 8), (8, 10)], cost=1486.52
  Col 5666: blocks=[(0, 2), (2, 3), (3, 6), (6, 9), (9, 10)], cost=1149.56
  Col 5667: blocks=[(0, 2), (2, 3), (3, 6), (6, 9), (9, 10)], cost=1231.22
  Col 5668: blocks=[(0, 2), (2, 3), (3, 6), (6, 9), (9, 10)], cost=1235.51
  Col 5669: blocks=[(0, 2), (2, 3), (3, 6), (6, 9), (9, 10)], cost=1236.49
  Col 5670: blocks=[(0, 2), (2, 3), (3, 6), (6, 9), (9, 10)], cost=1237.52
  Col 5671: blocks=[(0, 2), (2, 3), (3, 6), (6, 9), (9, 10)], cost=1237.52
  Col 5672: blocks=[(0, 2), (2, 3), (3, 6), (6, 9), (9, 10)], cost=1317.17
  Col 5673: blocks=[(0, 2), (2, 3), (3, 6), (6, 9), (9, 10)], cost=1318.15
  Col 5674: blocks=[(0, 2), (2, 3), (3, 6), (6, 9), (9, 10)], cost=1319.18
  Col 5675: blocks=[(0, 2), (2, 3), (3, 6), (6, 9), (9, 10)], cost=1319.18
  Col 5676: blocks=[(0, 2), (2, 3), (3, 6), (6, 9), (9, 10)], cost=1322.43
  Col 5677: blocks=[(0, 2), (2, 3), (3, 6), (6, 9), (9, 10)], cost=1323.46
  Col 5678: blocks=[(0, 2), (2, 3), (3, 6), (6, 9), (9, 10)], cost=1323.46
  Col 5679: blocks=[(0, 2), (2, 3), (3, 6), (6, 9), (9, 10)], cost=1324.44
  Col 5680: blocks=[(0, 2), (2, 3), (3, 6), (6, 9), (9, 10)], cost=1324.44
  Col 5681: blocks=[(0, 2), (2, 3), (3, 6), (6, 9), (9, 10)], cost=1325.47
  Col 5682: blocks=[(0, 2), (2, 3), (3, 6), (6, 9), (9, 10)], cost=1404.10
  Col 5683: blocks=[(0, 2), (2, 3), (3, 6), (6, 9), (9, 10)], cost=1405.12
  Col 5684: blocks=[(0, 2), (2, 3), (3, 6), (6, 9), (9, 10)], cost=1405.12
  Col 5685: blocks=[(0, 2), (2, 3), (3, 6), (6, 9), (9, 10)], cost=1406.11
  Col 5686: blocks=[(0, 2), (2, 3), (3, 6), (6, 9), (9, 10)], cost=1406.11
  Col 5687: blocks=[(0, 2), (2, 3), (3, 6), (6, 9), (9, 10)], cost=1407.14
  Col 5688: blocks=[(0, 2), (2, 3), (3, 6), (6, 9), (9, 10)], cost=1410.39
  Col 5689: blocks=[(0, 2), (2, 3), (3, 6), (6, 9), (9, 10)], cost=1410.39
  Col 5690: blocks=[(0, 2), (2, 3), (3, 6), (6, 9), (9, 10)], cost=1411.42
  Col 5691: blocks=[(0, 2), (2, 3), (3, 6), (6, 9), (9, 10)], cost=1412.40
  Col 5692: blocks=[(0, 2), (2, 3), (3, 6), (6, 10)], cost=1100.08
  Col 5693: blocks=[(0, 2), (2, 3), (3, 6), (6, 10)], cost=1181.74
  Col 5694: blocks=[(0, 2), (2, 3), (3, 6), (6, 10)], cost=1186.02
  Col 5695: blocks=[(0, 2), (2, 3), (3, 6), (6, 10)], cost=1187.01
  Col 5696: blocks=[(0, 2), (2, 3), (3, 6), (6, 10)], cost=1188.03
  Col 5697: blocks=[(0, 2), (2, 3), (3, 6), (6, 10)], cost=1188.03
  Col 5698: blocks=[(0, 2), (2, 3), (3, 6), (6, 10)], cost=1187.69
  Col 5699: blocks=[(0, 2), (2, 3), (3, 6), (6, 10)], cost=1267.69
  Col 5700: blocks=[(0, 2), (2, 3), (3, 6), (6, 10)], cost=1268.67
  Col 5701: blocks=[(0, 2), (2, 3), (3, 6), (6, 10)], cost=1269.70
  Col 5702: blocks=[(0, 2), (2, 3), (3, 6), (6, 10)], cost=1269.70
  Col 5703: blocks=[(0, 2), (2, 3), (3, 6), (6, 10)], cost=1269.35
  Col 5704: blocks=[(0, 2), (2, 3), (3, 6), (6, 10)], cost=1272.95
  Col 5705: blocks=[(0, 2), (2, 3), (3, 6), (6, 10)], cost=1273.98
  Col 5706: blocks=[(0, 2), (2, 3), (3, 6), (6, 10)], cost=1273.98
  Col 5707: blocks=[(0, 2), (2, 3), (3, 6), (6, 10)], cost=1273.63
  Col 5708: blocks=[(0, 2), (2, 3), (3, 6), (6, 10)], cost=1274.96
  Col 5709: blocks=[(0, 2), (2, 3), (3, 6), (6, 10)], cost=1274.96
  Col 5710: blocks=[(0, 2), (2, 3), (3, 6), (6, 10)], cost=1274.61
  Col 5711: blocks=[(0, 2), (2, 3), (3, 6), (6, 10)], cost=1275.99
  Col 5712: blocks=[(0, 2), (2, 3), (3, 6), (6, 10)], cost=1275.64
  Col 5713: blocks=[(0, 2), (2, 3), (3, 6), (6, 10)], cost=1275.64
  Col 5714: blocks=[(0, 2), (2, 3), (3, 6), (6, 10)], cost=1354.61
  Col 5715: blocks=[(0, 2), (2, 3), (3, 6), (6, 10)], cost=1355.64
  Col 5716: blocks=[(0, 2), (2, 3), (3, 6), (6, 10)], cost=1355.64
  Col 5717: blocks=[(0, 2), (2, 3), (3, 6), (6, 10)], cost=1355.29
  Col 5718: blocks=[(0, 2), (2, 3), (3, 6), (6, 10)], cost=1356.62
  Col 5719: blocks=[(0, 2), (2, 3), (3, 6), (6, 10)], cost=1356.62
  Col 5720: blocks=[(0, 2), (2, 3), (3, 6), (6, 10)], cost=1356.28
  Col 5721: blocks=[(0, 2), (2, 3), (3, 6), (6, 10)], cost=1357.65
  Col 5722: blocks=[(0, 2), (2, 3), (3, 6), (6, 10)], cost=1357.31
  Col 5723: blocks=[(0, 2), (2, 3), (3, 6), (6, 10)], cost=1357.31
  Col 5724: blocks=[(0, 2), (2, 3), (3, 6), (6, 10)], cost=1360.91
  Col 5725: blocks=[(0, 2), (2, 3), (3, 6), (6, 10)], cost=1360.91
  Col 5726: blocks=[(0, 2), (2, 3), (3, 6), (6, 10)], cost=1360.56
  Col 5727: blocks=[(0, 2), (2, 3), (3, 6), (6, 10)], cost=1361.93
  Col 5728: blocks=[(0, 2), (2, 3), (3, 6), (6, 10)], cost=1361.59
  Col 5729: blocks=[(0, 2), (2, 3), (3, 6), (6, 10)], cost=1361.59
  Col 5730: blocks=[(0, 2), (2, 3), (3, 6), (6, 10)], cost=1362.92
  Col 5731: blocks=[(0, 2), (2, 3), (3, 6), (6, 10)], cost=1362.57
  Col 5732: blocks=[(0, 2), (2, 3), (3, 6), (6, 10)], cost=1362.57
  Col 5733: blocks=[(0, 2), (2, 3), (3, 6), (6, 10)], cost=1363.60
  Col 5734: blocks=[(0, 2), (2, 3), (3, 7), (7, 8), (8, 9), (9, 10)], cost=1274.46
  Col 5735: blocks=[(0, 2), (2, 3), (3, 7), (7, 8), (8, 9), (9, 10)], cost=1356.12
  Col 5736: blocks=[(0, 2), (2, 3), (3, 7), (7, 8), (8, 9), (9, 10)], cost=1360.40
  Col 5737: blocks=[(0, 2), (2, 3), (3, 7), (7, 8), (8, 9), (9, 10)], cost=1361.39
  Col 5738: blocks=[(0, 2), (2, 3), (3, 7), (7, 8), (8, 9), (9, 10)], cost=1362.07
  Col 5739: blocks=[(0, 2), (2, 3), (3, 7), (7, 8), (8, 9), (9, 10)], cost=1442.07
  Col 5740: blocks=[(0, 2), (2, 3), (3, 7), (7, 8), (8, 9), (9, 10)], cost=1443.05
  Col 5741: blocks=[(0, 2), (2, 3), (3, 7), (7, 8), (8, 9), (9, 10)], cost=1443.73
  Col 5742: blocks=[(0, 2), (2, 3), (3, 7), (7, 8), (8, 9), (9, 10)], cost=1447.33
  Col 5743: blocks=[(0, 2), (2, 3), (3, 7), (7, 8), (8, 9), (9, 10)], cost=1448.01
  Col 5744: blocks=[(0, 2), (2, 3), (3, 7), (7, 8), (8, 9), (9, 10)], cost=1448.99
  Col 5745: blocks=[(0, 2), (2, 3), (3, 7), (7, 8), (8, 9), (9, 10)], cost=1528.99
  Col 5746: blocks=[(0, 2), (2, 3), (3, 7), (7, 8), (8, 9), (9, 10)], cost=1529.67
  Col 5747: blocks=[(0, 2), (2, 3), (3, 7), (7, 8), (8, 9), (9, 10)], cost=1530.66
  Col 5748: blocks=[(0, 2), (2, 3), (3, 7), (7, 8), (8, 9), (9, 10)], cost=1534.94
  Col 5749: blocks=[(0, 2), (2, 3), (3, 7), (7, 8), (8, 10)], cost=1243.40
  Col 5750: blocks=[(0, 2), (2, 3), (3, 7), (7, 8), (8, 10)], cost=1325.06
  Col 5751: blocks=[(0, 2), (2, 3), (3, 7), (7, 8), (8, 10)], cost=1329.34
  Col 5752: blocks=[(0, 2), (2, 3), (3, 7), (7, 8), (8, 10)], cost=1330.33
  Col 5753: blocks=[(0, 2), (2, 3), (3, 7), (7, 8), (8, 10)], cost=1331.01
  Col 5754: blocks=[(0, 2), (2, 3), (3, 7), (7, 8), (8, 10)], cost=1331.01
  Col 5755: blocks=[(0, 2), (2, 3), (3, 7), (7, 8), (8, 10)], cost=1411.01
  Col 5756: blocks=[(0, 2), (2, 3), (3, 7), (7, 8), (8, 10)], cost=1411.99
  Col 5757: blocks=[(0, 2), (2, 3), (3, 7), (7, 8), (8, 10)], cost=1412.67
  Col 5758: blocks=[(0, 2), (2, 3), (3, 7), (7, 8), (8, 10)], cost=1412.67
  Col 5759: blocks=[(0, 2), (2, 3), (3, 7), (7, 8), (8, 10)], cost=1416.27
  Col 5760: blocks=[(0, 2), (2, 3), (3, 7), (7, 8), (8, 10)], cost=1416.95
  Col 5761: blocks=[(0, 2), (2, 3), (3, 7), (7, 8), (8, 10)], cost=1416.95
  Col 5762: blocks=[(0, 2), (2, 3), (3, 7), (7, 8), (8, 10)], cost=1417.93
  Col 5763: blocks=[(0, 2), (2, 3), (3, 7), (7, 8), (8, 10)], cost=1417.93
  Col 5764: blocks=[(0, 2), (2, 3), (3, 7), (7, 8), (8, 10)], cost=1418.61
  Col 5765: blocks=[(0, 2), (2, 3), (3, 7), (7, 8), (8, 10)], cost=1497.93
  Col 5766: blocks=[(0, 2), (2, 3), (3, 7), (7, 8), (8, 10)], cost=1498.61
  Col 5767: blocks=[(0, 2), (2, 3), (3, 7), (7, 8), (8, 10)], cost=1498.61
  Col 5768: blocks=[(0, 2), (2, 3), (3, 7), (7, 8), (8, 10)], cost=1499.60
  Col 5769: blocks=[(0, 2), (2, 3), (3, 7), (7, 8), (8, 10)], cost=1499.60
  Col 5770: blocks=[(0, 2), (2, 3), (3, 7), (7, 8), (8, 10)], cost=1500.28
  Col 5771: blocks=[(0, 2), (2, 3), (3, 7), (7, 8), (8, 10)], cost=1503.88
  Col 5772: blocks=[(0, 2), (2, 3), (3, 7), (7, 8), (8, 10)], cost=1503.88
  Col 5773: blocks=[(0, 2), (2, 3), (3, 7), (7, 8), (8, 10)], cost=1504.56
  Col 5774: blocks=[(0, 2), (2, 3), (3, 7), (7, 8), (8, 10)], cost=1505.54
  Col 5775: blocks=[(0, 2), (2, 3), (3, 7), (7, 9), (9, 10)], cost=1145.43
  Col 5776: blocks=[(0, 2), (2, 3), (3, 7), (7, 9), (9, 10)], cost=1227.10
  Col 5777: blocks=[(0, 2), (2, 3), (3, 7), (7, 9), (9, 10)], cost=1231.38
  Col 5778: blocks=[(0, 2), (2, 3), (3, 7), (7, 9), (9, 10)], cost=1232.36
  Col 5779: blocks=[(0, 2), (2, 3), (3, 7), (7, 9), (9, 10)], cost=1233.04
  Col 5780: blocks=[(0, 2), (2, 3), (3, 7), (7, 9), (9, 10)], cost=1233.39
  Col 5781: blocks=[(0, 2), (2, 3), (3, 7), (7, 9), (9, 10)], cost=1313.04
  Col 5782: blocks=[(0, 2), (2, 3), (3, 7), (7, 9), (9, 10)], cost=1314.03
  Col 5783: blocks=[(0, 2), (2, 3), (3, 7), (7, 9), (9, 10)], cost=1314.71
  Col 5784: blocks=[(0, 2), (2, 3), (3, 7), (7, 9), (9, 10)], cost=1315.05
  Col 5785: blocks=[(0, 2), (2, 3), (3, 7), (7, 9), (9, 10)], cost=1318.31
  Col 5786: blocks=[(0, 2), (2, 3), (3, 7), (7, 9), (9, 10)], cost=1318.99
  Col 5787: blocks=[(0, 2), (2, 3), (3, 7), (7, 9), (9, 10)], cost=1319.34
  Col 5788: blocks=[(0, 2), (2, 3), (3, 7), (7, 9), (9, 10)], cost=1319.97
  Col 5789: blocks=[(0, 2), (2, 3), (3, 7), (7, 9), (9, 10)], cost=1320.32
  Col 5790: blocks=[(0, 2), (2, 3), (3, 7), (7, 9), (9, 10)], cost=1321.00
  Col 5791: blocks=[(0, 2), (2, 3), (3, 7), (7, 9), (9, 10)], cost=1399.97
  Col 5792: blocks=[(0, 2), (2, 3), (3, 7), (7, 9), (9, 10)], cost=1400.65
  Col 5793: blocks=[(0, 2), (2, 3), (3, 7), (7, 9), (9, 10)], cost=1401.00
  Col 5794: blocks=[(0, 2), (2, 3), (3, 7), (7, 9), (9, 10)], cost=1401.63
  Col 5795: blocks=[(0, 2), (2, 3), (3, 7), (7, 9), (9, 10)], cost=1401.98
  Col 5796: blocks=[(0, 2), (2, 3), (3, 7), (7, 9), (9, 10)], cost=1402.66
  Col 5797: blocks=[(0, 2), (2, 3), (3, 7), (7, 9), (9, 10)], cost=1405.92
  Col 5798: blocks=[(0, 2), (2, 3), (3, 7), (7, 9), (9, 10)], cost=1406.26
  Col 5799: blocks=[(0, 2), (2, 3), (3, 7), (7, 9), (9, 10)], cost=1406.94
  Col 5800: blocks=[(0, 2), (2, 3), (3, 7), (7, 9), (9, 10)], cost=1407.93
  Col 5801: blocks=[(0, 2), (2, 3), (3, 7), (7, 10)], cost=1071.31
  Col 5802: blocks=[(0, 2), (2, 3), (3, 7), (7, 10)], cost=1152.97
  Col 5803: blocks=[(0, 2), (2, 3), (3, 7), (7, 10)], cost=1157.25
  Col 5804: blocks=[(0, 2), (2, 3), (3, 7), (7, 10)], cost=1158.23
  Col 5805: blocks=[(0, 2), (2, 3), (3, 7), (7, 10)], cost=1158.91
  Col 5806: blocks=[(0, 2), (2, 3), (3, 7), (7, 10)], cost=1159.26
  Col 5807: blocks=[(0, 2), (2, 3), (3, 7), (7, 10)], cost=1158.91
  Col 5808: blocks=[(0, 2), (2, 3), (3, 7), (7, 10)], cost=1238.91
  Col 5809: blocks=[(0, 2), (2, 3), (3, 7), (7, 10)], cost=1239.90
  Col 5810: blocks=[(0, 2), (2, 3), (3, 7), (7, 10)], cost=1240.58
  Col 5811: blocks=[(0, 2), (2, 3), (3, 7), (7, 10)], cost=1240.92
  Col 5812: blocks=[(0, 2), (2, 3), (3, 7), (7, 10)], cost=1240.58
  Col 5813: blocks=[(0, 2), (2, 3), (3, 7), (7, 10)], cost=1244.18
  Col 5814: blocks=[(0, 2), (2, 3), (3, 7), (7, 10)], cost=1244.86
  Col 5815: blocks=[(0, 2), (2, 3), (3, 7), (7, 10)], cost=1245.21
  Col 5816: blocks=[(0, 2), (2, 3), (3, 7), (7, 10)], cost=1244.86
  Col 5817: blocks=[(0, 2), (2, 3), (3, 7), (7, 10)], cost=1245.84
  Col 5818: blocks=[(0, 2), (2, 3), (3, 7), (7, 10)], cost=1246.19
  Col 5819: blocks=[(0, 2), (2, 3), (3, 7), (7, 10)], cost=1245.84
  Col 5820: blocks=[(0, 2), (2, 3), (3, 7), (7, 10)], cost=1246.87
  Col 5821: blocks=[(0, 2), (2, 3), (3, 7), (7, 10)], cost=1246.52
  Col 5822: blocks=[(0, 2), (2, 3), (3, 7), (7, 10)], cost=1246.87
  Col 5823: blocks=[(0, 2), (2, 3), (3, 7), (7, 10)], cost=1325.84
  Col 5824: blocks=[(0, 2), (2, 3), (3, 7), (7, 10)], cost=1326.52
  Col 5825: blocks=[(0, 2), (2, 3), (3, 7), (7, 10)], cost=1326.87
  Col 5826: blocks=[(0, 2), (2, 3), (3, 7), (7, 10)], cost=1326.52
  Col 5827: blocks=[(0, 2), (2, 3), (3, 7), (7, 10)], cost=1327.51
  Col 5828: blocks=[(0, 2), (2, 3), (3, 7), (7, 10)], cost=1327.85
  Col 5829: blocks=[(0, 2), (2, 3), (3, 7), (7, 10)], cost=1327.51
  Col 5830: blocks=[(0, 2), (2, 3), (3, 7), (7, 10)], cost=1328.53
  Col 5831: blocks=[(0, 2), (2, 3), (3, 7), (7, 10)], cost=1328.19
  Col 5832: blocks=[(0, 2), (2, 3), (3, 7), (7, 10)], cost=1328.53
  Col 5833: blocks=[(0, 2), (2, 3), (3, 7), (7, 10)], cost=1331.79
  Col 5834: blocks=[(0, 2), (2, 3), (3, 7), (7, 10)], cost=1332.14
  Col 5835: blocks=[(0, 2), (2, 3), (3, 7), (7, 10)], cost=1331.79
  Col 5836: blocks=[(0, 2), (2, 3), (3, 7), (7, 10)], cost=1332.82
  Col 5837: blocks=[(0, 2), (2, 3), (3, 7), (7, 10)], cost=1332.47
  Col 5838: blocks=[(0, 2), (2, 3), (3, 7), (7, 10)], cost=1332.82
  Col 5839: blocks=[(0, 2), (2, 3), (3, 7), (7, 10)], cost=1333.80
  Col 5840: blocks=[(0, 2), (2, 3), (3, 7), (7, 10)], cost=1333.45
  Col 5841: blocks=[(0, 2), (2, 3), (3, 7), (7, 10)], cost=1333.80
  Col 5842: blocks=[(0, 2), (2, 3), (3, 7), (7, 10)], cost=1334.48
  Col 5843: blocks=[(0, 2), (2, 3), (3, 8), (8, 9), (9, 10)], cost=1225.02
  Col 5844: blocks=[(0, 2), (2, 3), (3, 8), (8, 9), (9, 10)], cost=1306.68
  Col 5845: blocks=[(0, 2), (2, 3), (3, 8), (8, 9), (9, 10)], cost=1310.96
  Col 5846: blocks=[(0, 2), (2, 3), (3, 8), (8, 9), (9, 10)], cost=1311.94
  Col 5847: blocks=[(0, 2), (2, 3), (3, 8), (8, 9), (9, 10)], cost=1312.62
  Col 5848: blocks=[(0, 2), (2, 3), (3, 8), (8, 9), (9, 10)], cost=1312.97
  Col 5849: blocks=[(0, 2), (2, 3), (3, 8), (8, 9), (9, 10)], cost=1392.62
  Col 5850: blocks=[(0, 2), (2, 3), (3, 8), (8, 9), (9, 10)], cost=1393.61
  Col 5851: blocks=[(0, 2), (2, 3), (3, 8), (8, 9), (9, 10)], cost=1394.29
  Col 5852: blocks=[(0, 2), (2, 3), (3, 8), (8, 9), (9, 10)], cost=1394.64
  Col 5853: blocks=[(0, 2), (2, 3), (3, 8), (8, 9), (9, 10)], cost=1397.89
  Col 5854: blocks=[(0, 2), (2, 3), (3, 8), (8, 9), (9, 10)], cost=1398.57
  Col 5855: blocks=[(0, 2), (2, 3), (3, 8), (8, 9), (9, 10)], cost=1398.92
  Col 5856: blocks=[(0, 2), (2, 3), (3, 8), (8, 9), (9, 10)], cost=1399.55
  Col 5857: blocks=[(0, 2), (2, 3), (3, 8), (8, 9), (9, 10)], cost=1399.90
  Col 5858: blocks=[(0, 2), (2, 3), (3, 8), (8, 9), (9, 10)], cost=1400.58
  Col 5859: blocks=[(0, 2), (2, 3), (3, 8), (8, 9), (9, 10)], cost=1479.55
  Col 5860: blocks=[(0, 2), (2, 3), (3, 8), (8, 9), (9, 10)], cost=1480.23
  Col 5861: blocks=[(0, 2), (2, 3), (3, 8), (8, 9), (9, 10)], cost=1480.58
  Col 5862: blocks=[(0, 2), (2, 3), (3, 8), (8, 9), (9, 10)], cost=1481.22
  Col 5863: blocks=[(0, 2), (2, 3), (3, 8), (8, 9), (9, 10)], cost=1481.56
  Col 5864: blocks=[(0, 2), (2, 3), (3, 8), (8, 9), (9, 10)], cost=1482.24
  Col 5865: blocks=[(0, 2), (2, 3), (3, 8), (8, 9), (9, 10)], cost=1485.50
  Col 5866: blocks=[(0, 2), (2, 3), (3, 8), (8, 9), (9, 10)], cost=1485.85
  Col 5867: blocks=[(0, 2), (2, 3), (3, 8), (8, 9), (9, 10)], cost=1486.53
  Col 5868: blocks=[(0, 2), (2, 3), (3, 8), (8, 9), (9, 10)], cost=1487.51
  Col 5869: blocks=[(0, 2), (2, 3), (3, 8), (8, 10)], cost=1193.96
  Col 5870: blocks=[(0, 2), (2, 3), (3, 8), (8, 10)], cost=1275.62
  Col 5871: blocks=[(0, 2), (2, 3), (3, 8), (8, 10)], cost=1279.90
  Col 5872: blocks=[(0, 2), (2, 3), (3, 8), (8, 10)], cost=1280.88
  Col 5873: blocks=[(0, 2), (2, 3), (3, 8), (8, 10)], cost=1281.56
  Col 5874: blocks=[(0, 2), (2, 3), (3, 8), (8, 10)], cost=1281.91
  Col 5875: blocks=[(0, 2), (2, 3), (3, 8), (8, 10)], cost=1281.56
  Col 5876: blocks=[(0, 2), (2, 3), (3, 8), (8, 10)], cost=1361.56
  Col 5877: blocks=[(0, 2), (2, 3), (3, 8), (8, 10)], cost=1362.55
  Col 5878: blocks=[(0, 2), (2, 3), (3, 8), (8, 10)], cost=1363.23
  Col 5879: blocks=[(0, 2), (2, 3), (3, 8), (8, 10)], cost=1363.58
  Col 5880: blocks=[(0, 2), (2, 3), (3, 8), (8, 10)], cost=1363.23
  Col 5881: blocks=[(0, 2), (2, 3), (3, 8), (8, 10)], cost=1366.83
  Col 5882: blocks=[(0, 2), (2, 3), (3, 8), (8, 10)], cost=1367.51
  Col 5883: blocks=[(0, 2), (2, 3), (3, 8), (8, 10)], cost=1367.86
  Col 5884: blocks=[(0, 2), (2, 3), (3, 8), (8, 10)], cost=1367.51
  Col 5885: blocks=[(0, 2), (2, 3), (3, 8), (8, 10)], cost=1368.49
  Col 5886: blocks=[(0, 2), (2, 3), (3, 8), (8, 10)], cost=1368.84
  Col 5887: blocks=[(0, 2), (2, 3), (3, 8), (8, 10)], cost=1368.49
  Col 5888: blocks=[(0, 2), (2, 3), (3, 8), (8, 10)], cost=1369.52
  Col 5889: blocks=[(0, 2), (2, 3), (3, 8), (8, 10)], cost=1369.17
  Col 5890: blocks=[(0, 2), (2, 3), (3, 8), (8, 10)], cost=1369.52
  Col 5891: blocks=[(0, 2), (2, 3), (3, 8), (8, 10)], cost=1448.49
  Col 5892: blocks=[(0, 2), (2, 3), (3, 8), (8, 10)], cost=1449.17
  Col 5893: blocks=[(0, 2), (2, 3), (3, 8), (8, 10)], cost=1449.52
  Col 5894: blocks=[(0, 2), (2, 3), (3, 8), (8, 10)], cost=1449.17
  Col 5895: blocks=[(0, 2), (2, 3), (3, 8), (8, 10)], cost=1450.16
  Col 5896: blocks=[(0, 2), (2, 3), (3, 8), (8, 10)], cost=1450.50
  Col 5897: blocks=[(0, 2), (2, 3), (3, 8), (8, 10)], cost=1450.16
  Col 5898: blocks=[(0, 2), (2, 3), (3, 8), (8, 10)], cost=1451.18
  Col 5899: blocks=[(0, 2), (2, 3), (3, 8), (8, 10)], cost=1450.84
  Col 5900: blocks=[(0, 2), (2, 3), (3, 8), (8, 10)], cost=1451.18
  Col 5901: blocks=[(0, 2), (2, 3), (3, 8), (8, 10)], cost=1454.44
  Col 5902: blocks=[(0, 2), (2, 3), (3, 8), (8, 10)], cost=1454.79
  Col 5903: blocks=[(0, 2), (2, 3), (3, 8), (8, 10)], cost=1454.44
  Col 5904: blocks=[(0, 2), (2, 3), (3, 8), (8, 10)], cost=1455.47
  Col 5905: blocks=[(0, 2), (2, 3), (3, 8), (8, 10)], cost=1455.12
  Col 5906: blocks=[(0, 2), (2, 3), (3, 8), (8, 10)], cost=1455.47
  Col 5907: blocks=[(0, 2), (2, 3), (3, 8), (8, 10)], cost=1456.45
  Col 5908: blocks=[(0, 2), (2, 3), (3, 8), (8, 10)], cost=1456.10
  Col 5909: blocks=[(0, 2), (2, 3), (3, 8), (8, 10)], cost=1456.45
  Col 5910: blocks=[(0, 2), (2, 3), (3, 8), (8, 10)], cost=1457.13
  Col 5911: blocks=[(0, 2), (2, 3), (3, 9), (9, 10)], cost=1188.88
  Col 5912: blocks=[(0, 2), (2, 3), (3, 9), (9, 10)], cost=1270.55
  Col 5913: blocks=[(0, 2), (2, 3), (3, 9), (9, 10)], cost=1274.83
  Col 5914: blocks=[(0, 2), (2, 3), (3, 9), (9, 10)], cost=1275.81
  Col 5915: blocks=[(0, 2), (2, 3), (3, 9), (9, 10)], cost=1276.49
  Col 5916: blocks=[(0, 2), (2, 3), (3, 9), (9, 10)], cost=1276.84
  Col 5917: blocks=[(0, 2), (2, 3), (3, 9), (9, 10)], cost=1276.84
  Col 5918: blocks=[(0, 2), (2, 3), (3, 9), (9, 10)], cost=1356.49
  Col 5919: blocks=[(0, 2), (2, 3), (3, 9), (9, 10)], cost=1357.47
  Col 5920: blocks=[(0, 2), (2, 3), (3, 9), (9, 10)], cost=1358.16
  Col 5921: blocks=[(0, 2), (2, 3), (3, 9), (9, 10)], cost=1358.50
  Col 5922: blocks=[(0, 2), (2, 3), (3, 9), (9, 10)], cost=1358.50
  Col 5923: blocks=[(0, 2), (2, 3), (3, 9), (9, 10)], cost=1361.76
  Col 5924: blocks=[(0, 2), (2, 3), (3, 9), (9, 10)], cost=1362.44
  Col 5925: blocks=[(0, 2), (2, 3), (3, 9), (9, 10)], cost=1362.78
  Col 5926: blocks=[(0, 2), (2, 3), (3, 9), (9, 10)], cost=1362.78
  Col 5927: blocks=[(0, 2), (2, 3), (3, 9), (9, 10)], cost=1363.42
  Col 5928: blocks=[(0, 2), (2, 3), (3, 9), (9, 10)], cost=1363.77
  Col 5929: blocks=[(0, 2), (2, 3), (3, 9), (9, 10)], cost=1363.77
  Col 5930: blocks=[(0, 2), (2, 3), (3, 9), (9, 10)], cost=1364.45
  Col 5931: blocks=[(0, 2), (2, 3), (3, 9), (9, 10)], cost=1364.45
  Col 5932: blocks=[(0, 2), (2, 3), (3, 9), (9, 10)], cost=1364.80
  Col 5933: blocks=[(0, 2), (2, 3), (3, 9), (9, 10)], cost=1443.42
  Col 5934: blocks=[(0, 2), (2, 3), (3, 9), (9, 10)], cost=1444.10
  Col 5935: blocks=[(0, 2), (2, 3), (3, 9), (9, 10)], cost=1444.45
  Col 5936: blocks=[(0, 2), (2, 3), (3, 9), (9, 10)], cost=1444.45
  Col 5937: blocks=[(0, 2), (2, 3), (3, 9), (9, 10)], cost=1445.08
  Col 5938: blocks=[(0, 2), (2, 3), (3, 9), (9, 10)], cost=1445.43
  Col 5939: blocks=[(0, 2), (2, 3), (3, 9), (9, 10)], cost=1445.43
  Col 5940: blocks=[(0, 2), (2, 3), (3, 9), (9, 10)], cost=1446.11
  Col 5941: blocks=[(0, 2), (2, 3), (3, 9), (9, 10)], cost=1446.11
  Col 5942: blocks=[(0, 2), (2, 3), (3, 9), (9, 10)], cost=1446.46
  Col 5943: blocks=[(0, 2), (2, 3), (3, 9), (9, 10)], cost=1449.37
  Col 5944: blocks=[(0, 2), (2, 3), (3, 9), (9, 10)], cost=1449.71
  Col 5945: blocks=[(0, 2), (2, 3), (3, 9), (9, 10)], cost=1449.71
  Col 5946: blocks=[(0, 2), (2, 3), (3, 9), (9, 10)], cost=1450.39
  Col 5947: blocks=[(0, 2), (2, 3), (3, 9), (9, 10)], cost=1450.39
  Col 5948: blocks=[(0, 2), (2, 3), (3, 9), (9, 10)], cost=1450.74
  Col 5949: blocks=[(0, 2), (2, 3), (3, 9), (9, 10)], cost=1451.38
  Col 5950: blocks=[(0, 2), (2, 3), (3, 9), (9, 10)], cost=1451.38
  Col 5951: blocks=[(0, 2), (2, 3), (3, 9), (9, 10)], cost=1451.72
  Col 5952: blocks=[(0, 2), (2, 3), (3, 9), (9, 10)], cost=1452.40
  Col 5953: blocks=[(0, 2), (2, 3), (3, 10)], cost=1212.17
  Col 5954: blocks=[(0, 2), (2, 3), (3, 10)], cost=1293.84
  Col 5955: blocks=[(0, 2), (2, 3), (3, 10)], cost=1298.12
  Col 5956: blocks=[(0, 2), (2, 3), (3, 10)], cost=1299.10
  Col 5957: blocks=[(0, 2), (2, 3), (3, 10)], cost=1299.78
  Col 5958: blocks=[(0, 2), (2, 3), (3, 10)], cost=1300.13
  Col 5959: blocks=[(0, 2), (2, 3), (3, 10)], cost=1300.13
  Col 5960: blocks=[(0, 2), (2, 3), (3, 10)], cost=1299.78
  Col 5961: blocks=[(0, 2), (2, 3), (3, 10)], cost=1379.78
  Col 5962: blocks=[(0, 2), (2, 3), (3, 10)], cost=1380.77
  Col 5963: blocks=[(0, 2), (2, 3), (3, 10)], cost=1381.45
  Col 5964: blocks=[(0, 2), (2, 3), (3, 10)], cost=1381.79
  Col 5965: blocks=[(0, 2), (2, 3), (3, 10)], cost=1381.79
  Col 5966: blocks=[(0, 2), (2, 3), (3, 10)], cost=1381.45
  Col 5967: blocks=[(0, 2), (2, 3), (3, 10)], cost=1385.05
  Col 5968: blocks=[(0, 2), (2, 3), (3, 10)], cost=1385.73
  Col 5969: blocks=[(0, 2), (2, 3), (3, 10)], cost=1386.08
  Col 5970: blocks=[(0, 2), (2, 3), (3, 10)], cost=1386.08
  Col 5971: blocks=[(0, 2), (2, 3), (3, 10)], cost=1385.73
  Col 5972: blocks=[(0, 2), (2, 3), (3, 10)], cost=1386.71
  Col 5973: blocks=[(0, 2), (2, 3), (3, 10)], cost=1387.06
  Col 5974: blocks=[(0, 2), (2, 3), (3, 10)], cost=1387.06
  Col 5975: blocks=[(0, 2), (2, 3), (3, 10)], cost=1386.71
  Col 5976: blocks=[(0, 2), (2, 3), (3, 10)], cost=1387.74
  Col 5977: blocks=[(0, 2), (2, 3), (3, 10)], cost=1387.74
  Col 5978: blocks=[(0, 2), (2, 3), (3, 10)], cost=1387.39
  Col 5979: blocks=[(0, 2), (2, 3), (3, 10)], cost=1388.09
  Col 5980: blocks=[(0, 2), (2, 3), (3, 10)], cost=1387.74
  Col 5981: blocks=[(0, 2), (2, 3), (3, 10)], cost=1387.74
  Col 5982: blocks=[(0, 2), (2, 3), (3, 10)], cost=1466.71
  Col 5983: blocks=[(0, 2), (2, 3), (3, 10)], cost=1467.39
  Col 5984: blocks=[(0, 2), (2, 3), (3, 10)], cost=1467.74
  Col 5985: blocks=[(0, 2), (2, 3), (3, 10)], cost=1467.74
  Col 5986: blocks=[(0, 2), (2, 3), (3, 10)], cost=1467.39
  Col 5987: blocks=[(0, 2), (2, 3), (3, 10)], cost=1468.37
  Col 5988: blocks=[(0, 2), (2, 3), (3, 10)], cost=1468.72
  Col 5989: blocks=[(0, 2), (2, 3), (3, 10)], cost=1468.72
  Col 5990: blocks=[(0, 2), (2, 3), (3, 10)], cost=1468.37
  Col 5991: blocks=[(0, 2), (2, 3), (3, 10)], cost=1469.40
  Col 5992: blocks=[(0, 2), (2, 3), (3, 10)], cost=1469.40
  Col 5993: blocks=[(0, 2), (2, 3), (3, 10)], cost=1469.06
  Col 5994: blocks=[(0, 2), (2, 3), (3, 10)], cost=1469.75
  Col 5995: blocks=[(0, 2), (2, 3), (3, 10)], cost=1469.40
  Col 5996: blocks=[(0, 2), (2, 3), (3, 10)], cost=1469.40
  Col 5997: blocks=[(0, 2), (2, 3), (3, 10)], cost=1472.66
  Col 5998: blocks=[(0, 2), (2, 3), (3, 10)], cost=1473.00
  Col 5999: blocks=[(0, 2), (2, 3), (3, 10)], cost=1473.00
  Col 6000: blocks=[(0, 2), (2, 3), (3, 10)], cost=1472.66
  Col 6001: blocks=[(0, 2), (2, 3), (3, 10)], cost=1473.68
  Col 6002: blocks=[(0, 2), (2, 3), (3, 10)], cost=1473.68
  Col 6003: blocks=[(0, 2), (2, 3), (3, 10)], cost=1473.34
  Col 6004: blocks=[(0, 2), (2, 3), (3, 10)], cost=1474.03
  Col 6005: blocks=[(0, 2), (2, 3), (3, 10)], cost=1473.68
  Col 6006: blocks=[(0, 2), (2, 3), (3, 10)], cost=1473.68
  Col 6007: blocks=[(0, 2), (2, 3), (3, 10)], cost=1474.67
  Col 6008: blocks=[(0, 2), (2, 3), (3, 10)], cost=1474.67
  Col 6009: blocks=[(0, 2), (2, 3), (3, 10)], cost=1474.32
  Col 6010: blocks=[(0, 2), (2, 3), (3, 10)], cost=1475.02
  Col 6011: blocks=[(0, 2), (2, 3), (3, 10)], cost=1474.67
  Col 6012: blocks=[(0, 2), (2, 3), (3, 10)], cost=1474.67
  Col 6013: blocks=[(0, 2), (2, 3), (3, 10)], cost=1475.70
  Col 6014: blocks=[(0, 2), (2, 3), (3, 10)], cost=1475.35
  Col 6015: blocks=[(0, 2), (2, 3), (3, 10)], cost=1475.35
  Col 6016: blocks=[(0, 2), (2, 3), (3, 10)], cost=1475.70
  Col 6017: blocks=[(0, 2), (2, 4), (4, 5), (5, 6), (6, 7), (7, 8), (8, 9), (9, 10)], cost=1422.24
  Col 6018: blocks=[(0, 2), (2, 4), (4, 5), (5, 6), (6, 7), (7, 8), (8, 9), (9, 10)], cost=1503.91
  Col 6019: blocks=[(0, 2), (2, 4), (4, 5), (5, 6), (6, 7), (7, 8), (8, 9), (9, 10)], cost=1506.95
  Col 6020: blocks=[(0, 2), (2, 4), (4, 5), (5, 6), (6, 7), (7, 8), (8, 9), (9, 10)], cost=1588.61
  Col 6021: blocks=[(0, 2), (2, 4), (4, 5), (5, 6), (6, 7), (7, 8), (8, 10)], cost=1391.18
  Col 6022: blocks=[(0, 2), (2, 4), (4, 5), (5, 6), (6, 7), (7, 8), (8, 10)], cost=1472.85
  Col 6023: blocks=[(0, 2), (2, 4), (4, 5), (5, 6), (6, 7), (7, 8), (8, 10)], cost=1475.89
  Col 6024: blocks=[(0, 2), (2, 4), (4, 5), (5, 6), (6, 7), (7, 8), (8, 10)], cost=1478.79
  Col 6025: blocks=[(0, 2), (2, 4), (4, 5), (5, 6), (6, 7), (7, 8), (8, 10)], cost=1557.55
  Col 6026: blocks=[(0, 2), (2, 4), (4, 5), (5, 6), (6, 7), (7, 8), (8, 10)], cost=1560.45
  Col 6027: blocks=[(0, 2), (2, 4), (4, 5), (5, 6), (6, 7), (7, 8), (8, 10)], cost=1563.49
  Col 6028: blocks=[(0, 2), (2, 4), (4, 5), (5, 6), (6, 7), (7, 8), (8, 10)], cost=1645.16
  Col 6029: blocks=[(0, 2), (2, 4), (4, 5), (5, 6), (6, 7), (7, 9), (9, 10)], cost=1293.22
  Col 6030: blocks=[(0, 2), (2, 4), (4, 5), (5, 6), (6, 7), (7, 9), (9, 10)], cost=1381.18
  Col 6031: blocks=[(0, 2), (2, 4), (4, 5), (5, 6), (6, 7), (7, 9), (9, 10)], cost=1374.88
  Col 6032: blocks=[(0, 2), (2, 4), (4, 5), (5, 6), (6, 7), (7, 9), (9, 10)], cost=1377.92
  Col 6033: blocks=[(0, 2), (2, 4), (4, 5), (5, 6), (6, 7), (7, 9), (9, 10)], cost=1462.84
  Col 6034: blocks=[(0, 2), (2, 4), (4, 5), (5, 6), (6, 7), (7, 9), (9, 10)], cost=1465.88
  Col 6035: blocks=[(0, 2), (2, 4), (4, 5), (5, 6), (6, 7), (7, 9), (9, 10)], cost=1459.59
  Col 6036: blocks=[(0, 2), (2, 4), (4, 5), (5, 6), (6, 7), (7, 9), (9, 10)], cost=1547.54
  Col 6037: blocks=[(0, 2), (2, 4), (4, 5), (5, 6), (6, 7), (7, 10)], cost=1219.09
  Col 6038: blocks=[(0, 2), (2, 4), (4, 5), (5, 6), (6, 7), (7, 10)], cost=1307.05
  Col 6039: blocks=[(0, 2), (2, 4), (4, 5), (5, 6), (6, 7), (7, 10)], cost=1300.75
  Col 6040: blocks=[(0, 2), (2, 4), (4, 5), (5, 6), (6, 7), (7, 10)], cost=1303.79
  Col 6041: blocks=[(0, 2), (2, 4), (4, 5), (5, 6), (6, 7), (7, 10)], cost=1306.70
  Col 6042: blocks=[(0, 2), (2, 4), (4, 5), (5, 6), (6, 7), (7, 10)], cost=1388.71
  Col 6043: blocks=[(0, 2), (2, 4), (4, 5), (5, 6), (6, 7), (7, 10)], cost=1391.75
  Col 6044: blocks=[(0, 2), (2, 4), (4, 5), (5, 6), (6, 7), (7, 10)], cost=1394.66
  Col 6045: blocks=[(0, 2), (2, 4), (4, 5), (5, 6), (6, 7), (7, 10)], cost=1385.46
  Col 6046: blocks=[(0, 2), (2, 4), (4, 5), (5, 6), (6, 7), (7, 10)], cost=1388.36
  Col 6047: blocks=[(0, 2), (2, 4), (4, 5), (5, 6), (6, 7), (7, 10)], cost=1391.40
  Col 6048: blocks=[(0, 2), (2, 4), (4, 5), (5, 6), (6, 7), (7, 10)], cost=1473.41
  Col 6049: blocks=[(0, 2), (2, 4), (4, 5), (5, 6), (6, 7), (7, 10)], cost=1476.32
  Col 6050: blocks=[(0, 2), (2, 4), (4, 5), (5, 6), (6, 7), (7, 10)], cost=1479.36
  Col 6051: blocks=[(0, 2), (2, 4), (4, 5), (5, 6), (6, 7), (7, 10)], cost=1473.07
  Col 6052: blocks=[(0, 2), (2, 4), (4, 5), (5, 6), (6, 8), (8, 9), (9, 10)], cost=1344.03
  Col 6053: blocks=[(0, 2), (2, 4), (4, 5), (5, 6), (6, 8), (8, 9), (9, 10)], cost=1425.69
  Col 6054: blocks=[(0, 2), (2, 4), (4, 5), (5, 6), (6, 8), (8, 9), (9, 10)], cost=1428.73
  Col 6055: blocks=[(0, 2), (2, 4), (4, 5), (5, 6), (6, 8), (8, 9), (9, 10)], cost=1431.99
  Col 6056: blocks=[(0, 2), (2, 4), (4, 5), (5, 6), (6, 8), (8, 9), (9, 10)], cost=1510.40
  Col 6057: blocks=[(0, 2), (2, 4), (4, 5), (5, 6), (6, 8), (8, 9), (9, 10)], cost=1513.65
  Col 6058: blocks=[(0, 2), (2, 4), (4, 5), (5, 6), (6, 8), (8, 9), (9, 10)], cost=1516.69
  Col 6059: blocks=[(0, 2), (2, 4), (4, 5), (5, 6), (6, 8), (8, 9), (9, 10)], cost=1598.35
  Col 6060: blocks=[(0, 2), (2, 4), (4, 5), (5, 6), (6, 8), (8, 10)], cost=1312.97
  Col 6061: blocks=[(0, 2), (2, 4), (4, 5), (5, 6), (6, 8), (8, 10)], cost=1394.63
  Col 6062: blocks=[(0, 2), (2, 4), (4, 5), (5, 6), (6, 8), (8, 10)], cost=1397.67
  Col 6063: blocks=[(0, 2), (2, 4), (4, 5), (5, 6), (6, 8), (8, 10)], cost=1400.58
  Col 6064: blocks=[(0, 2), (2, 4), (4, 5), (5, 6), (6, 8), (8, 10)], cost=1400.93
  Col 6065: blocks=[(0, 2), (2, 4), (4, 5), (5, 6), (6, 8), (8, 10)], cost=1479.34
  Col 6066: blocks=[(0, 2), (2, 4), (4, 5), (5, 6), (6, 8), (8, 10)], cost=1482.24
  Col 6067: blocks=[(0, 2), (2, 4), (4, 5), (5, 6), (6, 8), (8, 10)], cost=1482.59
  Col 6068: blocks=[(0, 2), (2, 4), (4, 5), (5, 6), (6, 8), (8, 10)], cost=1485.28
  Col 6069: blocks=[(0, 2), (2, 4), (4, 5), (5, 6), (6, 8), (8, 10)], cost=1485.63
  Col 6070: blocks=[(0, 2), (2, 4), (4, 5), (5, 6), (6, 8), (8, 10)], cost=1488.54
  Col 6071: blocks=[(0, 2), (2, 4), (4, 5), (5, 6), (6, 8), (8, 10)], cost=1566.94
  Col 6072: blocks=[(0, 2), (2, 4), (4, 5), (5, 6), (6, 8), (8, 10)], cost=1567.29
  Col 6073: blocks=[(0, 2), (2, 4), (4, 5), (5, 6), (6, 8), (8, 10)], cost=1570.20
  Col 6074: blocks=[(0, 2), (2, 4), (4, 5), (5, 6), (6, 8), (8, 10)], cost=1573.24
  Col 6075: blocks=[(0, 2), (2, 4), (4, 5), (5, 6), (6, 9), (9, 10)], cost=1238.51
  Col 6076: blocks=[(0, 2), (2, 4), (4, 5), (5, 6), (6, 9), (9, 10)], cost=1326.46
  Col 6077: blocks=[(0, 2), (2, 4), (4, 5), (5, 6), (6, 9), (9, 10)], cost=1320.17
  Col 6078: blocks=[(0, 2), (2, 4), (4, 5), (5, 6), (6, 9), (9, 10)], cost=1323.21
  Col 6079: blocks=[(0, 2), (2, 4), (4, 5), (5, 6), (6, 9), (9, 10)], cost=1326.46
  Col 6080: blocks=[(0, 2), (2, 4), (4, 5), (5, 6), (6, 9), (9, 10)], cost=1408.13
  Col 6081: blocks=[(0, 2), (2, 4), (4, 5), (5, 6), (6, 9), (9, 10)], cost=1411.17
  Col 6082: blocks=[(0, 2), (2, 4), (4, 5), (5, 6), (6, 9), (9, 10)], cost=1414.42
  Col 6083: blocks=[(0, 2), (2, 4), (4, 5), (5, 6), (6, 9), (9, 10)], cost=1404.87
  Col 6084: blocks=[(0, 2), (2, 4), (4, 5), (5, 6), (6, 9), (9, 10)], cost=1408.13
  Col 6085: blocks=[(0, 2), (2, 4), (4, 5), (5, 6), (6, 9), (9, 10)], cost=1411.17
  Col 6086: blocks=[(0, 2), (2, 4), (4, 5), (5, 6), (6, 9), (9, 10)], cost=1492.83
  Col 6087: blocks=[(0, 2), (2, 4), (4, 5), (5, 6), (6, 9), (9, 10)], cost=1496.08
  Col 6088: blocks=[(0, 2), (2, 4), (4, 5), (5, 6), (6, 9), (9, 10)], cost=1499.12
  Col 6089: blocks=[(0, 2), (2, 4), (4, 5), (5, 6), (6, 9), (9, 10)], cost=1492.83
  Col 6090: blocks=[(0, 2), (2, 4), (4, 5), (5, 6), (6, 10)], cost=1189.03
  Col 6091: blocks=[(0, 2), (2, 4), (4, 5), (5, 6), (6, 10)], cost=1270.69
  Col 6092: blocks=[(0, 2), (2, 4), (4, 5), (5, 6), (6, 10)], cost=1273.73
  Col 6093: blocks=[(0, 2), (2, 4), (4, 5), (5, 6), (6, 10)], cost=1276.98
  Col 6094: blocks=[(0, 2), (2, 4), (4, 5), (5, 6), (6, 10)], cost=1276.98
  Col 6095: blocks=[(0, 2), (2, 4), (4, 5), (5, 6), (6, 10)], cost=1276.63
  Col 6096: blocks=[(0, 2), (2, 4), (4, 5), (5, 6), (6, 10)], cost=1355.39
  Col 6097: blocks=[(0, 2), (2, 4), (4, 5), (5, 6), (6, 10)], cost=1358.64
  Col 6098: blocks=[(0, 2), (2, 4), (4, 5), (5, 6), (6, 10)], cost=1358.64
  Col 6099: blocks=[(0, 2), (2, 4), (4, 5), (5, 6), (6, 10)], cost=1358.30
  Col 6100: blocks=[(0, 2), (2, 4), (4, 5), (5, 6), (6, 10)], cost=1361.68
  Col 6101: blocks=[(0, 2), (2, 4), (4, 5), (5, 6), (6, 10)], cost=1361.68
  Col 6102: blocks=[(0, 2), (2, 4), (4, 5), (5, 6), (6, 10)], cost=1361.34
  Col 6103: blocks=[(0, 2), (2, 4), (4, 5), (5, 6), (6, 10)], cost=1364.94
  Col 6104: blocks=[(0, 2), (2, 4), (4, 5), (5, 6), (6, 10)], cost=1364.59
  Col 6105: blocks=[(0, 2), (2, 4), (4, 5), (5, 6), (6, 10)], cost=1364.59
  Col 6106: blocks=[(0, 2), (2, 4), (4, 5), (5, 6), (6, 10)], cost=1443.35
  Col 6107: blocks=[(0, 2), (2, 4), (4, 5), (5, 6), (6, 10)], cost=1443.35
  Col 6108: blocks=[(0, 2), (2, 4), (4, 5), (5, 6), (6, 10)], cost=1443.00
  Col 6109: blocks=[(0, 2), (2, 4), (4, 5), (5, 6), (6, 10)], cost=1446.60
  Col 6110: blocks=[(0, 2), (2, 4), (4, 5), (5, 6), (6, 10)], cost=1446.25
  Col 6111: blocks=[(0, 2), (2, 4), (4, 5), (5, 6), (6, 10)], cost=1446.25
  Col 6112: blocks=[(0, 2), (2, 4), (4, 5), (5, 6), (6, 10)], cost=1449.64
  Col 6113: blocks=[(0, 2), (2, 4), (4, 5), (5, 6), (6, 10)], cost=1449.29
  Col 6114: blocks=[(0, 2), (2, 4), (4, 5), (5, 6), (6, 10)], cost=1449.29
  Col 6115: blocks=[(0, 2), (2, 4), (4, 5), (5, 6), (6, 10)], cost=1452.55
  Col 6116: blocks=[(0, 2), (2, 4), (4, 5), (5, 7), (7, 8), (8, 9), (9, 10)], cost=1354.52
  Col 6117: blocks=[(0, 2), (2, 4), (4, 5), (5, 7), (7, 8), (8, 9), (9, 10)], cost=1436.19
  Col 6118: blocks=[(0, 2), (2, 4), (4, 5), (5, 7), (7, 8), (8, 9), (9, 10)], cost=1439.23
  Col 6119: blocks=[(0, 2), (2, 4), (4, 5), (5, 7), (7, 8), (8, 9), (9, 10)], cost=1442.13
  Col 6120: blocks=[(0, 2), (2, 4), (4, 5), (5, 7), (7, 8), (8, 9), (9, 10)], cost=1520.89
  Col 6121: blocks=[(0, 2), (2, 4), (4, 5), (5, 7), (7, 8), (8, 9), (9, 10)], cost=1523.80
  Col 6122: blocks=[(0, 2), (2, 4), (4, 5), (5, 7), (7, 8), (8, 9), (9, 10)], cost=1526.84
  Col 6123: blocks=[(0, 2), (2, 4), (4, 5), (5, 7), (7, 8), (8, 9), (9, 10)], cost=1608.50
  Col 6124: blocks=[(0, 2), (2, 4), (4, 5), (5, 7), (7, 8), (8, 10)], cost=1323.46
  Col 6125: blocks=[(0, 2), (2, 4), (4, 5), (5, 7), (7, 8), (8, 10)], cost=1405.13
  Col 6126: blocks=[(0, 2), (2, 4), (4, 5), (5, 7), (7, 8), (8, 10)], cost=1408.17
  Col 6127: blocks=[(0, 2), (2, 4), (4, 5), (5, 7), (7, 8), (8, 10)], cost=1411.07
  Col 6128: blocks=[(0, 2), (2, 4), (4, 5), (5, 7), (7, 8), (8, 10)], cost=1411.07
  Col 6129: blocks=[(0, 2), (2, 4), (4, 5), (5, 7), (7, 8), (8, 10)], cost=1489.83
  Col 6130: blocks=[(0, 2), (2, 4), (4, 5), (5, 7), (7, 8), (8, 10)], cost=1492.74
  Col 6131: blocks=[(0, 2), (2, 4), (4, 5), (5, 7), (7, 8), (8, 10)], cost=1492.74
  Col 6132: blocks=[(0, 2), (2, 4), (4, 5), (5, 7), (7, 8), (8, 10)], cost=1495.78
  Col 6133: blocks=[(0, 2), (2, 4), (4, 5), (5, 7), (7, 8), (8, 10)], cost=1495.78
  Col 6134: blocks=[(0, 2), (2, 4), (4, 5), (5, 7), (7, 8), (8, 10)], cost=1498.68
  Col 6135: blocks=[(0, 2), (2, 4), (4, 5), (5, 7), (7, 8), (8, 10)], cost=1577.44
  Col 6136: blocks=[(0, 2), (2, 4), (4, 5), (5, 7), (7, 8), (8, 10)], cost=1577.44
  Col 6137: blocks=[(0, 2), (2, 4), (4, 5), (5, 7), (7, 8), (8, 10)], cost=1580.34
  Col 6138: blocks=[(0, 2), (2, 4), (4, 5), (5, 7), (7, 8), (8, 10)], cost=1583.38
  Col 6139: blocks=[(0, 2), (2, 4), (4, 5), (5, 7), (7, 9), (9, 10)], cost=1225.50
  Col 6140: blocks=[(0, 2), (2, 4), (4, 5), (5, 7), (7, 9), (9, 10)], cost=1313.46
  Col 6141: blocks=[(0, 2), (2, 4), (4, 5), (5, 7), (7, 9), (9, 10)], cost=1307.17
  Col 6142: blocks=[(0, 2), (2, 4), (4, 5), (5, 7), (7, 9), (9, 10)], cost=1310.20
  Col 6143: blocks=[(0, 2), (2, 4), (4, 5), (5, 7), (7, 9), (9, 10)], cost=1313.11
  Col 6144: blocks=[(0, 2), (2, 4), (4, 5), (5, 7), (7, 9), (9, 10)], cost=1395.12
  Col 6145: blocks=[(0, 2), (2, 4), (4, 5), (5, 7), (7, 9), (9, 10)], cost=1398.16
  Col 6146: blocks=[(0, 2), (2, 4), (4, 5), (5, 7), (7, 9), (9, 10)], cost=1401.07
  Col 6147: blocks=[(0, 2), (2, 4), (4, 5), (5, 7), (7, 9), (9, 10)], cost=1391.87
  Col 6148: blocks=[(0, 2), (2, 4), (4, 5), (5, 7), (7, 9), (9, 10)], cost=1394.77
  Col 6149: blocks=[(0, 2), (2, 4), (4, 5), (5, 7), (7, 9), (9, 10)], cost=1397.81
  Col 6150: blocks=[(0, 2), (2, 4), (4, 5), (5, 7), (7, 9), (9, 10)], cost=1479.82
  Col 6151: blocks=[(0, 2), (2, 4), (4, 5), (5, 7), (7, 9), (9, 10)], cost=1482.73
  Col 6152: blocks=[(0, 2), (2, 4), (4, 5), (5, 7), (7, 9), (9, 10)], cost=1485.77
  Col 6153: blocks=[(0, 2), (2, 4), (4, 5), (5, 7), (7, 9), (9, 10)], cost=1479.48
  Col 6154: blocks=[(0, 2), (2, 4), (4, 5), (5, 7), (7, 10)], cost=1151.37
  Col 6155: blocks=[(0, 2), (2, 4), (4, 5), (5, 7), (7, 10)], cost=1233.04
  Col 6156: blocks=[(0, 2), (2, 4), (4, 5), (5, 7), (7, 10)], cost=1236.07
  Col 6157: blocks=[(0, 2), (2, 4), (4, 5), (5, 7), (7, 10)], cost=1238.98
  Col 6158: blocks=[(0, 2), (2, 4), (4, 5), (5, 7), (7, 10)], cost=1239.33
  Col 6159: blocks=[(0, 2), (2, 4), (4, 5), (5, 7), (7, 10)], cost=1238.98
  Col 6160: blocks=[(0, 2), (2, 4), (4, 5), (5, 7), (7, 10)], cost=1317.74
  Col 6161: blocks=[(0, 2), (2, 4), (4, 5), (5, 7), (7, 10)], cost=1320.64
  Col 6162: blocks=[(0, 2), (2, 4), (4, 5), (5, 7), (7, 10)], cost=1320.99
  Col 6163: blocks=[(0, 2), (2, 4), (4, 5), (5, 7), (7, 10)], cost=1320.64
  Col 6164: blocks=[(0, 2), (2, 4), (4, 5), (5, 7), (7, 10)], cost=1323.68
  Col 6165: blocks=[(0, 2), (2, 4), (4, 5), (5, 7), (7, 10)], cost=1324.03
  Col 6166: blocks=[(0, 2), (2, 4), (4, 5), (5, 7), (7, 10)], cost=1323.68
  Col 6167: blocks=[(0, 2), (2, 4), (4, 5), (5, 7), (7, 10)], cost=1326.94
  Col 6168: blocks=[(0, 2), (2, 4), (4, 5), (5, 7), (7, 10)], cost=1326.59
  Col 6169: blocks=[(0, 2), (2, 4), (4, 5), (5, 7), (7, 10)], cost=1326.94
  Col 6170: blocks=[(0, 2), (2, 4), (4, 5), (5, 7), (7, 10)], cost=1405.35
  Col 6171: blocks=[(0, 2), (2, 4), (4, 5), (5, 7), (7, 10)], cost=1405.69
  Col 6172: blocks=[(0, 2), (2, 4), (4, 5), (5, 7), (7, 10)], cost=1405.35
  Col 6173: blocks=[(0, 2), (2, 4), (4, 5), (5, 7), (7, 10)], cost=1408.60
  Col 6174: blocks=[(0, 2), (2, 4), (4, 5), (5, 7), (7, 10)], cost=1408.25
  Col 6175: blocks=[(0, 2), (2, 4), (4, 5), (5, 7), (7, 10)], cost=1408.60
  Col 6176: blocks=[(0, 2), (2, 4), (4, 5), (5, 7), (7, 10)], cost=1411.64
  Col 6177: blocks=[(0, 2), (2, 4), (4, 5), (5, 7), (7, 10)], cost=1411.29
  Col 6178: blocks=[(0, 2), (2, 4), (4, 5), (5, 7), (7, 10)], cost=1411.64
  Col 6179: blocks=[(0, 2), (2, 4), (4, 5), (5, 7), (7, 10)], cost=1414.55
  Col 6180: blocks=[(0, 2), (2, 4), (4, 5), (5, 8), (8, 9), (9, 10)], cost=1296.20
  Col 6181: blocks=[(0, 2), (2, 4), (4, 5), (5, 8), (8, 9), (9, 10)], cost=1377.87
  Col 6182: blocks=[(0, 2), (2, 4), (4, 5), (5, 8), (8, 9), (9, 10)], cost=1380.90
  Col 6183: blocks=[(0, 2), (2, 4), (4, 5), (5, 8), (8, 9), (9, 10)], cost=1383.81
  Col 6184: blocks=[(0, 2), (2, 4), (4, 5), (5, 8), (8, 9), (9, 10)], cost=1384.16
  Col 6185: blocks=[(0, 2), (2, 4), (4, 5), (5, 8), (8, 9), (9, 10)], cost=1462.57
  Col 6186: blocks=[(0, 2), (2, 4), (4, 5), (5, 8), (8, 9), (9, 10)], cost=1465.47
  Col 6187: blocks=[(0, 2), (2, 4), (4, 5), (5, 8), (8, 9), (9, 10)], cost=1465.82
  Col 6188: blocks=[(0, 2), (2, 4), (4, 5), (5, 8), (8, 9), (9, 10)], cost=1468.51
  Col 6189: blocks=[(0, 2), (2, 4), (4, 5), (5, 8), (8, 9), (9, 10)], cost=1468.86
  Col 6190: blocks=[(0, 2), (2, 4), (4, 5), (5, 8), (8, 9), (9, 10)], cost=1471.77
  Col 6191: blocks=[(0, 2), (2, 4), (4, 5), (5, 8), (8, 9), (9, 10)], cost=1550.18
  Col 6192: blocks=[(0, 2), (2, 4), (4, 5), (5, 8), (8, 9), (9, 10)], cost=1550.52
  Col 6193: blocks=[(0, 2), (2, 4), (4, 5), (5, 8), (8, 9), (9, 10)], cost=1553.43
  Col 6194: blocks=[(0, 2), (2, 4), (4, 5), (5, 8), (8, 9), (9, 10)], cost=1556.47
  Col 6195: blocks=[(0, 2), (2, 4), (4, 5), (5, 8), (8, 10)], cost=1265.14
  Col 6196: blocks=[(0, 2), (2, 4), (4, 5), (5, 8), (8, 10)], cost=1346.81
  Col 6197: blocks=[(0, 2), (2, 4), (4, 5), (5, 8), (8, 10)], cost=1349.84
  Col 6198: blocks=[(0, 2), (2, 4), (4, 5), (5, 8), (8, 10)], cost=1352.75
  Col 6199: blocks=[(0, 2), (2, 4), (4, 5), (5, 8), (8, 10)], cost=1353.10
  Col 6200: blocks=[(0, 2), (2, 4), (4, 5), (5, 8), (8, 10)], cost=1352.75
  Col 6201: blocks=[(0, 2), (2, 4), (4, 5), (5, 8), (8, 10)], cost=1431.51
  Col 6202: blocks=[(0, 2), (2, 4), (4, 5), (5, 8), (8, 10)], cost=1434.41
  Col 6203: blocks=[(0, 2), (2, 4), (4, 5), (5, 8), (8, 10)], cost=1434.76
  Col 6204: blocks=[(0, 2), (2, 4), (4, 5), (5, 8), (8, 10)], cost=1434.41
  Col 6205: blocks=[(0, 2), (2, 4), (4, 5), (5, 8), (8, 10)], cost=1437.45
  Col 6206: blocks=[(0, 2), (2, 4), (4, 5), (5, 8), (8, 10)], cost=1437.80
  Col 6207: blocks=[(0, 2), (2, 4), (4, 5), (5, 8), (8, 10)], cost=1437.45
  Col 6208: blocks=[(0, 2), (2, 4), (4, 5), (5, 8), (8, 10)], cost=1440.71
  Col 6209: blocks=[(0, 2), (2, 4), (4, 5), (5, 8), (8, 10)], cost=1440.36
  Col 6210: blocks=[(0, 2), (2, 4), (4, 5), (5, 8), (8, 10)], cost=1440.71
  Col 6211: blocks=[(0, 2), (2, 4), (4, 5), (5, 8), (8, 10)], cost=1519.12
  Col 6212: blocks=[(0, 2), (2, 4), (4, 5), (5, 8), (8, 10)], cost=1519.46
  Col 6213: blocks=[(0, 2), (2, 4), (4, 5), (5, 8), (8, 10)], cost=1519.12
  Col 6214: blocks=[(0, 2), (2, 4), (4, 5), (5, 8), (8, 10)], cost=1522.37
  Col 6215: blocks=[(0, 2), (2, 4), (4, 5), (5, 8), (8, 10)], cost=1522.02
  Col 6216: blocks=[(0, 2), (2, 4), (4, 5), (5, 8), (8, 10)], cost=1522.37
  Col 6217: blocks=[(0, 2), (2, 4), (4, 5), (5, 8), (8, 10)], cost=1525.41
  Col 6218: blocks=[(0, 2), (2, 4), (4, 5), (5, 8), (8, 10)], cost=1525.06
  Col 6219: blocks=[(0, 2), (2, 4), (4, 5), (5, 8), (8, 10)], cost=1525.41
  Col 6220: blocks=[(0, 2), (2, 4), (4, 5), (5, 8), (8, 10)], cost=1528.32
  Col 6221: blocks=[(0, 2), (2, 4), (4, 5), (5, 9), (9, 10)], cost=1238.65
  Col 6222: blocks=[(0, 2), (2, 4), (4, 5), (5, 9), (9, 10)], cost=1320.31
  Col 6223: blocks=[(0, 2), (2, 4), (4, 5), (5, 9), (9, 10)], cost=1323.35
  Col 6224: blocks=[(0, 2), (2, 4), (4, 5), (5, 9), (9, 10)], cost=1326.26
  Col 6225: blocks=[(0, 2), (2, 4), (4, 5), (5, 9), (9, 10)], cost=1326.61
  Col 6226: blocks=[(0, 2), (2, 4), (4, 5), (5, 9), (9, 10)], cost=1326.61
  Col 6227: blocks=[(0, 2), (2, 4), (4, 5), (5, 9), (9, 10)], cost=1405.02
  Col 6228: blocks=[(0, 2), (2, 4), (4, 5), (5, 9), (9, 10)], cost=1407.92
  Col 6229: blocks=[(0, 2), (2, 4), (4, 5), (5, 9), (9, 10)], cost=1408.27
  Col 6230: blocks=[(0, 2), (2, 4), (4, 5), (5, 9), (9, 10)], cost=1408.27
  Col 6231: blocks=[(0, 2), (2, 4), (4, 5), (5, 9), (9, 10)], cost=1410.96
  Col 6232: blocks=[(0, 2), (2, 4), (4, 5), (5, 9), (9, 10)], cost=1411.31
  Col 6233: blocks=[(0, 2), (2, 4), (4, 5), (5, 9), (9, 10)], cost=1411.31
  Col 6234: blocks=[(0, 2), (2, 4), (4, 5), (5, 9), (9, 10)], cost=1414.21
  Col 6235: blocks=[(0, 2), (2, 4), (4, 5), (5, 9), (9, 10)], cost=1414.21
  Col 6236: blocks=[(0, 2), (2, 4), (4, 5), (5, 9), (9, 10)], cost=1414.56
  Col 6237: blocks=[(0, 2), (2, 4), (4, 5), (5, 9), (9, 10)], cost=1492.62
  Col 6238: blocks=[(0, 2), (2, 4), (4, 5), (5, 9), (9, 10)], cost=1492.97
  Col 6239: blocks=[(0, 2), (2, 4), (4, 5), (5, 9), (9, 10)], cost=1492.97
  Col 6240: blocks=[(0, 2), (2, 4), (4, 5), (5, 9), (9, 10)], cost=1495.88
  Col 6241: blocks=[(0, 2), (2, 4), (4, 5), (5, 9), (9, 10)], cost=1495.88
  Col 6242: blocks=[(0, 2), (2, 4), (4, 5), (5, 9), (9, 10)], cost=1496.23
  Col 6243: blocks=[(0, 2), (2, 4), (4, 5), (5, 9), (9, 10)], cost=1498.92
  Col 6244: blocks=[(0, 2), (2, 4), (4, 5), (5, 9), (9, 10)], cost=1498.92
  Col 6245: blocks=[(0, 2), (2, 4), (4, 5), (5, 9), (9, 10)], cost=1499.26
  Col 6246: blocks=[(0, 2), (2, 4), (4, 5), (5, 9), (9, 10)], cost=1502.17
  Col 6247: blocks=[(0, 2), (2, 4), (4, 5), (5, 10)], cost=1239.48
  Col 6248: blocks=[(0, 2), (2, 4), (4, 5), (5, 10)], cost=1321.14
  Col 6249: blocks=[(0, 2), (2, 4), (4, 5), (5, 10)], cost=1324.18
  Col 6250: blocks=[(0, 2), (2, 4), (4, 5), (5, 10)], cost=1327.08
  Col 6251: blocks=[(0, 2), (2, 4), (4, 5), (5, 10)], cost=1327.43
  Col 6252: blocks=[(0, 2), (2, 4), (4, 5), (5, 10)], cost=1327.43
  Col 6253: blocks=[(0, 2), (2, 4), (4, 5), (5, 10)], cost=1327.08
  Col 6254: blocks=[(0, 2), (2, 4), (4, 5), (5, 10)], cost=1405.84
  Col 6255: blocks=[(0, 2), (2, 4), (4, 5), (5, 10)], cost=1408.75
  Col 6256: blocks=[(0, 2), (2, 4), (4, 5), (5, 10)], cost=1409.10
  Col 6257: blocks=[(0, 2), (2, 4), (4, 5), (5, 10)], cost=1409.10
  Col 6258: blocks=[(0, 2), (2, 4), (4, 5), (5, 10)], cost=1408.75
  Col 6259: blocks=[(0, 2), (2, 4), (4, 5), (5, 10)], cost=1411.79
  Col 6260: blocks=[(0, 2), (2, 4), (4, 5), (5, 10)], cost=1412.13
  Col 6261: blocks=[(0, 2), (2, 4), (4, 5), (5, 10)], cost=1412.13
  Col 6262: blocks=[(0, 2), (2, 4), (4, 5), (5, 10)], cost=1411.79
  Col 6263: blocks=[(0, 2), (2, 4), (4, 5), (5, 10)], cost=1415.04
  Col 6264: blocks=[(0, 2), (2, 4), (4, 5), (5, 10)], cost=1415.04
  Col 6265: blocks=[(0, 2), (2, 4), (4, 5), (5, 10)], cost=1414.69
  Col 6266: blocks=[(0, 2), (2, 4), (4, 5), (5, 10)], cost=1415.39
  Col 6267: blocks=[(0, 2), (2, 4), (4, 5), (5, 10)], cost=1415.04
  Col 6268: blocks=[(0, 2), (2, 4), (4, 5), (5, 10)], cost=1415.04
  Col 6269: blocks=[(0, 2), (2, 4), (4, 5), (5, 10)], cost=1493.45
  Col 6270: blocks=[(0, 2), (2, 4), (4, 5), (5, 10)], cost=1493.80
  Col 6271: blocks=[(0, 2), (2, 4), (4, 5), (5, 10)], cost=1493.80
  Col 6272: blocks=[(0, 2), (2, 4), (4, 5), (5, 10)], cost=1493.45
  Col 6273: blocks=[(0, 2), (2, 4), (4, 5), (5, 10)], cost=1496.70
  Col 6274: blocks=[(0, 2), (2, 4), (4, 5), (5, 10)], cost=1496.70
  Col 6275: blocks=[(0, 2), (2, 4), (4, 5), (5, 10)], cost=1496.36
  Col 6276: blocks=[(0, 2), (2, 4), (4, 5), (5, 10)], cost=1497.05
  Col 6277: blocks=[(0, 2), (2, 4), (4, 5), (5, 10)], cost=1496.70
  Col 6278: blocks=[(0, 2), (2, 4), (4, 5), (5, 10)], cost=1496.70
  Col 6279: blocks=[(0, 2), (2, 4), (4, 5), (5, 10)], cost=1499.74
  Col 6280: blocks=[(0, 2), (2, 4), (4, 5), (5, 10)], cost=1499.74
  Col 6281: blocks=[(0, 2), (2, 4), (4, 5), (5, 10)], cost=1499.40
  Col 6282: blocks=[(0, 2), (2, 4), (4, 5), (5, 10)], cost=1500.09
  Col 6283: blocks=[(0, 2), (2, 4), (4, 5), (5, 10)], cost=1499.74
  Col 6284: blocks=[(0, 2), (2, 4), (4, 5), (5, 10)], cost=1499.74
  Col 6285: blocks=[(0, 2), (2, 4), (4, 5), (5, 10)], cost=1503.00
  Col 6286: blocks=[(0, 2), (2, 4), (4, 5), (5, 10)], cost=1502.65
  Col 6287: blocks=[(0, 2), (2, 4), (4, 5), (5, 10)], cost=1502.65
  Col 6288: blocks=[(0, 2), (2, 4), (4, 5), (5, 10)], cost=1503.00
  Col 6289: blocks=[(0, 2), (2, 4), (4, 6), (6, 7), (7, 8), (8, 9), (9, 10)], cost=1335.09
  Col 6290: blocks=[(0, 2), (2, 4), (4, 6), (6, 7), (7, 8), (8, 9), (9, 10)], cost=1416.76
  Col 6291: blocks=[(0, 2), (2, 4), (4, 6), (6, 7), (7, 8), (8, 9), (9, 10)], cost=1419.80
  Col 6292: blocks=[(0, 2), (2, 4), (4, 6), (6, 7), (7, 8), (8, 9), (9, 10)], cost=1422.02
  Col 6293: blocks=[(0, 2), (2, 4), (4, 6), (6, 7), (7, 8), (8, 9), (9, 10)], cost=1501.46
  Col 6294: blocks=[(0, 2), (2, 4), (4, 6), (6, 7), (7, 8), (8, 9), (9, 10)], cost=1503.69
  Col 6295: blocks=[(0, 2), (2, 4), (4, 6), (6, 7), (7, 8), (8, 9), (9, 10)], cost=1506.72
  Col 6296: blocks=[(0, 2), (2, 4), (4, 6), (6, 7), (7, 8), (8, 9), (9, 10)], cost=1588.39
  Col 6297: blocks=[(0, 2), (2, 4), (4, 6), (6, 7), (7, 8), (8, 10)], cost=1304.03
  Col 6298: blocks=[(0, 2), (2, 4), (4, 6), (6, 7), (7, 8), (8, 10)], cost=1385.70
  Col 6299: blocks=[(0, 2), (2, 4), (4, 6), (6, 7), (7, 8), (8, 10)], cost=1388.74
  Col 6300: blocks=[(0, 2), (2, 4), (4, 6), (6, 7), (7, 8), (8, 10)], cost=1390.96
  Col 6301: blocks=[(0, 2), (2, 4), (4, 6), (6, 7), (7, 8), (8, 10)], cost=1391.64
  Col 6302: blocks=[(0, 2), (2, 4), (4, 6), (6, 7), (7, 8), (8, 10)], cost=1470.40
  Col 6303: blocks=[(0, 2), (2, 4), (4, 6), (6, 7), (7, 8), (8, 10)], cost=1472.63
  Col 6304: blocks=[(0, 2), (2, 4), (4, 6), (6, 7), (7, 8), (8, 10)], cost=1473.31
  Col 6305: blocks=[(0, 2), (2, 4), (4, 6), (6, 7), (7, 8), (8, 10)], cost=1475.66
  Col 6306: blocks=[(0, 2), (2, 4), (4, 6), (6, 7), (7, 8), (8, 10)], cost=1476.34
  Col 6307: blocks=[(0, 2), (2, 4), (4, 6), (6, 7), (7, 8), (8, 10)], cost=1478.57
  Col 6308: blocks=[(0, 2), (2, 4), (4, 6), (6, 7), (7, 8), (8, 10)], cost=1557.33
  Col 6309: blocks=[(0, 2), (2, 4), (4, 6), (6, 7), (7, 8), (8, 10)], cost=1558.01
  Col 6310: blocks=[(0, 2), (2, 4), (4, 6), (6, 7), (7, 8), (8, 10)], cost=1560.23
  Col 6311: blocks=[(0, 2), (2, 4), (4, 6), (6, 7), (7, 8), (8, 10)], cost=1563.27
  Col 6312: blocks=[(0, 2), (2, 4), (4, 6), (6, 7), (7, 9), (9, 10)], cost=1206.07
  Col 6313: blocks=[(0, 2), (2, 4), (4, 6), (6, 7), (7, 9), (9, 10)], cost=1294.03
  Col 6314: blocks=[(0, 2), (2, 4), (4, 6), (6, 7), (7, 9), (9, 10)], cost=1287.74
  Col 6315: blocks=[(0, 2), (2, 4), (4, 6), (6, 7), (7, 9), (9, 10)], cost=1290.77
  Col 6316: blocks=[(0, 2), (2, 4), (4, 6), (6, 7), (7, 9), (9, 10)], cost=1293.00
  Col 6317: blocks=[(0, 2), (2, 4), (4, 6), (6, 7), (7, 9), (9, 10)], cost=1375.69
  Col 6318: blocks=[(0, 2), (2, 4), (4, 6), (6, 7), (7, 9), (9, 10)], cost=1378.73
  Col 6319: blocks=[(0, 2), (2, 4), (4, 6), (6, 7), (7, 9), (9, 10)], cost=1380.96
  Col 6320: blocks=[(0, 2), (2, 4), (4, 6), (6, 7), (7, 9), (9, 10)], cost=1372.44
  Col 6321: blocks=[(0, 2), (2, 4), (4, 6), (6, 7), (7, 9), (9, 10)], cost=1374.66
  Col 6322: blocks=[(0, 2), (2, 4), (4, 6), (6, 7), (7, 9), (9, 10)], cost=1377.70
  Col 6323: blocks=[(0, 2), (2, 4), (4, 6), (6, 7), (7, 9), (9, 10)], cost=1460.39
  Col 6324: blocks=[(0, 2), (2, 4), (4, 6), (6, 7), (7, 9), (9, 10)], cost=1462.62
  Col 6325: blocks=[(0, 2), (2, 4), (4, 6), (6, 7), (7, 9), (9, 10)], cost=1465.66
  Col 6326: blocks=[(0, 2), (2, 4), (4, 6), (6, 7), (7, 9), (9, 10)], cost=1459.37
  Col 6327: blocks=[(0, 2), (2, 4), (4, 6), (6, 7), (7, 10)], cost=1131.94
  Col 6328: blocks=[(0, 2), (2, 4), (4, 6), (6, 7), (7, 10)], cost=1213.61
  Col 6329: blocks=[(0, 2), (2, 4), (4, 6), (6, 7), (7, 10)], cost=1216.64
  Col 6330: blocks=[(0, 2), (2, 4), (4, 6), (6, 7), (7, 10)], cost=1218.87
  Col 6331: blocks=[(0, 2), (2, 4), (4, 6), (6, 7), (7, 10)], cost=1219.90
  Col 6332: blocks=[(0, 2), (2, 4), (4, 6), (6, 7), (7, 10)], cost=1219.55
  Col 6333: blocks=[(0, 2), (2, 4), (4, 6), (6, 7), (7, 10)], cost=1298.31
  Col 6334: blocks=[(0, 2), (2, 4), (4, 6), (6, 7), (7, 10)], cost=1300.53
  Col 6335: blocks=[(0, 2), (2, 4), (4, 6), (6, 7), (7, 10)], cost=1301.56
  Col 6336: blocks=[(0, 2), (2, 4), (4, 6), (6, 7), (7, 10)], cost=1301.21
  Col 6337: blocks=[(0, 2), (2, 4), (4, 6), (6, 7), (7, 10)], cost=1303.57
  Col 6338: blocks=[(0, 2), (2, 4), (4, 6), (6, 7), (7, 10)], cost=1304.60
  Col 6339: blocks=[(0, 2), (2, 4), (4, 6), (6, 7), (7, 10)], cost=1304.25
  Col 6340: blocks=[(0, 2), (2, 4), (4, 6), (6, 7), (7, 10)], cost=1306.83
  Col 6341: blocks=[(0, 2), (2, 4), (4, 6), (6, 7), (7, 10)], cost=1306.48
  Col 6342: blocks=[(0, 2), (2, 4), (4, 6), (6, 7), (7, 10)], cost=1307.51
  Col 6343: blocks=[(0, 2), (2, 4), (4, 6), (6, 7), (7, 10)], cost=1385.24
  Col 6344: blocks=[(0, 2), (2, 4), (4, 6), (6, 7), (7, 10)], cost=1386.26
  Col 6345: blocks=[(0, 2), (2, 4), (4, 6), (6, 7), (7, 10)], cost=1385.92
  Col 6346: blocks=[(0, 2), (2, 4), (4, 6), (6, 7), (7, 10)], cost=1388.49
  Col 6347: blocks=[(0, 2), (2, 4), (4, 6), (6, 7), (7, 10)], cost=1388.14
  Col 6348: blocks=[(0, 2), (2, 4), (4, 6), (6, 7), (7, 10)], cost=1389.17
  Col 6349: blocks=[(0, 2), (2, 4), (4, 6), (6, 7), (7, 10)], cost=1391.53
  Col 6350: blocks=[(0, 2), (2, 4), (4, 6), (6, 7), (7, 10)], cost=1391.18
  Col 6351: blocks=[(0, 2), (2, 4), (4, 6), (6, 7), (7, 10)], cost=1392.21
  Col 6352: blocks=[(0, 2), (2, 4), (4, 6), (6, 7), (7, 10)], cost=1394.44
  Col 6353: blocks=[(0, 2), (2, 4), (4, 6), (6, 8), (8, 9), (9, 10)], cost=1256.88
  Col 6354: blocks=[(0, 2), (2, 4), (4, 6), (6, 8), (8, 9), (9, 10)], cost=1338.55
  Col 6355: blocks=[(0, 2), (2, 4), (4, 6), (6, 8), (8, 9), (9, 10)], cost=1341.58
  Col 6356: blocks=[(0, 2), (2, 4), (4, 6), (6, 8), (8, 9), (9, 10)], cost=1343.81
  Col 6357: blocks=[(0, 2), (2, 4), (4, 6), (6, 8), (8, 9), (9, 10)], cost=1344.84
  Col 6358: blocks=[(0, 2), (2, 4), (4, 6), (6, 8), (8, 9), (9, 10)], cost=1423.25
  Col 6359: blocks=[(0, 2), (2, 4), (4, 6), (6, 8), (8, 9), (9, 10)], cost=1425.47
  Col 6360: blocks=[(0, 2), (2, 4), (4, 6), (6, 8), (8, 9), (9, 10)], cost=1426.50
  Col 6361: blocks=[(0, 2), (2, 4), (4, 6), (6, 8), (8, 9), (9, 10)], cost=1428.51
  Col 6362: blocks=[(0, 2), (2, 4), (4, 6), (6, 8), (8, 9), (9, 10)], cost=1429.54
  Col 6363: blocks=[(0, 2), (2, 4), (4, 6), (6, 8), (8, 9), (9, 10)], cost=1431.77
  Col 6364: blocks=[(0, 2), (2, 4), (4, 6), (6, 8), (8, 9), (9, 10)], cost=1510.18
  Col 6365: blocks=[(0, 2), (2, 4), (4, 6), (6, 8), (8, 9), (9, 10)], cost=1511.20
  Col 6366: blocks=[(0, 2), (2, 4), (4, 6), (6, 8), (8, 9), (9, 10)], cost=1513.43
  Col 6367: blocks=[(0, 2), (2, 4), (4, 6), (6, 8), (8, 9), (9, 10)], cost=1516.47
  Col 6368: blocks=[(0, 2), (2, 4), (4, 6), (6, 8), (8, 10)], cost=1225.82
  Col 6369: blocks=[(0, 2), (2, 4), (4, 6), (6, 8), (8, 10)], cost=1307.49
  Col 6370: blocks=[(0, 2), (2, 4), (4, 6), (6, 8), (8, 10)], cost=1310.52
  Col 6371: blocks=[(0, 2), (2, 4), (4, 6), (6, 8), (8, 10)], cost=1312.75
  Col 6372: blocks=[(0, 2), (2, 4), (4, 6), (6, 8), (8, 10)], cost=1313.78
  Col 6373: blocks=[(0, 2), (2, 4), (4, 6), (6, 8), (8, 10)], cost=1313.43
  Col 6374: blocks=[(0, 2), (2, 4), (4, 6), (6, 8), (8, 10)], cost=1392.19
  Col 6375: blocks=[(0, 2), (2, 4), (4, 6), (6, 8), (8, 10)], cost=1394.41
  Col 6376: blocks=[(0, 2), (2, 4), (4, 6), (6, 8), (8, 10)], cost=1395.44
  Col 6377: blocks=[(0, 2), (2, 4), (4, 6), (6, 8), (8, 10)], cost=1395.09
  Col 6378: blocks=[(0, 2), (2, 4), (4, 6), (6, 8), (8, 10)], cost=1397.45
  Col 6379: blocks=[(0, 2), (2, 4), (4, 6), (6, 8), (8, 10)], cost=1398.48
  Col 6380: blocks=[(0, 2), (2, 4), (4, 6), (6, 8), (8, 10)], cost=1398.13
  Col 6381: blocks=[(0, 2), (2, 4), (4, 6), (6, 8), (8, 10)], cost=1400.71
  Col 6382: blocks=[(0, 2), (2, 4), (4, 6), (6, 8), (8, 10)], cost=1400.36
  Col 6383: blocks=[(0, 2), (2, 4), (4, 6), (6, 8), (8, 10)], cost=1401.39
  Col 6384: blocks=[(0, 2), (2, 4), (4, 6), (6, 8), (8, 10)], cost=1479.12
  Col 6385: blocks=[(0, 2), (2, 4), (4, 6), (6, 8), (8, 10)], cost=1480.14
  Col 6386: blocks=[(0, 2), (2, 4), (4, 6), (6, 8), (8, 10)], cost=1479.80
  Col 6387: blocks=[(0, 2), (2, 4), (4, 6), (6, 8), (8, 10)], cost=1482.37
  Col 6388: blocks=[(0, 2), (2, 4), (4, 6), (6, 8), (8, 10)], cost=1482.02
  Col 6389: blocks=[(0, 2), (2, 4), (4, 6), (6, 8), (8, 10)], cost=1483.05
  Col 6390: blocks=[(0, 2), (2, 4), (4, 6), (6, 8), (8, 10)], cost=1485.41
  Col 6391: blocks=[(0, 2), (2, 4), (4, 6), (6, 8), (8, 10)], cost=1485.06
  Col 6392: blocks=[(0, 2), (2, 4), (4, 6), (6, 8), (8, 10)], cost=1486.09
  Col 6393: blocks=[(0, 2), (2, 4), (4, 6), (6, 8), (8, 10)], cost=1488.31
  Col 6394: blocks=[(0, 2), (2, 4), (4, 6), (6, 9), (9, 10)], cost=1151.36
  Col 6395: blocks=[(0, 2), (2, 4), (4, 6), (6, 9), (9, 10)], cost=1233.02
  Col 6396: blocks=[(0, 2), (2, 4), (4, 6), (6, 9), (9, 10)], cost=1236.06
  Col 6397: blocks=[(0, 2), (2, 4), (4, 6), (6, 9), (9, 10)], cost=1238.29
  Col 6398: blocks=[(0, 2), (2, 4), (4, 6), (6, 9), (9, 10)], cost=1239.32
  Col 6399: blocks=[(0, 2), (2, 4), (4, 6), (6, 9), (9, 10)], cost=1239.32
  Col 6400: blocks=[(0, 2), (2, 4), (4, 6), (6, 9), (9, 10)], cost=1317.73
  Col 6401: blocks=[(0, 2), (2, 4), (4, 6), (6, 9), (9, 10)], cost=1319.95
  Col 6402: blocks=[(0, 2), (2, 4), (4, 6), (6, 9), (9, 10)], cost=1320.98
  Col 6403: blocks=[(0, 2), (2, 4), (4, 6), (6, 9), (9, 10)], cost=1320.98
  Col 6404: blocks=[(0, 2), (2, 4), (4, 6), (6, 9), (9, 10)], cost=1322.99
  Col 6405: blocks=[(0, 2), (2, 4), (4, 6), (6, 9), (9, 10)], cost=1324.02
  Col 6406: blocks=[(0, 2), (2, 4), (4, 6), (6, 9), (9, 10)], cost=1324.02
  Col 6407: blocks=[(0, 2), (2, 4), (4, 6), (6, 9), (9, 10)], cost=1326.24
  Col 6408: blocks=[(0, 2), (2, 4), (4, 6), (6, 9), (9, 10)], cost=1326.24
  Col 6409: blocks=[(0, 2), (2, 4), (4, 6), (6, 9), (9, 10)], cost=1327.27
  Col 6410: blocks=[(0, 2), (2, 4), (4, 6), (6, 9), (9, 10)], cost=1404.65
  Col 6411: blocks=[(0, 2), (2, 4), (4, 6), (6, 9), (9, 10)], cost=1405.68
  Col 6412: blocks=[(0, 2), (2, 4), (4, 6), (6, 9), (9, 10)], cost=1405.68
  Col 6413: blocks=[(0, 2), (2, 4), (4, 6), (6, 9), (9, 10)], cost=1407.91
  Col 6414: blocks=[(0, 2), (2, 4), (4, 6), (6, 9), (9, 10)], cost=1407.91
  Col 6415: blocks=[(0, 2), (2, 4), (4, 6), (6, 9), (9, 10)], cost=1408.94
  Col 6416: blocks=[(0, 2), (2, 4), (4, 6), (6, 9), (9, 10)], cost=1410.95
  Col 6417: blocks=[(0, 2), (2, 4), (4, 6), (6, 9), (9, 10)], cost=1410.95
  Col 6418: blocks=[(0, 2), (2, 4), (4, 6), (6, 9), (9, 10)], cost=1411.97
  Col 6419: blocks=[(0, 2), (2, 4), (4, 6), (6, 9), (9, 10)], cost=1414.20
  Col 6420: blocks=[(0, 2), (2, 4), (4, 6), (6, 10)], cost=1101.88
  Col 6421: blocks=[(0, 2), (2, 4), (4, 6), (6, 10)], cost=1183.54
  Col 6422: blocks=[(0, 2), (2, 4), (4, 6), (6, 10)], cost=1186.58
  Col 6423: blocks=[(0, 2), (2, 4), (4, 6), (6, 10)], cost=1188.81
  Col 6424: blocks=[(0, 2), (2, 4), (4, 6), (6, 10)], cost=1189.83
  Col 6425: blocks=[(0, 2), (2, 4), (4, 6), (6, 10)], cost=1189.83
  Col 6426: blocks=[(0, 2), (2, 4), (4, 6), (6, 10)], cost=1189.49
  Col 6427: blocks=[(0, 2), (2, 4), (4, 6), (6, 10)], cost=1268.24
  Col 6428: blocks=[(0, 2), (2, 4), (4, 6), (6, 10)], cost=1270.47
  Col 6429: blocks=[(0, 2), (2, 4), (4, 6), (6, 10)], cost=1271.50
  Col 6430: blocks=[(0, 2), (2, 4), (4, 6), (6, 10)], cost=1271.50
  Col 6431: blocks=[(0, 2), (2, 4), (4, 6), (6, 10)], cost=1271.15
  Col 6432: blocks=[(0, 2), (2, 4), (4, 6), (6, 10)], cost=1273.51
  Col 6433: blocks=[(0, 2), (2, 4), (4, 6), (6, 10)], cost=1274.54
  Col 6434: blocks=[(0, 2), (2, 4), (4, 6), (6, 10)], cost=1274.54
  Col 6435: blocks=[(0, 2), (2, 4), (4, 6), (6, 10)], cost=1274.19
  Col 6436: blocks=[(0, 2), (2, 4), (4, 6), (6, 10)], cost=1276.76
  Col 6437: blocks=[(0, 2), (2, 4), (4, 6), (6, 10)], cost=1276.76
  Col 6438: blocks=[(0, 2), (2, 4), (4, 6), (6, 10)], cost=1276.41
  Col 6439: blocks=[(0, 2), (2, 4), (4, 6), (6, 10)], cost=1277.79
  Col 6440: blocks=[(0, 2), (2, 4), (4, 6), (6, 10)], cost=1277.44
  Col 6441: blocks=[(0, 2), (2, 4), (4, 6), (6, 10)], cost=1277.44
  Col 6442: blocks=[(0, 2), (2, 4), (4, 6), (6, 10)], cost=1355.17
  Col 6443: blocks=[(0, 2), (2, 4), (4, 6), (6, 10)], cost=1356.20
  Col 6444: blocks=[(0, 2), (2, 4), (4, 6), (6, 10)], cost=1356.20
  Col 6445: blocks=[(0, 2), (2, 4), (4, 6), (6, 10)], cost=1355.85
  Col 6446: blocks=[(0, 2), (2, 4), (4, 6), (6, 10)], cost=1358.42
  Col 6447: blocks=[(0, 2), (2, 4), (4, 6), (6, 10)], cost=1358.42
  Col 6448: blocks=[(0, 2), (2, 4), (4, 6), (6, 10)], cost=1358.08
  Col 6449: blocks=[(0, 2), (2, 4), (4, 6), (6, 10)], cost=1359.45
  Col 6450: blocks=[(0, 2), (2, 4), (4, 6), (6, 10)], cost=1359.10
  Col 6451: blocks=[(0, 2), (2, 4), (4, 6), (6, 10)], cost=1359.10
  Col 6452: blocks=[(0, 2), (2, 4), (4, 6), (6, 10)], cost=1361.46
  Col 6453: blocks=[(0, 2), (2, 4), (4, 6), (6, 10)], cost=1361.46
  Col 6454: blocks=[(0, 2), (2, 4), (4, 6), (6, 10)], cost=1361.12
  Col 6455: blocks=[(0, 2), (2, 4), (4, 6), (6, 10)], cost=1362.49
  Col 6456: blocks=[(0, 2), (2, 4), (4, 6), (6, 10)], cost=1362.14
  Col 6457: blocks=[(0, 2), (2, 4), (4, 6), (6, 10)], cost=1362.14
  Col 6458: blocks=[(0, 2), (2, 4), (4, 6), (6, 10)], cost=1364.72
  Col 6459: blocks=[(0, 2), (2, 4), (4, 6), (6, 10)], cost=1364.37
  Col 6460: blocks=[(0, 2), (2, 4), (4, 6), (6, 10)], cost=1364.37
  Col 6461: blocks=[(0, 2), (2, 4), (4, 6), (6, 10)], cost=1365.40
  Col 6462: blocks=[(0, 2), (2, 4), (4, 7), (7, 8), (8, 9), (9, 10)], cost=1267.28
  Col 6463: blocks=[(0, 2), (2, 4), (4, 7), (7, 8), (8, 9), (9, 10)], cost=1348.94
  Col 6464: blocks=[(0, 2), (2, 4), (4, 7), (7, 8), (8, 9), (9, 10)], cost=1351.98
  Col 6465: blocks=[(0, 2), (2, 4), (4, 7), (7, 8), (8, 9), (9, 10)], cost=1354.21
  Col 6466: blocks=[(0, 2), (2, 4), (4, 7), (7, 8), (8, 9), (9, 10)], cost=1354.89
  Col 6467: blocks=[(0, 2), (2, 4), (4, 7), (7, 8), (8, 9), (9, 10)], cost=1433.64
  Col 6468: blocks=[(0, 2), (2, 4), (4, 7), (7, 8), (8, 9), (9, 10)], cost=1435.87
  Col 6469: blocks=[(0, 2), (2, 4), (4, 7), (7, 8), (8, 9), (9, 10)], cost=1436.55
  Col 6470: blocks=[(0, 2), (2, 4), (4, 7), (7, 8), (8, 9), (9, 10)], cost=1438.91
  Col 6471: blocks=[(0, 2), (2, 4), (4, 7), (7, 8), (8, 9), (9, 10)], cost=1439.59
  Col 6472: blocks=[(0, 2), (2, 4), (4, 7), (7, 8), (8, 9), (9, 10)], cost=1441.81
  Col 6473: blocks=[(0, 2), (2, 4), (4, 7), (7, 8), (8, 9), (9, 10)], cost=1520.57
  Col 6474: blocks=[(0, 2), (2, 4), (4, 7), (7, 8), (8, 9), (9, 10)], cost=1521.25
  Col 6475: blocks=[(0, 2), (2, 4), (4, 7), (7, 8), (8, 9), (9, 10)], cost=1523.48
  Col 6476: blocks=[(0, 2), (2, 4), (4, 7), (7, 8), (8, 9), (9, 10)], cost=1526.52
  Col 6477: blocks=[(0, 2), (2, 4), (4, 7), (7, 8), (8, 10)], cost=1236.22
  Col 6478: blocks=[(0, 2), (2, 4), (4, 7), (7, 8), (8, 10)], cost=1317.88
  Col 6479: blocks=[(0, 2), (2, 4), (4, 7), (7, 8), (8, 10)], cost=1320.92
  Col 6480: blocks=[(0, 2), (2, 4), (4, 7), (7, 8), (8, 10)], cost=1323.15
  Col 6481: blocks=[(0, 2), (2, 4), (4, 7), (7, 8), (8, 10)], cost=1323.83
  Col 6482: blocks=[(0, 2), (2, 4), (4, 7), (7, 8), (8, 10)], cost=1323.83
  Col 6483: blocks=[(0, 2), (2, 4), (4, 7), (7, 8), (8, 10)], cost=1402.58
  Col 6484: blocks=[(0, 2), (2, 4), (4, 7), (7, 8), (8, 10)], cost=1404.81
  Col 6485: blocks=[(0, 2), (2, 4), (4, 7), (7, 8), (8, 10)], cost=1405.49
  Col 6486: blocks=[(0, 2), (2, 4), (4, 7), (7, 8), (8, 10)], cost=1405.49
  Col 6487: blocks=[(0, 2), (2, 4), (4, 7), (7, 8), (8, 10)], cost=1407.85
  Col 6488: blocks=[(0, 2), (2, 4), (4, 7), (7, 8), (8, 10)], cost=1408.53
  Col 6489: blocks=[(0, 2), (2, 4), (4, 7), (7, 8), (8, 10)], cost=1408.53
  Col 6490: blocks=[(0, 2), (2, 4), (4, 7), (7, 8), (8, 10)], cost=1410.75
  Col 6491: blocks=[(0, 2), (2, 4), (4, 7), (7, 8), (8, 10)], cost=1410.75
  Col 6492: blocks=[(0, 2), (2, 4), (4, 7), (7, 8), (8, 10)], cost=1411.43
  Col 6493: blocks=[(0, 2), (2, 4), (4, 7), (7, 8), (8, 10)], cost=1489.51
  Col 6494: blocks=[(0, 2), (2, 4), (4, 7), (7, 8), (8, 10)], cost=1490.19
  Col 6495: blocks=[(0, 2), (2, 4), (4, 7), (7, 8), (8, 10)], cost=1490.19
  Col 6496: blocks=[(0, 2), (2, 4), (4, 7), (7, 8), (8, 10)], cost=1492.42
  Col 6497: blocks=[(0, 2), (2, 4), (4, 7), (7, 8), (8, 10)], cost=1492.42
  Col 6498: blocks=[(0, 2), (2, 4), (4, 7), (7, 8), (8, 10)], cost=1493.10
  Col 6499: blocks=[(0, 2), (2, 4), (4, 7), (7, 8), (8, 10)], cost=1495.46
  Col 6500: blocks=[(0, 2), (2, 4), (4, 7), (7, 8), (8, 10)], cost=1495.46
  Col 6501: blocks=[(0, 2), (2, 4), (4, 7), (7, 8), (8, 10)], cost=1496.14
  Col 6502: blocks=[(0, 2), (2, 4), (4, 7), (7, 8), (8, 10)], cost=1498.36
  Col 6503: blocks=[(0, 2), (2, 4), (4, 7), (7, 9), (9, 10)], cost=1138.25
  Col 6504: blocks=[(0, 2), (2, 4), (4, 7), (7, 9), (9, 10)], cost=1219.92
  Col 6505: blocks=[(0, 2), (2, 4), (4, 7), (7, 9), (9, 10)], cost=1222.96
  Col 6506: blocks=[(0, 2), (2, 4), (4, 7), (7, 9), (9, 10)], cost=1225.18
  Col 6507: blocks=[(0, 2), (2, 4), (4, 7), (7, 9), (9, 10)], cost=1225.86
  Col 6508: blocks=[(0, 2), (2, 4), (4, 7), (7, 9), (9, 10)], cost=1226.21
  Col 6509: blocks=[(0, 2), (2, 4), (4, 7), (7, 9), (9, 10)], cost=1304.62
  Col 6510: blocks=[(0, 2), (2, 4), (4, 7), (7, 9), (9, 10)], cost=1306.85
  Col 6511: blocks=[(0, 2), (2, 4), (4, 7), (7, 9), (9, 10)], cost=1307.53
  Col 6512: blocks=[(0, 2), (2, 4), (4, 7), (7, 9), (9, 10)], cost=1307.87
  Col 6513: blocks=[(0, 2), (2, 4), (4, 7), (7, 9), (9, 10)], cost=1309.89
  Col 6514: blocks=[(0, 2), (2, 4), (4, 7), (7, 9), (9, 10)], cost=1310.57
  Col 6515: blocks=[(0, 2), (2, 4), (4, 7), (7, 9), (9, 10)], cost=1310.91
  Col 6516: blocks=[(0, 2), (2, 4), (4, 7), (7, 9), (9, 10)], cost=1312.79
  Col 6517: blocks=[(0, 2), (2, 4), (4, 7), (7, 9), (9, 10)], cost=1313.14
  Col 6518: blocks=[(0, 2), (2, 4), (4, 7), (7, 9), (9, 10)], cost=1313.82
  Col 6519: blocks=[(0, 2), (2, 4), (4, 7), (7, 9), (9, 10)], cost=1391.55
  Col 6520: blocks=[(0, 2), (2, 4), (4, 7), (7, 9), (9, 10)], cost=1392.23
  Col 6521: blocks=[(0, 2), (2, 4), (4, 7), (7, 9), (9, 10)], cost=1392.58
  Col 6522: blocks=[(0, 2), (2, 4), (4, 7), (7, 9), (9, 10)], cost=1394.45
  Col 6523: blocks=[(0, 2), (2, 4), (4, 7), (7, 9), (9, 10)], cost=1394.80
  Col 6524: blocks=[(0, 2), (2, 4), (4, 7), (7, 9), (9, 10)], cost=1395.48
  Col 6525: blocks=[(0, 2), (2, 4), (4, 7), (7, 9), (9, 10)], cost=1397.49
  Col 6526: blocks=[(0, 2), (2, 4), (4, 7), (7, 9), (9, 10)], cost=1397.84
  Col 6527: blocks=[(0, 2), (2, 4), (4, 7), (7, 9), (9, 10)], cost=1398.52
  Col 6528: blocks=[(0, 2), (2, 4), (4, 7), (7, 9), (9, 10)], cost=1400.75
  Col 6529: blocks=[(0, 2), (2, 4), (4, 7), (7, 10)], cost=1064.13
  Col 6530: blocks=[(0, 2), (2, 4), (4, 7), (7, 10)], cost=1145.79
  Col 6531: blocks=[(0, 2), (2, 4), (4, 7), (7, 10)], cost=1148.83
  Col 6532: blocks=[(0, 2), (2, 4), (4, 7), (7, 10)], cost=1151.05
  Col 6533: blocks=[(0, 2), (2, 4), (4, 7), (7, 10)], cost=1151.73
  Col 6534: blocks=[(0, 2), (2, 4), (4, 7), (7, 10)], cost=1152.08
  Col 6535: blocks=[(0, 2), (2, 4), (4, 7), (7, 10)], cost=1151.73
  Col 6536: blocks=[(0, 2), (2, 4), (4, 7), (7, 10)], cost=1230.49
  Col 6537: blocks=[(0, 2), (2, 4), (4, 7), (7, 10)], cost=1232.72
  Col 6538: blocks=[(0, 2), (2, 4), (4, 7), (7, 10)], cost=1233.40
  Col 6539: blocks=[(0, 2), (2, 4), (4, 7), (7, 10)], cost=1233.74
  Col 6540: blocks=[(0, 2), (2, 4), (4, 7), (7, 10)], cost=1233.40
  Col 6541: blocks=[(0, 2), (2, 4), (4, 7), (7, 10)], cost=1235.76
  Col 6542: blocks=[(0, 2), (2, 4), (4, 7), (7, 10)], cost=1236.44
  Col 6543: blocks=[(0, 2), (2, 4), (4, 7), (7, 10)], cost=1236.78
  Col 6544: blocks=[(0, 2), (2, 4), (4, 7), (7, 10)], cost=1236.44
  Col 6545: blocks=[(0, 2), (2, 4), (4, 7), (7, 10)], cost=1238.66
  Col 6546: blocks=[(0, 2), (2, 4), (4, 7), (7, 10)], cost=1239.01
  Col 6547: blocks=[(0, 2), (2, 4), (4, 7), (7, 10)], cost=1238.66
  Col 6548: blocks=[(0, 2), (2, 4), (4, 7), (7, 10)], cost=1239.69
  Col 6549: blocks=[(0, 2), (2, 4), (4, 7), (7, 10)], cost=1239.34
  Col 6550: blocks=[(0, 2), (2, 4), (4, 7), (7, 10)], cost=1239.69
  Col 6551: blocks=[(0, 2), (2, 4), (4, 7), (7, 10)], cost=1317.42
  Col 6552: blocks=[(0, 2), (2, 4), (4, 7), (7, 10)], cost=1318.10
  Col 6553: blocks=[(0, 2), (2, 4), (4, 7), (7, 10)], cost=1318.45
  Col 6554: blocks=[(0, 2), (2, 4), (4, 7), (7, 10)], cost=1318.10
  Col 6555: blocks=[(0, 2), (2, 4), (4, 7), (7, 10)], cost=1320.33
  Col 6556: blocks=[(0, 2), (2, 4), (4, 7), (7, 10)], cost=1320.67
  Col 6557: blocks=[(0, 2), (2, 4), (4, 7), (7, 10)], cost=1320.33
  Col 6558: blocks=[(0, 2), (2, 4), (4, 7), (7, 10)], cost=1321.35
  Col 6559: blocks=[(0, 2), (2, 4), (4, 7), (7, 10)], cost=1321.01
  Col 6560: blocks=[(0, 2), (2, 4), (4, 7), (7, 10)], cost=1321.35
  Col 6561: blocks=[(0, 2), (2, 4), (4, 7), (7, 10)], cost=1323.36
  Col 6562: blocks=[(0, 2), (2, 4), (4, 7), (7, 10)], cost=1323.71
  Col 6563: blocks=[(0, 2), (2, 4), (4, 7), (7, 10)], cost=1323.36
  Col 6564: blocks=[(0, 2), (2, 4), (4, 7), (7, 10)], cost=1324.39
  Col 6565: blocks=[(0, 2), (2, 4), (4, 7), (7, 10)], cost=1324.04
  Col 6566: blocks=[(0, 2), (2, 4), (4, 7), (7, 10)], cost=1324.39
  Col 6567: blocks=[(0, 2), (2, 4), (4, 7), (7, 10)], cost=1326.62
  Col 6568: blocks=[(0, 2), (2, 4), (4, 7), (7, 10)], cost=1326.27
  Col 6569: blocks=[(0, 2), (2, 4), (4, 7), (7, 10)], cost=1326.62
  Col 6570: blocks=[(0, 2), (2, 4), (4, 7), (7, 10)], cost=1327.30
  Col 6571: blocks=[(0, 2), (2, 4), (4, 8), (8, 9), (9, 10)], cost=1208.86
  Col 6572: blocks=[(0, 2), (2, 4), (4, 8), (8, 9), (9, 10)], cost=1290.52
  Col 6573: blocks=[(0, 2), (2, 4), (4, 8), (8, 9), (9, 10)], cost=1293.56
  Col 6574: blocks=[(0, 2), (2, 4), (4, 8), (8, 9), (9, 10)], cost=1295.78
  Col 6575: blocks=[(0, 2), (2, 4), (4, 8), (8, 9), (9, 10)], cost=1296.46
  Col 6576: blocks=[(0, 2), (2, 4), (4, 8), (8, 9), (9, 10)], cost=1296.81
  Col 6577: blocks=[(0, 2), (2, 4), (4, 8), (8, 9), (9, 10)], cost=1375.22
  Col 6578: blocks=[(0, 2), (2, 4), (4, 8), (8, 9), (9, 10)], cost=1377.45
  Col 6579: blocks=[(0, 2), (2, 4), (4, 8), (8, 9), (9, 10)], cost=1378.13
  Col 6580: blocks=[(0, 2), (2, 4), (4, 8), (8, 9), (9, 10)], cost=1378.48
  Col 6581: blocks=[(0, 2), (2, 4), (4, 8), (8, 9), (9, 10)], cost=1380.49
  Col 6582: blocks=[(0, 2), (2, 4), (4, 8), (8, 9), (9, 10)], cost=1381.17
  Col 6583: blocks=[(0, 2), (2, 4), (4, 8), (8, 9), (9, 10)], cost=1381.51
  Col 6584: blocks=[(0, 2), (2, 4), (4, 8), (8, 9), (9, 10)], cost=1383.39
  Col 6585: blocks=[(0, 2), (2, 4), (4, 8), (8, 9), (9, 10)], cost=1383.74
  Col 6586: blocks=[(0, 2), (2, 4), (4, 8), (8, 9), (9, 10)], cost=1384.42
  Col 6587: blocks=[(0, 2), (2, 4), (4, 8), (8, 9), (9, 10)], cost=1462.15
  Col 6588: blocks=[(0, 2), (2, 4), (4, 8), (8, 9), (9, 10)], cost=1462.83
  Col 6589: blocks=[(0, 2), (2, 4), (4, 8), (8, 9), (9, 10)], cost=1463.18
  Col 6590: blocks=[(0, 2), (2, 4), (4, 8), (8, 9), (9, 10)], cost=1465.06
  Col 6591: blocks=[(0, 2), (2, 4), (4, 8), (8, 9), (9, 10)], cost=1465.40
  Col 6592: blocks=[(0, 2), (2, 4), (4, 8), (8, 9), (9, 10)], cost=1466.08
  Col 6593: blocks=[(0, 2), (2, 4), (4, 8), (8, 9), (9, 10)], cost=1468.10
  Col 6594: blocks=[(0, 2), (2, 4), (4, 8), (8, 9), (9, 10)], cost=1468.44
  Col 6595: blocks=[(0, 2), (2, 4), (4, 8), (8, 9), (9, 10)], cost=1469.12
  Col 6596: blocks=[(0, 2), (2, 4), (4, 8), (8, 9), (9, 10)], cost=1471.35
  Col 6597: blocks=[(0, 2), (2, 4), (4, 8), (8, 10)], cost=1177.80
  Col 6598: blocks=[(0, 2), (2, 4), (4, 8), (8, 10)], cost=1259.46
  Col 6599: blocks=[(0, 2), (2, 4), (4, 8), (8, 10)], cost=1262.50
  Col 6600: blocks=[(0, 2), (2, 4), (4, 8), (8, 10)], cost=1264.72
  Col 6601: blocks=[(0, 2), (2, 4), (4, 8), (8, 10)], cost=1265.40
  Col 6602: blocks=[(0, 2), (2, 4), (4, 8), (8, 10)], cost=1265.75
  Col 6603: blocks=[(0, 2), (2, 4), (4, 8), (8, 10)], cost=1265.40
  Col 6604: blocks=[(0, 2), (2, 4), (4, 8), (8, 10)], cost=1344.16
  Col 6605: blocks=[(0, 2), (2, 4), (4, 8), (8, 10)], cost=1346.39
  Col 6606: blocks=[(0, 2), (2, 4), (4, 8), (8, 10)], cost=1347.07
  Col 6607: blocks=[(0, 2), (2, 4), (4, 8), (8, 10)], cost=1347.42
  Col 6608: blocks=[(0, 2), (2, 4), (4, 8), (8, 10)], cost=1347.07
  Col 6609: blocks=[(0, 2), (2, 4), (4, 8), (8, 10)], cost=1349.43
  Col 6610: blocks=[(0, 2), (2, 4), (4, 8), (8, 10)], cost=1350.11
  Col 6611: blocks=[(0, 2), (2, 4), (4, 8), (8, 10)], cost=1350.45
  Col 6612: blocks=[(0, 2), (2, 4), (4, 8), (8, 10)], cost=1350.11
  Col 6613: blocks=[(0, 2), (2, 4), (4, 8), (8, 10)], cost=1352.33
  Col 6614: blocks=[(0, 2), (2, 4), (4, 8), (8, 10)], cost=1352.68
  Col 6615: blocks=[(0, 2), (2, 4), (4, 8), (8, 10)], cost=1352.33
  Col 6616: blocks=[(0, 2), (2, 4), (4, 8), (8, 10)], cost=1353.36
  Col 6617: blocks=[(0, 2), (2, 4), (4, 8), (8, 10)], cost=1353.01
  Col 6618: blocks=[(0, 2), (2, 4), (4, 8), (8, 10)], cost=1353.36
  Col 6619: blocks=[(0, 2), (2, 4), (4, 8), (8, 10)], cost=1431.09
  Col 6620: blocks=[(0, 2), (2, 4), (4, 8), (8, 10)], cost=1431.77
  Col 6621: blocks=[(0, 2), (2, 4), (4, 8), (8, 10)], cost=1432.12
  Col 6622: blocks=[(0, 2), (2, 4), (4, 8), (8, 10)], cost=1431.77
  Col 6623: blocks=[(0, 2), (2, 4), (4, 8), (8, 10)], cost=1434.00
  Col 6624: blocks=[(0, 2), (2, 4), (4, 8), (8, 10)], cost=1434.34
  Col 6625: blocks=[(0, 2), (2, 4), (4, 8), (8, 10)], cost=1434.00
  Col 6626: blocks=[(0, 2), (2, 4), (4, 8), (8, 10)], cost=1435.02
  Col 6627: blocks=[(0, 2), (2, 4), (4, 8), (8, 10)], cost=1434.68
  Col 6628: blocks=[(0, 2), (2, 4), (4, 8), (8, 10)], cost=1435.02
  Col 6629: blocks=[(0, 2), (2, 4), (4, 8), (8, 10)], cost=1437.04
  Col 6630: blocks=[(0, 2), (2, 4), (4, 8), (8, 10)], cost=1437.38
  Col 6631: blocks=[(0, 2), (2, 4), (4, 8), (8, 10)], cost=1437.04
  Col 6632: blocks=[(0, 2), (2, 4), (4, 8), (8, 10)], cost=1438.06
  Col 6633: blocks=[(0, 2), (2, 4), (4, 8), (8, 10)], cost=1437.72
  Col 6634: blocks=[(0, 2), (2, 4), (4, 8), (8, 10)], cost=1438.06
  Col 6635: blocks=[(0, 2), (2, 4), (4, 8), (8, 10)], cost=1440.29
  Col 6636: blocks=[(0, 2), (2, 4), (4, 8), (8, 10)], cost=1439.94
  Col 6637: blocks=[(0, 2), (2, 4), (4, 8), (8, 10)], cost=1440.29
  Col 6638: blocks=[(0, 2), (2, 4), (4, 8), (8, 10)], cost=1440.97
  Col 6639: blocks=[(0, 2), (2, 4), (4, 9), (9, 10)], cost=1151.07
  Col 6640: blocks=[(0, 2), (2, 4), (4, 9), (9, 10)], cost=1232.73
  Col 6641: blocks=[(0, 2), (2, 4), (4, 9), (9, 10)], cost=1235.77
  Col 6642: blocks=[(0, 2), (2, 4), (4, 9), (9, 10)], cost=1237.99
  Col 6643: blocks=[(0, 2), (2, 4), (4, 9), (9, 10)], cost=1238.67
  Col 6644: blocks=[(0, 2), (2, 4), (4, 9), (9, 10)], cost=1239.02
  Col 6645: blocks=[(0, 2), (2, 4), (4, 9), (9, 10)], cost=1239.02
  Col 6646: blocks=[(0, 2), (2, 4), (4, 9), (9, 10)], cost=1317.43
  Col 6647: blocks=[(0, 2), (2, 4), (4, 9), (9, 10)], cost=1319.66
  Col 6648: blocks=[(0, 2), (2, 4), (4, 9), (9, 10)], cost=1320.34
  Col 6649: blocks=[(0, 2), (2, 4), (4, 9), (9, 10)], cost=1320.69
  Col 6650: blocks=[(0, 2), (2, 4), (4, 9), (9, 10)], cost=1320.69
  Col 6651: blocks=[(0, 2), (2, 4), (4, 9), (9, 10)], cost=1322.70
  Col 6652: blocks=[(0, 2), (2, 4), (4, 9), (9, 10)], cost=1323.38
  Col 6653: blocks=[(0, 2), (2, 4), (4, 9), (9, 10)], cost=1323.72
  Col 6654: blocks=[(0, 2), (2, 4), (4, 9), (9, 10)], cost=1323.72
  Col 6655: blocks=[(0, 2), (2, 4), (4, 9), (9, 10)], cost=1325.60
  Col 6656: blocks=[(0, 2), (2, 4), (4, 9), (9, 10)], cost=1325.95
  Col 6657: blocks=[(0, 2), (2, 4), (4, 9), (9, 10)], cost=1325.95
  Col 6658: blocks=[(0, 2), (2, 4), (4, 9), (9, 10)], cost=1326.63
  Col 6659: blocks=[(0, 2), (2, 4), (4, 9), (9, 10)], cost=1326.63
  Col 6660: blocks=[(0, 2), (2, 4), (4, 9), (9, 10)], cost=1326.98
  Col 6661: blocks=[(0, 2), (2, 4), (4, 9), (9, 10)], cost=1404.36
  Col 6662: blocks=[(0, 2), (2, 4), (4, 9), (9, 10)], cost=1405.04
  Col 6663: blocks=[(0, 2), (2, 4), (4, 9), (9, 10)], cost=1405.39
  Col 6664: blocks=[(0, 2), (2, 4), (4, 9), (9, 10)], cost=1405.39
  Col 6665: blocks=[(0, 2), (2, 4), (4, 9), (9, 10)], cost=1407.27
  Col 6666: blocks=[(0, 2), (2, 4), (4, 9), (9, 10)], cost=1407.61
  Col 6667: blocks=[(0, 2), (2, 4), (4, 9), (9, 10)], cost=1407.61
  Col 6668: blocks=[(0, 2), (2, 4), (4, 9), (9, 10)], cost=1408.29
  Col 6669: blocks=[(0, 2), (2, 4), (4, 9), (9, 10)], cost=1408.29
  Col 6670: blocks=[(0, 2), (2, 4), (4, 9), (9, 10)], cost=1408.64
  Col 6671: blocks=[(0, 2), (2, 4), (4, 9), (9, 10)], cost=1410.30
  Col 6672: blocks=[(0, 2), (2, 4), (4, 9), (9, 10)], cost=1410.65
  Col 6673: blocks=[(0, 2), (2, 4), (4, 9), (9, 10)], cost=1410.65
  Col 6674: blocks=[(0, 2), (2, 4), (4, 9), (9, 10)], cost=1411.33
  Col 6675: blocks=[(0, 2), (2, 4), (4, 9), (9, 10)], cost=1411.33
  Col 6676: blocks=[(0, 2), (2, 4), (4, 9), (9, 10)], cost=1411.68
  Col 6677: blocks=[(0, 2), (2, 4), (4, 9), (9, 10)], cost=1413.56
  Col 6678: blocks=[(0, 2), (2, 4), (4, 9), (9, 10)], cost=1413.56
  Col 6679: blocks=[(0, 2), (2, 4), (4, 9), (9, 10)], cost=1413.91
  Col 6680: blocks=[(0, 2), (2, 4), (4, 9), (9, 10)], cost=1414.59
  Col 6681: blocks=[(0, 2), (2, 4), (4, 10)], cost=1151.64
  Col 6682: blocks=[(0, 2), (2, 4), (4, 10)], cost=1233.31
  Col 6683: blocks=[(0, 2), (2, 4), (4, 10)], cost=1236.35
  Col 6684: blocks=[(0, 2), (2, 4), (4, 10)], cost=1238.57
  Col 6685: blocks=[(0, 2), (2, 4), (4, 10)], cost=1239.25
  Col 6686: blocks=[(0, 2), (2, 4), (4, 10)], cost=1239.60
  Col 6687: blocks=[(0, 2), (2, 4), (4, 10)], cost=1239.60
  Col 6688: blocks=[(0, 2), (2, 4), (4, 10)], cost=1239.25
  Col 6689: blocks=[(0, 2), (2, 4), (4, 10)], cost=1318.01
  Col 6690: blocks=[(0, 2), (2, 4), (4, 10)], cost=1320.23
  Col 6691: blocks=[(0, 2), (2, 4), (4, 10)], cost=1320.91
  Col 6692: blocks=[(0, 2), (2, 4), (4, 10)], cost=1321.26
  Col 6693: blocks=[(0, 2), (2, 4), (4, 10)], cost=1321.26
  Col 6694: blocks=[(0, 2), (2, 4), (4, 10)], cost=1320.91
  Col 6695: blocks=[(0, 2), (2, 4), (4, 10)], cost=1323.27
  Col 6696: blocks=[(0, 2), (2, 4), (4, 10)], cost=1323.95
  Col 6697: blocks=[(0, 2), (2, 4), (4, 10)], cost=1324.30
  Col 6698: blocks=[(0, 2), (2, 4), (4, 10)], cost=1324.30
  Col 6699: blocks=[(0, 2), (2, 4), (4, 10)], cost=1323.95
  Col 6700: blocks=[(0, 2), (2, 4), (4, 10)], cost=1326.18
  Col 6701: blocks=[(0, 2), (2, 4), (4, 10)], cost=1326.53
  Col 6702: blocks=[(0, 2), (2, 4), (4, 10)], cost=1326.53
  Col 6703: blocks=[(0, 2), (2, 4), (4, 10)], cost=1326.18
  Col 6704: blocks=[(0, 2), (2, 4), (4, 10)], cost=1327.21
  Col 6705: blocks=[(0, 2), (2, 4), (4, 10)], cost=1327.21
  Col 6706: blocks=[(0, 2), (2, 4), (4, 10)], cost=1326.86
  Col 6707: blocks=[(0, 2), (2, 4), (4, 10)], cost=1327.56
  Col 6708: blocks=[(0, 2), (2, 4), (4, 10)], cost=1327.21
  Col 6709: blocks=[(0, 2), (2, 4), (4, 10)], cost=1327.21
  Col 6710: blocks=[(0, 2), (2, 4), (4, 10)], cost=1404.94
  Col 6711: blocks=[(0, 2), (2, 4), (4, 10)], cost=1405.62
  Col 6712: blocks=[(0, 2), (2, 4), (4, 10)], cost=1405.96
  Col 6713: blocks=[(0, 2), (2, 4), (4, 10)], cost=1405.96
  Col 6714: blocks=[(0, 2), (2, 4), (4, 10)], cost=1405.62
  Col 6715: blocks=[(0, 2), (2, 4), (4, 10)], cost=1407.84
  Col 6716: blocks=[(0, 2), (2, 4), (4, 10)], cost=1408.19
  Col 6717: blocks=[(0, 2), (2, 4), (4, 10)], cost=1408.19
  Col 6718: blocks=[(0, 2), (2, 4), (4, 10)], cost=1407.84
  Col 6719: blocks=[(0, 2), (2, 4), (4, 10)], cost=1408.87
  Col 6720: blocks=[(0, 2), (2, 4), (4, 10)], cost=1408.87
  Col 6721: blocks=[(0, 2), (2, 4), (4, 10)], cost=1408.52
  Col 6722: blocks=[(0, 2), (2, 4), (4, 10)], cost=1409.22
  Col 6723: blocks=[(0, 2), (2, 4), (4, 10)], cost=1408.87
  Col 6724: blocks=[(0, 2), (2, 4), (4, 10)], cost=1408.87
  Col 6725: blocks=[(0, 2), (2, 4), (4, 10)], cost=1410.88
  Col 6726: blocks=[(0, 2), (2, 4), (4, 10)], cost=1411.23
  Col 6727: blocks=[(0, 2), (2, 4), (4, 10)], cost=1411.23
  Col 6728: blocks=[(0, 2), (2, 4), (4, 10)], cost=1410.88
  Col 6729: blocks=[(0, 2), (2, 4), (4, 10)], cost=1411.91
  Col 6730: blocks=[(0, 2), (2, 4), (4, 10)], cost=1411.91
  Col 6731: blocks=[(0, 2), (2, 4), (4, 10)], cost=1411.56
  Col 6732: blocks=[(0, 2), (2, 4), (4, 10)], cost=1412.26
  Col 6733: blocks=[(0, 2), (2, 4), (4, 10)], cost=1411.91
  Col 6734: blocks=[(0, 2), (2, 4), (4, 10)], cost=1411.91
  Col 6735: blocks=[(0, 2), (2, 4), (4, 10)], cost=1414.14
  Col 6736: blocks=[(0, 2), (2, 4), (4, 10)], cost=1414.14
  Col 6737: blocks=[(0, 2), (2, 4), (4, 10)], cost=1413.79
  Col 6738: blocks=[(0, 2), (2, 4), (4, 10)], cost=1414.48
  Col 6739: blocks=[(0, 2), (2, 4), (4, 10)], cost=1414.14
  Col 6740: blocks=[(0, 2), (2, 4), (4, 10)], cost=1414.14
  Col 6741: blocks=[(0, 2), (2, 4), (4, 10)], cost=1415.16
  Col 6742: blocks=[(0, 2), (2, 4), (4, 10)], cost=1414.82
  Col 6743: blocks=[(0, 2), (2, 4), (4, 10)], cost=1414.82
  Col 6744: blocks=[(0, 2), (2, 4), (4, 10)], cost=1415.16
  Col 6745: blocks=[(0, 2), (2, 5), (5, 6), (6, 7), (7, 8), (8, 9), (9, 10)], cost=1445.91
  Col 6746: blocks=[(0, 2), (2, 5), (5, 6), (6, 7), (7, 8), (8, 9), (9, 10)], cost=1527.57
  Col 6747: blocks=[(0, 2), (2, 5), (5, 6), (6, 7), (7, 8), (8, 9), (9, 10)], cost=1530.61
  Col 6748: blocks=[(0, 2), (2, 5), (5, 6), (6, 7), (7, 8), (8, 9), (9, 10)], cost=1531.85
  Col 6749: blocks=[(0, 2), (2, 5), (5, 6), (6, 7), (7, 8), (8, 9), (9, 10)], cost=1612.27
  Col 6750: blocks=[(0, 2), (2, 5), (5, 6), (6, 7), (7, 8), (8, 9), (9, 10)], cost=1613.52
  Col 6751: blocks=[(0, 2), (2, 5), (5, 6), (6, 7), (7, 8), (8, 9), (9, 10)], cost=1616.55
  Col 6752: blocks=[(0, 2), (2, 5), (5, 6), (6, 7), (7, 8), (8, 9), (9, 10)], cost=1698.22
  Col 6753: blocks=[(0, 2), (2, 5), (5, 6), (6, 7), (7, 8), (8, 10)], cost=1414.85
  Col 6754: blocks=[(0, 2), (2, 5), (5, 6), (6, 7), (7, 8), (8, 10)], cost=1496.51
  Col 6755: blocks=[(0, 2), (2, 5), (5, 6), (6, 7), (7, 8), (8, 10)], cost=1499.55
  Col 6756: blocks=[(0, 2), (2, 5), (5, 6), (6, 7), (7, 8), (8, 10)], cost=1500.79
  Col 6757: blocks=[(0, 2), (2, 5), (5, 6), (6, 7), (7, 8), (8, 10)], cost=1502.46
  Col 6758: blocks=[(0, 2), (2, 5), (5, 6), (6, 7), (7, 8), (8, 10)], cost=1581.21
  Col 6759: blocks=[(0, 2), (2, 5), (5, 6), (6, 7), (7, 8), (8, 10)], cost=1582.46
  Col 6760: blocks=[(0, 2), (2, 5), (5, 6), (6, 7), (7, 8), (8, 10)], cost=1584.12
  Col 6761: blocks=[(0, 2), (2, 5), (5, 6), (6, 7), (7, 8), (8, 10)], cost=1585.49
  Col 6762: blocks=[(0, 2), (2, 5), (5, 6), (6, 7), (7, 8), (8, 10)], cost=1587.16
  Col 6763: blocks=[(0, 2), (2, 5), (5, 6), (6, 7), (7, 8), (8, 10)], cost=1588.40
  Col 6764: blocks=[(0, 2), (2, 5), (5, 6), (6, 7), (7, 8), (8, 10)], cost=1667.16
  Col 6765: blocks=[(0, 2), (2, 5), (5, 6), (6, 7), (7, 8), (8, 10)], cost=1668.82
  Col 6766: blocks=[(0, 2), (2, 5), (5, 6), (6, 7), (7, 8), (8, 10)], cost=1670.06
  Col 6767: blocks=[(0, 2), (2, 5), (5, 6), (6, 7), (7, 8), (8, 10)], cost=1673.10
  Col 6768: blocks=[(0, 2), (2, 5), (5, 6), (6, 7), (7, 9), (9, 10)], cost=1316.88
  Col 6769: blocks=[(0, 2), (2, 5), (5, 6), (6, 7), (7, 9), (9, 10)], cost=1404.84
  Col 6770: blocks=[(0, 2), (2, 5), (5, 6), (6, 7), (7, 9), (9, 10)], cost=1398.55
  Col 6771: blocks=[(0, 2), (2, 5), (5, 6), (6, 7), (7, 9), (9, 10)], cost=1401.59
  Col 6772: blocks=[(0, 2), (2, 5), (5, 6), (6, 7), (7, 9), (9, 10)], cost=1402.83
  Col 6773: blocks=[(0, 2), (2, 5), (5, 6), (6, 7), (7, 9), (9, 10)], cost=1486.50
  Col 6774: blocks=[(0, 2), (2, 5), (5, 6), (6, 7), (7, 9), (9, 10)], cost=1489.54
  Col 6775: blocks=[(0, 2), (2, 5), (5, 6), (6, 7), (7, 9), (9, 10)], cost=1490.79
  Col 6776: blocks=[(0, 2), (2, 5), (5, 6), (6, 7), (7, 9), (9, 10)], cost=1483.25
  Col 6777: blocks=[(0, 2), (2, 5), (5, 6), (6, 7), (7, 9), (9, 10)], cost=1484.49
  Col 6778: blocks=[(0, 2), (2, 5), (5, 6), (6, 7), (7, 9), (9, 10)], cost=1487.53
  Col 6779: blocks=[(0, 2), (2, 5), (5, 6), (6, 7), (7, 9), (9, 10)], cost=1571.21
  Col 6780: blocks=[(0, 2), (2, 5), (5, 6), (6, 7), (7, 9), (9, 10)], cost=1572.45
  Col 6781: blocks=[(0, 2), (2, 5), (5, 6), (6, 7), (7, 9), (9, 10)], cost=1575.49
  Col 6782: blocks=[(0, 2), (2, 5), (5, 6), (6, 7), (7, 9), (9, 10)], cost=1569.20
  Col 6783: blocks=[(0, 2), (2, 5), (5, 6), (6, 7), (7, 10)], cost=1242.75
  Col 6784: blocks=[(0, 2), (2, 5), (5, 6), (6, 7), (7, 10)], cost=1324.42
  Col 6785: blocks=[(0, 2), (2, 5), (5, 6), (6, 7), (7, 10)], cost=1327.46
  Col 6786: blocks=[(0, 2), (2, 5), (5, 6), (6, 7), (7, 10)], cost=1328.70
  Col 6787: blocks=[(0, 2), (2, 5), (5, 6), (6, 7), (7, 10)], cost=1330.71
  Col 6788: blocks=[(0, 2), (2, 5), (5, 6), (6, 7), (7, 10)], cost=1330.36
  Col 6789: blocks=[(0, 2), (2, 5), (5, 6), (6, 7), (7, 10)], cost=1409.12
  Col 6790: blocks=[(0, 2), (2, 5), (5, 6), (6, 7), (7, 10)], cost=1410.36
  Col 6791: blocks=[(0, 2), (2, 5), (5, 6), (6, 7), (7, 10)], cost=1412.37
  Col 6792: blocks=[(0, 2), (2, 5), (5, 6), (6, 7), (7, 10)], cost=1412.03
  Col 6793: blocks=[(0, 2), (2, 5), (5, 6), (6, 7), (7, 10)], cost=1413.40
  Col 6794: blocks=[(0, 2), (2, 5), (5, 6), (6, 7), (7, 10)], cost=1415.41
  Col 6795: blocks=[(0, 2), (2, 5), (5, 6), (6, 7), (7, 10)], cost=1415.07
  Col 6796: blocks=[(0, 2), (2, 5), (5, 6), (6, 7), (7, 10)], cost=1416.66
  Col 6797: blocks=[(0, 2), (2, 5), (5, 6), (6, 7), (7, 10)], cost=1416.31
  Col 6798: blocks=[(0, 2), (2, 5), (5, 6), (6, 7), (7, 10)], cost=1418.32
  Col 6799: blocks=[(0, 2), (2, 5), (5, 6), (6, 7), (7, 10)], cost=1495.07
  Col 6800: blocks=[(0, 2), (2, 5), (5, 6), (6, 7), (7, 10)], cost=1497.08
  Col 6801: blocks=[(0, 2), (2, 5), (5, 6), (6, 7), (7, 10)], cost=1496.73
  Col 6802: blocks=[(0, 2), (2, 5), (5, 6), (6, 7), (7, 10)], cost=1498.32
  Col 6803: blocks=[(0, 2), (2, 5), (5, 6), (6, 7), (7, 10)], cost=1497.97
  Col 6804: blocks=[(0, 2), (2, 5), (5, 6), (6, 7), (7, 10)], cost=1499.98
  Col 6805: blocks=[(0, 2), (2, 5), (5, 6), (6, 7), (7, 10)], cost=1501.36
  Col 6806: blocks=[(0, 2), (2, 5), (5, 6), (6, 7), (7, 10)], cost=1501.01
  Col 6807: blocks=[(0, 2), (2, 5), (5, 6), (6, 7), (7, 10)], cost=1503.02
  Col 6808: blocks=[(0, 2), (2, 5), (5, 6), (6, 7), (7, 10)], cost=1504.26
  Col 6809: blocks=[(0, 2), (2, 5), (5, 6), (6, 8), (8, 9), (9, 10)], cost=1367.69
  Col 6810: blocks=[(0, 2), (2, 5), (5, 6), (6, 8), (8, 9), (9, 10)], cost=1449.36
  Col 6811: blocks=[(0, 2), (2, 5), (5, 6), (6, 8), (8, 9), (9, 10)], cost=1452.40
  Col 6812: blocks=[(0, 2), (2, 5), (5, 6), (6, 8), (8, 9), (9, 10)], cost=1453.64
  Col 6813: blocks=[(0, 2), (2, 5), (5, 6), (6, 8), (8, 9), (9, 10)], cost=1455.65
  Col 6814: blocks=[(0, 2), (2, 5), (5, 6), (6, 8), (8, 9), (9, 10)], cost=1534.06
  Col 6815: blocks=[(0, 2), (2, 5), (5, 6), (6, 8), (8, 9), (9, 10)], cost=1535.30
  Col 6816: blocks=[(0, 2), (2, 5), (5, 6), (6, 8), (8, 9), (9, 10)], cost=1537.31
  Col 6817: blocks=[(0, 2), (2, 5), (5, 6), (6, 8), (8, 9), (9, 10)], cost=1538.34
  Col 6818: blocks=[(0, 2), (2, 5), (5, 6), (6, 8), (8, 9), (9, 10)], cost=1540.35
  Col 6819: blocks=[(0, 2), (2, 5), (5, 6), (6, 8), (8, 9), (9, 10)], cost=1541.60
  Col 6820: blocks=[(0, 2), (2, 5), (5, 6), (6, 8), (8, 9), (9, 10)], cost=1620.01
  Col 6821: blocks=[(0, 2), (2, 5), (5, 6), (6, 8), (8, 9), (9, 10)], cost=1622.02
  Col 6822: blocks=[(0, 2), (2, 5), (5, 6), (6, 8), (8, 9), (9, 10)], cost=1623.26
  Col 6823: blocks=[(0, 2), (2, 5), (5, 6), (6, 8), (8, 9), (9, 10)], cost=1626.30
  Col 6824: blocks=[(0, 2), (2, 5), (5, 6), (6, 8), (8, 10)], cost=1336.63
  Col 6825: blocks=[(0, 2), (2, 5), (5, 6), (6, 8), (8, 10)], cost=1418.30
  Col 6826: blocks=[(0, 2), (2, 5), (5, 6), (6, 8), (8, 10)], cost=1421.34
  Col 6827: blocks=[(0, 2), (2, 5), (5, 6), (6, 8), (8, 10)], cost=1422.58
  Col 6828: blocks=[(0, 2), (2, 5), (5, 6), (6, 8), (8, 10)], cost=1424.59
  Col 6829: blocks=[(0, 2), (2, 5), (5, 6), (6, 8), (8, 10)], cost=1424.24
  Col 6830: blocks=[(0, 2), (2, 5), (5, 6), (6, 8), (8, 10)], cost=1503.00
  Col 6831: blocks=[(0, 2), (2, 5), (5, 6), (6, 8), (8, 10)], cost=1504.24
  Col 6832: blocks=[(0, 2), (2, 5), (5, 6), (6, 8), (8, 10)], cost=1506.25
  Col 6833: blocks=[(0, 2), (2, 5), (5, 6), (6, 8), (8, 10)], cost=1505.91
  Col 6834: blocks=[(0, 2), (2, 5), (5, 6), (6, 8), (8, 10)], cost=1507.28
  Col 6835: blocks=[(0, 2), (2, 5), (5, 6), (6, 8), (8, 10)], cost=1509.29
  Col 6836: blocks=[(0, 2), (2, 5), (5, 6), (6, 8), (8, 10)], cost=1508.95
  Col 6837: blocks=[(0, 2), (2, 5), (5, 6), (6, 8), (8, 10)], cost=1510.54
  Col 6838: blocks=[(0, 2), (2, 5), (5, 6), (6, 8), (8, 10)], cost=1510.19
  Col 6839: blocks=[(0, 2), (2, 5), (5, 6), (6, 8), (8, 10)], cost=1512.20
  Col 6840: blocks=[(0, 2), (2, 5), (5, 6), (6, 8), (8, 10)], cost=1588.95
  Col 6841: blocks=[(0, 2), (2, 5), (5, 6), (6, 8), (8, 10)], cost=1590.96
  Col 6842: blocks=[(0, 2), (2, 5), (5, 6), (6, 8), (8, 10)], cost=1590.61
  Col 6843: blocks=[(0, 2), (2, 5), (5, 6), (6, 8), (8, 10)], cost=1592.20
  Col 6844: blocks=[(0, 2), (2, 5), (5, 6), (6, 8), (8, 10)], cost=1591.85
  Col 6845: blocks=[(0, 2), (2, 5), (5, 6), (6, 8), (8, 10)], cost=1593.86
  Col 6846: blocks=[(0, 2), (2, 5), (5, 6), (6, 8), (8, 10)], cost=1595.24
  Col 6847: blocks=[(0, 2), (2, 5), (5, 6), (6, 8), (8, 10)], cost=1594.89
  Col 6848: blocks=[(0, 2), (2, 5), (5, 6), (6, 8), (8, 10)], cost=1596.90
  Col 6849: blocks=[(0, 2), (2, 5), (5, 6), (6, 8), (8, 10)], cost=1598.14
  Col 6850: blocks=[(0, 2), (2, 5), (5, 6), (6, 9), (9, 10)], cost=1262.17
  Col 6851: blocks=[(0, 2), (2, 5), (5, 6), (6, 9), (9, 10)], cost=1343.84
  Col 6852: blocks=[(0, 2), (2, 5), (5, 6), (6, 9), (9, 10)], cost=1346.87
  Col 6853: blocks=[(0, 2), (2, 5), (5, 6), (6, 9), (9, 10)], cost=1348.12
  Col 6854: blocks=[(0, 2), (2, 5), (5, 6), (6, 9), (9, 10)], cost=1350.13
  Col 6855: blocks=[(0, 2), (2, 5), (5, 6), (6, 9), (9, 10)], cost=1350.13
  Col 6856: blocks=[(0, 2), (2, 5), (5, 6), (6, 9), (9, 10)], cost=1428.54
  Col 6857: blocks=[(0, 2), (2, 5), (5, 6), (6, 9), (9, 10)], cost=1429.78
  Col 6858: blocks=[(0, 2), (2, 5), (5, 6), (6, 9), (9, 10)], cost=1431.79
  Col 6859: blocks=[(0, 2), (2, 5), (5, 6), (6, 9), (9, 10)], cost=1431.79
  Col 6860: blocks=[(0, 2), (2, 5), (5, 6), (6, 9), (9, 10)], cost=1432.82
  Col 6861: blocks=[(0, 2), (2, 5), (5, 6), (6, 9), (9, 10)], cost=1434.83
  Col 6862: blocks=[(0, 2), (2, 5), (5, 6), (6, 9), (9, 10)], cost=1434.83
  Col 6863: blocks=[(0, 2), (2, 5), (5, 6), (6, 9), (9, 10)], cost=1436.07
  Col 6864: blocks=[(0, 2), (2, 5), (5, 6), (6, 9), (9, 10)], cost=1436.07
  Col 6865: blocks=[(0, 2), (2, 5), (5, 6), (6, 9), (9, 10)], cost=1438.08
  Col 6866: blocks=[(0, 2), (2, 5), (5, 6), (6, 9), (9, 10)], cost=1514.48
  Col 6867: blocks=[(0, 2), (2, 5), (5, 6), (6, 9), (9, 10)], cost=1516.49
  Col 6868: blocks=[(0, 2), (2, 5), (5, 6), (6, 9), (9, 10)], cost=1516.49
  Col 6869: blocks=[(0, 2), (2, 5), (5, 6), (6, 9), (9, 10)], cost=1517.74
  Col 6870: blocks=[(0, 2), (2, 5), (5, 6), (6, 9), (9, 10)], cost=1517.74
  Col 6871: blocks=[(0, 2), (2, 5), (5, 6), (6, 9), (9, 10)], cost=1519.75
  Col 6872: blocks=[(0, 2), (2, 5), (5, 6), (6, 9), (9, 10)], cost=1520.78
  Col 6873: blocks=[(0, 2), (2, 5), (5, 6), (6, 9), (9, 10)], cost=1520.78
  Col 6874: blocks=[(0, 2), (2, 5), (5, 6), (6, 9), (9, 10)], cost=1522.79
  Col 6875: blocks=[(0, 2), (2, 5), (5, 6), (6, 9), (9, 10)], cost=1524.03
  Col 6876: blocks=[(0, 2), (2, 5), (5, 6), (6, 10)], cost=1212.69
  Col 6877: blocks=[(0, 2), (2, 5), (5, 6), (6, 10)], cost=1294.35
  Col 6878: blocks=[(0, 2), (2, 5), (5, 6), (6, 10)], cost=1297.39
  Col 6879: blocks=[(0, 2), (2, 5), (5, 6), (6, 10)], cost=1298.63
  Col 6880: blocks=[(0, 2), (2, 5), (5, 6), (6, 10)], cost=1300.65
  Col 6881: blocks=[(0, 2), (2, 5), (5, 6), (6, 10)], cost=1300.65
  Col 6882: blocks=[(0, 2), (2, 5), (5, 6), (6, 10)], cost=1300.30
  Col 6883: blocks=[(0, 2), (2, 5), (5, 6), (6, 10)], cost=1379.05
  Col 6884: blocks=[(0, 2), (2, 5), (5, 6), (6, 10)], cost=1380.30
  Col 6885: blocks=[(0, 2), (2, 5), (5, 6), (6, 10)], cost=1382.31
  Col 6886: blocks=[(0, 2), (2, 5), (5, 6), (6, 10)], cost=1382.31
  Col 6887: blocks=[(0, 2), (2, 5), (5, 6), (6, 10)], cost=1381.96
  Col 6888: blocks=[(0, 2), (2, 5), (5, 6), (6, 10)], cost=1383.34
  Col 6889: blocks=[(0, 2), (2, 5), (5, 6), (6, 10)], cost=1385.35
  Col 6890: blocks=[(0, 2), (2, 5), (5, 6), (6, 10)], cost=1385.35
  Col 6891: blocks=[(0, 2), (2, 5), (5, 6), (6, 10)], cost=1385.00
  Col 6892: blocks=[(0, 2), (2, 5), (5, 6), (6, 10)], cost=1386.59
  Col 6893: blocks=[(0, 2), (2, 5), (5, 6), (6, 10)], cost=1386.59
  Col 6894: blocks=[(0, 2), (2, 5), (5, 6), (6, 10)], cost=1386.24
  Col 6895: blocks=[(0, 2), (2, 5), (5, 6), (6, 10)], cost=1388.60
  Col 6896: blocks=[(0, 2), (2, 5), (5, 6), (6, 10)], cost=1388.25
  Col 6897: blocks=[(0, 2), (2, 5), (5, 6), (6, 10)], cost=1388.25
  Col 6898: blocks=[(0, 2), (2, 5), (5, 6), (6, 10)], cost=1465.00
  Col 6899: blocks=[(0, 2), (2, 5), (5, 6), (6, 10)], cost=1467.01
  Col 6900: blocks=[(0, 2), (2, 5), (5, 6), (6, 10)], cost=1467.01
  Col 6901: blocks=[(0, 2), (2, 5), (5, 6), (6, 10)], cost=1466.66
  Col 6902: blocks=[(0, 2), (2, 5), (5, 6), (6, 10)], cost=1468.25
  Col 6903: blocks=[(0, 2), (2, 5), (5, 6), (6, 10)], cost=1468.25
  Col 6904: blocks=[(0, 2), (2, 5), (5, 6), (6, 10)], cost=1467.91
  Col 6905: blocks=[(0, 2), (2, 5), (5, 6), (6, 10)], cost=1470.27
  Col 6906: blocks=[(0, 2), (2, 5), (5, 6), (6, 10)], cost=1469.92
  Col 6907: blocks=[(0, 2), (2, 5), (5, 6), (6, 10)], cost=1469.92
  Col 6908: blocks=[(0, 2), (2, 5), (5, 6), (6, 10)], cost=1471.29
  Col 6909: blocks=[(0, 2), (2, 5), (5, 6), (6, 10)], cost=1471.29
  Col 6910: blocks=[(0, 2), (2, 5), (5, 6), (6, 10)], cost=1470.95
  Col 6911: blocks=[(0, 2), (2, 5), (5, 6), (6, 10)], cost=1473.30
  Col 6912: blocks=[(0, 2), (2, 5), (5, 6), (6, 10)], cost=1472.96
  Col 6913: blocks=[(0, 2), (2, 5), (5, 6), (6, 10)], cost=1472.96
  Col 6914: blocks=[(0, 2), (2, 5), (5, 6), (6, 10)], cost=1474.55
  Col 6915: blocks=[(0, 2), (2, 5), (5, 6), (6, 10)], cost=1474.20
  Col 6916: blocks=[(0, 2), (2, 5), (5, 6), (6, 10)], cost=1474.20
  Col 6917: blocks=[(0, 2), (2, 5), (5, 6), (6, 10)], cost=1476.21
  Col 6918: blocks=[(0, 2), (2, 5), (5, 7), (7, 8), (8, 9), (9, 10)], cost=1378.19
  Col 6919: blocks=[(0, 2), (2, 5), (5, 7), (7, 8), (8, 9), (9, 10)], cost=1459.85
  Col 6920: blocks=[(0, 2), (2, 5), (5, 7), (7, 8), (8, 9), (9, 10)], cost=1462.89
  Col 6921: blocks=[(0, 2), (2, 5), (5, 7), (7, 8), (8, 9), (9, 10)], cost=1464.13
  Col 6922: blocks=[(0, 2), (2, 5), (5, 7), (7, 8), (8, 9), (9, 10)], cost=1465.80
  Col 6923: blocks=[(0, 2), (2, 5), (5, 7), (7, 8), (8, 9), (9, 10)], cost=1544.55
  Col 6924: blocks=[(0, 2), (2, 5), (5, 7), (7, 8), (8, 9), (9, 10)], cost=1545.80
  Col 6925: blocks=[(0, 2), (2, 5), (5, 7), (7, 8), (8, 9), (9, 10)], cost=1547.46
  Col 6926: blocks=[(0, 2), (2, 5), (5, 7), (7, 8), (8, 9), (9, 10)], cost=1548.84
  Col 6927: blocks=[(0, 2), (2, 5), (5, 7), (7, 8), (8, 9), (9, 10)], cost=1550.50
  Col 6928: blocks=[(0, 2), (2, 5), (5, 7), (7, 8), (8, 9), (9, 10)], cost=1551.74
  Col 6929: blocks=[(0, 2), (2, 5), (5, 7), (7, 8), (8, 9), (9, 10)], cost=1630.50
  Col 6930: blocks=[(0, 2), (2, 5), (5, 7), (7, 8), (8, 9), (9, 10)], cost=1632.16
  Col 6931: blocks=[(0, 2), (2, 5), (5, 7), (7, 8), (8, 9), (9, 10)], cost=1633.40
  Col 6932: blocks=[(0, 2), (2, 5), (5, 7), (7, 8), (8, 9), (9, 10)], cost=1636.44
  Col 6933: blocks=[(0, 2), (2, 5), (5, 7), (7, 8), (8, 10)], cost=1347.13
  Col 6934: blocks=[(0, 2), (2, 5), (5, 7), (7, 8), (8, 10)], cost=1428.79
  Col 6935: blocks=[(0, 2), (2, 5), (5, 7), (7, 8), (8, 10)], cost=1431.83
  Col 6936: blocks=[(0, 2), (2, 5), (5, 7), (7, 8), (8, 10)], cost=1433.07
  Col 6937: blocks=[(0, 2), (2, 5), (5, 7), (7, 8), (8, 10)], cost=1434.74
  Col 6938: blocks=[(0, 2), (2, 5), (5, 7), (7, 8), (8, 10)], cost=1434.74
  Col 6939: blocks=[(0, 2), (2, 5), (5, 7), (7, 8), (8, 10)], cost=1513.49
  Col 6940: blocks=[(0, 2), (2, 5), (5, 7), (7, 8), (8, 10)], cost=1514.74
  Col 6941: blocks=[(0, 2), (2, 5), (5, 7), (7, 8), (8, 10)], cost=1516.40
  Col 6942: blocks=[(0, 2), (2, 5), (5, 7), (7, 8), (8, 10)], cost=1516.40
  Col 6943: blocks=[(0, 2), (2, 5), (5, 7), (7, 8), (8, 10)], cost=1517.78
  Col 6944: blocks=[(0, 2), (2, 5), (5, 7), (7, 8), (8, 10)], cost=1519.44
  Col 6945: blocks=[(0, 2), (2, 5), (5, 7), (7, 8), (8, 10)], cost=1519.44
  Col 6946: blocks=[(0, 2), (2, 5), (5, 7), (7, 8), (8, 10)], cost=1520.68
  Col 6947: blocks=[(0, 2), (2, 5), (5, 7), (7, 8), (8, 10)], cost=1520.68
  Col 6948: blocks=[(0, 2), (2, 5), (5, 7), (7, 8), (8, 10)], cost=1522.35
  Col 6949: blocks=[(0, 2), (2, 5), (5, 7), (7, 8), (8, 10)], cost=1599.44
  Col 6950: blocks=[(0, 2), (2, 5), (5, 7), (7, 8), (8, 10)], cost=1601.10
  Col 6951: blocks=[(0, 2), (2, 5), (5, 7), (7, 8), (8, 10)], cost=1601.10
  Col 6952: blocks=[(0, 2), (2, 5), (5, 7), (7, 8), (8, 10)], cost=1602.35
  Col 6953: blocks=[(0, 2), (2, 5), (5, 7), (7, 8), (8, 10)], cost=1602.35
  Col 6954: blocks=[(0, 2), (2, 5), (5, 7), (7, 8), (8, 10)], cost=1604.01
  Col 6955: blocks=[(0, 2), (2, 5), (5, 7), (7, 8), (8, 10)], cost=1605.38
  Col 6956: blocks=[(0, 2), (2, 5), (5, 7), (7, 8), (8, 10)], cost=1605.38
  Col 6957: blocks=[(0, 2), (2, 5), (5, 7), (7, 8), (8, 10)], cost=1607.05
  Col 6958: blocks=[(0, 2), (2, 5), (5, 7), (7, 8), (8, 10)], cost=1608.29
  Col 6959: blocks=[(0, 2), (2, 5), (5, 7), (7, 9), (9, 10)], cost=1249.17
  Col 6960: blocks=[(0, 2), (2, 5), (5, 7), (7, 9), (9, 10)], cost=1330.83
  Col 6961: blocks=[(0, 2), (2, 5), (5, 7), (7, 9), (9, 10)], cost=1333.87
  Col 6962: blocks=[(0, 2), (2, 5), (5, 7), (7, 9), (9, 10)], cost=1335.11
  Col 6963: blocks=[(0, 2), (2, 5), (5, 7), (7, 9), (9, 10)], cost=1336.77
  Col 6964: blocks=[(0, 2), (2, 5), (5, 7), (7, 9), (9, 10)], cost=1337.12
  Col 6965: blocks=[(0, 2), (2, 5), (5, 7), (7, 9), (9, 10)], cost=1415.53
  Col 6966: blocks=[(0, 2), (2, 5), (5, 7), (7, 9), (9, 10)], cost=1416.77
  Col 6967: blocks=[(0, 2), (2, 5), (5, 7), (7, 9), (9, 10)], cost=1418.44
  Col 6968: blocks=[(0, 2), (2, 5), (5, 7), (7, 9), (9, 10)], cost=1418.79
  Col 6969: blocks=[(0, 2), (2, 5), (5, 7), (7, 9), (9, 10)], cost=1419.81
  Col 6970: blocks=[(0, 2), (2, 5), (5, 7), (7, 9), (9, 10)], cost=1421.48
  Col 6971: blocks=[(0, 2), (2, 5), (5, 7), (7, 9), (9, 10)], cost=1421.82
  Col 6972: blocks=[(0, 2), (2, 5), (5, 7), (7, 9), (9, 10)], cost=1422.72
  Col 6973: blocks=[(0, 2), (2, 5), (5, 7), (7, 9), (9, 10)], cost=1423.07
  Col 6974: blocks=[(0, 2), (2, 5), (5, 7), (7, 9), (9, 10)], cost=1424.73
  Col 6975: blocks=[(0, 2), (2, 5), (5, 7), (7, 9), (9, 10)], cost=1501.48
  Col 6976: blocks=[(0, 2), (2, 5), (5, 7), (7, 9), (9, 10)], cost=1503.14
  Col 6977: blocks=[(0, 2), (2, 5), (5, 7), (7, 9), (9, 10)], cost=1503.49
  Col 6978: blocks=[(0, 2), (2, 5), (5, 7), (7, 9), (9, 10)], cost=1504.38
  Col 6979: blocks=[(0, 2), (2, 5), (5, 7), (7, 9), (9, 10)], cost=1504.73
  Col 6980: blocks=[(0, 2), (2, 5), (5, 7), (7, 9), (9, 10)], cost=1506.39
  Col 6981: blocks=[(0, 2), (2, 5), (5, 7), (7, 9), (9, 10)], cost=1507.42
  Col 6982: blocks=[(0, 2), (2, 5), (5, 7), (7, 9), (9, 10)], cost=1507.77
  Col 6983: blocks=[(0, 2), (2, 5), (5, 7), (7, 9), (9, 10)], cost=1509.43
  Col 6984: blocks=[(0, 2), (2, 5), (5, 7), (7, 9), (9, 10)], cost=1510.68
  Col 6985: blocks=[(0, 2), (2, 5), (5, 7), (7, 10)], cost=1175.04
  Col 6986: blocks=[(0, 2), (2, 5), (5, 7), (7, 10)], cost=1256.70
  Col 6987: blocks=[(0, 2), (2, 5), (5, 7), (7, 10)], cost=1259.74
  Col 6988: blocks=[(0, 2), (2, 5), (5, 7), (7, 10)], cost=1260.98
  Col 6989: blocks=[(0, 2), (2, 5), (5, 7), (7, 10)], cost=1262.64
  Col 6990: blocks=[(0, 2), (2, 5), (5, 7), (7, 10)], cost=1262.99
  Col 6991: blocks=[(0, 2), (2, 5), (5, 7), (7, 10)], cost=1262.64
  Col 6992: blocks=[(0, 2), (2, 5), (5, 7), (7, 10)], cost=1341.40
  Col 6993: blocks=[(0, 2), (2, 5), (5, 7), (7, 10)], cost=1342.64
  Col 6994: blocks=[(0, 2), (2, 5), (5, 7), (7, 10)], cost=1344.31
  Col 6995: blocks=[(0, 2), (2, 5), (5, 7), (7, 10)], cost=1344.66
  Col 6996: blocks=[(0, 2), (2, 5), (5, 7), (7, 10)], cost=1344.31
  Col 6997: blocks=[(0, 2), (2, 5), (5, 7), (7, 10)], cost=1345.68
  Col 6998: blocks=[(0, 2), (2, 5), (5, 7), (7, 10)], cost=1347.35
  Col 6999: blocks=[(0, 2), (2, 5), (5, 7), (7, 10)], cost=1347.69
  Col 7000: blocks=[(0, 2), (2, 5), (5, 7), (7, 10)], cost=1347.35
  Col 7001: blocks=[(0, 2), (2, 5), (5, 7), (7, 10)], cost=1348.59
  Col 7002: blocks=[(0, 2), (2, 5), (5, 7), (7, 10)], cost=1348.94
  Col 7003: blocks=[(0, 2), (2, 5), (5, 7), (7, 10)], cost=1348.59
  Col 7004: blocks=[(0, 2), (2, 5), (5, 7), (7, 10)], cost=1350.60
  Col 7005: blocks=[(0, 2), (2, 5), (5, 7), (7, 10)], cost=1350.25
  Col 7006: blocks=[(0, 2), (2, 5), (5, 7), (7, 10)], cost=1350.60
  Col 7007: blocks=[(0, 2), (2, 5), (5, 7), (7, 10)], cost=1427.35
  Col 7008: blocks=[(0, 2), (2, 5), (5, 7), (7, 10)], cost=1429.01
  Col 7009: blocks=[(0, 2), (2, 5), (5, 7), (7, 10)], cost=1429.36
  Col 7010: blocks=[(0, 2), (2, 5), (5, 7), (7, 10)], cost=1429.01
  Col 7011: blocks=[(0, 2), (2, 5), (5, 7), (7, 10)], cost=1430.25
  Col 7012: blocks=[(0, 2), (2, 5), (5, 7), (7, 10)], cost=1430.60
  Col 7013: blocks=[(0, 2), (2, 5), (5, 7), (7, 10)], cost=1430.25
  Col 7014: blocks=[(0, 2), (2, 5), (5, 7), (7, 10)], cost=1432.26
  Col 7015: blocks=[(0, 2), (2, 5), (5, 7), (7, 10)], cost=1431.92
  Col 7016: blocks=[(0, 2), (2, 5), (5, 7), (7, 10)], cost=1432.26
  Col 7017: blocks=[(0, 2), (2, 5), (5, 7), (7, 10)], cost=1433.29
  Col 7018: blocks=[(0, 2), (2, 5), (5, 7), (7, 10)], cost=1433.64
  Col 7019: blocks=[(0, 2), (2, 5), (5, 7), (7, 10)], cost=1433.29
  Col 7020: blocks=[(0, 2), (2, 5), (5, 7), (7, 10)], cost=1435.30
  Col 7021: blocks=[(0, 2), (2, 5), (5, 7), (7, 10)], cost=1434.96
  Col 7022: blocks=[(0, 2), (2, 5), (5, 7), (7, 10)], cost=1435.30
  Col 7023: blocks=[(0, 2), (2, 5), (5, 7), (7, 10)], cost=1436.55
  Col 7024: blocks=[(0, 2), (2, 5), (5, 7), (7, 10)], cost=1436.20
  Col 7025: blocks=[(0, 2), (2, 5), (5, 7), (7, 10)], cost=1436.55
  Col 7026: blocks=[(0, 2), (2, 5), (5, 7), (7, 10)], cost=1438.21
  Col 7027: blocks=[(0, 2), (2, 5), (5, 8), (8, 9), (9, 10)], cost=1319.87
  Col 7028: blocks=[(0, 2), (2, 5), (5, 8), (8, 9), (9, 10)], cost=1401.53
  Col 7029: blocks=[(0, 2), (2, 5), (5, 8), (8, 9), (9, 10)], cost=1404.57
  Col 7030: blocks=[(0, 2), (2, 5), (5, 8), (8, 9), (9, 10)], cost=1405.81
  Col 7031: blocks=[(0, 2), (2, 5), (5, 8), (8, 9), (9, 10)], cost=1407.47
  Col 7032: blocks=[(0, 2), (2, 5), (5, 8), (8, 9), (9, 10)], cost=1407.82
  Col 7033: blocks=[(0, 2), (2, 5), (5, 8), (8, 9), (9, 10)], cost=1486.23
  Col 7034: blocks=[(0, 2), (2, 5), (5, 8), (8, 9), (9, 10)], cost=1487.47
  Col 7035: blocks=[(0, 2), (2, 5), (5, 8), (8, 9), (9, 10)], cost=1489.14
  Col 7036: blocks=[(0, 2), (2, 5), (5, 8), (8, 9), (9, 10)], cost=1489.49
  Col 7037: blocks=[(0, 2), (2, 5), (5, 8), (8, 9), (9, 10)], cost=1490.51
  Col 7038: blocks=[(0, 2), (2, 5), (5, 8), (8, 9), (9, 10)], cost=1492.18
  Col 7039: blocks=[(0, 2), (2, 5), (5, 8), (8, 9), (9, 10)], cost=1492.52
  Col 7040: blocks=[(0, 2), (2, 5), (5, 8), (8, 9), (9, 10)], cost=1493.42
  Col 7041: blocks=[(0, 2), (2, 5), (5, 8), (8, 9), (9, 10)], cost=1493.77
  Col 7042: blocks=[(0, 2), (2, 5), (5, 8), (8, 9), (9, 10)], cost=1495.43
  Col 7043: blocks=[(0, 2), (2, 5), (5, 8), (8, 9), (9, 10)], cost=1572.18
  Col 7044: blocks=[(0, 2), (2, 5), (5, 8), (8, 9), (9, 10)], cost=1573.84
  Col 7045: blocks=[(0, 2), (2, 5), (5, 8), (8, 9), (9, 10)], cost=1574.19
  Col 7046: blocks=[(0, 2), (2, 5), (5, 8), (8, 9), (9, 10)], cost=1575.08
  Col 7047: blocks=[(0, 2), (2, 5), (5, 8), (8, 9), (9, 10)], cost=1575.43
  Col 7048: blocks=[(0, 2), (2, 5), (5, 8), (8, 9), (9, 10)], cost=1577.09
  Col 7049: blocks=[(0, 2), (2, 5), (5, 8), (8, 9), (9, 10)], cost=1578.12
  Col 7050: blocks=[(0, 2), (2, 5), (5, 8), (8, 9), (9, 10)], cost=1578.47
  Col 7051: blocks=[(0, 2), (2, 5), (5, 8), (8, 9), (9, 10)], cost=1580.13
  Col 7052: blocks=[(0, 2), (2, 5), (5, 8), (8, 9), (9, 10)], cost=1581.38
  Col 7053: blocks=[(0, 2), (2, 5), (5, 8), (8, 10)], cost=1288.81
  Col 7054: blocks=[(0, 2), (2, 5), (5, 8), (8, 10)], cost=1370.47
  Col 7055: blocks=[(0, 2), (2, 5), (5, 8), (8, 10)], cost=1373.51
  Col 7056: blocks=[(0, 2), (2, 5), (5, 8), (8, 10)], cost=1374.75
  Col 7057: blocks=[(0, 2), (2, 5), (5, 8), (8, 10)], cost=1376.41
  Col 7058: blocks=[(0, 2), (2, 5), (5, 8), (8, 10)], cost=1376.76
  Col 7059: blocks=[(0, 2), (2, 5), (5, 8), (8, 10)], cost=1376.41
  Col 7060: blocks=[(0, 2), (2, 5), (5, 8), (8, 10)], cost=1455.17
  Col 7061: blocks=[(0, 2), (2, 5), (5, 8), (8, 10)], cost=1456.41
  Col 7062: blocks=[(0, 2), (2, 5), (5, 8), (8, 10)], cost=1458.08
  Col 7063: blocks=[(0, 2), (2, 5), (5, 8), (8, 10)], cost=1458.43
  Col 7064: blocks=[(0, 2), (2, 5), (5, 8), (8, 10)], cost=1458.08
  Col 7065: blocks=[(0, 2), (2, 5), (5, 8), (8, 10)], cost=1459.45
  Col 7066: blocks=[(0, 2), (2, 5), (5, 8), (8, 10)], cost=1461.12
  Col 7067: blocks=[(0, 2), (2, 5), (5, 8), (8, 10)], cost=1461.46
  Col 7068: blocks=[(0, 2), (2, 5), (5, 8), (8, 10)], cost=1461.12
  Col 7069: blocks=[(0, 2), (2, 5), (5, 8), (8, 10)], cost=1462.36
  Col 7070: blocks=[(0, 2), (2, 5), (5, 8), (8, 10)], cost=1462.71
  Col 7071: blocks=[(0, 2), (2, 5), (5, 8), (8, 10)], cost=1462.36
  Col 7072: blocks=[(0, 2), (2, 5), (5, 8), (8, 10)], cost=1464.37
  Col 7073: blocks=[(0, 2), (2, 5), (5, 8), (8, 10)], cost=1464.02
  Col 7074: blocks=[(0, 2), (2, 5), (5, 8), (8, 10)], cost=1464.37
  Col 7075: blocks=[(0, 2), (2, 5), (5, 8), (8, 10)], cost=1541.12
  Col 7076: blocks=[(0, 2), (2, 5), (5, 8), (8, 10)], cost=1542.78
  Col 7077: blocks=[(0, 2), (2, 5), (5, 8), (8, 10)], cost=1543.13
  Col 7078: blocks=[(0, 2), (2, 5), (5, 8), (8, 10)], cost=1542.78
  Col 7079: blocks=[(0, 2), (2, 5), (5, 8), (8, 10)], cost=1544.02
  Col 7080: blocks=[(0, 2), (2, 5), (5, 8), (8, 10)], cost=1544.37
  Col 7081: blocks=[(0, 2), (2, 5), (5, 8), (8, 10)], cost=1544.02
  Col 7082: blocks=[(0, 2), (2, 5), (5, 8), (8, 10)], cost=1546.03
  Col 7083: blocks=[(0, 2), (2, 5), (5, 8), (8, 10)], cost=1545.69
  Col 7084: blocks=[(0, 2), (2, 5), (5, 8), (8, 10)], cost=1546.03
  Col 7085: blocks=[(0, 2), (2, 5), (5, 8), (8, 10)], cost=1547.06
  Col 7086: blocks=[(0, 2), (2, 5), (5, 8), (8, 10)], cost=1547.41
  Col 7087: blocks=[(0, 2), (2, 5), (5, 8), (8, 10)], cost=1547.06
  Col 7088: blocks=[(0, 2), (2, 5), (5, 8), (8, 10)], cost=1549.07
  Col 7089: blocks=[(0, 2), (2, 5), (5, 8), (8, 10)], cost=1548.72
  Col 7090: blocks=[(0, 2), (2, 5), (5, 8), (8, 10)], cost=1549.07
  Col 7091: blocks=[(0, 2), (2, 5), (5, 8), (8, 10)], cost=1550.32
  Col 7092: blocks=[(0, 2), (2, 5), (5, 8), (8, 10)], cost=1549.97
  Col 7093: blocks=[(0, 2), (2, 5), (5, 8), (8, 10)], cost=1550.32
  Col 7094: blocks=[(0, 2), (2, 5), (5, 8), (8, 10)], cost=1551.98
  Col 7095: blocks=[(0, 2), (2, 5), (5, 9), (9, 10)], cost=1262.31
  Col 7096: blocks=[(0, 2), (2, 5), (5, 9), (9, 10)], cost=1343.98
  Col 7097: blocks=[(0, 2), (2, 5), (5, 9), (9, 10)], cost=1347.02
  Col 7098: blocks=[(0, 2), (2, 5), (5, 9), (9, 10)], cost=1348.26
  Col 7099: blocks=[(0, 2), (2, 5), (5, 9), (9, 10)], cost=1349.92
  Col 7100: blocks=[(0, 2), (2, 5), (5, 9), (9, 10)], cost=1350.27
  Col 7101: blocks=[(0, 2), (2, 5), (5, 9), (9, 10)], cost=1350.27
  Col 7102: blocks=[(0, 2), (2, 5), (5, 9), (9, 10)], cost=1428.68
  Col 7103: blocks=[(0, 2), (2, 5), (5, 9), (9, 10)], cost=1429.92
  Col 7104: blocks=[(0, 2), (2, 5), (5, 9), (9, 10)], cost=1431.59
  Col 7105: blocks=[(0, 2), (2, 5), (5, 9), (9, 10)], cost=1431.93
  Col 7106: blocks=[(0, 2), (2, 5), (5, 9), (9, 10)], cost=1431.93
  Col 7107: blocks=[(0, 2), (2, 5), (5, 9), (9, 10)], cost=1432.96
  Col 7108: blocks=[(0, 2), (2, 5), (5, 9), (9, 10)], cost=1434.62
  Col 7109: blocks=[(0, 2), (2, 5), (5, 9), (9, 10)], cost=1434.97
  Col 7110: blocks=[(0, 2), (2, 5), (5, 9), (9, 10)], cost=1434.97
  Col 7111: blocks=[(0, 2), (2, 5), (5, 9), (9, 10)], cost=1435.87
  Col 7112: blocks=[(0, 2), (2, 5), (5, 9), (9, 10)], cost=1436.21
  Col 7113: blocks=[(0, 2), (2, 5), (5, 9), (9, 10)], cost=1436.21
  Col 7114: blocks=[(0, 2), (2, 5), (5, 9), (9, 10)], cost=1437.88
  Col 7115: blocks=[(0, 2), (2, 5), (5, 9), (9, 10)], cost=1437.88
  Col 7116: blocks=[(0, 2), (2, 5), (5, 9), (9, 10)], cost=1438.23
  Col 7117: blocks=[(0, 2), (2, 5), (5, 9), (9, 10)], cost=1514.62
  Col 7118: blocks=[(0, 2), (2, 5), (5, 9), (9, 10)], cost=1516.29
  Col 7119: blocks=[(0, 2), (2, 5), (5, 9), (9, 10)], cost=1516.64
  Col 7120: blocks=[(0, 2), (2, 5), (5, 9), (9, 10)], cost=1516.64
  Col 7121: blocks=[(0, 2), (2, 5), (5, 9), (9, 10)], cost=1517.53
  Col 7122: blocks=[(0, 2), (2, 5), (5, 9), (9, 10)], cost=1517.88
  Col 7123: blocks=[(0, 2), (2, 5), (5, 9), (9, 10)], cost=1517.88
  Col 7124: blocks=[(0, 2), (2, 5), (5, 9), (9, 10)], cost=1519.54
  Col 7125: blocks=[(0, 2), (2, 5), (5, 9), (9, 10)], cost=1519.54
  Col 7126: blocks=[(0, 2), (2, 5), (5, 9), (9, 10)], cost=1519.89
  Col 7127: blocks=[(0, 2), (2, 5), (5, 9), (9, 10)], cost=1520.57
  Col 7128: blocks=[(0, 2), (2, 5), (5, 9), (9, 10)], cost=1520.92
  Col 7129: blocks=[(0, 2), (2, 5), (5, 9), (9, 10)], cost=1520.92
  Col 7130: blocks=[(0, 2), (2, 5), (5, 9), (9, 10)], cost=1522.58
  Col 7131: blocks=[(0, 2), (2, 5), (5, 9), (9, 10)], cost=1522.58
  Col 7132: blocks=[(0, 2), (2, 5), (5, 9), (9, 10)], cost=1522.93
  Col 7133: blocks=[(0, 2), (2, 5), (5, 9), (9, 10)], cost=1523.82
  Col 7134: blocks=[(0, 2), (2, 5), (5, 9), (9, 10)], cost=1523.82
  Col 7135: blocks=[(0, 2), (2, 5), (5, 9), (9, 10)], cost=1524.17
  Col 7136: blocks=[(0, 2), (2, 5), (5, 9), (9, 10)], cost=1525.83
  Col 7137: blocks=[(0, 2), (2, 5), (5, 10)], cost=1263.14
  Col 7138: blocks=[(0, 2), (2, 5), (5, 10)], cost=1344.80
  Col 7139: blocks=[(0, 2), (2, 5), (5, 10)], cost=1347.84
  Col 7140: blocks=[(0, 2), (2, 5), (5, 10)], cost=1349.09
  Col 7141: blocks=[(0, 2), (2, 5), (5, 10)], cost=1350.75
  Col 7142: blocks=[(0, 2), (2, 5), (5, 10)], cost=1351.10
  Col 7143: blocks=[(0, 2), (2, 5), (5, 10)], cost=1351.10
  Col 7144: blocks=[(0, 2), (2, 5), (5, 10)], cost=1350.75
  Col 7145: blocks=[(0, 2), (2, 5), (5, 10)], cost=1429.51
  Col 7146: blocks=[(0, 2), (2, 5), (5, 10)], cost=1430.75
  Col 7147: blocks=[(0, 2), (2, 5), (5, 10)], cost=1432.41
  Col 7148: blocks=[(0, 2), (2, 5), (5, 10)], cost=1432.76
  Col 7149: blocks=[(0, 2), (2, 5), (5, 10)], cost=1432.76
  Col 7150: blocks=[(0, 2), (2, 5), (5, 10)], cost=1432.41
  Col 7151: blocks=[(0, 2), (2, 5), (5, 10)], cost=1433.79
  Col 7152: blocks=[(0, 2), (2, 5), (5, 10)], cost=1435.45
  Col 7153: blocks=[(0, 2), (2, 5), (5, 10)], cost=1435.80
  Col 7154: blocks=[(0, 2), (2, 5), (5, 10)], cost=1435.80
  Col 7155: blocks=[(0, 2), (2, 5), (5, 10)], cost=1435.45
  Col 7156: blocks=[(0, 2), (2, 5), (5, 10)], cost=1436.69
  Col 7157: blocks=[(0, 2), (2, 5), (5, 10)], cost=1437.04
  Col 7158: blocks=[(0, 2), (2, 5), (5, 10)], cost=1437.04
  Col 7159: blocks=[(0, 2), (2, 5), (5, 10)], cost=1436.69
  Col 7160: blocks=[(0, 2), (2, 5), (5, 10)], cost=1438.70
  Col 7161: blocks=[(0, 2), (2, 5), (5, 10)], cost=1438.70
  Col 7162: blocks=[(0, 2), (2, 5), (5, 10)], cost=1438.36
  Col 7163: blocks=[(0, 2), (2, 5), (5, 10)], cost=1439.05
  Col 7164: blocks=[(0, 2), (2, 5), (5, 10)], cost=1438.70
  Col 7165: blocks=[(0, 2), (2, 5), (5, 10)], cost=1438.70
  Col 7166: blocks=[(0, 2), (2, 5), (5, 10)], cost=1515.45
  Col 7167: blocks=[(0, 2), (2, 5), (5, 10)], cost=1517.11
  Col 7168: blocks=[(0, 2), (2, 5), (5, 10)], cost=1517.46
  Col 7169: blocks=[(0, 2), (2, 5), (5, 10)], cost=1517.46
  Col 7170: blocks=[(0, 2), (2, 5), (5, 10)], cost=1517.11
  Col 7171: blocks=[(0, 2), (2, 5), (5, 10)], cost=1518.36
  Col 7172: blocks=[(0, 2), (2, 5), (5, 10)], cost=1518.70
  Col 7173: blocks=[(0, 2), (2, 5), (5, 10)], cost=1518.70
  Col 7174: blocks=[(0, 2), (2, 5), (5, 10)], cost=1518.36
  Col 7175: blocks=[(0, 2), (2, 5), (5, 10)], cost=1520.37
  Col 7176: blocks=[(0, 2), (2, 5), (5, 10)], cost=1520.37
  Col 7177: blocks=[(0, 2), (2, 5), (5, 10)], cost=1520.02
  Col 7178: blocks=[(0, 2), (2, 5), (5, 10)], cost=1520.72
  Col 7179: blocks=[(0, 2), (2, 5), (5, 10)], cost=1520.37
  Col 7180: blocks=[(0, 2), (2, 5), (5, 10)], cost=1520.37
  Col 7181: blocks=[(0, 2), (2, 5), (5, 10)], cost=1521.40
  Col 7182: blocks=[(0, 2), (2, 5), (5, 10)], cost=1521.74
  Col 7183: blocks=[(0, 2), (2, 5), (5, 10)], cost=1521.74
  Col 7184: blocks=[(0, 2), (2, 5), (5, 10)], cost=1521.40
  Col 7185: blocks=[(0, 2), (2, 5), (5, 10)], cost=1523.41
  Col 7186: blocks=[(0, 2), (2, 5), (5, 10)], cost=1523.41
  Col 7187: blocks=[(0, 2), (2, 5), (5, 10)], cost=1523.06
  Col 7188: blocks=[(0, 2), (2, 5), (5, 10)], cost=1523.75
  Col 7189: blocks=[(0, 2), (2, 5), (5, 10)], cost=1523.41
  Col 7190: blocks=[(0, 2), (2, 5), (5, 10)], cost=1523.41
  Col 7191: blocks=[(0, 2), (2, 5), (5, 10)], cost=1524.65
  Col 7192: blocks=[(0, 2), (2, 5), (5, 10)], cost=1524.65
  Col 7193: blocks=[(0, 2), (2, 5), (5, 10)], cost=1524.30
  Col 7194: blocks=[(0, 2), (2, 5), (5, 10)], cost=1525.00
  Col 7195: blocks=[(0, 2), (2, 5), (5, 10)], cost=1524.65
  Col 7196: blocks=[(0, 2), (2, 5), (5, 10)], cost=1524.65
  Col 7197: blocks=[(0, 2), (2, 5), (5, 10)], cost=1526.66
  Col 7198: blocks=[(0, 2), (2, 5), (5, 10)], cost=1526.31
  Col 7199: blocks=[(0, 2), (2, 5), (5, 10)], cost=1526.31
  Col 7200: blocks=[(0, 2), (2, 5), (5, 10)], cost=1526.66
  Col 7201: blocks=[(0, 2), (2, 6), (6, 7), (7, 8), (8, 9), (9, 10)], cost=1421.87
  Col 7202: blocks=[(0, 2), (2, 6), (6, 7), (7, 8), (8, 9), (9, 10)], cost=1503.53
  Col 7203: blocks=[(0, 2), (2, 6), (6, 7), (7, 8), (8, 9), (9, 10)], cost=1506.57
  Col 7204: blocks=[(0, 2), (2, 6), (6, 7), (7, 8), (8, 9), (9, 10)], cost=1507.81
  Col 7205: blocks=[(0, 2), (2, 6), (6, 7), (7, 8), (8, 9), (9, 10)], cost=1508.79
  Col 7206: blocks=[(0, 2), (2, 6), (6, 7), (7, 8), (8, 9), (9, 10)], cost=1588.23
  Col 7207: blocks=[(0, 2), (2, 6), (6, 7), (7, 8), (8, 9), (9, 10)], cost=1589.47
  Col 7208: blocks=[(0, 2), (2, 6), (6, 7), (7, 8), (8, 9), (9, 10)], cost=1590.46
  Col 7209: blocks=[(0, 2), (2, 6), (6, 7), (7, 8), (8, 9), (9, 10)], cost=1592.51
  Col 7210: blocks=[(0, 2), (2, 6), (6, 7), (7, 8), (8, 9), (9, 10)], cost=1593.50
  Col 7211: blocks=[(0, 2), (2, 6), (6, 7), (7, 8), (8, 9), (9, 10)], cost=1594.74
  Col 7212: blocks=[(0, 2), (2, 6), (6, 7), (7, 8), (8, 9), (9, 10)], cost=1674.18
  Col 7213: blocks=[(0, 2), (2, 6), (6, 7), (7, 8), (8, 9), (9, 10)], cost=1675.16
  Col 7214: blocks=[(0, 2), (2, 6), (6, 7), (7, 8), (8, 9), (9, 10)], cost=1676.40
  Col 7215: blocks=[(0, 2), (2, 6), (6, 7), (7, 8), (8, 9), (9, 10)], cost=1679.44
  Col 7216: blocks=[(0, 2), (2, 6), (6, 7), (7, 8), (8, 10)], cost=1390.81
  Col 7217: blocks=[(0, 2), (2, 6), (6, 7), (7, 8), (8, 10)], cost=1472.47
  Col 7218: blocks=[(0, 2), (2, 6), (6, 7), (7, 8), (8, 10)], cost=1475.51
  Col 7219: blocks=[(0, 2), (2, 6), (6, 7), (7, 8), (8, 10)], cost=1476.75
  Col 7220: blocks=[(0, 2), (2, 6), (6, 7), (7, 8), (8, 10)], cost=1477.73
  Col 7221: blocks=[(0, 2), (2, 6), (6, 7), (7, 8), (8, 10)], cost=1478.41
  Col 7222: blocks=[(0, 2), (2, 6), (6, 7), (7, 8), (8, 10)], cost=1557.17
  Col 7223: blocks=[(0, 2), (2, 6), (6, 7), (7, 8), (8, 10)], cost=1558.41
  Col 7224: blocks=[(0, 2), (2, 6), (6, 7), (7, 8), (8, 10)], cost=1559.40
  Col 7225: blocks=[(0, 2), (2, 6), (6, 7), (7, 8), (8, 10)], cost=1560.08
  Col 7226: blocks=[(0, 2), (2, 6), (6, 7), (7, 8), (8, 10)], cost=1561.45
  Col 7227: blocks=[(0, 2), (2, 6), (6, 7), (7, 8), (8, 10)], cost=1562.44
  Col 7228: blocks=[(0, 2), (2, 6), (6, 7), (7, 8), (8, 10)], cost=1563.12
  Col 7229: blocks=[(0, 2), (2, 6), (6, 7), (7, 8), (8, 10)], cost=1563.68
  Col 7230: blocks=[(0, 2), (2, 6), (6, 7), (7, 8), (8, 10)], cost=1564.36
  Col 7231: blocks=[(0, 2), (2, 6), (6, 7), (7, 8), (8, 10)], cost=1565.34
  Col 7232: blocks=[(0, 2), (2, 6), (6, 7), (7, 8), (8, 10)], cost=1643.12
  Col 7233: blocks=[(0, 2), (2, 6), (6, 7), (7, 8), (8, 10)], cost=1644.10
  Col 7234: blocks=[(0, 2), (2, 6), (6, 7), (7, 8), (8, 10)], cost=1644.78
  Col 7235: blocks=[(0, 2), (2, 6), (6, 7), (7, 8), (8, 10)], cost=1645.34
  Col 7236: blocks=[(0, 2), (2, 6), (6, 7), (7, 8), (8, 10)], cost=1646.02
  Col 7237: blocks=[(0, 2), (2, 6), (6, 7), (7, 8), (8, 10)], cost=1647.01
  Col 7238: blocks=[(0, 2), (2, 6), (6, 7), (7, 8), (8, 10)], cost=1648.38
  Col 7239: blocks=[(0, 2), (2, 6), (6, 7), (7, 8), (8, 10)], cost=1649.06
  Col 7240: blocks=[(0, 2), (2, 6), (6, 7), (7, 8), (8, 10)], cost=1650.05
  Col 7241: blocks=[(0, 2), (2, 6), (6, 7), (7, 8), (8, 10)], cost=1651.29
  Col 7242: blocks=[(0, 2), (2, 6), (6, 7), (7, 9), (9, 10)], cost=1292.84
  Col 7243: blocks=[(0, 2), (2, 6), (6, 7), (7, 9), (9, 10)], cost=1374.51
  Col 7244: blocks=[(0, 2), (2, 6), (6, 7), (7, 9), (9, 10)], cost=1377.55
  Col 7245: blocks=[(0, 2), (2, 6), (6, 7), (7, 9), (9, 10)], cost=1378.79
  Col 7246: blocks=[(0, 2), (2, 6), (6, 7), (7, 9), (9, 10)], cost=1379.77
  Col 7247: blocks=[(0, 2), (2, 6), (6, 7), (7, 9), (9, 10)], cost=1380.80
  Col 7248: blocks=[(0, 2), (2, 6), (6, 7), (7, 9), (9, 10)], cost=1459.21
  Col 7249: blocks=[(0, 2), (2, 6), (6, 7), (7, 9), (9, 10)], cost=1460.45
  Col 7250: blocks=[(0, 2), (2, 6), (6, 7), (7, 9), (9, 10)], cost=1461.44
  Col 7251: blocks=[(0, 2), (2, 6), (6, 7), (7, 9), (9, 10)], cost=1462.46
  Col 7252: blocks=[(0, 2), (2, 6), (6, 7), (7, 9), (9, 10)], cost=1463.49
  Col 7253: blocks=[(0, 2), (2, 6), (6, 7), (7, 9), (9, 10)], cost=1464.47
  Col 7254: blocks=[(0, 2), (2, 6), (6, 7), (7, 9), (9, 10)], cost=1465.50
  Col 7255: blocks=[(0, 2), (2, 6), (6, 7), (7, 9), (9, 10)], cost=1465.72
  Col 7256: blocks=[(0, 2), (2, 6), (6, 7), (7, 9), (9, 10)], cost=1466.75
  Col 7257: blocks=[(0, 2), (2, 6), (6, 7), (7, 9), (9, 10)], cost=1467.73
  Col 7258: blocks=[(0, 2), (2, 6), (6, 7), (7, 9), (9, 10)], cost=1545.15
  Col 7259: blocks=[(0, 2), (2, 6), (6, 7), (7, 9), (9, 10)], cost=1546.14
  Col 7260: blocks=[(0, 2), (2, 6), (6, 7), (7, 9), (9, 10)], cost=1547.17
  Col 7261: blocks=[(0, 2), (2, 6), (6, 7), (7, 9), (9, 10)], cost=1547.38
  Col 7262: blocks=[(0, 2), (2, 6), (6, 7), (7, 9), (9, 10)], cost=1548.41
  Col 7263: blocks=[(0, 2), (2, 6), (6, 7), (7, 9), (9, 10)], cost=1549.39
  Col 7264: blocks=[(0, 2), (2, 6), (6, 7), (7, 9), (9, 10)], cost=1550.42
  Col 7265: blocks=[(0, 2), (2, 6), (6, 7), (7, 9), (9, 10)], cost=1551.45
  Col 7266: blocks=[(0, 2), (2, 6), (6, 7), (7, 9), (9, 10)], cost=1552.43
  Col 7267: blocks=[(0, 2), (2, 6), (6, 7), (7, 9), (9, 10)], cost=1553.67
  Col 7268: blocks=[(0, 2), (2, 6), (6, 7), (7, 10)], cost=1218.71
  Col 7269: blocks=[(0, 2), (2, 6), (6, 7), (7, 10)], cost=1300.38
  Col 7270: blocks=[(0, 2), (2, 6), (6, 7), (7, 10)], cost=1303.42
  Col 7271: blocks=[(0, 2), (2, 6), (6, 7), (7, 10)], cost=1304.66
  Col 7272: blocks=[(0, 2), (2, 6), (6, 7), (7, 10)], cost=1305.64
  Col 7273: blocks=[(0, 2), (2, 6), (6, 7), (7, 10)], cost=1306.67
  Col 7274: blocks=[(0, 2), (2, 6), (6, 7), (7, 10)], cost=1306.32
  Col 7275: blocks=[(0, 2), (2, 6), (6, 7), (7, 10)], cost=1385.08
  Col 7276: blocks=[(0, 2), (2, 6), (6, 7), (7, 10)], cost=1386.32
  Col 7277: blocks=[(0, 2), (2, 6), (6, 7), (7, 10)], cost=1387.31
  Col 7278: blocks=[(0, 2), (2, 6), (6, 7), (7, 10)], cost=1388.33
  Col 7279: blocks=[(0, 2), (2, 6), (6, 7), (7, 10)], cost=1387.99
  Col 7280: blocks=[(0, 2), (2, 6), (6, 7), (7, 10)], cost=1389.36
  Col 7281: blocks=[(0, 2), (2, 6), (6, 7), (7, 10)], cost=1390.35
  Col 7282: blocks=[(0, 2), (2, 6), (6, 7), (7, 10)], cost=1391.37
  Col 7283: blocks=[(0, 2), (2, 6), (6, 7), (7, 10)], cost=1391.03
  Col 7284: blocks=[(0, 2), (2, 6), (6, 7), (7, 10)], cost=1391.59
  Col 7285: blocks=[(0, 2), (2, 6), (6, 7), (7, 10)], cost=1392.62
  Col 7286: blocks=[(0, 2), (2, 6), (6, 7), (7, 10)], cost=1392.27
  Col 7287: blocks=[(0, 2), (2, 6), (6, 7), (7, 10)], cost=1393.60
  Col 7288: blocks=[(0, 2), (2, 6), (6, 7), (7, 10)], cost=1393.25
  Col 7289: blocks=[(0, 2), (2, 6), (6, 7), (7, 10)], cost=1394.28
  Col 7290: blocks=[(0, 2), (2, 6), (6, 7), (7, 10)], cost=1471.03
  Col 7291: blocks=[(0, 2), (2, 6), (6, 7), (7, 10)], cost=1472.01
  Col 7292: blocks=[(0, 2), (2, 6), (6, 7), (7, 10)], cost=1473.04
  Col 7293: blocks=[(0, 2), (2, 6), (6, 7), (7, 10)], cost=1472.69
  Col 7294: blocks=[(0, 2), (2, 6), (6, 7), (7, 10)], cost=1473.25
  Col 7295: blocks=[(0, 2), (2, 6), (6, 7), (7, 10)], cost=1474.28
  Col 7296: blocks=[(0, 2), (2, 6), (6, 7), (7, 10)], cost=1473.93
  Col 7297: blocks=[(0, 2), (2, 6), (6, 7), (7, 10)], cost=1475.26
  Col 7298: blocks=[(0, 2), (2, 6), (6, 7), (7, 10)], cost=1474.91
  Col 7299: blocks=[(0, 2), (2, 6), (6, 7), (7, 10)], cost=1475.94
  Col 7300: blocks=[(0, 2), (2, 6), (6, 7), (7, 10)], cost=1476.29
  Col 7301: blocks=[(0, 2), (2, 6), (6, 7), (7, 10)], cost=1477.32
  Col 7302: blocks=[(0, 2), (2, 6), (6, 7), (7, 10)], cost=1476.97
  Col 7303: blocks=[(0, 2), (2, 6), (6, 7), (7, 10)], cost=1478.30
  Col 7304: blocks=[(0, 2), (2, 6), (6, 7), (7, 10)], cost=1477.95
  Col 7305: blocks=[(0, 2), (2, 6), (6, 7), (7, 10)], cost=1478.98
  Col 7306: blocks=[(0, 2), (2, 6), (6, 7), (7, 10)], cost=1479.54
  Col 7307: blocks=[(0, 2), (2, 6), (6, 7), (7, 10)], cost=1479.20
  Col 7308: blocks=[(0, 2), (2, 6), (6, 7), (7, 10)], cost=1480.22
  Col 7309: blocks=[(0, 2), (2, 6), (6, 7), (7, 10)], cost=1481.21
  Col 7310: blocks=[(0, 2), (2, 6), (6, 8), (8, 9), (9, 10)], cost=1343.65
  Col 7311: blocks=[(0, 2), (2, 6), (6, 8), (8, 9), (9, 10)], cost=1425.32
  Col 7312: blocks=[(0, 2), (2, 6), (6, 8), (8, 9), (9, 10)], cost=1428.36
  Col 7313: blocks=[(0, 2), (2, 6), (6, 8), (8, 9), (9, 10)], cost=1429.60
  Col 7314: blocks=[(0, 2), (2, 6), (6, 8), (8, 9), (9, 10)], cost=1430.58
  Col 7315: blocks=[(0, 2), (2, 6), (6, 8), (8, 9), (9, 10)], cost=1431.61
  Col 7316: blocks=[(0, 2), (2, 6), (6, 8), (8, 9), (9, 10)], cost=1510.02
  Col 7317: blocks=[(0, 2), (2, 6), (6, 8), (8, 9), (9, 10)], cost=1511.26
  Col 7318: blocks=[(0, 2), (2, 6), (6, 8), (8, 9), (9, 10)], cost=1512.25
  Col 7319: blocks=[(0, 2), (2, 6), (6, 8), (8, 9), (9, 10)], cost=1513.27
  Col 7320: blocks=[(0, 2), (2, 6), (6, 8), (8, 9), (9, 10)], cost=1514.30
  Col 7321: blocks=[(0, 2), (2, 6), (6, 8), (8, 9), (9, 10)], cost=1515.28
  Col 7322: blocks=[(0, 2), (2, 6), (6, 8), (8, 9), (9, 10)], cost=1516.31
  Col 7323: blocks=[(0, 2), (2, 6), (6, 8), (8, 9), (9, 10)], cost=1516.53
  Col 7324: blocks=[(0, 2), (2, 6), (6, 8), (8, 9), (9, 10)], cost=1517.56
  Col 7325: blocks=[(0, 2), (2, 6), (6, 8), (8, 9), (9, 10)], cost=1518.54
  Col 7326: blocks=[(0, 2), (2, 6), (6, 8), (8, 9), (9, 10)], cost=1595.96
  Col 7327: blocks=[(0, 2), (2, 6), (6, 8), (8, 9), (9, 10)], cost=1596.95
  Col 7328: blocks=[(0, 2), (2, 6), (6, 8), (8, 9), (9, 10)], cost=1597.98
  Col 7329: blocks=[(0, 2), (2, 6), (6, 8), (8, 9), (9, 10)], cost=1598.19
  Col 7330: blocks=[(0, 2), (2, 6), (6, 8), (8, 9), (9, 10)], cost=1599.22
  Col 7331: blocks=[(0, 2), (2, 6), (6, 8), (8, 9), (9, 10)], cost=1600.20
  Col 7332: blocks=[(0, 2), (2, 6), (6, 8), (8, 9), (9, 10)], cost=1601.23
  Col 7333: blocks=[(0, 2), (2, 6), (6, 8), (8, 9), (9, 10)], cost=1602.26
  Col 7334: blocks=[(0, 2), (2, 6), (6, 8), (8, 9), (9, 10)], cost=1603.24
  Col 7335: blocks=[(0, 2), (2, 6), (6, 8), (8, 9), (9, 10)], cost=1604.48
  Col 7336: blocks=[(0, 2), (2, 6), (6, 8), (8, 10)], cost=1312.59
  Col 7337: blocks=[(0, 2), (2, 6), (6, 8), (8, 10)], cost=1394.26
  Col 7338: blocks=[(0, 2), (2, 6), (6, 8), (8, 10)], cost=1397.30
  Col 7339: blocks=[(0, 2), (2, 6), (6, 8), (8, 10)], cost=1398.54
  Col 7340: blocks=[(0, 2), (2, 6), (6, 8), (8, 10)], cost=1399.52
  Col 7341: blocks=[(0, 2), (2, 6), (6, 8), (8, 10)], cost=1400.55
  Col 7342: blocks=[(0, 2), (2, 6), (6, 8), (8, 10)], cost=1400.20
  Col 7343: blocks=[(0, 2), (2, 6), (6, 8), (8, 10)], cost=1478.96
  Col 7344: blocks=[(0, 2), (2, 6), (6, 8), (8, 10)], cost=1480.20
  Col 7345: blocks=[(0, 2), (2, 6), (6, 8), (8, 10)], cost=1481.19
  Col 7346: blocks=[(0, 2), (2, 6), (6, 8), (8, 10)], cost=1482.21
  Col 7347: blocks=[(0, 2), (2, 6), (6, 8), (8, 10)], cost=1481.87
  Col 7348: blocks=[(0, 2), (2, 6), (6, 8), (8, 10)], cost=1483.24
  Col 7349: blocks=[(0, 2), (2, 6), (6, 8), (8, 10)], cost=1484.22
  Col 7350: blocks=[(0, 2), (2, 6), (6, 8), (8, 10)], cost=1485.25
  Col 7351: blocks=[(0, 2), (2, 6), (6, 8), (8, 10)], cost=1484.90
  Col 7352: blocks=[(0, 2), (2, 6), (6, 8), (8, 10)], cost=1485.47
  Col 7353: blocks=[(0, 2), (2, 6), (6, 8), (8, 10)], cost=1486.50
  Col 7354: blocks=[(0, 2), (2, 6), (6, 8), (8, 10)], cost=1486.15
  Col 7355: blocks=[(0, 2), (2, 6), (6, 8), (8, 10)], cost=1487.48
  Col 7356: blocks=[(0, 2), (2, 6), (6, 8), (8, 10)], cost=1487.13
  Col 7357: blocks=[(0, 2), (2, 6), (6, 8), (8, 10)], cost=1488.16
  Col 7358: blocks=[(0, 2), (2, 6), (6, 8), (8, 10)], cost=1564.90
  Col 7359: blocks=[(0, 2), (2, 6), (6, 8), (8, 10)], cost=1565.89
  Col 7360: blocks=[(0, 2), (2, 6), (6, 8), (8, 10)], cost=1566.92
  Col 7361: blocks=[(0, 2), (2, 6), (6, 8), (8, 10)], cost=1566.57
  Col 7362: blocks=[(0, 2), (2, 6), (6, 8), (8, 10)], cost=1567.13
  Col 7363: blocks=[(0, 2), (2, 6), (6, 8), (8, 10)], cost=1568.16
  Col 7364: blocks=[(0, 2), (2, 6), (6, 8), (8, 10)], cost=1567.81
  Col 7365: blocks=[(0, 2), (2, 6), (6, 8), (8, 10)], cost=1569.14
  Col 7366: blocks=[(0, 2), (2, 6), (6, 8), (8, 10)], cost=1568.79
  Col 7367: blocks=[(0, 2), (2, 6), (6, 8), (8, 10)], cost=1569.82
  Col 7368: blocks=[(0, 2), (2, 6), (6, 8), (8, 10)], cost=1570.17
  Col 7369: blocks=[(0, 2), (2, 6), (6, 8), (8, 10)], cost=1571.20
  Col 7370: blocks=[(0, 2), (2, 6), (6, 8), (8, 10)], cost=1570.85
  Col 7371: blocks=[(0, 2), (2, 6), (6, 8), (8, 10)], cost=1572.18
  Col 7372: blocks=[(0, 2), (2, 6), (6, 8), (8, 10)], cost=1571.83
  Col 7373: blocks=[(0, 2), (2, 6), (6, 8), (8, 10)], cost=1572.86
  Col 7374: blocks=[(0, 2), (2, 6), (6, 8), (8, 10)], cost=1573.42
  Col 7375: blocks=[(0, 2), (2, 6), (6, 8), (8, 10)], cost=1573.08
  Col 7376: blocks=[(0, 2), (2, 6), (6, 8), (8, 10)], cost=1574.10
  Col 7377: blocks=[(0, 2), (2, 6), (6, 8), (8, 10)], cost=1575.09
  Col 7378: blocks=[(0, 2), (2, 6), (6, 9), (9, 10)], cost=1238.13
  Col 7379: blocks=[(0, 2), (2, 6), (6, 9), (9, 10)], cost=1319.80
  Col 7380: blocks=[(0, 2), (2, 6), (6, 9), (9, 10)], cost=1322.83
  Col 7381: blocks=[(0, 2), (2, 6), (6, 9), (9, 10)], cost=1324.08
  Col 7382: blocks=[(0, 2), (2, 6), (6, 9), (9, 10)], cost=1325.06
  Col 7383: blocks=[(0, 2), (2, 6), (6, 9), (9, 10)], cost=1326.09
  Col 7384: blocks=[(0, 2), (2, 6), (6, 9), (9, 10)], cost=1326.09
  Col 7385: blocks=[(0, 2), (2, 6), (6, 9), (9, 10)], cost=1404.50
  Col 7386: blocks=[(0, 2), (2, 6), (6, 9), (9, 10)], cost=1405.74
  Col 7387: blocks=[(0, 2), (2, 6), (6, 9), (9, 10)], cost=1406.72
  Col 7388: blocks=[(0, 2), (2, 6), (6, 9), (9, 10)], cost=1407.75
  Col 7389: blocks=[(0, 2), (2, 6), (6, 9), (9, 10)], cost=1407.75
  Col 7390: blocks=[(0, 2), (2, 6), (6, 9), (9, 10)], cost=1408.78
  Col 7391: blocks=[(0, 2), (2, 6), (6, 9), (9, 10)], cost=1409.76
  Col 7392: blocks=[(0, 2), (2, 6), (6, 9), (9, 10)], cost=1410.79
  Col 7393: blocks=[(0, 2), (2, 6), (6, 9), (9, 10)], cost=1410.79
  Col 7394: blocks=[(0, 2), (2, 6), (6, 9), (9, 10)], cost=1411.01
  Col 7395: blocks=[(0, 2), (2, 6), (6, 9), (9, 10)], cost=1412.03
  Col 7396: blocks=[(0, 2), (2, 6), (6, 9), (9, 10)], cost=1412.03
  Col 7397: blocks=[(0, 2), (2, 6), (6, 9), (9, 10)], cost=1413.02
  Col 7398: blocks=[(0, 2), (2, 6), (6, 9), (9, 10)], cost=1413.02
  Col 7399: blocks=[(0, 2), (2, 6), (6, 9), (9, 10)], cost=1414.04
  Col 7400: blocks=[(0, 2), (2, 6), (6, 9), (9, 10)], cost=1490.44
  Col 7401: blocks=[(0, 2), (2, 6), (6, 9), (9, 10)], cost=1491.43
  Col 7402: blocks=[(0, 2), (2, 6), (6, 9), (9, 10)], cost=1492.45
  Col 7403: blocks=[(0, 2), (2, 6), (6, 9), (9, 10)], cost=1492.45
  Col 7404: blocks=[(0, 2), (2, 6), (6, 9), (9, 10)], cost=1492.67
  Col 7405: blocks=[(0, 2), (2, 6), (6, 9), (9, 10)], cost=1493.70
  Col 7406: blocks=[(0, 2), (2, 6), (6, 9), (9, 10)], cost=1493.70
  Col 7407: blocks=[(0, 2), (2, 6), (6, 9), (9, 10)], cost=1494.68
  Col 7408: blocks=[(0, 2), (2, 6), (6, 9), (9, 10)], cost=1494.68
  Col 7409: blocks=[(0, 2), (2, 6), (6, 9), (9, 10)], cost=1495.71
  Col 7410: blocks=[(0, 2), (2, 6), (6, 9), (9, 10)], cost=1495.71
  Col 7411: blocks=[(0, 2), (2, 6), (6, 9), (9, 10)], cost=1496.74
  Col 7412: blocks=[(0, 2), (2, 6), (6, 9), (9, 10)], cost=1496.74
  Col 7413: blocks=[(0, 2), (2, 6), (6, 9), (9, 10)], cost=1497.72
  Col 7414: blocks=[(0, 2), (2, 6), (6, 9), (9, 10)], cost=1497.72
  Col 7415: blocks=[(0, 2), (2, 6), (6, 9), (9, 10)], cost=1498.75
  Col 7416: blocks=[(0, 2), (2, 6), (6, 9), (9, 10)], cost=1498.96
  Col 7417: blocks=[(0, 2), (2, 6), (6, 9), (9, 10)], cost=1498.96
  Col 7418: blocks=[(0, 2), (2, 6), (6, 9), (9, 10)], cost=1499.99
  Col 7419: blocks=[(0, 2), (2, 6), (6, 9), (9, 10)], cost=1500.97
  Col 7420: blocks=[(0, 2), (2, 6), (6, 10)], cost=1188.65
  Col 7421: blocks=[(0, 2), (2, 6), (6, 10)], cost=1270.31
  Col 7422: blocks=[(0, 2), (2, 6), (6, 10)], cost=1273.35
  Col 7423: blocks=[(0, 2), (2, 6), (6, 10)], cost=1274.59
  Col 7424: blocks=[(0, 2), (2, 6), (6, 10)], cost=1275.58
  Col 7425: blocks=[(0, 2), (2, 6), (6, 10)], cost=1276.61
  Col 7426: blocks=[(0, 2), (2, 6), (6, 10)], cost=1276.61
  Col 7427: blocks=[(0, 2), (2, 6), (6, 10)], cost=1276.26
  Col 7428: blocks=[(0, 2), (2, 6), (6, 10)], cost=1355.01
  Col 7429: blocks=[(0, 2), (2, 6), (6, 10)], cost=1356.26
  Col 7430: blocks=[(0, 2), (2, 6), (6, 10)], cost=1357.24
  Col 7431: blocks=[(0, 2), (2, 6), (6, 10)], cost=1358.27
  Col 7432: blocks=[(0, 2), (2, 6), (6, 10)], cost=1358.27
  Col 7433: blocks=[(0, 2), (2, 6), (6, 10)], cost=1357.92
  Col 7434: blocks=[(0, 2), (2, 6), (6, 10)], cost=1359.30
  Col 7435: blocks=[(0, 2), (2, 6), (6, 10)], cost=1360.28
  Col 7436: blocks=[(0, 2), (2, 6), (6, 10)], cost=1361.31
  Col 7437: blocks=[(0, 2), (2, 6), (6, 10)], cost=1361.31
  Col 7438: blocks=[(0, 2), (2, 6), (6, 10)], cost=1360.96
  Col 7439: blocks=[(0, 2), (2, 6), (6, 10)], cost=1361.52
  Col 7440: blocks=[(0, 2), (2, 6), (6, 10)], cost=1362.55
  Col 7441: blocks=[(0, 2), (2, 6), (6, 10)], cost=1362.55
  Col 7442: blocks=[(0, 2), (2, 6), (6, 10)], cost=1362.20
  Col 7443: blocks=[(0, 2), (2, 6), (6, 10)], cost=1363.53
  Col 7444: blocks=[(0, 2), (2, 6), (6, 10)], cost=1363.53
  Col 7445: blocks=[(0, 2), (2, 6), (6, 10)], cost=1363.19
  Col 7446: blocks=[(0, 2), (2, 6), (6, 10)], cost=1364.56
  Col 7447: blocks=[(0, 2), (2, 6), (6, 10)], cost=1364.21
  Col 7448: blocks=[(0, 2), (2, 6), (6, 10)], cost=1364.21
  Col 7449: blocks=[(0, 2), (2, 6), (6, 10)], cost=1440.96
  Col 7450: blocks=[(0, 2), (2, 6), (6, 10)], cost=1441.94
  Col 7451: blocks=[(0, 2), (2, 6), (6, 10)], cost=1442.97
  Col 7452: blocks=[(0, 2), (2, 6), (6, 10)], cost=1442.97
  Col 7453: blocks=[(0, 2), (2, 6), (6, 10)], cost=1442.62
  Col 7454: blocks=[(0, 2), (2, 6), (6, 10)], cost=1443.19
  Col 7455: blocks=[(0, 2), (2, 6), (6, 10)], cost=1444.21
  Col 7456: blocks=[(0, 2), (2, 6), (6, 10)], cost=1444.21
  Col 7457: blocks=[(0, 2), (2, 6), (6, 10)], cost=1443.87
  Col 7458: blocks=[(0, 2), (2, 6), (6, 10)], cost=1445.20
  Col 7459: blocks=[(0, 2), (2, 6), (6, 10)], cost=1445.20
  Col 7460: blocks=[(0, 2), (2, 6), (6, 10)], cost=1444.85
  Col 7461: blocks=[(0, 2), (2, 6), (6, 10)], cost=1446.22
  Col 7462: blocks=[(0, 2), (2, 6), (6, 10)], cost=1445.88
  Col 7463: blocks=[(0, 2), (2, 6), (6, 10)], cost=1445.88
  Col 7464: blocks=[(0, 2), (2, 6), (6, 10)], cost=1446.22
  Col 7465: blocks=[(0, 2), (2, 6), (6, 10)], cost=1447.25
  Col 7466: blocks=[(0, 2), (2, 6), (6, 10)], cost=1447.25
  Col 7467: blocks=[(0, 2), (2, 6), (6, 10)], cost=1446.90
  Col 7468: blocks=[(0, 2), (2, 6), (6, 10)], cost=1448.24
  Col 7469: blocks=[(0, 2), (2, 6), (6, 10)], cost=1448.24
  Col 7470: blocks=[(0, 2), (2, 6), (6, 10)], cost=1447.89
  Col 7471: blocks=[(0, 2), (2, 6), (6, 10)], cost=1449.26
  Col 7472: blocks=[(0, 2), (2, 6), (6, 10)], cost=1448.92
  Col 7473: blocks=[(0, 2), (2, 6), (6, 10)], cost=1448.92
  Col 7474: blocks=[(0, 2), (2, 6), (6, 10)], cost=1449.48
  Col 7475: blocks=[(0, 2), (2, 6), (6, 10)], cost=1449.48
  Col 7476: blocks=[(0, 2), (2, 6), (6, 10)], cost=1449.13
  Col 7477: blocks=[(0, 2), (2, 6), (6, 10)], cost=1450.51
  Col 7478: blocks=[(0, 2), (2, 6), (6, 10)], cost=1450.16
  Col 7479: blocks=[(0, 2), (2, 6), (6, 10)], cost=1450.16
  Col 7480: blocks=[(0, 2), (2, 6), (6, 10)], cost=1451.49
  Col 7481: blocks=[(0, 2), (2, 6), (6, 10)], cost=1451.14
  Col 7482: blocks=[(0, 2), (2, 6), (6, 10)], cost=1451.14
  Col 7483: blocks=[(0, 2), (2, 6), (6, 10)], cost=1452.17
  Col 7484: blocks=[(0, 2), (2, 7), (7, 8), (8, 9), (9, 10)], cost=1382.28
  Col 7485: blocks=[(0, 2), (2, 7), (7, 8), (8, 9), (9, 10)], cost=1463.94
  Col 7486: blocks=[(0, 2), (2, 7), (7, 8), (8, 9), (9, 10)], cost=1466.98
  Col 7487: blocks=[(0, 2), (2, 7), (7, 8), (8, 9), (9, 10)], cost=1468.23
  Col 7488: blocks=[(0, 2), (2, 7), (7, 8), (8, 9), (9, 10)], cost=1469.21
  Col 7489: blocks=[(0, 2), (2, 7), (7, 8), (8, 9), (9, 10)], cost=1469.89
  Col 7490: blocks=[(0, 2), (2, 7), (7, 8), (8, 9), (9, 10)], cost=1548.65
  Col 7491: blocks=[(0, 2), (2, 7), (7, 8), (8, 9), (9, 10)], cost=1549.89
  Col 7492: blocks=[(0, 2), (2, 7), (7, 8), (8, 9), (9, 10)], cost=1550.87
  Col 7493: blocks=[(0, 2), (2, 7), (7, 8), (8, 9), (9, 10)], cost=1551.55
  Col 7494: blocks=[(0, 2), (2, 7), (7, 8), (8, 9), (9, 10)], cost=1552.93
  Col 7495: blocks=[(0, 2), (2, 7), (7, 8), (8, 9), (9, 10)], cost=1553.91
  Col 7496: blocks=[(0, 2), (2, 7), (7, 8), (8, 9), (9, 10)], cost=1554.59
  Col 7497: blocks=[(0, 2), (2, 7), (7, 8), (8, 9), (9, 10)], cost=1555.16
  Col 7498: blocks=[(0, 2), (2, 7), (7, 8), (8, 9), (9, 10)], cost=1555.84
  Col 7499: blocks=[(0, 2), (2, 7), (7, 8), (8, 9), (9, 10)], cost=1556.82
  Col 7500: blocks=[(0, 2), (2, 7), (7, 8), (8, 9), (9, 10)], cost=1634.59
  Col 7501: blocks=[(0, 2), (2, 7), (7, 8), (8, 9), (9, 10)], cost=1635.58
  Col 7502: blocks=[(0, 2), (2, 7), (7, 8), (8, 9), (9, 10)], cost=1636.26
  Col 7503: blocks=[(0, 2), (2, 7), (7, 8), (8, 9), (9, 10)], cost=1636.82
  Col 7504: blocks=[(0, 2), (2, 7), (7, 8), (8, 9), (9, 10)], cost=1637.50
  Col 7505: blocks=[(0, 2), (2, 7), (7, 8), (8, 9), (9, 10)], cost=1638.48
  Col 7506: blocks=[(0, 2), (2, 7), (7, 8), (8, 9), (9, 10)], cost=1639.86
  Col 7507: blocks=[(0, 2), (2, 7), (7, 8), (8, 9), (9, 10)], cost=1640.54
  Col 7508: blocks=[(0, 2), (2, 7), (7, 8), (8, 9), (9, 10)], cost=1641.52
  Col 7509: blocks=[(0, 2), (2, 7), (7, 8), (8, 9), (9, 10)], cost=1642.76
  Col 7510: blocks=[(0, 2), (2, 7), (7, 8), (8, 10)], cost=1351.22
  Col 7511: blocks=[(0, 2), (2, 7), (7, 8), (8, 10)], cost=1432.88
  Col 7512: blocks=[(0, 2), (2, 7), (7, 8), (8, 10)], cost=1435.92
  Col 7513: blocks=[(0, 2), (2, 7), (7, 8), (8, 10)], cost=1437.17
  Col 7514: blocks=[(0, 2), (2, 7), (7, 8), (8, 10)], cost=1438.15
  Col 7515: blocks=[(0, 2), (2, 7), (7, 8), (8, 10)], cost=1438.83
  Col 7516: blocks=[(0, 2), (2, 7), (7, 8), (8, 10)], cost=1438.83
  Col 7517: blocks=[(0, 2), (2, 7), (7, 8), (8, 10)], cost=1517.59
  Col 7518: blocks=[(0, 2), (2, 7), (7, 8), (8, 10)], cost=1518.83
  Col 7519: blocks=[(0, 2), (2, 7), (7, 8), (8, 10)], cost=1519.81
  Col 7520: blocks=[(0, 2), (2, 7), (7, 8), (8, 10)], cost=1520.49
  Col 7521: blocks=[(0, 2), (2, 7), (7, 8), (8, 10)], cost=1520.49
  Col 7522: blocks=[(0, 2), (2, 7), (7, 8), (8, 10)], cost=1521.87
  Col 7523: blocks=[(0, 2), (2, 7), (7, 8), (8, 10)], cost=1522.85
  Col 7524: blocks=[(0, 2), (2, 7), (7, 8), (8, 10)], cost=1523.53
  Col 7525: blocks=[(0, 2), (2, 7), (7, 8), (8, 10)], cost=1523.53
  Col 7526: blocks=[(0, 2), (2, 7), (7, 8), (8, 10)], cost=1524.10
  Col 7527: blocks=[(0, 2), (2, 7), (7, 8), (8, 10)], cost=1524.78
  Col 7528: blocks=[(0, 2), (2, 7), (7, 8), (8, 10)], cost=1524.78
  Col 7529: blocks=[(0, 2), (2, 7), (7, 8), (8, 10)], cost=1525.76
  Col 7530: blocks=[(0, 2), (2, 7), (7, 8), (8, 10)], cost=1525.76
  Col 7531: blocks=[(0, 2), (2, 7), (7, 8), (8, 10)], cost=1526.44
  Col 7532: blocks=[(0, 2), (2, 7), (7, 8), (8, 10)], cost=1603.53
  Col 7533: blocks=[(0, 2), (2, 7), (7, 8), (8, 10)], cost=1604.52
  Col 7534: blocks=[(0, 2), (2, 7), (7, 8), (8, 10)], cost=1605.20
  Col 7535: blocks=[(0, 2), (2, 7), (7, 8), (8, 10)], cost=1605.20
  Col 7536: blocks=[(0, 2), (2, 7), (7, 8), (8, 10)], cost=1605.76
  Col 7537: blocks=[(0, 2), (2, 7), (7, 8), (8, 10)], cost=1606.44
  Col 7538: blocks=[(0, 2), (2, 7), (7, 8), (8, 10)], cost=1606.44
  Col 7539: blocks=[(0, 2), (2, 7), (7, 8), (8, 10)], cost=1607.42
  Col 7540: blocks=[(0, 2), (2, 7), (7, 8), (8, 10)], cost=1607.42
  Col 7541: blocks=[(0, 2), (2, 7), (7, 8), (8, 10)], cost=1608.10
  Col 7542: blocks=[(0, 2), (2, 7), (7, 8), (8, 10)], cost=1608.80
  Col 7543: blocks=[(0, 2), (2, 7), (7, 8), (8, 10)], cost=1609.48
  Col 7544: blocks=[(0, 2), (2, 7), (7, 8), (8, 10)], cost=1609.48
  Col 7545: blocks=[(0, 2), (2, 7), (7, 8), (8, 10)], cost=1610.46
  Col 7546: blocks=[(0, 2), (2, 7), (7, 8), (8, 10)], cost=1610.46
  Col 7547: blocks=[(0, 2), (2, 7), (7, 8), (8, 10)], cost=1611.14
  Col 7548: blocks=[(0, 2), (2, 7), (7, 8), (8, 10)], cost=1611.70
  Col 7549: blocks=[(0, 2), (2, 7), (7, 8), (8, 10)], cost=1611.70
  Col 7550: blocks=[(0, 2), (2, 7), (7, 8), (8, 10)], cost=1612.38
  Col 7551: blocks=[(0, 2), (2, 7), (7, 8), (8, 10)], cost=1613.37
  Col 7552: blocks=[(0, 2), (2, 7), (7, 9), (9, 10)], cost=1253.26
  Col 7553: blocks=[(0, 2), (2, 7), (7, 9), (9, 10)], cost=1334.92
  Col 7554: blocks=[(0, 2), (2, 7), (7, 9), (9, 10)], cost=1337.96
  Col 7555: blocks=[(0, 2), (2, 7), (7, 9), (9, 10)], cost=1339.20
  Col 7556: blocks=[(0, 2), (2, 7), (7, 9), (9, 10)], cost=1340.19
  Col 7557: blocks=[(0, 2), (2, 7), (7, 9), (9, 10)], cost=1340.87
  Col 7558: blocks=[(0, 2), (2, 7), (7, 9), (9, 10)], cost=1341.22
  Col 7559: blocks=[(0, 2), (2, 7), (7, 9), (9, 10)], cost=1419.62
  Col 7560: blocks=[(0, 2), (2, 7), (7, 9), (9, 10)], cost=1420.87
  Col 7561: blocks=[(0, 2), (2, 7), (7, 9), (9, 10)], cost=1421.85
  Col 7562: blocks=[(0, 2), (2, 7), (7, 9), (9, 10)], cost=1422.53
  Col 7563: blocks=[(0, 2), (2, 7), (7, 9), (9, 10)], cost=1422.88
  Col 7564: blocks=[(0, 2), (2, 7), (7, 9), (9, 10)], cost=1423.91
  Col 7565: blocks=[(0, 2), (2, 7), (7, 9), (9, 10)], cost=1424.89
  Col 7566: blocks=[(0, 2), (2, 7), (7, 9), (9, 10)], cost=1425.57
  Col 7567: blocks=[(0, 2), (2, 7), (7, 9), (9, 10)], cost=1425.92
  Col 7568: blocks=[(0, 2), (2, 7), (7, 9), (9, 10)], cost=1426.13
  Col 7569: blocks=[(0, 2), (2, 7), (7, 9), (9, 10)], cost=1426.81
  Col 7570: blocks=[(0, 2), (2, 7), (7, 9), (9, 10)], cost=1427.16
  Col 7571: blocks=[(0, 2), (2, 7), (7, 9), (9, 10)], cost=1427.80
  Col 7572: blocks=[(0, 2), (2, 7), (7, 9), (9, 10)], cost=1428.14
  Col 7573: blocks=[(0, 2), (2, 7), (7, 9), (9, 10)], cost=1428.82
  Col 7574: blocks=[(0, 2), (2, 7), (7, 9), (9, 10)], cost=1505.57
  Col 7575: blocks=[(0, 2), (2, 7), (7, 9), (9, 10)], cost=1506.55
  Col 7576: blocks=[(0, 2), (2, 7), (7, 9), (9, 10)], cost=1507.23
  Col 7577: blocks=[(0, 2), (2, 7), (7, 9), (9, 10)], cost=1507.58
  Col 7578: blocks=[(0, 2), (2, 7), (7, 9), (9, 10)], cost=1507.80
  Col 7579: blocks=[(0, 2), (2, 7), (7, 9), (9, 10)], cost=1508.48
  Col 7580: blocks=[(0, 2), (2, 7), (7, 9), (9, 10)], cost=1508.82
  Col 7581: blocks=[(0, 2), (2, 7), (7, 9), (9, 10)], cost=1509.46
  Col 7582: blocks=[(0, 2), (2, 7), (7, 9), (9, 10)], cost=1509.81
  Col 7583: blocks=[(0, 2), (2, 7), (7, 9), (9, 10)], cost=1510.49
  Col 7584: blocks=[(0, 2), (2, 7), (7, 9), (9, 10)], cost=1510.84
  Col 7585: blocks=[(0, 2), (2, 7), (7, 9), (9, 10)], cost=1511.52
  Col 7586: blocks=[(0, 2), (2, 7), (7, 9), (9, 10)], cost=1511.86
  Col 7587: blocks=[(0, 2), (2, 7), (7, 9), (9, 10)], cost=1512.50
  Col 7588: blocks=[(0, 2), (2, 7), (7, 9), (9, 10)], cost=1512.85
  Col 7589: blocks=[(0, 2), (2, 7), (7, 9), (9, 10)], cost=1513.53
  Col 7590: blocks=[(0, 2), (2, 7), (7, 9), (9, 10)], cost=1513.74
  Col 7591: blocks=[(0, 2), (2, 7), (7, 9), (9, 10)], cost=1514.09
  Col 7592: blocks=[(0, 2), (2, 7), (7, 9), (9, 10)], cost=1514.77
  Col 7593: blocks=[(0, 2), (2, 7), (7, 9), (9, 10)], cost=1515.75
  Col 7594: blocks=[(0, 2), (2, 7), (7, 10)], cost=1179.13
  Col 7595: blocks=[(0, 2), (2, 7), (7, 10)], cost=1260.79
  Col 7596: blocks=[(0, 2), (2, 7), (7, 10)], cost=1263.83
  Col 7597: blocks=[(0, 2), (2, 7), (7, 10)], cost=1265.08
  Col 7598: blocks=[(0, 2), (2, 7), (7, 10)], cost=1266.06
  Col 7599: blocks=[(0, 2), (2, 7), (7, 10)], cost=1266.74
  Col 7600: blocks=[(0, 2), (2, 7), (7, 10)], cost=1267.09
  Col 7601: blocks=[(0, 2), (2, 7), (7, 10)], cost=1266.74
  Col 7602: blocks=[(0, 2), (2, 7), (7, 10)], cost=1345.50
  Col 7603: blocks=[(0, 2), (2, 7), (7, 10)], cost=1346.74
  Col 7604: blocks=[(0, 2), (2, 7), (7, 10)], cost=1347.72
  Col 7605: blocks=[(0, 2), (2, 7), (7, 10)], cost=1348.40
  Col 7606: blocks=[(0, 2), (2, 7), (7, 10)], cost=1348.75
  Col 7607: blocks=[(0, 2), (2, 7), (7, 10)], cost=1348.40
  Col 7608: blocks=[(0, 2), (2, 7), (7, 10)], cost=1349.78
  Col 7609: blocks=[(0, 2), (2, 7), (7, 10)], cost=1350.76
  Col 7610: blocks=[(0, 2), (2, 7), (7, 10)], cost=1351.44
  Col 7611: blocks=[(0, 2), (2, 7), (7, 10)], cost=1351.79
  Col 7612: blocks=[(0, 2), (2, 7), (7, 10)], cost=1351.44
  Col 7613: blocks=[(0, 2), (2, 7), (7, 10)], cost=1352.00
  Col 7614: blocks=[(0, 2), (2, 7), (7, 10)], cost=1352.68
  Col 7615: blocks=[(0, 2), (2, 7), (7, 10)], cost=1353.03
  Col 7616: blocks=[(0, 2), (2, 7), (7, 10)], cost=1352.68
  Col 7617: blocks=[(0, 2), (2, 7), (7, 10)], cost=1353.67
  Col 7618: blocks=[(0, 2), (2, 7), (7, 10)], cost=1354.01
  Col 7619: blocks=[(0, 2), (2, 7), (7, 10)], cost=1353.67
  Col 7620: blocks=[(0, 2), (2, 7), (7, 10)], cost=1354.69
  Col 7621: blocks=[(0, 2), (2, 7), (7, 10)], cost=1354.35
  Col 7622: blocks=[(0, 2), (2, 7), (7, 10)], cost=1354.69
  Col 7623: blocks=[(0, 2), (2, 7), (7, 10)], cost=1431.44
  Col 7624: blocks=[(0, 2), (2, 7), (7, 10)], cost=1432.42
  Col 7625: blocks=[(0, 2), (2, 7), (7, 10)], cost=1433.10
  Col 7626: blocks=[(0, 2), (2, 7), (7, 10)], cost=1433.45
  Col 7627: blocks=[(0, 2), (2, 7), (7, 10)], cost=1433.10
  Col 7628: blocks=[(0, 2), (2, 7), (7, 10)], cost=1433.67
  Col 7629: blocks=[(0, 2), (2, 7), (7, 10)], cost=1434.35
  Col 7630: blocks=[(0, 2), (2, 7), (7, 10)], cost=1434.69
  Col 7631: blocks=[(0, 2), (2, 7), (7, 10)], cost=1434.35
  Col 7632: blocks=[(0, 2), (2, 7), (7, 10)], cost=1435.33
  Col 7633: blocks=[(0, 2), (2, 7), (7, 10)], cost=1435.68
  Col 7634: blocks=[(0, 2), (2, 7), (7, 10)], cost=1435.33
  Col 7635: blocks=[(0, 2), (2, 7), (7, 10)], cost=1436.36
  Col 7636: blocks=[(0, 2), (2, 7), (7, 10)], cost=1436.01
  Col 7637: blocks=[(0, 2), (2, 7), (7, 10)], cost=1436.36
  Col 7638: blocks=[(0, 2), (2, 7), (7, 10)], cost=1436.71
  Col 7639: blocks=[(0, 2), (2, 7), (7, 10)], cost=1437.39
  Col 7640: blocks=[(0, 2), (2, 7), (7, 10)], cost=1437.73
  Col 7641: blocks=[(0, 2), (2, 7), (7, 10)], cost=1437.39
  Col 7642: blocks=[(0, 2), (2, 7), (7, 10)], cost=1438.37
  Col 7643: blocks=[(0, 2), (2, 7), (7, 10)], cost=1438.72
  Col 7644: blocks=[(0, 2), (2, 7), (7, 10)], cost=1438.37
  Col 7645: blocks=[(0, 2), (2, 7), (7, 10)], cost=1439.40
  Col 7646: blocks=[(0, 2), (2, 7), (7, 10)], cost=1439.05
  Col 7647: blocks=[(0, 2), (2, 7), (7, 10)], cost=1439.40
  Col 7648: blocks=[(0, 2), (2, 7), (7, 10)], cost=1439.61
  Col 7649: blocks=[(0, 2), (2, 7), (7, 10)], cost=1439.96
  Col 7650: blocks=[(0, 2), (2, 7), (7, 10)], cost=1439.61
  Col 7651: blocks=[(0, 2), (2, 7), (7, 10)], cost=1440.64
  Col 7652: blocks=[(0, 2), (2, 7), (7, 10)], cost=1440.29
  Col 7653: blocks=[(0, 2), (2, 7), (7, 10)], cost=1440.64
  Col 7654: blocks=[(0, 2), (2, 7), (7, 10)], cost=1441.62
  Col 7655: blocks=[(0, 2), (2, 7), (7, 10)], cost=1441.28
  Col 7656: blocks=[(0, 2), (2, 7), (7, 10)], cost=1441.62
  Col 7657: blocks=[(0, 2), (2, 7), (7, 10)], cost=1442.30
  Col 7658: blocks=[(0, 2), (2, 8), (8, 9), (9, 10)], cost=1352.09
  Col 7659: blocks=[(0, 2), (2, 8), (8, 9), (9, 10)], cost=1433.76
  Col 7660: blocks=[(0, 2), (2, 8), (8, 9), (9, 10)], cost=1436.80
  Col 7661: blocks=[(0, 2), (2, 8), (8, 9), (9, 10)], cost=1438.04
  Col 7662: blocks=[(0, 2), (2, 8), (8, 9), (9, 10)], cost=1439.02
  Col 7663: blocks=[(0, 2), (2, 8), (8, 9), (9, 10)], cost=1439.70
  Col 7664: blocks=[(0, 2), (2, 8), (8, 9), (9, 10)], cost=1440.05
  Col 7665: blocks=[(0, 2), (2, 8), (8, 9), (9, 10)], cost=1518.46
  Col 7666: blocks=[(0, 2), (2, 8), (8, 9), (9, 10)], cost=1519.70
  Col 7667: blocks=[(0, 2), (2, 8), (8, 9), (9, 10)], cost=1520.68
  Col 7668: blocks=[(0, 2), (2, 8), (8, 9), (9, 10)], cost=1521.37
  Col 7669: blocks=[(0, 2), (2, 8), (8, 9), (9, 10)], cost=1521.71
  Col 7670: blocks=[(0, 2), (2, 8), (8, 9), (9, 10)], cost=1522.74
  Col 7671: blocks=[(0, 2), (2, 8), (8, 9), (9, 10)], cost=1523.72
  Col 7672: blocks=[(0, 2), (2, 8), (8, 9), (9, 10)], cost=1524.40
  Col 7673: blocks=[(0, 2), (2, 8), (8, 9), (9, 10)], cost=1524.75
  Col 7674: blocks=[(0, 2), (2, 8), (8, 9), (9, 10)], cost=1524.97
  Col 7675: blocks=[(0, 2), (2, 8), (8, 9), (9, 10)], cost=1525.65
  Col 7676: blocks=[(0, 2), (2, 8), (8, 9), (9, 10)], cost=1525.99
  Col 7677: blocks=[(0, 2), (2, 8), (8, 9), (9, 10)], cost=1526.63
  Col 7678: blocks=[(0, 2), (2, 8), (8, 9), (9, 10)], cost=1526.98
  Col 7679: blocks=[(0, 2), (2, 8), (8, 9), (9, 10)], cost=1527.66
  Col 7680: blocks=[(0, 2), (2, 8), (8, 9), (9, 10)], cost=1604.40
  Col 7681: blocks=[(0, 2), (2, 8), (8, 9), (9, 10)], cost=1605.39
  Col 7682: blocks=[(0, 2), (2, 8), (8, 9), (9, 10)], cost=1606.07
  Col 7683: blocks=[(0, 2), (2, 8), (8, 9), (9, 10)], cost=1606.42
  Col 7684: blocks=[(0, 2), (2, 8), (8, 9), (9, 10)], cost=1606.63
  Col 7685: blocks=[(0, 2), (2, 8), (8, 9), (9, 10)], cost=1607.31
  Col 7686: blocks=[(0, 2), (2, 8), (8, 9), (9, 10)], cost=1607.66
  Col 7687: blocks=[(0, 2), (2, 8), (8, 9), (9, 10)], cost=1608.29
  Col 7688: blocks=[(0, 2), (2, 8), (8, 9), (9, 10)], cost=1608.64
  Col 7689: blocks=[(0, 2), (2, 8), (8, 9), (9, 10)], cost=1609.32
  Col 7690: blocks=[(0, 2), (2, 8), (8, 9), (9, 10)], cost=1609.67
  Col 7691: blocks=[(0, 2), (2, 8), (8, 9), (9, 10)], cost=1610.35
  Col 7692: blocks=[(0, 2), (2, 8), (8, 9), (9, 10)], cost=1610.70
  Col 7693: blocks=[(0, 2), (2, 8), (8, 9), (9, 10)], cost=1611.33
  Col 7694: blocks=[(0, 2), (2, 8), (8, 9), (9, 10)], cost=1611.68
  Col 7695: blocks=[(0, 2), (2, 8), (8, 9), (9, 10)], cost=1612.36
  Col 7696: blocks=[(0, 2), (2, 8), (8, 9), (9, 10)], cost=1612.58
  Col 7697: blocks=[(0, 2), (2, 8), (8, 9), (9, 10)], cost=1612.92
  Col 7698: blocks=[(0, 2), (2, 8), (8, 9), (9, 10)], cost=1613.60
  Col 7699: blocks=[(0, 2), (2, 8), (8, 9), (9, 10)], cost=1614.59
  Col 7700: blocks=[(0, 2), (2, 8), (8, 10)], cost=1321.03
  Col 7701: blocks=[(0, 2), (2, 8), (8, 10)], cost=1402.70
  Col 7702: blocks=[(0, 2), (2, 8), (8, 10)], cost=1405.74
  Col 7703: blocks=[(0, 2), (2, 8), (8, 10)], cost=1406.98
  Col 7704: blocks=[(0, 2), (2, 8), (8, 10)], cost=1407.96
  Col 7705: blocks=[(0, 2), (2, 8), (8, 10)], cost=1408.64
  Col 7706: blocks=[(0, 2), (2, 8), (8, 10)], cost=1408.99
  Col 7707: blocks=[(0, 2), (2, 8), (8, 10)], cost=1408.64
  Col 7708: blocks=[(0, 2), (2, 8), (8, 10)], cost=1487.40
  Col 7709: blocks=[(0, 2), (2, 8), (8, 10)], cost=1488.64
  Col 7710: blocks=[(0, 2), (2, 8), (8, 10)], cost=1489.62
  Col 7711: blocks=[(0, 2), (2, 8), (8, 10)], cost=1490.31
  Col 7712: blocks=[(0, 2), (2, 8), (8, 10)], cost=1490.65
  Col 7713: blocks=[(0, 2), (2, 8), (8, 10)], cost=1490.31
  Col 7714: blocks=[(0, 2), (2, 8), (8, 10)], cost=1491.68
  Col 7715: blocks=[(0, 2), (2, 8), (8, 10)], cost=1492.66
  Col 7716: blocks=[(0, 2), (2, 8), (8, 10)], cost=1493.34
  Col 7717: blocks=[(0, 2), (2, 8), (8, 10)], cost=1493.69
  Col 7718: blocks=[(0, 2), (2, 8), (8, 10)], cost=1493.34
  Col 7719: blocks=[(0, 2), (2, 8), (8, 10)], cost=1493.91
  Col 7720: blocks=[(0, 2), (2, 8), (8, 10)], cost=1494.59
  Col 7721: blocks=[(0, 2), (2, 8), (8, 10)], cost=1494.93
  Col 7722: blocks=[(0, 2), (2, 8), (8, 10)], cost=1494.59
  Col 7723: blocks=[(0, 2), (2, 8), (8, 10)], cost=1495.57
  Col 7724: blocks=[(0, 2), (2, 8), (8, 10)], cost=1495.92
  Col 7725: blocks=[(0, 2), (2, 8), (8, 10)], cost=1495.57
  Col 7726: blocks=[(0, 2), (2, 8), (8, 10)], cost=1496.60
  Col 7727: blocks=[(0, 2), (2, 8), (8, 10)], cost=1496.25
  Col 7728: blocks=[(0, 2), (2, 8), (8, 10)], cost=1496.60
  Col 7729: blocks=[(0, 2), (2, 8), (8, 10)], cost=1573.34
  Col 7730: blocks=[(0, 2), (2, 8), (8, 10)], cost=1574.33
  Col 7731: blocks=[(0, 2), (2, 8), (8, 10)], cost=1575.01
  Col 7732: blocks=[(0, 2), (2, 8), (8, 10)], cost=1575.36
  Col 7733: blocks=[(0, 2), (2, 8), (8, 10)], cost=1575.01
  Col 7734: blocks=[(0, 2), (2, 8), (8, 10)], cost=1575.57
  Col 7735: blocks=[(0, 2), (2, 8), (8, 10)], cost=1576.25
  Col 7736: blocks=[(0, 2), (2, 8), (8, 10)], cost=1576.60
  Col 7737: blocks=[(0, 2), (2, 8), (8, 10)], cost=1576.25
  Col 7738: blocks=[(0, 2), (2, 8), (8, 10)], cost=1577.23
  Col 7739: blocks=[(0, 2), (2, 8), (8, 10)], cost=1577.58
  Col 7740: blocks=[(0, 2), (2, 8), (8, 10)], cost=1577.23
  Col 7741: blocks=[(0, 2), (2, 8), (8, 10)], cost=1578.26
  Col 7742: blocks=[(0, 2), (2, 8), (8, 10)], cost=1577.91
  Col 7743: blocks=[(0, 2), (2, 8), (8, 10)], cost=1578.26
  Col 7744: blocks=[(0, 2), (2, 8), (8, 10)], cost=1578.61
  Col 7745: blocks=[(0, 2), (2, 8), (8, 10)], cost=1579.29
  Col 7746: blocks=[(0, 2), (2, 8), (8, 10)], cost=1579.64
  Col 7747: blocks=[(0, 2), (2, 8), (8, 10)], cost=1579.29
  Col 7748: blocks=[(0, 2), (2, 8), (8, 10)], cost=1580.27
  Col 7749: blocks=[(0, 2), (2, 8), (8, 10)], cost=1580.62
  Col 7750: blocks=[(0, 2), (2, 8), (8, 10)], cost=1580.27
  Col 7751: blocks=[(0, 2), (2, 8), (8, 10)], cost=1581.30
  Col 7752: blocks=[(0, 2), (2, 8), (8, 10)], cost=1580.95
  Col 7753: blocks=[(0, 2), (2, 8), (8, 10)], cost=1581.30
  Col 7754: blocks=[(0, 2), (2, 8), (8, 10)], cost=1581.52
  Col 7755: blocks=[(0, 2), (2, 8), (8, 10)], cost=1581.86
  Col 7756: blocks=[(0, 2), (2, 8), (8, 10)], cost=1581.52
  Col 7757: blocks=[(0, 2), (2, 8), (8, 10)], cost=1582.54
  Col 7758: blocks=[(0, 2), (2, 8), (8, 10)], cost=1582.20
  Col 7759: blocks=[(0, 2), (2, 8), (8, 10)], cost=1582.54
  Col 7760: blocks=[(0, 2), (2, 8), (8, 10)], cost=1583.53
  Col 7761: blocks=[(0, 2), (2, 8), (8, 10)], cost=1583.18
  Col 7762: blocks=[(0, 2), (2, 8), (8, 10)], cost=1583.53
  Col 7763: blocks=[(0, 2), (2, 8), (8, 10)], cost=1584.21
  Col 7764: blocks=[(0, 2), (2, 9), (9, 10)], cost=1362.39
  Col 7765: blocks=[(0, 2), (2, 9), (9, 10)], cost=1444.06
  Col 7766: blocks=[(0, 2), (2, 9), (9, 10)], cost=1447.10
  Col 7767: blocks=[(0, 2), (2, 9), (9, 10)], cost=1448.34
  Col 7768: blocks=[(0, 2), (2, 9), (9, 10)], cost=1449.32
  Col 7769: blocks=[(0, 2), (2, 9), (9, 10)], cost=1450.00
  Col 7770: blocks=[(0, 2), (2, 9), (9, 10)], cost=1450.35
  Col 7771: blocks=[(0, 2), (2, 9), (9, 10)], cost=1450.35
  Col 7772: blocks=[(0, 2), (2, 9), (9, 10)], cost=1528.76
  Col 7773: blocks=[(0, 2), (2, 9), (9, 10)], cost=1530.00
  Col 7774: blocks=[(0, 2), (2, 9), (9, 10)], cost=1530.99
  Col 7775: blocks=[(0, 2), (2, 9), (9, 10)], cost=1531.67
  Col 7776: blocks=[(0, 2), (2, 9), (9, 10)], cost=1532.01
  Col 7777: blocks=[(0, 2), (2, 9), (9, 10)], cost=1532.01
  Col 7778: blocks=[(0, 2), (2, 9), (9, 10)], cost=1533.04
  Col 7779: blocks=[(0, 2), (2, 9), (9, 10)], cost=1534.02
  Col 7780: blocks=[(0, 2), (2, 9), (9, 10)], cost=1534.70
  Col 7781: blocks=[(0, 2), (2, 9), (9, 10)], cost=1535.05
  Col 7782: blocks=[(0, 2), (2, 9), (9, 10)], cost=1535.05
  Col 7783: blocks=[(0, 2), (2, 9), (9, 10)], cost=1535.27
  Col 7784: blocks=[(0, 2), (2, 9), (9, 10)], cost=1535.95
  Col 7785: blocks=[(0, 2), (2, 9), (9, 10)], cost=1536.29
  Col 7786: blocks=[(0, 2), (2, 9), (9, 10)], cost=1536.29
  Col 7787: blocks=[(0, 2), (2, 9), (9, 10)], cost=1536.93
  Col 7788: blocks=[(0, 2), (2, 9), (9, 10)], cost=1537.28
  Col 7789: blocks=[(0, 2), (2, 9), (9, 10)], cost=1537.28
  Col 7790: blocks=[(0, 2), (2, 9), (9, 10)], cost=1537.96
  Col 7791: blocks=[(0, 2), (2, 9), (9, 10)], cost=1537.96
  Col 7792: blocks=[(0, 2), (2, 9), (9, 10)], cost=1538.31
  Col 7793: blocks=[(0, 2), (2, 9), (9, 10)], cost=1614.70
  Col 7794: blocks=[(0, 2), (2, 9), (9, 10)], cost=1615.69
  Col 7795: blocks=[(0, 2), (2, 9), (9, 10)], cost=1616.37
  Col 7796: blocks=[(0, 2), (2, 9), (9, 10)], cost=1616.72
  Col 7797: blocks=[(0, 2), (2, 9), (9, 10)], cost=1616.72
  Col 7798: blocks=[(0, 2), (2, 9), (9, 10)], cost=1616.93
  Col 7799: blocks=[(0, 2), (2, 9), (9, 10)], cost=1617.61
  Col 7800: blocks=[(0, 2), (2, 9), (9, 10)], cost=1617.96
  Col 7801: blocks=[(0, 2), (2, 9), (9, 10)], cost=1617.96
  Col 7802: blocks=[(0, 2), (2, 9), (9, 10)], cost=1618.59
  Col 7803: blocks=[(0, 2), (2, 9), (9, 10)], cost=1618.94
  Col 7804: blocks=[(0, 2), (2, 9), (9, 10)], cost=1618.94
  Col 7805: blocks=[(0, 2), (2, 9), (9, 10)], cost=1619.62
  Col 7806: blocks=[(0, 2), (2, 9), (9, 10)], cost=1619.62
  Col 7807: blocks=[(0, 2), (2, 9), (9, 10)], cost=1619.97
  Col 7808: blocks=[(0, 2), (2, 9), (9, 10)], cost=1619.97
  Col 7809: blocks=[(0, 2), (2, 9), (9, 10)], cost=1620.65
  Col 7810: blocks=[(0, 2), (2, 9), (9, 10)], cost=1621.00
  Col 7811: blocks=[(0, 2), (2, 9), (9, 10)], cost=1621.00
  Col 7812: blocks=[(0, 2), (2, 9), (9, 10)], cost=1621.63
  Col 7813: blocks=[(0, 2), (2, 9), (9, 10)], cost=1621.98
  Col 7814: blocks=[(0, 2), (2, 9), (9, 10)], cost=1621.98
  Col 7815: blocks=[(0, 2), (2, 9), (9, 10)], cost=1622.66
  Col 7816: blocks=[(0, 2), (2, 9), (9, 10)], cost=1622.66
  Col 7817: blocks=[(0, 2), (2, 9), (9, 10)], cost=1623.01
  Col 7818: blocks=[(0, 2), (2, 9), (9, 10)], cost=1622.88
  Col 7819: blocks=[(0, 2), (2, 9), (9, 10)], cost=1623.22
  Col 7820: blocks=[(0, 2), (2, 9), (9, 10)], cost=1623.22
  Col 7821: blocks=[(0, 2), (2, 9), (9, 10)], cost=1623.90
  Col 7822: blocks=[(0, 2), (2, 9), (9, 10)], cost=1623.90
  Col 7823: blocks=[(0, 2), (2, 9), (9, 10)], cost=1624.25
  Col 7824: blocks=[(0, 2), (2, 9), (9, 10)], cost=1624.89
  Col 7825: blocks=[(0, 2), (2, 9), (9, 10)], cost=1624.89
  Col 7826: blocks=[(0, 2), (2, 9), (9, 10)], cost=1625.23
  Col 7827: blocks=[(0, 2), (2, 9), (9, 10)], cost=1625.91
  Col 7828: blocks=[(0, 2), (2, 10)], cost=1434.38
  Col 7829: blocks=[(0, 2), (2, 10)], cost=1516.05
  Col 7830: blocks=[(0, 2), (2, 10)], cost=1519.09
  Col 7831: blocks=[(0, 2), (2, 10)], cost=1520.33
  Col 7832: blocks=[(0, 2), (2, 10)], cost=1521.31
  Col 7833: blocks=[(0, 2), (2, 10)], cost=1521.99
  Col 7834: blocks=[(0, 2), (2, 10)], cost=1522.34
  Col 7835: blocks=[(0, 2), (2, 10)], cost=1522.34
  Col 7836: blocks=[(0, 2), (2, 10)], cost=1521.99
  Col 7837: blocks=[(0, 2), (2, 10)], cost=1600.75
  Col 7838: blocks=[(0, 2), (2, 10)], cost=1601.99
  Col 7839: blocks=[(0, 2), (2, 10)], cost=1602.97
  Col 7840: blocks=[(0, 2), (2, 10)], cost=1603.65
  Col 7841: blocks=[(0, 2), (2, 10)], cost=1604.00
  Col 7842: blocks=[(0, 2), (2, 10)], cost=1604.00
  Col 7843: blocks=[(0, 2), (2, 10)], cost=1603.65
  Col 7844: blocks=[(0, 2), (2, 10)], cost=1605.03
  Col 7845: blocks=[(0, 2), (2, 10)], cost=1606.01
  Col 7846: blocks=[(0, 2), (2, 10)], cost=1606.69
  Col 7847: blocks=[(0, 2), (2, 10)], cost=1607.04
  Col 7848: blocks=[(0, 2), (2, 10)], cost=1607.04
  Col 7849: blocks=[(0, 2), (2, 10)], cost=1606.69
  Col 7850: blocks=[(0, 2), (2, 10)], cost=1607.26
  Col 7851: blocks=[(0, 2), (2, 10)], cost=1607.94
  Col 7852: blocks=[(0, 2), (2, 10)], cost=1608.28
  Col 7853: blocks=[(0, 2), (2, 10)], cost=1608.28
  Col 7854: blocks=[(0, 2), (2, 10)], cost=1607.94
  Col 7855: blocks=[(0, 2), (2, 10)], cost=1608.92
  Col 7856: blocks=[(0, 2), (2, 10)], cost=1609.27
  Col 7857: blocks=[(0, 2), (2, 10)], cost=1609.27
  Col 7858: blocks=[(0, 2), (2, 10)], cost=1608.92
  Col 7859: blocks=[(0, 2), (2, 10)], cost=1609.95
  Col 7860: blocks=[(0, 2), (2, 10)], cost=1609.95
  Col 7861: blocks=[(0, 2), (2, 10)], cost=1609.60
  Col 7862: blocks=[(0, 2), (2, 10)], cost=1610.30
  Col 7863: blocks=[(0, 2), (2, 10)], cost=1609.95
  Col 7864: blocks=[(0, 2), (2, 10)], cost=1609.95
  Col 7865: blocks=[(0, 2), (2, 10)], cost=1686.69
  Col 7866: blocks=[(0, 2), (2, 10)], cost=1687.68
  Col 7867: blocks=[(0, 2), (2, 10)], cost=1688.36
  Col 7868: blocks=[(0, 2), (2, 10)], cost=1688.70
  Col 7869: blocks=[(0, 2), (2, 10)], cost=1688.70
  Col 7870: blocks=[(0, 2), (2, 10)], cost=1688.36
  Col 7871: blocks=[(0, 2), (2, 10)], cost=1688.92
  Col 7872: blocks=[(0, 2), (2, 10)], cost=1689.60
  Col 7873: blocks=[(0, 2), (2, 10)], cost=1689.95
  Col 7874: blocks=[(0, 2), (2, 10)], cost=1689.95
  Col 7875: blocks=[(0, 2), (2, 10)], cost=1689.60
  Col 7876: blocks=[(0, 2), (2, 10)], cost=1690.58
  Col 7877: blocks=[(0, 2), (2, 10)], cost=1690.93
  Col 7878: blocks=[(0, 2), (2, 10)], cost=1690.93
  Col 7879: blocks=[(0, 2), (2, 10)], cost=1690.58
  Col 7880: blocks=[(0, 2), (2, 10)], cost=1691.61
  Col 7881: blocks=[(0, 2), (2, 10)], cost=1691.61
  Col 7882: blocks=[(0, 2), (2, 10)], cost=1691.26
  Col 7883: blocks=[(0, 2), (2, 10)], cost=1691.96
  Col 7884: blocks=[(0, 2), (2, 10)], cost=1691.61
  Col 7885: blocks=[(0, 2), (2, 10)], cost=1691.61
  Col 7886: blocks=[(0, 2), (2, 10)], cost=1691.96
  Col 7887: blocks=[(0, 2), (2, 10)], cost=1692.64
  Col 7888: blocks=[(0, 2), (2, 10)], cost=1692.99
  Col 7889: blocks=[(0, 2), (2, 10)], cost=1692.99
  Col 7890: blocks=[(0, 2), (2, 10)], cost=1692.64
  Col 7891: blocks=[(0, 2), (2, 10)], cost=1693.62
  Col 7892: blocks=[(0, 2), (2, 10)], cost=1693.97
  Col 7893: blocks=[(0, 2), (2, 10)], cost=1693.97
  Col 7894: blocks=[(0, 2), (2, 10)], cost=1693.62
  Col 7895: blocks=[(0, 2), (2, 10)], cost=1694.65
  Col 7896: blocks=[(0, 2), (2, 10)], cost=1694.65
  Col 7897: blocks=[(0, 2), (2, 10)], cost=1694.30
  Col 7898: blocks=[(0, 2), (2, 10)], cost=1695.00
  Col 7899: blocks=[(0, 2), (2, 10)], cost=1694.65
  Col 7900: blocks=[(0, 2), (2, 10)], cost=1694.65
  Col 7901: blocks=[(0, 2), (2, 10)], cost=1694.86
  Col 7902: blocks=[(0, 2), (2, 10)], cost=1695.21
  Col 7903: blocks=[(0, 2), (2, 10)], cost=1695.21
  Col 7904: blocks=[(0, 2), (2, 10)], cost=1694.86
  Col 7905: blocks=[(0, 2), (2, 10)], cost=1695.89
  Col 7906: blocks=[(0, 2), (2, 10)], cost=1695.89
  Col 7907: blocks=[(0, 2), (2, 10)], cost=1695.55
  Col 7908: blocks=[(0, 2), (2, 10)], cost=1696.24
  Col 7909: blocks=[(0, 2), (2, 10)], cost=1695.89
  Col 7910: blocks=[(0, 2), (2, 10)], cost=1695.89
  Col 7911: blocks=[(0, 2), (2, 10)], cost=1696.88
  Col 7912: blocks=[(0, 2), (2, 10)], cost=1696.88
  Col 7913: blocks=[(0, 2), (2, 10)], cost=1696.53
  Col 7914: blocks=[(0, 2), (2, 10)], cost=1697.22
  Col 7915: blocks=[(0, 2), (2, 10)], cost=1696.88
  Col 7916: blocks=[(0, 2), (2, 10)], cost=1696.88
  Col 7917: blocks=[(0, 2), (2, 10)], cost=1697.90
  Col 7918: blocks=[(0, 2), (2, 10)], cost=1697.56
  Col 7919: blocks=[(0, 2), (2, 10)], cost=1697.56
  Col 7920: blocks=[(0, 2), (2, 10)], cost=1697.90
  Col 7921: blocks=[(0, 3), (3, 4), (4, 5), (5, 6), (6, 7), (7, 8), (8, 9), (9, 10)], cost=1373.28
  Col 7922: blocks=[(0, 3), (3, 4), (4, 5), (5, 6), (6, 7), (7, 8), (8, 9), (9, 10)], cost=1454.94
  Col 7923: blocks=[(0, 3), (3, 4), (4, 5), (5, 6), (6, 7), (7, 8), (8, 9), (9, 10)], cost=1456.53
  Col 7924: blocks=[(0, 3), (3, 4), (4, 5), (5, 6), (6, 7), (7, 8), (8, 9), (9, 10)], cost=1538.20
  Col 7925: blocks=[(0, 3), (3, 4), (4, 5), (5, 6), (6, 7), (7, 8), (8, 10)], cost=1342.22
  Col 7926: blocks=[(0, 3), (3, 4), (4, 5), (5, 6), (6, 7), (7, 8), (8, 10)], cost=1423.88
  Col 7927: blocks=[(0, 3), (3, 4), (4, 5), (5, 6), (6, 7), (7, 8), (8, 10)], cost=1425.47
  Col 7928: blocks=[(0, 3), (3, 4), (4, 5), (5, 6), (6, 7), (7, 8), (8, 10)], cost=1429.83
  Col 7929: blocks=[(0, 3), (3, 4), (4, 5), (5, 6), (6, 7), (7, 8), (8, 10)], cost=1507.14
  Col 7930: blocks=[(0, 3), (3, 4), (4, 5), (5, 6), (6, 7), (7, 8), (8, 10)], cost=1511.49
  Col 7931: blocks=[(0, 3), (3, 4), (4, 5), (5, 6), (6, 7), (7, 8), (8, 10)], cost=1513.08
  Col 7932: blocks=[(0, 3), (3, 4), (4, 5), (5, 6), (6, 7), (7, 8), (8, 10)], cost=1594.75
  Col 7933: blocks=[(0, 3), (3, 4), (4, 5), (5, 6), (6, 7), (7, 9), (9, 10)], cost=1244.26
  Col 7934: blocks=[(0, 3), (3, 4), (4, 5), (5, 6), (6, 7), (7, 9), (9, 10)], cost=1332.21
  Col 7935: blocks=[(0, 3), (3, 4), (4, 5), (5, 6), (6, 7), (7, 9), (9, 10)], cost=1325.92
  Col 7936: blocks=[(0, 3), (3, 4), (4, 5), (5, 6), (6, 7), (7, 9), (9, 10)], cost=1327.51
  Col 7937: blocks=[(0, 3), (3, 4), (4, 5), (5, 6), (6, 7), (7, 9), (9, 10)], cost=1413.88
  Col 7938: blocks=[(0, 3), (3, 4), (4, 5), (5, 6), (6, 7), (7, 9), (9, 10)], cost=1415.47
  Col 7939: blocks=[(0, 3), (3, 4), (4, 5), (5, 6), (6, 7), (7, 9), (9, 10)], cost=1409.17
  Col 7940: blocks=[(0, 3), (3, 4), (4, 5), (5, 6), (6, 7), (7, 9), (9, 10)], cost=1497.13
  Col 7941: blocks=[(0, 3), (3, 4), (4, 5), (5, 6), (6, 7), (7, 10)], cost=1170.13
  Col 7942: blocks=[(0, 3), (3, 4), (4, 5), (5, 6), (6, 7), (7, 10)], cost=1258.08
  Col 7943: blocks=[(0, 3), (3, 4), (4, 5), (5, 6), (6, 7), (7, 10)], cost=1251.79
  Col 7944: blocks=[(0, 3), (3, 4), (4, 5), (5, 6), (6, 7), (7, 10)], cost=1253.38
  Col 7945: blocks=[(0, 3), (3, 4), (4, 5), (5, 6), (6, 7), (7, 10)], cost=1257.74
  Col 7946: blocks=[(0, 3), (3, 4), (4, 5), (5, 6), (6, 7), (7, 10)], cost=1339.75
  Col 7947: blocks=[(0, 3), (3, 4), (4, 5), (5, 6), (6, 7), (7, 10)], cost=1341.34
  Col 7948: blocks=[(0, 3), (3, 4), (4, 5), (5, 6), (6, 7), (7, 10)], cost=1345.69
  Col 7949: blocks=[(0, 3), (3, 4), (4, 5), (5, 6), (6, 7), (7, 10)], cost=1335.05
  Col 7950: blocks=[(0, 3), (3, 4), (4, 5), (5, 6), (6, 7), (7, 10)], cost=1339.40
  Col 7951: blocks=[(0, 3), (3, 4), (4, 5), (5, 6), (6, 7), (7, 10)], cost=1340.99
  Col 7952: blocks=[(0, 3), (3, 4), (4, 5), (5, 6), (6, 7), (7, 10)], cost=1423.00
  Col 7953: blocks=[(0, 3), (3, 4), (4, 5), (5, 6), (6, 7), (7, 10)], cost=1427.36
  Col 7954: blocks=[(0, 3), (3, 4), (4, 5), (5, 6), (6, 7), (7, 10)], cost=1428.95
  Col 7955: blocks=[(0, 3), (3, 4), (4, 5), (5, 6), (6, 7), (7, 10)], cost=1422.65
  Col 7956: blocks=[(0, 3), (3, 4), (4, 5), (5, 6), (6, 8), (8, 9), (9, 10)], cost=1295.07
  Col 7957: blocks=[(0, 3), (3, 4), (4, 5), (5, 6), (6, 8), (8, 9), (9, 10)], cost=1376.73
  Col 7958: blocks=[(0, 3), (3, 4), (4, 5), (5, 6), (6, 8), (8, 9), (9, 10)], cost=1378.32
  Col 7959: blocks=[(0, 3), (3, 4), (4, 5), (5, 6), (6, 8), (8, 9), (9, 10)], cost=1383.02
  Col 7960: blocks=[(0, 3), (3, 4), (4, 5), (5, 6), (6, 8), (8, 9), (9, 10)], cost=1459.99
  Col 7961: blocks=[(0, 3), (3, 4), (4, 5), (5, 6), (6, 8), (8, 9), (9, 10)], cost=1464.69
  Col 7962: blocks=[(0, 3), (3, 4), (4, 5), (5, 6), (6, 8), (8, 9), (9, 10)], cost=1466.28
  Col 7963: blocks=[(0, 3), (3, 4), (4, 5), (5, 6), (6, 8), (8, 9), (9, 10)], cost=1547.94
  Col 7964: blocks=[(0, 3), (3, 4), (4, 5), (5, 6), (6, 8), (8, 10)], cost=1264.01
  Col 7965: blocks=[(0, 3), (3, 4), (4, 5), (5, 6), (6, 8), (8, 10)], cost=1345.67
  Col 7966: blocks=[(0, 3), (3, 4), (4, 5), (5, 6), (6, 8), (8, 10)], cost=1347.26
  Col 7967: blocks=[(0, 3), (3, 4), (4, 5), (5, 6), (6, 8), (8, 10)], cost=1351.62
  Col 7968: blocks=[(0, 3), (3, 4), (4, 5), (5, 6), (6, 8), (8, 10)], cost=1351.96
  Col 7969: blocks=[(0, 3), (3, 4), (4, 5), (5, 6), (6, 8), (8, 10)], cost=1428.93
  Col 7970: blocks=[(0, 3), (3, 4), (4, 5), (5, 6), (6, 8), (8, 10)], cost=1433.28
  Col 7971: blocks=[(0, 3), (3, 4), (4, 5), (5, 6), (6, 8), (8, 10)], cost=1433.63
  Col 7972: blocks=[(0, 3), (3, 4), (4, 5), (5, 6), (6, 8), (8, 10)], cost=1434.87
  Col 7973: blocks=[(0, 3), (3, 4), (4, 5), (5, 6), (6, 8), (8, 10)], cost=1435.22
  Col 7974: blocks=[(0, 3), (3, 4), (4, 5), (5, 6), (6, 8), (8, 10)], cost=1439.57
  Col 7975: blocks=[(0, 3), (3, 4), (4, 5), (5, 6), (6, 8), (8, 10)], cost=1516.53
  Col 7976: blocks=[(0, 3), (3, 4), (4, 5), (5, 6), (6, 8), (8, 10)], cost=1516.88
  Col 7977: blocks=[(0, 3), (3, 4), (4, 5), (5, 6), (6, 8), (8, 10)], cost=1521.24
  Col 7978: blocks=[(0, 3), (3, 4), (4, 5), (5, 6), (6, 8), (8, 10)], cost=1522.83
  Col 7979: blocks=[(0, 3), (3, 4), (4, 5), (5, 6), (6, 9), (9, 10)], cost=1189.55
  Col 7980: blocks=[(0, 3), (3, 4), (4, 5), (5, 6), (6, 9), (9, 10)], cost=1277.50
  Col 7981: blocks=[(0, 3), (3, 4), (4, 5), (5, 6), (6, 9), (9, 10)], cost=1271.21
  Col 7982: blocks=[(0, 3), (3, 4), (4, 5), (5, 6), (6, 9), (9, 10)], cost=1272.80
  Col 7983: blocks=[(0, 3), (3, 4), (4, 5), (5, 6), (6, 9), (9, 10)], cost=1277.50
  Col 7984: blocks=[(0, 3), (3, 4), (4, 5), (5, 6), (6, 9), (9, 10)], cost=1359.17
  Col 7985: blocks=[(0, 3), (3, 4), (4, 5), (5, 6), (6, 9), (9, 10)], cost=1360.76
  Col 7986: blocks=[(0, 3), (3, 4), (4, 5), (5, 6), (6, 9), (9, 10)], cost=1365.46
  Col 7987: blocks=[(0, 3), (3, 4), (4, 5), (5, 6), (6, 9), (9, 10)], cost=1354.46
  Col 7988: blocks=[(0, 3), (3, 4), (4, 5), (5, 6), (6, 9), (9, 10)], cost=1359.17
  Col 7989: blocks=[(0, 3), (3, 4), (4, 5), (5, 6), (6, 9), (9, 10)], cost=1360.76
  Col 7990: blocks=[(0, 3), (3, 4), (4, 5), (5, 6), (6, 9), (9, 10)], cost=1442.42
  Col 7991: blocks=[(0, 3), (3, 4), (4, 5), (5, 6), (6, 9), (9, 10)], cost=1447.12
  Col 7992: blocks=[(0, 3), (3, 4), (4, 5), (5, 6), (6, 9), (9, 10)], cost=1448.71
  Col 7993: blocks=[(0, 3), (3, 4), (4, 5), (5, 6), (6, 9), (9, 10)], cost=1442.42
  Col 7994: blocks=[(0, 3), (3, 4), (4, 5), (5, 6), (6, 10)], cost=1140.06
  Col 7995: blocks=[(0, 3), (3, 4), (4, 5), (5, 6), (6, 10)], cost=1221.73
  Col 7996: blocks=[(0, 3), (3, 4), (4, 5), (5, 6), (6, 10)], cost=1223.32
  Col 7997: blocks=[(0, 3), (3, 4), (4, 5), (5, 6), (6, 10)], cost=1228.02
  Col 7998: blocks=[(0, 3), (3, 4), (4, 5), (5, 6), (6, 10)], cost=1228.02
  Col 7999: blocks=[(0, 3), (3, 4), (4, 5), (5, 6), (6, 10)], cost=1227.67
  Col 8000: blocks=[(0, 3), (3, 4), (4, 5), (5, 6), (6, 10)], cost=1304.98
  Col 8001: blocks=[(0, 3), (3, 4), (4, 5), (5, 6), (6, 10)], cost=1309.68
  Col 8002: blocks=[(0, 3), (3, 4), (4, 5), (5, 6), (6, 10)], cost=1309.68
  Col 8003: blocks=[(0, 3), (3, 4), (4, 5), (5, 6), (6, 10)], cost=1309.33
  Col 8004: blocks=[(0, 3), (3, 4), (4, 5), (5, 6), (6, 10)], cost=1311.27
  Col 8005: blocks=[(0, 3), (3, 4), (4, 5), (5, 6), (6, 10)], cost=1311.27
  Col 8006: blocks=[(0, 3), (3, 4), (4, 5), (5, 6), (6, 10)], cost=1310.93
  Col 8007: blocks=[(0, 3), (3, 4), (4, 5), (5, 6), (6, 10)], cost=1315.98
  Col 8008: blocks=[(0, 3), (3, 4), (4, 5), (5, 6), (6, 10)], cost=1315.63
  Col 8009: blocks=[(0, 3), (3, 4), (4, 5), (5, 6), (6, 10)], cost=1315.63
  Col 8010: blocks=[(0, 3), (3, 4), (4, 5), (5, 6), (6, 10)], cost=1392.94
  Col 8011: blocks=[(0, 3), (3, 4), (4, 5), (5, 6), (6, 10)], cost=1392.94
  Col 8012: blocks=[(0, 3), (3, 4), (4, 5), (5, 6), (6, 10)], cost=1392.59
  Col 8013: blocks=[(0, 3), (3, 4), (4, 5), (5, 6), (6, 10)], cost=1397.64
  Col 8014: blocks=[(0, 3), (3, 4), (4, 5), (5, 6), (6, 10)], cost=1397.29
  Col 8015: blocks=[(0, 3), (3, 4), (4, 5), (5, 6), (6, 10)], cost=1397.29
  Col 8016: blocks=[(0, 3), (3, 4), (4, 5), (5, 6), (6, 10)], cost=1399.23
  Col 8017: blocks=[(0, 3), (3, 4), (4, 5), (5, 6), (6, 10)], cost=1398.88
  Col 8018: blocks=[(0, 3), (3, 4), (4, 5), (5, 6), (6, 10)], cost=1398.88
  Col 8019: blocks=[(0, 3), (3, 4), (4, 5), (5, 6), (6, 10)], cost=1403.58
  Col 8020: blocks=[(0, 3), (3, 4), (4, 5), (5, 7), (7, 8), (8, 9), (9, 10)], cost=1305.56
  Col 8021: blocks=[(0, 3), (3, 4), (4, 5), (5, 7), (7, 8), (8, 9), (9, 10)], cost=1387.22
  Col 8022: blocks=[(0, 3), (3, 4), (4, 5), (5, 7), (7, 8), (8, 9), (9, 10)], cost=1388.82
  Col 8023: blocks=[(0, 3), (3, 4), (4, 5), (5, 7), (7, 8), (8, 9), (9, 10)], cost=1393.17
  Col 8024: blocks=[(0, 3), (3, 4), (4, 5), (5, 7), (7, 8), (8, 9), (9, 10)], cost=1470.48
  Col 8025: blocks=[(0, 3), (3, 4), (4, 5), (5, 7), (7, 8), (8, 9), (9, 10)], cost=1474.83
  Col 8026: blocks=[(0, 3), (3, 4), (4, 5), (5, 7), (7, 8), (8, 9), (9, 10)], cost=1476.42
  Col 8027: blocks=[(0, 3), (3, 4), (4, 5), (5, 7), (7, 8), (8, 9), (9, 10)], cost=1558.09
  Col 8028: blocks=[(0, 3), (3, 4), (4, 5), (5, 7), (7, 8), (8, 10)], cost=1274.50
  Col 8029: blocks=[(0, 3), (3, 4), (4, 5), (5, 7), (7, 8), (8, 10)], cost=1356.16
  Col 8030: blocks=[(0, 3), (3, 4), (4, 5), (5, 7), (7, 8), (8, 10)], cost=1357.76
  Col 8031: blocks=[(0, 3), (3, 4), (4, 5), (5, 7), (7, 8), (8, 10)], cost=1362.11
  Col 8032: blocks=[(0, 3), (3, 4), (4, 5), (5, 7), (7, 8), (8, 10)], cost=1362.11
  Col 8033: blocks=[(0, 3), (3, 4), (4, 5), (5, 7), (7, 8), (8, 10)], cost=1439.42
  Col 8034: blocks=[(0, 3), (3, 4), (4, 5), (5, 7), (7, 8), (8, 10)], cost=1443.77
  Col 8035: blocks=[(0, 3), (3, 4), (4, 5), (5, 7), (7, 8), (8, 10)], cost=1443.77
  Col 8036: blocks=[(0, 3), (3, 4), (4, 5), (5, 7), (7, 8), (8, 10)], cost=1445.36
  Col 8037: blocks=[(0, 3), (3, 4), (4, 5), (5, 7), (7, 8), (8, 10)], cost=1445.36
  Col 8038: blocks=[(0, 3), (3, 4), (4, 5), (5, 7), (7, 8), (8, 10)], cost=1449.72
  Col 8039: blocks=[(0, 3), (3, 4), (4, 5), (5, 7), (7, 8), (8, 10)], cost=1527.03
  Col 8040: blocks=[(0, 3), (3, 4), (4, 5), (5, 7), (7, 8), (8, 10)], cost=1527.03
  Col 8041: blocks=[(0, 3), (3, 4), (4, 5), (5, 7), (7, 8), (8, 10)], cost=1531.38
  Col 8042: blocks=[(0, 3), (3, 4), (4, 5), (5, 7), (7, 8), (8, 10)], cost=1532.97
  Col 8043: blocks=[(0, 3), (3, 4), (4, 5), (5, 7), (7, 9), (9, 10)], cost=1176.54
  Col 8044: blocks=[(0, 3), (3, 4), (4, 5), (5, 7), (7, 9), (9, 10)], cost=1264.50
  Col 8045: blocks=[(0, 3), (3, 4), (4, 5), (5, 7), (7, 9), (9, 10)], cost=1258.20
  Col 8046: blocks=[(0, 3), (3, 4), (4, 5), (5, 7), (7, 9), (9, 10)], cost=1259.79
  Col 8047: blocks=[(0, 3), (3, 4), (4, 5), (5, 7), (7, 9), (9, 10)], cost=1264.15
  Col 8048: blocks=[(0, 3), (3, 4), (4, 5), (5, 7), (7, 9), (9, 10)], cost=1346.16
  Col 8049: blocks=[(0, 3), (3, 4), (4, 5), (5, 7), (7, 9), (9, 10)], cost=1347.75
  Col 8050: blocks=[(0, 3), (3, 4), (4, 5), (5, 7), (7, 9), (9, 10)], cost=1352.10
  Col 8051: blocks=[(0, 3), (3, 4), (4, 5), (5, 7), (7, 9), (9, 10)], cost=1341.46
  Col 8052: blocks=[(0, 3), (3, 4), (4, 5), (5, 7), (7, 9), (9, 10)], cost=1345.81
  Col 8053: blocks=[(0, 3), (3, 4), (4, 5), (5, 7), (7, 9), (9, 10)], cost=1347.40
  Col 8054: blocks=[(0, 3), (3, 4), (4, 5), (5, 7), (7, 9), (9, 10)], cost=1429.41
  Col 8055: blocks=[(0, 3), (3, 4), (4, 5), (5, 7), (7, 9), (9, 10)], cost=1433.77
  Col 8056: blocks=[(0, 3), (3, 4), (4, 5), (5, 7), (7, 9), (9, 10)], cost=1435.36
  Col 8057: blocks=[(0, 3), (3, 4), (4, 5), (5, 7), (7, 9), (9, 10)], cost=1429.06
  Col 8058: blocks=[(0, 3), (3, 4), (4, 5), (5, 7), (7, 10)], cost=1102.41
  Col 8059: blocks=[(0, 3), (3, 4), (4, 5), (5, 7), (7, 10)], cost=1184.07
  Col 8060: blocks=[(0, 3), (3, 4), (4, 5), (5, 7), (7, 10)], cost=1185.66
  Col 8061: blocks=[(0, 3), (3, 4), (4, 5), (5, 7), (7, 10)], cost=1190.02
  Col 8062: blocks=[(0, 3), (3, 4), (4, 5), (5, 7), (7, 10)], cost=1190.37
  Col 8063: blocks=[(0, 3), (3, 4), (4, 5), (5, 7), (7, 10)], cost=1190.02
  Col 8064: blocks=[(0, 3), (3, 4), (4, 5), (5, 7), (7, 10)], cost=1267.33
  Col 8065: blocks=[(0, 3), (3, 4), (4, 5), (5, 7), (7, 10)], cost=1271.68
  Col 8066: blocks=[(0, 3), (3, 4), (4, 5), (5, 7), (7, 10)], cost=1272.03
  Col 8067: blocks=[(0, 3), (3, 4), (4, 5), (5, 7), (7, 10)], cost=1271.68
  Col 8068: blocks=[(0, 3), (3, 4), (4, 5), (5, 7), (7, 10)], cost=1273.27
  Col 8069: blocks=[(0, 3), (3, 4), (4, 5), (5, 7), (7, 10)], cost=1273.62
  Col 8070: blocks=[(0, 3), (3, 4), (4, 5), (5, 7), (7, 10)], cost=1273.27
  Col 8071: blocks=[(0, 3), (3, 4), (4, 5), (5, 7), (7, 10)], cost=1277.97
  Col 8072: blocks=[(0, 3), (3, 4), (4, 5), (5, 7), (7, 10)], cost=1277.63
  Col 8073: blocks=[(0, 3), (3, 4), (4, 5), (5, 7), (7, 10)], cost=1277.97
  Col 8074: blocks=[(0, 3), (3, 4), (4, 5), (5, 7), (7, 10)], cost=1354.94
  Col 8075: blocks=[(0, 3), (3, 4), (4, 5), (5, 7), (7, 10)], cost=1355.28
  Col 8076: blocks=[(0, 3), (3, 4), (4, 5), (5, 7), (7, 10)], cost=1354.94
  Col 8077: blocks=[(0, 3), (3, 4), (4, 5), (5, 7), (7, 10)], cost=1359.64
  Col 8078: blocks=[(0, 3), (3, 4), (4, 5), (5, 7), (7, 10)], cost=1359.29
  Col 8079: blocks=[(0, 3), (3, 4), (4, 5), (5, 7), (7, 10)], cost=1359.64
  Col 8080: blocks=[(0, 3), (3, 4), (4, 5), (5, 7), (7, 10)], cost=1361.23
  Col 8081: blocks=[(0, 3), (3, 4), (4, 5), (5, 7), (7, 10)], cost=1360.88
  Col 8082: blocks=[(0, 3), (3, 4), (4, 5), (5, 7), (7, 10)], cost=1361.23
  Col 8083: blocks=[(0, 3), (3, 4), (4, 5), (5, 7), (7, 10)], cost=1365.58
  Col 8084: blocks=[(0, 3), (3, 4), (4, 5), (5, 8), (8, 9), (9, 10)], cost=1247.24
  Col 8085: blocks=[(0, 3), (3, 4), (4, 5), (5, 8), (8, 9), (9, 10)], cost=1328.90
  Col 8086: blocks=[(0, 3), (3, 4), (4, 5), (5, 8), (8, 9), (9, 10)], cost=1330.49
  Col 8087: blocks=[(0, 3), (3, 4), (4, 5), (5, 8), (8, 9), (9, 10)], cost=1334.85
  Col 8088: blocks=[(0, 3), (3, 4), (4, 5), (5, 8), (8, 9), (9, 10)], cost=1335.20
  Col 8089: blocks=[(0, 3), (3, 4), (4, 5), (5, 8), (8, 9), (9, 10)], cost=1412.16
  Col 8090: blocks=[(0, 3), (3, 4), (4, 5), (5, 8), (8, 9), (9, 10)], cost=1416.51
  Col 8091: blocks=[(0, 3), (3, 4), (4, 5), (5, 8), (8, 9), (9, 10)], cost=1416.86
  Col 8092: blocks=[(0, 3), (3, 4), (4, 5), (5, 8), (8, 9), (9, 10)], cost=1418.10
  Col 8093: blocks=[(0, 3), (3, 4), (4, 5), (5, 8), (8, 9), (9, 10)], cost=1418.45
  Col 8094: blocks=[(0, 3), (3, 4), (4, 5), (5, 8), (8, 9), (9, 10)], cost=1422.80
  Col 8095: blocks=[(0, 3), (3, 4), (4, 5), (5, 8), (8, 9), (9, 10)], cost=1499.76
  Col 8096: blocks=[(0, 3), (3, 4), (4, 5), (5, 8), (8, 9), (9, 10)], cost=1500.11
  Col 8097: blocks=[(0, 3), (3, 4), (4, 5), (5, 8), (8, 9), (9, 10)], cost=1504.47
  Col 8098: blocks=[(0, 3), (3, 4), (4, 5), (5, 8), (8, 9), (9, 10)], cost=1506.06
  Col 8099: blocks=[(0, 3), (3, 4), (4, 5), (5, 8), (8, 10)], cost=1216.18
  Col 8100: blocks=[(0, 3), (3, 4), (4, 5), (5, 8), (8, 10)], cost=1297.84
  Col 8101: blocks=[(0, 3), (3, 4), (4, 5), (5, 8), (8, 10)], cost=1299.43
  Col 8102: blocks=[(0, 3), (3, 4), (4, 5), (5, 8), (8, 10)], cost=1303.79
  Col 8103: blocks=[(0, 3), (3, 4), (4, 5), (5, 8), (8, 10)], cost=1304.14
  Col 8104: blocks=[(0, 3), (3, 4), (4, 5), (5, 8), (8, 10)], cost=1303.79
  Col 8105: blocks=[(0, 3), (3, 4), (4, 5), (5, 8), (8, 10)], cost=1381.10
  Col 8106: blocks=[(0, 3), (3, 4), (4, 5), (5, 8), (8, 10)], cost=1385.45
  Col 8107: blocks=[(0, 3), (3, 4), (4, 5), (5, 8), (8, 10)], cost=1385.80
  Col 8108: blocks=[(0, 3), (3, 4), (4, 5), (5, 8), (8, 10)], cost=1385.45
  Col 8109: blocks=[(0, 3), (3, 4), (4, 5), (5, 8), (8, 10)], cost=1387.04
  Col 8110: blocks=[(0, 3), (3, 4), (4, 5), (5, 8), (8, 10)], cost=1387.39
  Col 8111: blocks=[(0, 3), (3, 4), (4, 5), (5, 8), (8, 10)], cost=1387.04
  Col 8112: blocks=[(0, 3), (3, 4), (4, 5), (5, 8), (8, 10)], cost=1391.74
  Col 8113: blocks=[(0, 3), (3, 4), (4, 5), (5, 8), (8, 10)], cost=1391.40
  Col 8114: blocks=[(0, 3), (3, 4), (4, 5), (5, 8), (8, 10)], cost=1391.74
  Col 8115: blocks=[(0, 3), (3, 4), (4, 5), (5, 8), (8, 10)], cost=1468.70
  Col 8116: blocks=[(0, 3), (3, 4), (4, 5), (5, 8), (8, 10)], cost=1469.05
  Col 8117: blocks=[(0, 3), (3, 4), (4, 5), (5, 8), (8, 10)], cost=1468.70
  Col 8118: blocks=[(0, 3), (3, 4), (4, 5), (5, 8), (8, 10)], cost=1473.41
  Col 8119: blocks=[(0, 3), (3, 4), (4, 5), (5, 8), (8, 10)], cost=1473.06
  Col 8120: blocks=[(0, 3), (3, 4), (4, 5), (5, 8), (8, 10)], cost=1473.41
  Col 8121: blocks=[(0, 3), (3, 4), (4, 5), (5, 8), (8, 10)], cost=1475.00
  Col 8122: blocks=[(0, 3), (3, 4), (4, 5), (5, 8), (8, 10)], cost=1474.65
  Col 8123: blocks=[(0, 3), (3, 4), (4, 5), (5, 8), (8, 10)], cost=1475.00
  Col 8124: blocks=[(0, 3), (3, 4), (4, 5), (5, 8), (8, 10)], cost=1479.35
  Col 8125: blocks=[(0, 3), (3, 4), (4, 5), (5, 9), (9, 10)], cost=1189.69
  Col 8126: blocks=[(0, 3), (3, 4), (4, 5), (5, 9), (9, 10)], cost=1271.35
  Col 8127: blocks=[(0, 3), (3, 4), (4, 5), (5, 9), (9, 10)], cost=1272.94
  Col 8128: blocks=[(0, 3), (3, 4), (4, 5), (5, 9), (9, 10)], cost=1277.30
  Col 8129: blocks=[(0, 3), (3, 4), (4, 5), (5, 9), (9, 10)], cost=1277.64
  Col 8130: blocks=[(0, 3), (3, 4), (4, 5), (5, 9), (9, 10)], cost=1277.64
  Col 8131: blocks=[(0, 3), (3, 4), (4, 5), (5, 9), (9, 10)], cost=1354.60
  Col 8132: blocks=[(0, 3), (3, 4), (4, 5), (5, 9), (9, 10)], cost=1358.96
  Col 8133: blocks=[(0, 3), (3, 4), (4, 5), (5, 9), (9, 10)], cost=1359.31
  Col 8134: blocks=[(0, 3), (3, 4), (4, 5), (5, 9), (9, 10)], cost=1359.31
  Col 8135: blocks=[(0, 3), (3, 4), (4, 5), (5, 9), (9, 10)], cost=1360.55
  Col 8136: blocks=[(0, 3), (3, 4), (4, 5), (5, 9), (9, 10)], cost=1360.90
  Col 8137: blocks=[(0, 3), (3, 4), (4, 5), (5, 9), (9, 10)], cost=1360.90
  Col 8138: blocks=[(0, 3), (3, 4), (4, 5), (5, 9), (9, 10)], cost=1365.25
  Col 8139: blocks=[(0, 3), (3, 4), (4, 5), (5, 9), (9, 10)], cost=1365.25
  Col 8140: blocks=[(0, 3), (3, 4), (4, 5), (5, 9), (9, 10)], cost=1365.60
  Col 8141: blocks=[(0, 3), (3, 4), (4, 5), (5, 9), (9, 10)], cost=1442.21
  Col 8142: blocks=[(0, 3), (3, 4), (4, 5), (5, 9), (9, 10)], cost=1442.56
  Col 8143: blocks=[(0, 3), (3, 4), (4, 5), (5, 9), (9, 10)], cost=1442.56
  Col 8144: blocks=[(0, 3), (3, 4), (4, 5), (5, 9), (9, 10)], cost=1446.91
  Col 8145: blocks=[(0, 3), (3, 4), (4, 5), (5, 9), (9, 10)], cost=1446.91
  Col 8146: blocks=[(0, 3), (3, 4), (4, 5), (5, 9), (9, 10)], cost=1447.26
  Col 8147: blocks=[(0, 3), (3, 4), (4, 5), (5, 9), (9, 10)], cost=1448.51
  Col 8148: blocks=[(0, 3), (3, 4), (4, 5), (5, 9), (9, 10)], cost=1448.51
  Col 8149: blocks=[(0, 3), (3, 4), (4, 5), (5, 9), (9, 10)], cost=1448.85
  Col 8150: blocks=[(0, 3), (3, 4), (4, 5), (5, 9), (9, 10)], cost=1453.21
  Col 8151: blocks=[(0, 3), (3, 4), (4, 5), (5, 10)], cost=1190.51
  Col 8152: blocks=[(0, 3), (3, 4), (4, 5), (5, 10)], cost=1272.18
  Col 8153: blocks=[(0, 3), (3, 4), (4, 5), (5, 10)], cost=1273.77
  Col 8154: blocks=[(0, 3), (3, 4), (4, 5), (5, 10)], cost=1278.12
  Col 8155: blocks=[(0, 3), (3, 4), (4, 5), (5, 10)], cost=1278.47
  Col 8156: blocks=[(0, 3), (3, 4), (4, 5), (5, 10)], cost=1278.47
  Col 8157: blocks=[(0, 3), (3, 4), (4, 5), (5, 10)], cost=1278.12
  Col 8158: blocks=[(0, 3), (3, 4), (4, 5), (5, 10)], cost=1355.43
  Col 8159: blocks=[(0, 3), (3, 4), (4, 5), (5, 10)], cost=1359.79
  Col 8160: blocks=[(0, 3), (3, 4), (4, 5), (5, 10)], cost=1360.13
  Col 8161: blocks=[(0, 3), (3, 4), (4, 5), (5, 10)], cost=1360.13
  Col 8162: blocks=[(0, 3), (3, 4), (4, 5), (5, 10)], cost=1359.79
  Col 8163: blocks=[(0, 3), (3, 4), (4, 5), (5, 10)], cost=1361.38
  Col 8164: blocks=[(0, 3), (3, 4), (4, 5), (5, 10)], cost=1361.72
  Col 8165: blocks=[(0, 3), (3, 4), (4, 5), (5, 10)], cost=1361.72
  Col 8166: blocks=[(0, 3), (3, 4), (4, 5), (5, 10)], cost=1361.38
  Col 8167: blocks=[(0, 3), (3, 4), (4, 5), (5, 10)], cost=1366.08
  Col 8168: blocks=[(0, 3), (3, 4), (4, 5), (5, 10)], cost=1366.08
  Col 8169: blocks=[(0, 3), (3, 4), (4, 5), (5, 10)], cost=1365.73
  Col 8170: blocks=[(0, 3), (3, 4), (4, 5), (5, 10)], cost=1366.43
  Col 8171: blocks=[(0, 3), (3, 4), (4, 5), (5, 10)], cost=1366.08
  Col 8172: blocks=[(0, 3), (3, 4), (4, 5), (5, 10)], cost=1366.08
  Col 8173: blocks=[(0, 3), (3, 4), (4, 5), (5, 10)], cost=1443.04
  Col 8174: blocks=[(0, 3), (3, 4), (4, 5), (5, 10)], cost=1443.39
  Col 8175: blocks=[(0, 3), (3, 4), (4, 5), (5, 10)], cost=1443.39
  Col 8176: blocks=[(0, 3), (3, 4), (4, 5), (5, 10)], cost=1443.04
  Col 8177: blocks=[(0, 3), (3, 4), (4, 5), (5, 10)], cost=1447.74
  Col 8178: blocks=[(0, 3), (3, 4), (4, 5), (5, 10)], cost=1447.74
  Col 8179: blocks=[(0, 3), (3, 4), (4, 5), (5, 10)], cost=1447.39
  Col 8180: blocks=[(0, 3), (3, 4), (4, 5), (5, 10)], cost=1448.09
  Col 8181: blocks=[(0, 3), (3, 4), (4, 5), (5, 10)], cost=1447.74
  Col 8182: blocks=[(0, 3), (3, 4), (4, 5), (5, 10)], cost=1447.74
  Col 8183: blocks=[(0, 3), (3, 4), (4, 5), (5, 10)], cost=1449.33
  Col 8184: blocks=[(0, 3), (3, 4), (4, 5), (5, 10)], cost=1449.33
  Col 8185: blocks=[(0, 3), (3, 4), (4, 5), (5, 10)], cost=1448.98
  Col 8186: blocks=[(0, 3), (3, 4), (4, 5), (5, 10)], cost=1449.68
  Col 8187: blocks=[(0, 3), (3, 4), (4, 5), (5, 10)], cost=1449.33
  Col 8188: blocks=[(0, 3), (3, 4), (4, 5), (5, 10)], cost=1449.33
  Col 8189: blocks=[(0, 3), (3, 4), (4, 5), (5, 10)], cost=1454.03
  Col 8190: blocks=[(0, 3), (3, 4), (4, 5), (5, 10)], cost=1453.69
  Col 8191: blocks=[(0, 3), (3, 4), (4, 5), (5, 10)], cost=1453.69
  Col 8192: blocks=[(0, 3), (3, 4), (4, 5), (5, 10)], cost=1454.03
  Col 8193: blocks=[(0, 3), (3, 4), (4, 6), (6, 7), (7, 8), (8, 9), (9, 10)], cost=1286.13
  Col 8194: blocks=[(0, 3), (3, 4), (4, 6), (6, 7), (7, 8), (8, 9), (9, 10)], cost=1367.79
  Col 8195: blocks=[(0, 3), (3, 4), (4, 6), (6, 7), (7, 8), (8, 9), (9, 10)], cost=1369.39
  Col 8196: blocks=[(0, 3), (3, 4), (4, 6), (6, 7), (7, 8), (8, 9), (9, 10)], cost=1373.06
  Col 8197: blocks=[(0, 3), (3, 4), (4, 6), (6, 7), (7, 8), (8, 9), (9, 10)], cost=1451.05
  Col 8198: blocks=[(0, 3), (3, 4), (4, 6), (6, 7), (7, 8), (8, 9), (9, 10)], cost=1454.72
  Col 8199: blocks=[(0, 3), (3, 4), (4, 6), (6, 7), (7, 8), (8, 9), (9, 10)], cost=1456.31
  Col 8200: blocks=[(0, 3), (3, 4), (4, 6), (6, 7), (7, 8), (8, 9), (9, 10)], cost=1537.98
  Col 8201: blocks=[(0, 3), (3, 4), (4, 6), (6, 7), (7, 8), (8, 10)], cost=1255.07
  Col 8202: blocks=[(0, 3), (3, 4), (4, 6), (6, 7), (7, 8), (8, 10)], cost=1336.73
  Col 8203: blocks=[(0, 3), (3, 4), (4, 6), (6, 7), (7, 8), (8, 10)], cost=1338.33
  Col 8204: blocks=[(0, 3), (3, 4), (4, 6), (6, 7), (7, 8), (8, 10)], cost=1342.00
  Col 8205: blocks=[(0, 3), (3, 4), (4, 6), (6, 7), (7, 8), (8, 10)], cost=1342.68
  Col 8206: blocks=[(0, 3), (3, 4), (4, 6), (6, 7), (7, 8), (8, 10)], cost=1419.99
  Col 8207: blocks=[(0, 3), (3, 4), (4, 6), (6, 7), (7, 8), (8, 10)], cost=1423.66
  Col 8208: blocks=[(0, 3), (3, 4), (4, 6), (6, 7), (7, 8), (8, 10)], cost=1424.34
  Col 8209: blocks=[(0, 3), (3, 4), (4, 6), (6, 7), (7, 8), (8, 10)], cost=1425.25
  Col 8210: blocks=[(0, 3), (3, 4), (4, 6), (6, 7), (7, 8), (8, 10)], cost=1425.93
  Col 8211: blocks=[(0, 3), (3, 4), (4, 6), (6, 7), (7, 8), (8, 10)], cost=1429.61
  Col 8212: blocks=[(0, 3), (3, 4), (4, 6), (6, 7), (7, 8), (8, 10)], cost=1506.92
  Col 8213: blocks=[(0, 3), (3, 4), (4, 6), (6, 7), (7, 8), (8, 10)], cost=1507.60
  Col 8214: blocks=[(0, 3), (3, 4), (4, 6), (6, 7), (7, 8), (8, 10)], cost=1511.27
  Col 8215: blocks=[(0, 3), (3, 4), (4, 6), (6, 7), (7, 8), (8, 10)], cost=1512.86
  Col 8216: blocks=[(0, 3), (3, 4), (4, 6), (6, 7), (7, 9), (9, 10)], cost=1157.11
  Col 8217: blocks=[(0, 3), (3, 4), (4, 6), (6, 7), (7, 9), (9, 10)], cost=1245.07
  Col 8218: blocks=[(0, 3), (3, 4), (4, 6), (6, 7), (7, 9), (9, 10)], cost=1238.77
  Col 8219: blocks=[(0, 3), (3, 4), (4, 6), (6, 7), (7, 9), (9, 10)], cost=1240.36
  Col 8220: blocks=[(0, 3), (3, 4), (4, 6), (6, 7), (7, 9), (9, 10)], cost=1244.04
  Col 8221: blocks=[(0, 3), (3, 4), (4, 6), (6, 7), (7, 9), (9, 10)], cost=1326.73
  Col 8222: blocks=[(0, 3), (3, 4), (4, 6), (6, 7), (7, 9), (9, 10)], cost=1328.32
  Col 8223: blocks=[(0, 3), (3, 4), (4, 6), (6, 7), (7, 9), (9, 10)], cost=1331.99
  Col 8224: blocks=[(0, 3), (3, 4), (4, 6), (6, 7), (7, 9), (9, 10)], cost=1322.03
  Col 8225: blocks=[(0, 3), (3, 4), (4, 6), (6, 7), (7, 9), (9, 10)], cost=1325.70
  Col 8226: blocks=[(0, 3), (3, 4), (4, 6), (6, 7), (7, 9), (9, 10)], cost=1327.29
  Col 8227: blocks=[(0, 3), (3, 4), (4, 6), (6, 7), (7, 9), (9, 10)], cost=1409.98
  Col 8228: blocks=[(0, 3), (3, 4), (4, 6), (6, 7), (7, 9), (9, 10)], cost=1413.66
  Col 8229: blocks=[(0, 3), (3, 4), (4, 6), (6, 7), (7, 9), (9, 10)], cost=1415.25
  Col 8230: blocks=[(0, 3), (3, 4), (4, 6), (6, 7), (7, 9), (9, 10)], cost=1408.95
  Col 8231: blocks=[(0, 3), (3, 4), (4, 6), (6, 7), (7, 10)], cost=1082.98
  Col 8232: blocks=[(0, 3), (3, 4), (4, 6), (6, 7), (7, 10)], cost=1164.64
  Col 8233: blocks=[(0, 3), (3, 4), (4, 6), (6, 7), (7, 10)], cost=1166.23
  Col 8234: blocks=[(0, 3), (3, 4), (4, 6), (6, 7), (7, 10)], cost=1169.91
  Col 8235: blocks=[(0, 3), (3, 4), (4, 6), (6, 7), (7, 10)], cost=1170.94
  Col 8236: blocks=[(0, 3), (3, 4), (4, 6), (6, 7), (7, 10)], cost=1170.59
  Col 8237: blocks=[(0, 3), (3, 4), (4, 6), (6, 7), (7, 10)], cost=1247.90
  Col 8238: blocks=[(0, 3), (3, 4), (4, 6), (6, 7), (7, 10)], cost=1251.57
  Col 8239: blocks=[(0, 3), (3, 4), (4, 6), (6, 7), (7, 10)], cost=1252.60
  Col 8240: blocks=[(0, 3), (3, 4), (4, 6), (6, 7), (7, 10)], cost=1252.25
  Col 8241: blocks=[(0, 3), (3, 4), (4, 6), (6, 7), (7, 10)], cost=1253.16
  Col 8242: blocks=[(0, 3), (3, 4), (4, 6), (6, 7), (7, 10)], cost=1254.19
  Col 8243: blocks=[(0, 3), (3, 4), (4, 6), (6, 7), (7, 10)], cost=1253.84
  Col 8244: blocks=[(0, 3), (3, 4), (4, 6), (6, 7), (7, 10)], cost=1257.86
  Col 8245: blocks=[(0, 3), (3, 4), (4, 6), (6, 7), (7, 10)], cost=1257.52
  Col 8246: blocks=[(0, 3), (3, 4), (4, 6), (6, 7), (7, 10)], cost=1258.54
  Col 8247: blocks=[(0, 3), (3, 4), (4, 6), (6, 7), (7, 10)], cost=1334.83
  Col 8248: blocks=[(0, 3), (3, 4), (4, 6), (6, 7), (7, 10)], cost=1335.85
  Col 8249: blocks=[(0, 3), (3, 4), (4, 6), (6, 7), (7, 10)], cost=1335.51
  Col 8250: blocks=[(0, 3), (3, 4), (4, 6), (6, 7), (7, 10)], cost=1339.53
  Col 8251: blocks=[(0, 3), (3, 4), (4, 6), (6, 7), (7, 10)], cost=1339.18
  Col 8252: blocks=[(0, 3), (3, 4), (4, 6), (6, 7), (7, 10)], cost=1340.21
  Col 8253: blocks=[(0, 3), (3, 4), (4, 6), (6, 7), (7, 10)], cost=1341.12
  Col 8254: blocks=[(0, 3), (3, 4), (4, 6), (6, 7), (7, 10)], cost=1340.77
  Col 8255: blocks=[(0, 3), (3, 4), (4, 6), (6, 7), (7, 10)], cost=1341.80
  Col 8256: blocks=[(0, 3), (3, 4), (4, 6), (6, 7), (7, 10)], cost=1345.47
  Col 8257: blocks=[(0, 3), (3, 4), (4, 6), (6, 8), (8, 9), (9, 10)], cost=1207.92
  Col 8258: blocks=[(0, 3), (3, 4), (4, 6), (6, 8), (8, 9), (9, 10)], cost=1289.58
  Col 8259: blocks=[(0, 3), (3, 4), (4, 6), (6, 8), (8, 9), (9, 10)], cost=1291.17
  Col 8260: blocks=[(0, 3), (3, 4), (4, 6), (6, 8), (8, 9), (9, 10)], cost=1294.85
  Col 8261: blocks=[(0, 3), (3, 4), (4, 6), (6, 8), (8, 9), (9, 10)], cost=1295.88
  Col 8262: blocks=[(0, 3), (3, 4), (4, 6), (6, 8), (8, 9), (9, 10)], cost=1372.84
  Col 8263: blocks=[(0, 3), (3, 4), (4, 6), (6, 8), (8, 9), (9, 10)], cost=1376.51
  Col 8264: blocks=[(0, 3), (3, 4), (4, 6), (6, 8), (8, 9), (9, 10)], cost=1377.54
  Col 8265: blocks=[(0, 3), (3, 4), (4, 6), (6, 8), (8, 9), (9, 10)], cost=1378.10
  Col 8266: blocks=[(0, 3), (3, 4), (4, 6), (6, 8), (8, 9), (9, 10)], cost=1379.13
  Col 8267: blocks=[(0, 3), (3, 4), (4, 6), (6, 8), (8, 9), (9, 10)], cost=1382.80
  Col 8268: blocks=[(0, 3), (3, 4), (4, 6), (6, 8), (8, 9), (9, 10)], cost=1459.76
  Col 8269: blocks=[(0, 3), (3, 4), (4, 6), (6, 8), (8, 9), (9, 10)], cost=1460.79
  Col 8270: blocks=[(0, 3), (3, 4), (4, 6), (6, 8), (8, 9), (9, 10)], cost=1464.47
  Col 8271: blocks=[(0, 3), (3, 4), (4, 6), (6, 8), (8, 9), (9, 10)], cost=1466.06
  Col 8272: blocks=[(0, 3), (3, 4), (4, 6), (6, 8), (8, 10)], cost=1176.86
  Col 8273: blocks=[(0, 3), (3, 4), (4, 6), (6, 8), (8, 10)], cost=1258.52
  Col 8274: blocks=[(0, 3), (3, 4), (4, 6), (6, 8), (8, 10)], cost=1260.11
  Col 8275: blocks=[(0, 3), (3, 4), (4, 6), (6, 8), (8, 10)], cost=1263.79
  Col 8276: blocks=[(0, 3), (3, 4), (4, 6), (6, 8), (8, 10)], cost=1264.82
  Col 8277: blocks=[(0, 3), (3, 4), (4, 6), (6, 8), (8, 10)], cost=1264.47
  Col 8278: blocks=[(0, 3), (3, 4), (4, 6), (6, 8), (8, 10)], cost=1341.78
  Col 8279: blocks=[(0, 3), (3, 4), (4, 6), (6, 8), (8, 10)], cost=1345.45
  Col 8280: blocks=[(0, 3), (3, 4), (4, 6), (6, 8), (8, 10)], cost=1346.48
  Col 8281: blocks=[(0, 3), (3, 4), (4, 6), (6, 8), (8, 10)], cost=1346.13
  Col 8282: blocks=[(0, 3), (3, 4), (4, 6), (6, 8), (8, 10)], cost=1347.04
  Col 8283: blocks=[(0, 3), (3, 4), (4, 6), (6, 8), (8, 10)], cost=1348.07
  Col 8284: blocks=[(0, 3), (3, 4), (4, 6), (6, 8), (8, 10)], cost=1347.72
  Col 8285: blocks=[(0, 3), (3, 4), (4, 6), (6, 8), (8, 10)], cost=1351.74
  Col 8286: blocks=[(0, 3), (3, 4), (4, 6), (6, 8), (8, 10)], cost=1351.40
  Col 8287: blocks=[(0, 3), (3, 4), (4, 6), (6, 8), (8, 10)], cost=1352.42
  Col 8288: blocks=[(0, 3), (3, 4), (4, 6), (6, 8), (8, 10)], cost=1428.70
  Col 8289: blocks=[(0, 3), (3, 4), (4, 6), (6, 8), (8, 10)], cost=1429.73
  Col 8290: blocks=[(0, 3), (3, 4), (4, 6), (6, 8), (8, 10)], cost=1429.38
  Col 8291: blocks=[(0, 3), (3, 4), (4, 6), (6, 8), (8, 10)], cost=1433.41
  Col 8292: blocks=[(0, 3), (3, 4), (4, 6), (6, 8), (8, 10)], cost=1433.06
  Col 8293: blocks=[(0, 3), (3, 4), (4, 6), (6, 8), (8, 10)], cost=1434.09
  Col 8294: blocks=[(0, 3), (3, 4), (4, 6), (6, 8), (8, 10)], cost=1435.00
  Col 8295: blocks=[(0, 3), (3, 4), (4, 6), (6, 8), (8, 10)], cost=1434.65
  Col 8296: blocks=[(0, 3), (3, 4), (4, 6), (6, 8), (8, 10)], cost=1435.68
  Col 8297: blocks=[(0, 3), (3, 4), (4, 6), (6, 8), (8, 10)], cost=1439.35
  Col 8298: blocks=[(0, 3), (3, 4), (4, 6), (6, 9), (9, 10)], cost=1102.40
  Col 8299: blocks=[(0, 3), (3, 4), (4, 6), (6, 9), (9, 10)], cost=1184.06
  Col 8300: blocks=[(0, 3), (3, 4), (4, 6), (6, 9), (9, 10)], cost=1185.65
  Col 8301: blocks=[(0, 3), (3, 4), (4, 6), (6, 9), (9, 10)], cost=1189.33
  Col 8302: blocks=[(0, 3), (3, 4), (4, 6), (6, 9), (9, 10)], cost=1190.35
  Col 8303: blocks=[(0, 3), (3, 4), (4, 6), (6, 9), (9, 10)], cost=1190.35
  Col 8304: blocks=[(0, 3), (3, 4), (4, 6), (6, 9), (9, 10)], cost=1267.31
  Col 8305: blocks=[(0, 3), (3, 4), (4, 6), (6, 9), (9, 10)], cost=1270.99
  Col 8306: blocks=[(0, 3), (3, 4), (4, 6), (6, 9), (9, 10)], cost=1272.02
  Col 8307: blocks=[(0, 3), (3, 4), (4, 6), (6, 9), (9, 10)], cost=1272.02
  Col 8308: blocks=[(0, 3), (3, 4), (4, 6), (6, 9), (9, 10)], cost=1272.58
  Col 8309: blocks=[(0, 3), (3, 4), (4, 6), (6, 9), (9, 10)], cost=1273.61
  Col 8310: blocks=[(0, 3), (3, 4), (4, 6), (6, 9), (9, 10)], cost=1273.61
  Col 8311: blocks=[(0, 3), (3, 4), (4, 6), (6, 9), (9, 10)], cost=1277.28
  Col 8312: blocks=[(0, 3), (3, 4), (4, 6), (6, 9), (9, 10)], cost=1277.28
  Col 8313: blocks=[(0, 3), (3, 4), (4, 6), (6, 9), (9, 10)], cost=1278.31
  Col 8314: blocks=[(0, 3), (3, 4), (4, 6), (6, 9), (9, 10)], cost=1354.24
  Col 8315: blocks=[(0, 3), (3, 4), (4, 6), (6, 9), (9, 10)], cost=1355.27
  Col 8316: blocks=[(0, 3), (3, 4), (4, 6), (6, 9), (9, 10)], cost=1355.27
  Col 8317: blocks=[(0, 3), (3, 4), (4, 6), (6, 9), (9, 10)], cost=1358.94
  Col 8318: blocks=[(0, 3), (3, 4), (4, 6), (6, 9), (9, 10)], cost=1358.94
  Col 8319: blocks=[(0, 3), (3, 4), (4, 6), (6, 9), (9, 10)], cost=1359.97
  Col 8320: blocks=[(0, 3), (3, 4), (4, 6), (6, 9), (9, 10)], cost=1360.54
  Col 8321: blocks=[(0, 3), (3, 4), (4, 6), (6, 9), (9, 10)], cost=1360.54
  Col 8322: blocks=[(0, 3), (3, 4), (4, 6), (6, 9), (9, 10)], cost=1361.56
  Col 8323: blocks=[(0, 3), (3, 4), (4, 6), (6, 9), (9, 10)], cost=1365.24
  Col 8324: blocks=[(0, 3), (3, 4), (4, 6), (6, 10)], cost=1052.91
  Col 8325: blocks=[(0, 3), (3, 4), (4, 6), (6, 10)], cost=1134.58
  Col 8326: blocks=[(0, 3), (3, 4), (4, 6), (6, 10)], cost=1136.17
  Col 8327: blocks=[(0, 3), (3, 4), (4, 6), (6, 10)], cost=1139.84
  Col 8328: blocks=[(0, 3), (3, 4), (4, 6), (6, 10)], cost=1140.87
  Col 8329: blocks=[(0, 3), (3, 4), (4, 6), (6, 10)], cost=1140.87
  Col 8330: blocks=[(0, 3), (3, 4), (4, 6), (6, 10)], cost=1140.52
  Col 8331: blocks=[(0, 3), (3, 4), (4, 6), (6, 10)], cost=1217.83
  Col 8332: blocks=[(0, 3), (3, 4), (4, 6), (6, 10)], cost=1221.51
  Col 8333: blocks=[(0, 3), (3, 4), (4, 6), (6, 10)], cost=1222.53
  Col 8334: blocks=[(0, 3), (3, 4), (4, 6), (6, 10)], cost=1222.53
  Col 8335: blocks=[(0, 3), (3, 4), (4, 6), (6, 10)], cost=1222.19
  Col 8336: blocks=[(0, 3), (3, 4), (4, 6), (6, 10)], cost=1223.10
  Col 8337: blocks=[(0, 3), (3, 4), (4, 6), (6, 10)], cost=1224.12
  Col 8338: blocks=[(0, 3), (3, 4), (4, 6), (6, 10)], cost=1224.12
  Col 8339: blocks=[(0, 3), (3, 4), (4, 6), (6, 10)], cost=1223.78
  Col 8340: blocks=[(0, 3), (3, 4), (4, 6), (6, 10)], cost=1227.80
  Col 8341: blocks=[(0, 3), (3, 4), (4, 6), (6, 10)], cost=1227.80
  Col 8342: blocks=[(0, 3), (3, 4), (4, 6), (6, 10)], cost=1227.45
  Col 8343: blocks=[(0, 3), (3, 4), (4, 6), (6, 10)], cost=1228.83
  Col 8344: blocks=[(0, 3), (3, 4), (4, 6), (6, 10)], cost=1228.48
  Col 8345: blocks=[(0, 3), (3, 4), (4, 6), (6, 10)], cost=1228.48
  Col 8346: blocks=[(0, 3), (3, 4), (4, 6), (6, 10)], cost=1304.76
  Col 8347: blocks=[(0, 3), (3, 4), (4, 6), (6, 10)], cost=1305.79
  Col 8348: blocks=[(0, 3), (3, 4), (4, 6), (6, 10)], cost=1305.79
  Col 8349: blocks=[(0, 3), (3, 4), (4, 6), (6, 10)], cost=1305.44
  Col 8350: blocks=[(0, 3), (3, 4), (4, 6), (6, 10)], cost=1309.46
  Col 8351: blocks=[(0, 3), (3, 4), (4, 6), (6, 10)], cost=1309.46
  Col 8352: blocks=[(0, 3), (3, 4), (4, 6), (6, 10)], cost=1309.11
  Col 8353: blocks=[(0, 3), (3, 4), (4, 6), (6, 10)], cost=1310.49
  Col 8354: blocks=[(0, 3), (3, 4), (4, 6), (6, 10)], cost=1310.14
  Col 8355: blocks=[(0, 3), (3, 4), (4, 6), (6, 10)], cost=1310.14
  Col 8356: blocks=[(0, 3), (3, 4), (4, 6), (6, 10)], cost=1311.05
  Col 8357: blocks=[(0, 3), (3, 4), (4, 6), (6, 10)], cost=1311.05
  Col 8358: blocks=[(0, 3), (3, 4), (4, 6), (6, 10)], cost=1310.70
  Col 8359: blocks=[(0, 3), (3, 4), (4, 6), (6, 10)], cost=1312.08
  Col 8360: blocks=[(0, 3), (3, 4), (4, 6), (6, 10)], cost=1311.73
  Col 8361: blocks=[(0, 3), (3, 4), (4, 6), (6, 10)], cost=1311.73
  Col 8362: blocks=[(0, 3), (3, 4), (4, 6), (6, 10)], cost=1315.75
  Col 8363: blocks=[(0, 3), (3, 4), (4, 6), (6, 10)], cost=1315.41
  Col 8364: blocks=[(0, 3), (3, 4), (4, 6), (6, 10)], cost=1315.41
  Col 8365: blocks=[(0, 3), (3, 4), (4, 6), (6, 10)], cost=1316.43
  Col 8366: blocks=[(0, 3), (3, 4), (4, 7), (7, 8), (8, 9), (9, 10)], cost=1218.31
  Col 8367: blocks=[(0, 3), (3, 4), (4, 7), (7, 8), (8, 9), (9, 10)], cost=1299.98
  Col 8368: blocks=[(0, 3), (3, 4), (4, 7), (7, 8), (8, 9), (9, 10)], cost=1301.57
  Col 8369: blocks=[(0, 3), (3, 4), (4, 7), (7, 8), (8, 9), (9, 10)], cost=1305.24
  Col 8370: blocks=[(0, 3), (3, 4), (4, 7), (7, 8), (8, 9), (9, 10)], cost=1305.92
  Col 8371: blocks=[(0, 3), (3, 4), (4, 7), (7, 8), (8, 9), (9, 10)], cost=1383.23
  Col 8372: blocks=[(0, 3), (3, 4), (4, 7), (7, 8), (8, 9), (9, 10)], cost=1386.91
  Col 8373: blocks=[(0, 3), (3, 4), (4, 7), (7, 8), (8, 9), (9, 10)], cost=1387.59
  Col 8374: blocks=[(0, 3), (3, 4), (4, 7), (7, 8), (8, 9), (9, 10)], cost=1388.50
  Col 8375: blocks=[(0, 3), (3, 4), (4, 7), (7, 8), (8, 9), (9, 10)], cost=1389.18
  Col 8376: blocks=[(0, 3), (3, 4), (4, 7), (7, 8), (8, 9), (9, 10)], cost=1392.85
  Col 8377: blocks=[(0, 3), (3, 4), (4, 7), (7, 8), (8, 9), (9, 10)], cost=1470.16
  Col 8378: blocks=[(0, 3), (3, 4), (4, 7), (7, 8), (8, 9), (9, 10)], cost=1470.84
  Col 8379: blocks=[(0, 3), (3, 4), (4, 7), (7, 8), (8, 9), (9, 10)], cost=1474.51
  Col 8380: blocks=[(0, 3), (3, 4), (4, 7), (7, 8), (8, 9), (9, 10)], cost=1476.10
  Col 8381: blocks=[(0, 3), (3, 4), (4, 7), (7, 8), (8, 10)], cost=1187.25
  Col 8382: blocks=[(0, 3), (3, 4), (4, 7), (7, 8), (8, 10)], cost=1268.92
  Col 8383: blocks=[(0, 3), (3, 4), (4, 7), (7, 8), (8, 10)], cost=1270.51
  Col 8384: blocks=[(0, 3), (3, 4), (4, 7), (7, 8), (8, 10)], cost=1274.18
  Col 8385: blocks=[(0, 3), (3, 4), (4, 7), (7, 8), (8, 10)], cost=1274.86
  Col 8386: blocks=[(0, 3), (3, 4), (4, 7), (7, 8), (8, 10)], cost=1274.86
  Col 8387: blocks=[(0, 3), (3, 4), (4, 7), (7, 8), (8, 10)], cost=1352.17
  Col 8388: blocks=[(0, 3), (3, 4), (4, 7), (7, 8), (8, 10)], cost=1355.85
  Col 8389: blocks=[(0, 3), (3, 4), (4, 7), (7, 8), (8, 10)], cost=1356.53
  Col 8390: blocks=[(0, 3), (3, 4), (4, 7), (7, 8), (8, 10)], cost=1356.53
  Col 8391: blocks=[(0, 3), (3, 4), (4, 7), (7, 8), (8, 10)], cost=1357.44
  Col 8392: blocks=[(0, 3), (3, 4), (4, 7), (7, 8), (8, 10)], cost=1358.12
  Col 8393: blocks=[(0, 3), (3, 4), (4, 7), (7, 8), (8, 10)], cost=1358.12
  Col 8394: blocks=[(0, 3), (3, 4), (4, 7), (7, 8), (8, 10)], cost=1361.79
  Col 8395: blocks=[(0, 3), (3, 4), (4, 7), (7, 8), (8, 10)], cost=1361.79
  Col 8396: blocks=[(0, 3), (3, 4), (4, 7), (7, 8), (8, 10)], cost=1362.47
  Col 8397: blocks=[(0, 3), (3, 4), (4, 7), (7, 8), (8, 10)], cost=1439.10
  Col 8398: blocks=[(0, 3), (3, 4), (4, 7), (7, 8), (8, 10)], cost=1439.78
  Col 8399: blocks=[(0, 3), (3, 4), (4, 7), (7, 8), (8, 10)], cost=1439.78
  Col 8400: blocks=[(0, 3), (3, 4), (4, 7), (7, 8), (8, 10)], cost=1443.45
  Col 8401: blocks=[(0, 3), (3, 4), (4, 7), (7, 8), (8, 10)], cost=1443.45
  Col 8402: blocks=[(0, 3), (3, 4), (4, 7), (7, 8), (8, 10)], cost=1444.13
  Col 8403: blocks=[(0, 3), (3, 4), (4, 7), (7, 8), (8, 10)], cost=1445.04
  Col 8404: blocks=[(0, 3), (3, 4), (4, 7), (7, 8), (8, 10)], cost=1445.04
  Col 8405: blocks=[(0, 3), (3, 4), (4, 7), (7, 8), (8, 10)], cost=1445.73
  Col 8406: blocks=[(0, 3), (3, 4), (4, 7), (7, 8), (8, 10)], cost=1449.40
  Col 8407: blocks=[(0, 3), (3, 4), (4, 7), (7, 9), (9, 10)], cost=1089.29
  Col 8408: blocks=[(0, 3), (3, 4), (4, 7), (7, 9), (9, 10)], cost=1170.96
  Col 8409: blocks=[(0, 3), (3, 4), (4, 7), (7, 9), (9, 10)], cost=1172.55
  Col 8410: blocks=[(0, 3), (3, 4), (4, 7), (7, 9), (9, 10)], cost=1176.22
  Col 8411: blocks=[(0, 3), (3, 4), (4, 7), (7, 9), (9, 10)], cost=1176.90
  Col 8412: blocks=[(0, 3), (3, 4), (4, 7), (7, 9), (9, 10)], cost=1177.25
  Col 8413: blocks=[(0, 3), (3, 4), (4, 7), (7, 9), (9, 10)], cost=1254.21
  Col 8414: blocks=[(0, 3), (3, 4), (4, 7), (7, 9), (9, 10)], cost=1257.88
  Col 8415: blocks=[(0, 3), (3, 4), (4, 7), (7, 9), (9, 10)], cost=1258.56
  Col 8416: blocks=[(0, 3), (3, 4), (4, 7), (7, 9), (9, 10)], cost=1258.91
  Col 8417: blocks=[(0, 3), (3, 4), (4, 7), (7, 9), (9, 10)], cost=1259.47
  Col 8418: blocks=[(0, 3), (3, 4), (4, 7), (7, 9), (9, 10)], cost=1260.15
  Col 8419: blocks=[(0, 3), (3, 4), (4, 7), (7, 9), (9, 10)], cost=1260.50
  Col 8420: blocks=[(0, 3), (3, 4), (4, 7), (7, 9), (9, 10)], cost=1263.83
  Col 8421: blocks=[(0, 3), (3, 4), (4, 7), (7, 9), (9, 10)], cost=1264.18
  Col 8422: blocks=[(0, 3), (3, 4), (4, 7), (7, 9), (9, 10)], cost=1264.86
  Col 8423: blocks=[(0, 3), (3, 4), (4, 7), (7, 9), (9, 10)], cost=1341.14
  Col 8424: blocks=[(0, 3), (3, 4), (4, 7), (7, 9), (9, 10)], cost=1341.82
  Col 8425: blocks=[(0, 3), (3, 4), (4, 7), (7, 9), (9, 10)], cost=1342.17
  Col 8426: blocks=[(0, 3), (3, 4), (4, 7), (7, 9), (9, 10)], cost=1345.49
  Col 8427: blocks=[(0, 3), (3, 4), (4, 7), (7, 9), (9, 10)], cost=1345.84
  Col 8428: blocks=[(0, 3), (3, 4), (4, 7), (7, 9), (9, 10)], cost=1346.52
  Col 8429: blocks=[(0, 3), (3, 4), (4, 7), (7, 9), (9, 10)], cost=1347.08
  Col 8430: blocks=[(0, 3), (3, 4), (4, 7), (7, 9), (9, 10)], cost=1347.43
  Col 8431: blocks=[(0, 3), (3, 4), (4, 7), (7, 9), (9, 10)], cost=1348.11
  Col 8432: blocks=[(0, 3), (3, 4), (4, 7), (7, 9), (9, 10)], cost=1351.78
  Col 8433: blocks=[(0, 3), (3, 4), (4, 7), (7, 10)], cost=1015.16
  Col 8434: blocks=[(0, 3), (3, 4), (4, 7), (7, 10)], cost=1096.83
  Col 8435: blocks=[(0, 3), (3, 4), (4, 7), (7, 10)], cost=1098.42
  Col 8436: blocks=[(0, 3), (3, 4), (4, 7), (7, 10)], cost=1102.09
  Col 8437: blocks=[(0, 3), (3, 4), (4, 7), (7, 10)], cost=1102.77
  Col 8438: blocks=[(0, 3), (3, 4), (4, 7), (7, 10)], cost=1103.12
  Col 8439: blocks=[(0, 3), (3, 4), (4, 7), (7, 10)], cost=1102.77
  Col 8440: blocks=[(0, 3), (3, 4), (4, 7), (7, 10)], cost=1180.08
  Col 8441: blocks=[(0, 3), (3, 4), (4, 7), (7, 10)], cost=1183.75
  Col 8442: blocks=[(0, 3), (3, 4), (4, 7), (7, 10)], cost=1184.43
  Col 8443: blocks=[(0, 3), (3, 4), (4, 7), (7, 10)], cost=1184.78
  Col 8444: blocks=[(0, 3), (3, 4), (4, 7), (7, 10)], cost=1184.43
  Col 8445: blocks=[(0, 3), (3, 4), (4, 7), (7, 10)], cost=1185.34
  Col 8446: blocks=[(0, 3), (3, 4), (4, 7), (7, 10)], cost=1186.02
  Col 8447: blocks=[(0, 3), (3, 4), (4, 7), (7, 10)], cost=1186.37
  Col 8448: blocks=[(0, 3), (3, 4), (4, 7), (7, 10)], cost=1186.02
  Col 8449: blocks=[(0, 3), (3, 4), (4, 7), (7, 10)], cost=1189.70
  Col 8450: blocks=[(0, 3), (3, 4), (4, 7), (7, 10)], cost=1190.05
  Col 8451: blocks=[(0, 3), (3, 4), (4, 7), (7, 10)], cost=1189.70
  Col 8452: blocks=[(0, 3), (3, 4), (4, 7), (7, 10)], cost=1190.73
  Col 8453: blocks=[(0, 3), (3, 4), (4, 7), (7, 10)], cost=1190.38
  Col 8454: blocks=[(0, 3), (3, 4), (4, 7), (7, 10)], cost=1190.73
  Col 8455: blocks=[(0, 3), (3, 4), (4, 7), (7, 10)], cost=1267.01
  Col 8456: blocks=[(0, 3), (3, 4), (4, 7), (7, 10)], cost=1267.69
  Col 8457: blocks=[(0, 3), (3, 4), (4, 7), (7, 10)], cost=1268.04
  Col 8458: blocks=[(0, 3), (3, 4), (4, 7), (7, 10)], cost=1267.69
  Col 8459: blocks=[(0, 3), (3, 4), (4, 7), (7, 10)], cost=1271.36
  Col 8460: blocks=[(0, 3), (3, 4), (4, 7), (7, 10)], cost=1271.71
  Col 8461: blocks=[(0, 3), (3, 4), (4, 7), (7, 10)], cost=1271.36
  Col 8462: blocks=[(0, 3), (3, 4), (4, 7), (7, 10)], cost=1272.39
  Col 8463: blocks=[(0, 3), (3, 4), (4, 7), (7, 10)], cost=1272.04
  Col 8464: blocks=[(0, 3), (3, 4), (4, 7), (7, 10)], cost=1272.39
  Col 8465: blocks=[(0, 3), (3, 4), (4, 7), (7, 10)], cost=1272.95
  Col 8466: blocks=[(0, 3), (3, 4), (4, 7), (7, 10)], cost=1273.30
  Col 8467: blocks=[(0, 3), (3, 4), (4, 7), (7, 10)], cost=1272.95
  Col 8468: blocks=[(0, 3), (3, 4), (4, 7), (7, 10)], cost=1273.98
  Col 8469: blocks=[(0, 3), (3, 4), (4, 7), (7, 10)], cost=1273.63
  Col 8470: blocks=[(0, 3), (3, 4), (4, 7), (7, 10)], cost=1273.98
  Col 8471: blocks=[(0, 3), (3, 4), (4, 7), (7, 10)], cost=1277.66
  Col 8472: blocks=[(0, 3), (3, 4), (4, 7), (7, 10)], cost=1277.31
  Col 8473: blocks=[(0, 3), (3, 4), (4, 7), (7, 10)], cost=1277.66
  Col 8474: blocks=[(0, 3), (3, 4), (4, 7), (7, 10)], cost=1278.34
  Col 8475: blocks=[(0, 3), (3, 4), (4, 8), (8, 9), (9, 10)], cost=1159.89
  Col 8476: blocks=[(0, 3), (3, 4), (4, 8), (8, 9), (9, 10)], cost=1241.56
  Col 8477: blocks=[(0, 3), (3, 4), (4, 8), (8, 9), (9, 10)], cost=1243.15
  Col 8478: blocks=[(0, 3), (3, 4), (4, 8), (8, 9), (9, 10)], cost=1246.82
  Col 8479: blocks=[(0, 3), (3, 4), (4, 8), (8, 9), (9, 10)], cost=1247.50
  Col 8480: blocks=[(0, 3), (3, 4), (4, 8), (8, 9), (9, 10)], cost=1247.85
  Col 8481: blocks=[(0, 3), (3, 4), (4, 8), (8, 9), (9, 10)], cost=1324.81
  Col 8482: blocks=[(0, 3), (3, 4), (4, 8), (8, 9), (9, 10)], cost=1328.48
  Col 8483: blocks=[(0, 3), (3, 4), (4, 8), (8, 9), (9, 10)], cost=1329.17
  Col 8484: blocks=[(0, 3), (3, 4), (4, 8), (8, 9), (9, 10)], cost=1329.51
  Col 8485: blocks=[(0, 3), (3, 4), (4, 8), (8, 9), (9, 10)], cost=1330.08
  Col 8486: blocks=[(0, 3), (3, 4), (4, 8), (8, 9), (9, 10)], cost=1330.76
  Col 8487: blocks=[(0, 3), (3, 4), (4, 8), (8, 9), (9, 10)], cost=1331.10
  Col 8488: blocks=[(0, 3), (3, 4), (4, 8), (8, 9), (9, 10)], cost=1334.43
  Col 8489: blocks=[(0, 3), (3, 4), (4, 8), (8, 9), (9, 10)], cost=1334.78
  Col 8490: blocks=[(0, 3), (3, 4), (4, 8), (8, 9), (9, 10)], cost=1335.46
  Col 8491: blocks=[(0, 3), (3, 4), (4, 8), (8, 9), (9, 10)], cost=1411.74
  Col 8492: blocks=[(0, 3), (3, 4), (4, 8), (8, 9), (9, 10)], cost=1412.42
  Col 8493: blocks=[(0, 3), (3, 4), (4, 8), (8, 9), (9, 10)], cost=1412.77
  Col 8494: blocks=[(0, 3), (3, 4), (4, 8), (8, 9), (9, 10)], cost=1416.09
  Col 8495: blocks=[(0, 3), (3, 4), (4, 8), (8, 9), (9, 10)], cost=1416.44
  Col 8496: blocks=[(0, 3), (3, 4), (4, 8), (8, 9), (9, 10)], cost=1417.12
  Col 8497: blocks=[(0, 3), (3, 4), (4, 8), (8, 9), (9, 10)], cost=1417.68
  Col 8498: blocks=[(0, 3), (3, 4), (4, 8), (8, 9), (9, 10)], cost=1418.03
  Col 8499: blocks=[(0, 3), (3, 4), (4, 8), (8, 9), (9, 10)], cost=1418.71
  Col 8500: blocks=[(0, 3), (3, 4), (4, 8), (8, 9), (9, 10)], cost=1422.39
  Col 8501: blocks=[(0, 3), (3, 4), (4, 8), (8, 10)], cost=1128.83
  Col 8502: blocks=[(0, 3), (3, 4), (4, 8), (8, 10)], cost=1210.50
  Col 8503: blocks=[(0, 3), (3, 4), (4, 8), (8, 10)], cost=1212.09
  Col 8504: blocks=[(0, 3), (3, 4), (4, 8), (8, 10)], cost=1215.76
  Col 8505: blocks=[(0, 3), (3, 4), (4, 8), (8, 10)], cost=1216.44
  Col 8506: blocks=[(0, 3), (3, 4), (4, 8), (8, 10)], cost=1216.79
  Col 8507: blocks=[(0, 3), (3, 4), (4, 8), (8, 10)], cost=1216.44
  Col 8508: blocks=[(0, 3), (3, 4), (4, 8), (8, 10)], cost=1293.75
  Col 8509: blocks=[(0, 3), (3, 4), (4, 8), (8, 10)], cost=1297.42
  Col 8510: blocks=[(0, 3), (3, 4), (4, 8), (8, 10)], cost=1298.11
  Col 8511: blocks=[(0, 3), (3, 4), (4, 8), (8, 10)], cost=1298.45
  Col 8512: blocks=[(0, 3), (3, 4), (4, 8), (8, 10)], cost=1298.11
  Col 8513: blocks=[(0, 3), (3, 4), (4, 8), (8, 10)], cost=1299.02
  Col 8514: blocks=[(0, 3), (3, 4), (4, 8), (8, 10)], cost=1299.70
  Col 8515: blocks=[(0, 3), (3, 4), (4, 8), (8, 10)], cost=1300.04
  Col 8516: blocks=[(0, 3), (3, 4), (4, 8), (8, 10)], cost=1299.70
  Col 8517: blocks=[(0, 3), (3, 4), (4, 8), (8, 10)], cost=1303.37
  Col 8518: blocks=[(0, 3), (3, 4), (4, 8), (8, 10)], cost=1303.72
  Col 8519: blocks=[(0, 3), (3, 4), (4, 8), (8, 10)], cost=1303.37
  Col 8520: blocks=[(0, 3), (3, 4), (4, 8), (8, 10)], cost=1304.40
  Col 8521: blocks=[(0, 3), (3, 4), (4, 8), (8, 10)], cost=1304.05
  Col 8522: blocks=[(0, 3), (3, 4), (4, 8), (8, 10)], cost=1304.40
  Col 8523: blocks=[(0, 3), (3, 4), (4, 8), (8, 10)], cost=1380.68
  Col 8524: blocks=[(0, 3), (3, 4), (4, 8), (8, 10)], cost=1381.36
  Col 8525: blocks=[(0, 3), (3, 4), (4, 8), (8, 10)], cost=1381.71
  Col 8526: blocks=[(0, 3), (3, 4), (4, 8), (8, 10)], cost=1381.36
  Col 8527: blocks=[(0, 3), (3, 4), (4, 8), (8, 10)], cost=1385.03
  Col 8528: blocks=[(0, 3), (3, 4), (4, 8), (8, 10)], cost=1385.38
  Col 8529: blocks=[(0, 3), (3, 4), (4, 8), (8, 10)], cost=1385.03
  Col 8530: blocks=[(0, 3), (3, 4), (4, 8), (8, 10)], cost=1386.06
  Col 8531: blocks=[(0, 3), (3, 4), (4, 8), (8, 10)], cost=1385.71
  Col 8532: blocks=[(0, 3), (3, 4), (4, 8), (8, 10)], cost=1386.06
  Col 8533: blocks=[(0, 3), (3, 4), (4, 8), (8, 10)], cost=1386.62
  Col 8534: blocks=[(0, 3), (3, 4), (4, 8), (8, 10)], cost=1386.97
  Col 8535: blocks=[(0, 3), (3, 4), (4, 8), (8, 10)], cost=1386.62
  Col 8536: blocks=[(0, 3), (3, 4), (4, 8), (8, 10)], cost=1387.65
  Col 8537: blocks=[(0, 3), (3, 4), (4, 8), (8, 10)], cost=1387.30
  Col 8538: blocks=[(0, 3), (3, 4), (4, 8), (8, 10)], cost=1387.65
  Col 8539: blocks=[(0, 3), (3, 4), (4, 8), (8, 10)], cost=1391.33
  Col 8540: blocks=[(0, 3), (3, 4), (4, 8), (8, 10)], cost=1390.98
  Col 8541: blocks=[(0, 3), (3, 4), (4, 8), (8, 10)], cost=1391.33
  Col 8542: blocks=[(0, 3), (3, 4), (4, 8), (8, 10)], cost=1392.01
  Col 8543: blocks=[(0, 3), (3, 4), (4, 9), (9, 10)], cost=1102.10
  Col 8544: blocks=[(0, 3), (3, 4), (4, 9), (9, 10)], cost=1183.77
  Col 8545: blocks=[(0, 3), (3, 4), (4, 9), (9, 10)], cost=1185.36
  Col 8546: blocks=[(0, 3), (3, 4), (4, 9), (9, 10)], cost=1189.03
  Col 8547: blocks=[(0, 3), (3, 4), (4, 9), (9, 10)], cost=1189.71
  Col 8548: blocks=[(0, 3), (3, 4), (4, 9), (9, 10)], cost=1190.06
  Col 8549: blocks=[(0, 3), (3, 4), (4, 9), (9, 10)], cost=1190.06
  Col 8550: blocks=[(0, 3), (3, 4), (4, 9), (9, 10)], cost=1267.02
  Col 8551: blocks=[(0, 3), (3, 4), (4, 9), (9, 10)], cost=1270.69
  Col 8552: blocks=[(0, 3), (3, 4), (4, 9), (9, 10)], cost=1271.37
  Col 8553: blocks=[(0, 3), (3, 4), (4, 9), (9, 10)], cost=1271.72
  Col 8554: blocks=[(0, 3), (3, 4), (4, 9), (9, 10)], cost=1271.72
  Col 8555: blocks=[(0, 3), (3, 4), (4, 9), (9, 10)], cost=1272.29
  Col 8556: blocks=[(0, 3), (3, 4), (4, 9), (9, 10)], cost=1272.97
  Col 8557: blocks=[(0, 3), (3, 4), (4, 9), (9, 10)], cost=1273.31
  Col 8558: blocks=[(0, 3), (3, 4), (4, 9), (9, 10)], cost=1273.31
  Col 8559: blocks=[(0, 3), (3, 4), (4, 9), (9, 10)], cost=1276.64
  Col 8560: blocks=[(0, 3), (3, 4), (4, 9), (9, 10)], cost=1276.99
  Col 8561: blocks=[(0, 3), (3, 4), (4, 9), (9, 10)], cost=1276.99
  Col 8562: blocks=[(0, 3), (3, 4), (4, 9), (9, 10)], cost=1277.67
  Col 8563: blocks=[(0, 3), (3, 4), (4, 9), (9, 10)], cost=1277.67
  Col 8564: blocks=[(0, 3), (3, 4), (4, 9), (9, 10)], cost=1278.02
  Col 8565: blocks=[(0, 3), (3, 4), (4, 9), (9, 10)], cost=1353.95
  Col 8566: blocks=[(0, 3), (3, 4), (4, 9), (9, 10)], cost=1354.63
  Col 8567: blocks=[(0, 3), (3, 4), (4, 9), (9, 10)], cost=1354.98
  Col 8568: blocks=[(0, 3), (3, 4), (4, 9), (9, 10)], cost=1354.98
  Col 8569: blocks=[(0, 3), (3, 4), (4, 9), (9, 10)], cost=1358.30
  Col 8570: blocks=[(0, 3), (3, 4), (4, 9), (9, 10)], cost=1358.65
  Col 8571: blocks=[(0, 3), (3, 4), (4, 9), (9, 10)], cost=1358.65
  Col 8572: blocks=[(0, 3), (3, 4), (4, 9), (9, 10)], cost=1359.33
  Col 8573: blocks=[(0, 3), (3, 4), (4, 9), (9, 10)], cost=1359.33
  Col 8574: blocks=[(0, 3), (3, 4), (4, 9), (9, 10)], cost=1359.68
  Col 8575: blocks=[(0, 3), (3, 4), (4, 9), (9, 10)], cost=1359.89
  Col 8576: blocks=[(0, 3), (3, 4), (4, 9), (9, 10)], cost=1360.24
  Col 8577: blocks=[(0, 3), (3, 4), (4, 9), (9, 10)], cost=1360.24
  Col 8578: blocks=[(0, 3), (3, 4), (4, 9), (9, 10)], cost=1360.92
  Col 8579: blocks=[(0, 3), (3, 4), (4, 9), (9, 10)], cost=1360.92
  Col 8580: blocks=[(0, 3), (3, 4), (4, 9), (9, 10)], cost=1361.27
  Col 8581: blocks=[(0, 3), (3, 4), (4, 9), (9, 10)], cost=1364.60
  Col 8582: blocks=[(0, 3), (3, 4), (4, 9), (9, 10)], cost=1364.60
  Col 8583: blocks=[(0, 3), (3, 4), (4, 9), (9, 10)], cost=1364.94
  Col 8584: blocks=[(0, 3), (3, 4), (4, 9), (9, 10)], cost=1365.62
  Col 8585: blocks=[(0, 3), (3, 4), (4, 10)], cost=1102.68
  Col 8586: blocks=[(0, 3), (3, 4), (4, 10)], cost=1184.34
  Col 8587: blocks=[(0, 3), (3, 4), (4, 10)], cost=1185.93
  Col 8588: blocks=[(0, 3), (3, 4), (4, 10)], cost=1189.61
  Col 8589: blocks=[(0, 3), (3, 4), (4, 10)], cost=1190.29
  Col 8590: blocks=[(0, 3), (3, 4), (4, 10)], cost=1190.64
  Col 8591: blocks=[(0, 3), (3, 4), (4, 10)], cost=1190.64
  Col 8592: blocks=[(0, 3), (3, 4), (4, 10)], cost=1190.29
  Col 8593: blocks=[(0, 3), (3, 4), (4, 10)], cost=1267.60
  Col 8594: blocks=[(0, 3), (3, 4), (4, 10)], cost=1271.27
  Col 8595: blocks=[(0, 3), (3, 4), (4, 10)], cost=1271.95
  Col 8596: blocks=[(0, 3), (3, 4), (4, 10)], cost=1272.30
  Col 8597: blocks=[(0, 3), (3, 4), (4, 10)], cost=1272.30
  Col 8598: blocks=[(0, 3), (3, 4), (4, 10)], cost=1271.95
  Col 8599: blocks=[(0, 3), (3, 4), (4, 10)], cost=1272.86
  Col 8600: blocks=[(0, 3), (3, 4), (4, 10)], cost=1273.54
  Col 8601: blocks=[(0, 3), (3, 4), (4, 10)], cost=1273.89
  Col 8602: blocks=[(0, 3), (3, 4), (4, 10)], cost=1273.89
  Col 8603: blocks=[(0, 3), (3, 4), (4, 10)], cost=1273.54
  Col 8604: blocks=[(0, 3), (3, 4), (4, 10)], cost=1277.22
  Col 8605: blocks=[(0, 3), (3, 4), (4, 10)], cost=1277.56
  Col 8606: blocks=[(0, 3), (3, 4), (4, 10)], cost=1277.56
  Col 8607: blocks=[(0, 3), (3, 4), (4, 10)], cost=1277.22
  Col 8608: blocks=[(0, 3), (3, 4), (4, 10)], cost=1278.24
  Col 8609: blocks=[(0, 3), (3, 4), (4, 10)], cost=1278.24
  Col 8610: blocks=[(0, 3), (3, 4), (4, 10)], cost=1277.90
  Col 8611: blocks=[(0, 3), (3, 4), (4, 10)], cost=1278.59
  Col 8612: blocks=[(0, 3), (3, 4), (4, 10)], cost=1278.24
  Col 8613: blocks=[(0, 3), (3, 4), (4, 10)], cost=1278.24
  Col 8614: blocks=[(0, 3), (3, 4), (4, 10)], cost=1354.53
  Col 8615: blocks=[(0, 3), (3, 4), (4, 10)], cost=1355.21
  Col 8616: blocks=[(0, 3), (3, 4), (4, 10)], cost=1355.55
  Col 8617: blocks=[(0, 3), (3, 4), (4, 10)], cost=1355.55
  Col 8618: blocks=[(0, 3), (3, 4), (4, 10)], cost=1355.21
  Col 8619: blocks=[(0, 3), (3, 4), (4, 10)], cost=1358.88
  Col 8620: blocks=[(0, 3), (3, 4), (4, 10)], cost=1359.23
  Col 8621: blocks=[(0, 3), (3, 4), (4, 10)], cost=1359.23
  Col 8622: blocks=[(0, 3), (3, 4), (4, 10)], cost=1358.88
  Col 8623: blocks=[(0, 3), (3, 4), (4, 10)], cost=1359.91
  Col 8624: blocks=[(0, 3), (3, 4), (4, 10)], cost=1359.91
  Col 8625: blocks=[(0, 3), (3, 4), (4, 10)], cost=1359.56
  Col 8626: blocks=[(0, 3), (3, 4), (4, 10)], cost=1360.26
  Col 8627: blocks=[(0, 3), (3, 4), (4, 10)], cost=1359.91
  Col 8628: blocks=[(0, 3), (3, 4), (4, 10)], cost=1359.91
  Col 8629: blocks=[(0, 3), (3, 4), (4, 10)], cost=1360.47
  Col 8630: blocks=[(0, 3), (3, 4), (4, 10)], cost=1360.82
  Col 8631: blocks=[(0, 3), (3, 4), (4, 10)], cost=1360.82
  Col 8632: blocks=[(0, 3), (3, 4), (4, 10)], cost=1360.47
  Col 8633: blocks=[(0, 3), (3, 4), (4, 10)], cost=1361.50
  Col 8634: blocks=[(0, 3), (3, 4), (4, 10)], cost=1361.50
  Col 8635: blocks=[(0, 3), (3, 4), (4, 10)], cost=1361.15
  Col 8636: blocks=[(0, 3), (3, 4), (4, 10)], cost=1361.85
  Col 8637: blocks=[(0, 3), (3, 4), (4, 10)], cost=1361.50
  Col 8638: blocks=[(0, 3), (3, 4), (4, 10)], cost=1361.50
  Col 8639: blocks=[(0, 3), (3, 4), (4, 10)], cost=1365.17
  Col 8640: blocks=[(0, 3), (3, 4), (4, 10)], cost=1365.17
  Col 8641: blocks=[(0, 3), (3, 4), (4, 10)], cost=1364.83
  Col 8642: blocks=[(0, 3), (3, 4), (4, 10)], cost=1365.52
  Col 8643: blocks=[(0, 3), (3, 4), (4, 10)], cost=1365.17
  Col 8644: blocks=[(0, 3), (3, 4), (4, 10)], cost=1365.17
  Col 8645: blocks=[(0, 3), (3, 4), (4, 10)], cost=1366.20
  Col 8646: blocks=[(0, 3), (3, 4), (4, 10)], cost=1365.85
  Col 8647: blocks=[(0, 3), (3, 4), (4, 10)], cost=1365.85
  Col 8648: blocks=[(0, 3), (3, 4), (4, 10)], cost=1366.20
  Col 8649: blocks=[(0, 3), (3, 5), (5, 6), (6, 7), (7, 8), (8, 9), (9, 10)], cost=1322.20
  Col 8650: blocks=[(0, 3), (3, 5), (5, 6), (6, 7), (7, 8), (8, 9), (9, 10)], cost=1403.86
  Col 8651: blocks=[(0, 3), (3, 5), (5, 6), (6, 7), (7, 8), (8, 9), (9, 10)], cost=1405.45
  Col 8652: blocks=[(0, 3), (3, 5), (5, 6), (6, 7), (7, 8), (8, 9), (9, 10)], cost=1408.14
  Col 8653: blocks=[(0, 3), (3, 5), (5, 6), (6, 7), (7, 8), (8, 9), (9, 10)], cost=1487.12
  Col 8654: blocks=[(0, 3), (3, 5), (5, 6), (6, 7), (7, 8), (8, 9), (9, 10)], cost=1489.81
  Col 8655: blocks=[(0, 3), (3, 5), (5, 6), (6, 7), (7, 8), (8, 9), (9, 10)], cost=1491.40
  Col 8656: blocks=[(0, 3), (3, 5), (5, 6), (6, 7), (7, 8), (8, 9), (9, 10)], cost=1573.06
  Col 8657: blocks=[(0, 3), (3, 5), (5, 6), (6, 7), (7, 8), (8, 10)], cost=1291.14
  Col 8658: blocks=[(0, 3), (3, 5), (5, 6), (6, 7), (7, 8), (8, 10)], cost=1372.80
  Col 8659: blocks=[(0, 3), (3, 5), (5, 6), (6, 7), (7, 8), (8, 10)], cost=1374.39
  Col 8660: blocks=[(0, 3), (3, 5), (5, 6), (6, 7), (7, 8), (8, 10)], cost=1377.08
  Col 8661: blocks=[(0, 3), (3, 5), (5, 6), (6, 7), (7, 8), (8, 10)], cost=1378.75
  Col 8662: blocks=[(0, 3), (3, 5), (5, 6), (6, 7), (7, 8), (8, 10)], cost=1456.06
  Col 8663: blocks=[(0, 3), (3, 5), (5, 6), (6, 7), (7, 8), (8, 10)], cost=1458.75
  Col 8664: blocks=[(0, 3), (3, 5), (5, 6), (6, 7), (7, 8), (8, 10)], cost=1460.41
  Col 8665: blocks=[(0, 3), (3, 5), (5, 6), (6, 7), (7, 8), (8, 10)], cost=1460.34
  Col 8666: blocks=[(0, 3), (3, 5), (5, 6), (6, 7), (7, 8), (8, 10)], cost=1462.00
  Col 8667: blocks=[(0, 3), (3, 5), (5, 6), (6, 7), (7, 8), (8, 10)], cost=1464.69
  Col 8668: blocks=[(0, 3), (3, 5), (5, 6), (6, 7), (7, 8), (8, 10)], cost=1542.00
  Col 8669: blocks=[(0, 3), (3, 5), (5, 6), (6, 7), (7, 8), (8, 10)], cost=1543.66
  Col 8670: blocks=[(0, 3), (3, 5), (5, 6), (6, 7), (7, 8), (8, 10)], cost=1546.36
  Col 8671: blocks=[(0, 3), (3, 5), (5, 6), (6, 7), (7, 8), (8, 10)], cost=1547.95
  Col 8672: blocks=[(0, 3), (3, 5), (5, 6), (6, 7), (7, 9), (9, 10)], cost=1193.18
  Col 8673: blocks=[(0, 3), (3, 5), (5, 6), (6, 7), (7, 9), (9, 10)], cost=1281.13
  Col 8674: blocks=[(0, 3), (3, 5), (5, 6), (6, 7), (7, 9), (9, 10)], cost=1274.84
  Col 8675: blocks=[(0, 3), (3, 5), (5, 6), (6, 7), (7, 9), (9, 10)], cost=1276.43
  Col 8676: blocks=[(0, 3), (3, 5), (5, 6), (6, 7), (7, 9), (9, 10)], cost=1279.12
  Col 8677: blocks=[(0, 3), (3, 5), (5, 6), (6, 7), (7, 9), (9, 10)], cost=1362.80
  Col 8678: blocks=[(0, 3), (3, 5), (5, 6), (6, 7), (7, 9), (9, 10)], cost=1364.39
  Col 8679: blocks=[(0, 3), (3, 5), (5, 6), (6, 7), (7, 9), (9, 10)], cost=1367.08
  Col 8680: blocks=[(0, 3), (3, 5), (5, 6), (6, 7), (7, 9), (9, 10)], cost=1358.09
  Col 8681: blocks=[(0, 3), (3, 5), (5, 6), (6, 7), (7, 9), (9, 10)], cost=1360.78
  Col 8682: blocks=[(0, 3), (3, 5), (5, 6), (6, 7), (7, 9), (9, 10)], cost=1362.38
  Col 8683: blocks=[(0, 3), (3, 5), (5, 6), (6, 7), (7, 9), (9, 10)], cost=1446.05
  Col 8684: blocks=[(0, 3), (3, 5), (5, 6), (6, 7), (7, 9), (9, 10)], cost=1448.74
  Col 8685: blocks=[(0, 3), (3, 5), (5, 6), (6, 7), (7, 9), (9, 10)], cost=1450.33
  Col 8686: blocks=[(0, 3), (3, 5), (5, 6), (6, 7), (7, 9), (9, 10)], cost=1444.04
  Col 8687: blocks=[(0, 3), (3, 5), (5, 6), (6, 7), (7, 10)], cost=1119.05
  Col 8688: blocks=[(0, 3), (3, 5), (5, 6), (6, 7), (7, 10)], cost=1200.71
  Col 8689: blocks=[(0, 3), (3, 5), (5, 6), (6, 7), (7, 10)], cost=1202.30
  Col 8690: blocks=[(0, 3), (3, 5), (5, 6), (6, 7), (7, 10)], cost=1204.99
  Col 8691: blocks=[(0, 3), (3, 5), (5, 6), (6, 7), (7, 10)], cost=1207.00
  Col 8692: blocks=[(0, 3), (3, 5), (5, 6), (6, 7), (7, 10)], cost=1206.65
  Col 8693: blocks=[(0, 3), (3, 5), (5, 6), (6, 7), (7, 10)], cost=1283.96
  Col 8694: blocks=[(0, 3), (3, 5), (5, 6), (6, 7), (7, 10)], cost=1286.65
  Col 8695: blocks=[(0, 3), (3, 5), (5, 6), (6, 7), (7, 10)], cost=1288.67
  Col 8696: blocks=[(0, 3), (3, 5), (5, 6), (6, 7), (7, 10)], cost=1288.32
  Col 8697: blocks=[(0, 3), (3, 5), (5, 6), (6, 7), (7, 10)], cost=1288.25
  Col 8698: blocks=[(0, 3), (3, 5), (5, 6), (6, 7), (7, 10)], cost=1290.26
  Col 8699: blocks=[(0, 3), (3, 5), (5, 6), (6, 7), (7, 10)], cost=1289.91
  Col 8700: blocks=[(0, 3), (3, 5), (5, 6), (6, 7), (7, 10)], cost=1292.95
  Col 8701: blocks=[(0, 3), (3, 5), (5, 6), (6, 7), (7, 10)], cost=1292.60
  Col 8702: blocks=[(0, 3), (3, 5), (5, 6), (6, 7), (7, 10)], cost=1294.61
  Col 8703: blocks=[(0, 3), (3, 5), (5, 6), (6, 7), (7, 10)], cost=1369.91
  Col 8704: blocks=[(0, 3), (3, 5), (5, 6), (6, 7), (7, 10)], cost=1371.92
  Col 8705: blocks=[(0, 3), (3, 5), (5, 6), (6, 7), (7, 10)], cost=1371.57
  Col 8706: blocks=[(0, 3), (3, 5), (5, 6), (6, 7), (7, 10)], cost=1374.61
  Col 8707: blocks=[(0, 3), (3, 5), (5, 6), (6, 7), (7, 10)], cost=1374.26
  Col 8708: blocks=[(0, 3), (3, 5), (5, 6), (6, 7), (7, 10)], cost=1376.27
  Col 8709: blocks=[(0, 3), (3, 5), (5, 6), (6, 7), (7, 10)], cost=1376.20
  Col 8710: blocks=[(0, 3), (3, 5), (5, 6), (6, 7), (7, 10)], cost=1375.85
  Col 8711: blocks=[(0, 3), (3, 5), (5, 6), (6, 7), (7, 10)], cost=1377.87
  Col 8712: blocks=[(0, 3), (3, 5), (5, 6), (6, 7), (7, 10)], cost=1380.56
  Col 8713: blocks=[(0, 3), (3, 5), (5, 6), (6, 8), (8, 9), (9, 10)], cost=1243.99
  Col 8714: blocks=[(0, 3), (3, 5), (5, 6), (6, 8), (8, 9), (9, 10)], cost=1325.65
  Col 8715: blocks=[(0, 3), (3, 5), (5, 6), (6, 8), (8, 9), (9, 10)], cost=1327.24
  Col 8716: blocks=[(0, 3), (3, 5), (5, 6), (6, 8), (8, 9), (9, 10)], cost=1329.93
  Col 8717: blocks=[(0, 3), (3, 5), (5, 6), (6, 8), (8, 9), (9, 10)], cost=1331.94
  Col 8718: blocks=[(0, 3), (3, 5), (5, 6), (6, 8), (8, 9), (9, 10)], cost=1408.90
  Col 8719: blocks=[(0, 3), (3, 5), (5, 6), (6, 8), (8, 9), (9, 10)], cost=1411.59
  Col 8720: blocks=[(0, 3), (3, 5), (5, 6), (6, 8), (8, 9), (9, 10)], cost=1413.61
  Col 8721: blocks=[(0, 3), (3, 5), (5, 6), (6, 8), (8, 9), (9, 10)], cost=1413.19
  Col 8722: blocks=[(0, 3), (3, 5), (5, 6), (6, 8), (8, 9), (9, 10)], cost=1415.20
  Col 8723: blocks=[(0, 3), (3, 5), (5, 6), (6, 8), (8, 9), (9, 10)], cost=1417.89
  Col 8724: blocks=[(0, 3), (3, 5), (5, 6), (6, 8), (8, 9), (9, 10)], cost=1494.85
  Col 8725: blocks=[(0, 3), (3, 5), (5, 6), (6, 8), (8, 9), (9, 10)], cost=1496.86
  Col 8726: blocks=[(0, 3), (3, 5), (5, 6), (6, 8), (8, 9), (9, 10)], cost=1499.55
  Col 8727: blocks=[(0, 3), (3, 5), (5, 6), (6, 8), (8, 9), (9, 10)], cost=1501.14
  Col 8728: blocks=[(0, 3), (3, 5), (5, 6), (6, 8), (8, 10)], cost=1212.93
  Col 8729: blocks=[(0, 3), (3, 5), (5, 6), (6, 8), (8, 10)], cost=1294.59
  Col 8730: blocks=[(0, 3), (3, 5), (5, 6), (6, 8), (8, 10)], cost=1296.18
  Col 8731: blocks=[(0, 3), (3, 5), (5, 6), (6, 8), (8, 10)], cost=1298.87
  Col 8732: blocks=[(0, 3), (3, 5), (5, 6), (6, 8), (8, 10)], cost=1300.88
  Col 8733: blocks=[(0, 3), (3, 5), (5, 6), (6, 8), (8, 10)], cost=1300.53
  Col 8734: blocks=[(0, 3), (3, 5), (5, 6), (6, 8), (8, 10)], cost=1377.84
  Col 8735: blocks=[(0, 3), (3, 5), (5, 6), (6, 8), (8, 10)], cost=1380.53
  Col 8736: blocks=[(0, 3), (3, 5), (5, 6), (6, 8), (8, 10)], cost=1382.55
  Col 8737: blocks=[(0, 3), (3, 5), (5, 6), (6, 8), (8, 10)], cost=1382.20
  Col 8738: blocks=[(0, 3), (3, 5), (5, 6), (6, 8), (8, 10)], cost=1382.13
  Col 8739: blocks=[(0, 3), (3, 5), (5, 6), (6, 8), (8, 10)], cost=1384.14
  Col 8740: blocks=[(0, 3), (3, 5), (5, 6), (6, 8), (8, 10)], cost=1383.79
  Col 8741: blocks=[(0, 3), (3, 5), (5, 6), (6, 8), (8, 10)], cost=1386.83
  Col 8742: blocks=[(0, 3), (3, 5), (5, 6), (6, 8), (8, 10)], cost=1386.48
  Col 8743: blocks=[(0, 3), (3, 5), (5, 6), (6, 8), (8, 10)], cost=1388.49
  Col 8744: blocks=[(0, 3), (3, 5), (5, 6), (6, 8), (8, 10)], cost=1463.79
  Col 8745: blocks=[(0, 3), (3, 5), (5, 6), (6, 8), (8, 10)], cost=1465.80
  Col 8746: blocks=[(0, 3), (3, 5), (5, 6), (6, 8), (8, 10)], cost=1465.45
  Col 8747: blocks=[(0, 3), (3, 5), (5, 6), (6, 8), (8, 10)], cost=1468.49
  Col 8748: blocks=[(0, 3), (3, 5), (5, 6), (6, 8), (8, 10)], cost=1468.14
  Col 8749: blocks=[(0, 3), (3, 5), (5, 6), (6, 8), (8, 10)], cost=1470.15
  Col 8750: blocks=[(0, 3), (3, 5), (5, 6), (6, 8), (8, 10)], cost=1470.08
  Col 8751: blocks=[(0, 3), (3, 5), (5, 6), (6, 8), (8, 10)], cost=1469.73
  Col 8752: blocks=[(0, 3), (3, 5), (5, 6), (6, 8), (8, 10)], cost=1471.74
  Col 8753: blocks=[(0, 3), (3, 5), (5, 6), (6, 8), (8, 10)], cost=1474.44
  Col 8754: blocks=[(0, 3), (3, 5), (5, 6), (6, 9), (9, 10)], cost=1138.46
  Col 8755: blocks=[(0, 3), (3, 5), (5, 6), (6, 9), (9, 10)], cost=1220.13
  Col 8756: blocks=[(0, 3), (3, 5), (5, 6), (6, 9), (9, 10)], cost=1221.72
  Col 8757: blocks=[(0, 3), (3, 5), (5, 6), (6, 9), (9, 10)], cost=1224.41
  Col 8758: blocks=[(0, 3), (3, 5), (5, 6), (6, 9), (9, 10)], cost=1226.42
  Col 8759: blocks=[(0, 3), (3, 5), (5, 6), (6, 9), (9, 10)], cost=1226.42
  Col 8760: blocks=[(0, 3), (3, 5), (5, 6), (6, 9), (9, 10)], cost=1303.38
  Col 8761: blocks=[(0, 3), (3, 5), (5, 6), (6, 9), (9, 10)], cost=1306.07
  Col 8762: blocks=[(0, 3), (3, 5), (5, 6), (6, 9), (9, 10)], cost=1308.08
  Col 8763: blocks=[(0, 3), (3, 5), (5, 6), (6, 9), (9, 10)], cost=1308.08
  Col 8764: blocks=[(0, 3), (3, 5), (5, 6), (6, 9), (9, 10)], cost=1307.66
  Col 8765: blocks=[(0, 3), (3, 5), (5, 6), (6, 9), (9, 10)], cost=1309.67
  Col 8766: blocks=[(0, 3), (3, 5), (5, 6), (6, 9), (9, 10)], cost=1309.67
  Col 8767: blocks=[(0, 3), (3, 5), (5, 6), (6, 9), (9, 10)], cost=1312.37
  Col 8768: blocks=[(0, 3), (3, 5), (5, 6), (6, 9), (9, 10)], cost=1312.37
  Col 8769: blocks=[(0, 3), (3, 5), (5, 6), (6, 9), (9, 10)], cost=1314.38
  Col 8770: blocks=[(0, 3), (3, 5), (5, 6), (6, 9), (9, 10)], cost=1389.33
  Col 8771: blocks=[(0, 3), (3, 5), (5, 6), (6, 9), (9, 10)], cost=1391.34
  Col 8772: blocks=[(0, 3), (3, 5), (5, 6), (6, 9), (9, 10)], cost=1391.34
  Col 8773: blocks=[(0, 3), (3, 5), (5, 6), (6, 9), (9, 10)], cost=1394.03
  Col 8774: blocks=[(0, 3), (3, 5), (5, 6), (6, 9), (9, 10)], cost=1394.03
  Col 8775: blocks=[(0, 3), (3, 5), (5, 6), (6, 9), (9, 10)], cost=1396.04
  Col 8776: blocks=[(0, 3), (3, 5), (5, 6), (6, 9), (9, 10)], cost=1395.62
  Col 8777: blocks=[(0, 3), (3, 5), (5, 6), (6, 9), (9, 10)], cost=1395.62
  Col 8778: blocks=[(0, 3), (3, 5), (5, 6), (6, 9), (9, 10)], cost=1397.63
  Col 8779: blocks=[(0, 3), (3, 5), (5, 6), (6, 9), (9, 10)], cost=1400.32
  Col 8780: blocks=[(0, 3), (3, 5), (5, 6), (6, 10)], cost=1088.98
  Col 8781: blocks=[(0, 3), (3, 5), (5, 6), (6, 10)], cost=1170.64
  Col 8782: blocks=[(0, 3), (3, 5), (5, 6), (6, 10)], cost=1172.23
  Col 8783: blocks=[(0, 3), (3, 5), (5, 6), (6, 10)], cost=1174.93
  Col 8784: blocks=[(0, 3), (3, 5), (5, 6), (6, 10)], cost=1176.94
  Col 8785: blocks=[(0, 3), (3, 5), (5, 6), (6, 10)], cost=1176.94
  Col 8786: blocks=[(0, 3), (3, 5), (5, 6), (6, 10)], cost=1176.59
  Col 8787: blocks=[(0, 3), (3, 5), (5, 6), (6, 10)], cost=1253.90
  Col 8788: blocks=[(0, 3), (3, 5), (5, 6), (6, 10)], cost=1256.59
  Col 8789: blocks=[(0, 3), (3, 5), (5, 6), (6, 10)], cost=1258.60
  Col 8790: blocks=[(0, 3), (3, 5), (5, 6), (6, 10)], cost=1258.60
  Col 8791: blocks=[(0, 3), (3, 5), (5, 6), (6, 10)], cost=1258.25
  Col 8792: blocks=[(0, 3), (3, 5), (5, 6), (6, 10)], cost=1258.18
  Col 8793: blocks=[(0, 3), (3, 5), (5, 6), (6, 10)], cost=1260.19
  Col 8794: blocks=[(0, 3), (3, 5), (5, 6), (6, 10)], cost=1260.19
  Col 8795: blocks=[(0, 3), (3, 5), (5, 6), (6, 10)], cost=1259.84
  Col 8796: blocks=[(0, 3), (3, 5), (5, 6), (6, 10)], cost=1262.88
  Col 8797: blocks=[(0, 3), (3, 5), (5, 6), (6, 10)], cost=1262.88
  Col 8798: blocks=[(0, 3), (3, 5), (5, 6), (6, 10)], cost=1262.53
  Col 8799: blocks=[(0, 3), (3, 5), (5, 6), (6, 10)], cost=1264.89
  Col 8800: blocks=[(0, 3), (3, 5), (5, 6), (6, 10)], cost=1264.55
  Col 8801: blocks=[(0, 3), (3, 5), (5, 6), (6, 10)], cost=1264.55
  Col 8802: blocks=[(0, 3), (3, 5), (5, 6), (6, 10)], cost=1339.84
  Col 8803: blocks=[(0, 3), (3, 5), (5, 6), (6, 10)], cost=1341.85
  Col 8804: blocks=[(0, 3), (3, 5), (5, 6), (6, 10)], cost=1341.85
  Col 8805: blocks=[(0, 3), (3, 5), (5, 6), (6, 10)], cost=1341.51
  Col 8806: blocks=[(0, 3), (3, 5), (5, 6), (6, 10)], cost=1344.55
  Col 8807: blocks=[(0, 3), (3, 5), (5, 6), (6, 10)], cost=1344.55
  Col 8808: blocks=[(0, 3), (3, 5), (5, 6), (6, 10)], cost=1344.20
  Col 8809: blocks=[(0, 3), (3, 5), (5, 6), (6, 10)], cost=1346.56
  Col 8810: blocks=[(0, 3), (3, 5), (5, 6), (6, 10)], cost=1346.21
  Col 8811: blocks=[(0, 3), (3, 5), (5, 6), (6, 10)], cost=1346.21
  Col 8812: blocks=[(0, 3), (3, 5), (5, 6), (6, 10)], cost=1346.14
  Col 8813: blocks=[(0, 3), (3, 5), (5, 6), (6, 10)], cost=1346.14
  Col 8814: blocks=[(0, 3), (3, 5), (5, 6), (6, 10)], cost=1345.79
  Col 8815: blocks=[(0, 3), (3, 5), (5, 6), (6, 10)], cost=1348.15
  Col 8816: blocks=[(0, 3), (3, 5), (5, 6), (6, 10)], cost=1347.80
  Col 8817: blocks=[(0, 3), (3, 5), (5, 6), (6, 10)], cost=1347.80
  Col 8818: blocks=[(0, 3), (3, 5), (5, 6), (6, 10)], cost=1350.84
  Col 8819: blocks=[(0, 3), (3, 5), (5, 6), (6, 10)], cost=1350.49
  Col 8820: blocks=[(0, 3), (3, 5), (5, 6), (6, 10)], cost=1350.49
  Col 8821: blocks=[(0, 3), (3, 5), (5, 6), (6, 10)], cost=1352.50
  Col 8822: blocks=[(0, 3), (3, 5), (5, 7), (7, 8), (8, 9), (9, 10)], cost=1254.48
  Col 8823: blocks=[(0, 3), (3, 5), (5, 7), (7, 8), (8, 9), (9, 10)], cost=1336.14
  Col 8824: blocks=[(0, 3), (3, 5), (5, 7), (7, 8), (8, 9), (9, 10)], cost=1337.73
  Col 8825: blocks=[(0, 3), (3, 5), (5, 7), (7, 8), (8, 9), (9, 10)], cost=1340.42
  Col 8826: blocks=[(0, 3), (3, 5), (5, 7), (7, 8), (8, 9), (9, 10)], cost=1342.09
  Col 8827: blocks=[(0, 3), (3, 5), (5, 7), (7, 8), (8, 9), (9, 10)], cost=1419.40
  Col 8828: blocks=[(0, 3), (3, 5), (5, 7), (7, 8), (8, 9), (9, 10)], cost=1422.09
  Col 8829: blocks=[(0, 3), (3, 5), (5, 7), (7, 8), (8, 9), (9, 10)], cost=1423.75
  Col 8830: blocks=[(0, 3), (3, 5), (5, 7), (7, 8), (8, 9), (9, 10)], cost=1423.68
  Col 8831: blocks=[(0, 3), (3, 5), (5, 7), (7, 8), (8, 9), (9, 10)], cost=1425.34
  Col 8832: blocks=[(0, 3), (3, 5), (5, 7), (7, 8), (8, 9), (9, 10)], cost=1428.03
  Col 8833: blocks=[(0, 3), (3, 5), (5, 7), (7, 8), (8, 9), (9, 10)], cost=1505.34
  Col 8834: blocks=[(0, 3), (3, 5), (5, 7), (7, 8), (8, 9), (9, 10)], cost=1507.01
  Col 8835: blocks=[(0, 3), (3, 5), (5, 7), (7, 8), (8, 9), (9, 10)], cost=1509.70
  Col 8836: blocks=[(0, 3), (3, 5), (5, 7), (7, 8), (8, 9), (9, 10)], cost=1511.29
  Col 8837: blocks=[(0, 3), (3, 5), (5, 7), (7, 8), (8, 10)], cost=1223.42
  Col 8838: blocks=[(0, 3), (3, 5), (5, 7), (7, 8), (8, 10)], cost=1305.08
  Col 8839: blocks=[(0, 3), (3, 5), (5, 7), (7, 8), (8, 10)], cost=1306.67
  Col 8840: blocks=[(0, 3), (3, 5), (5, 7), (7, 8), (8, 10)], cost=1309.36
  Col 8841: blocks=[(0, 3), (3, 5), (5, 7), (7, 8), (8, 10)], cost=1311.03
  Col 8842: blocks=[(0, 3), (3, 5), (5, 7), (7, 8), (8, 10)], cost=1311.03
  Col 8843: blocks=[(0, 3), (3, 5), (5, 7), (7, 8), (8, 10)], cost=1388.34
  Col 8844: blocks=[(0, 3), (3, 5), (5, 7), (7, 8), (8, 10)], cost=1391.03
  Col 8845: blocks=[(0, 3), (3, 5), (5, 7), (7, 8), (8, 10)], cost=1392.69
  Col 8846: blocks=[(0, 3), (3, 5), (5, 7), (7, 8), (8, 10)], cost=1392.69
  Col 8847: blocks=[(0, 3), (3, 5), (5, 7), (7, 8), (8, 10)], cost=1392.62
  Col 8848: blocks=[(0, 3), (3, 5), (5, 7), (7, 8), (8, 10)], cost=1394.28
  Col 8849: blocks=[(0, 3), (3, 5), (5, 7), (7, 8), (8, 10)], cost=1394.28
  Col 8850: blocks=[(0, 3), (3, 5), (5, 7), (7, 8), (8, 10)], cost=1396.97
  Col 8851: blocks=[(0, 3), (3, 5), (5, 7), (7, 8), (8, 10)], cost=1396.97
  Col 8852: blocks=[(0, 3), (3, 5), (5, 7), (7, 8), (8, 10)], cost=1398.64
  Col 8853: blocks=[(0, 3), (3, 5), (5, 7), (7, 8), (8, 10)], cost=1474.28
  Col 8854: blocks=[(0, 3), (3, 5), (5, 7), (7, 8), (8, 10)], cost=1475.95
  Col 8855: blocks=[(0, 3), (3, 5), (5, 7), (7, 8), (8, 10)], cost=1475.95
  Col 8856: blocks=[(0, 3), (3, 5), (5, 7), (7, 8), (8, 10)], cost=1478.64
  Col 8857: blocks=[(0, 3), (3, 5), (5, 7), (7, 8), (8, 10)], cost=1478.64
  Col 8858: blocks=[(0, 3), (3, 5), (5, 7), (7, 8), (8, 10)], cost=1480.30
  Col 8859: blocks=[(0, 3), (3, 5), (5, 7), (7, 8), (8, 10)], cost=1480.23
  Col 8860: blocks=[(0, 3), (3, 5), (5, 7), (7, 8), (8, 10)], cost=1480.23
  Col 8861: blocks=[(0, 3), (3, 5), (5, 7), (7, 8), (8, 10)], cost=1481.89
  Col 8862: blocks=[(0, 3), (3, 5), (5, 7), (7, 8), (8, 10)], cost=1484.58
  Col 8863: blocks=[(0, 3), (3, 5), (5, 7), (7, 9), (9, 10)], cost=1125.46
  Col 8864: blocks=[(0, 3), (3, 5), (5, 7), (7, 9), (9, 10)], cost=1207.12
  Col 8865: blocks=[(0, 3), (3, 5), (5, 7), (7, 9), (9, 10)], cost=1208.71
  Col 8866: blocks=[(0, 3), (3, 5), (5, 7), (7, 9), (9, 10)], cost=1211.40
  Col 8867: blocks=[(0, 3), (3, 5), (5, 7), (7, 9), (9, 10)], cost=1213.07
  Col 8868: blocks=[(0, 3), (3, 5), (5, 7), (7, 9), (9, 10)], cost=1213.41
  Col 8869: blocks=[(0, 3), (3, 5), (5, 7), (7, 9), (9, 10)], cost=1290.37
  Col 8870: blocks=[(0, 3), (3, 5), (5, 7), (7, 9), (9, 10)], cost=1293.07
  Col 8871: blocks=[(0, 3), (3, 5), (5, 7), (7, 9), (9, 10)], cost=1294.73
  Col 8872: blocks=[(0, 3), (3, 5), (5, 7), (7, 9), (9, 10)], cost=1295.08
  Col 8873: blocks=[(0, 3), (3, 5), (5, 7), (7, 9), (9, 10)], cost=1294.66
  Col 8874: blocks=[(0, 3), (3, 5), (5, 7), (7, 9), (9, 10)], cost=1296.32
  Col 8875: blocks=[(0, 3), (3, 5), (5, 7), (7, 9), (9, 10)], cost=1296.67
  Col 8876: blocks=[(0, 3), (3, 5), (5, 7), (7, 9), (9, 10)], cost=1299.01
  Col 8877: blocks=[(0, 3), (3, 5), (5, 7), (7, 9), (9, 10)], cost=1299.36
  Col 8878: blocks=[(0, 3), (3, 5), (5, 7), (7, 9), (9, 10)], cost=1301.02
  Col 8879: blocks=[(0, 3), (3, 5), (5, 7), (7, 9), (9, 10)], cost=1376.32
  Col 8880: blocks=[(0, 3), (3, 5), (5, 7), (7, 9), (9, 10)], cost=1377.98
  Col 8881: blocks=[(0, 3), (3, 5), (5, 7), (7, 9), (9, 10)], cost=1378.33
  Col 8882: blocks=[(0, 3), (3, 5), (5, 7), (7, 9), (9, 10)], cost=1380.67
  Col 8883: blocks=[(0, 3), (3, 5), (5, 7), (7, 9), (9, 10)], cost=1381.02
  Col 8884: blocks=[(0, 3), (3, 5), (5, 7), (7, 9), (9, 10)], cost=1382.69
  Col 8885: blocks=[(0, 3), (3, 5), (5, 7), (7, 9), (9, 10)], cost=1382.26
  Col 8886: blocks=[(0, 3), (3, 5), (5, 7), (7, 9), (9, 10)], cost=1382.61
  Col 8887: blocks=[(0, 3), (3, 5), (5, 7), (7, 9), (9, 10)], cost=1384.28
  Col 8888: blocks=[(0, 3), (3, 5), (5, 7), (7, 9), (9, 10)], cost=1386.97
  Col 8889: blocks=[(0, 3), (3, 5), (5, 7), (7, 10)], cost=1051.33
  Col 8890: blocks=[(0, 3), (3, 5), (5, 7), (7, 10)], cost=1132.99
  Col 8891: blocks=[(0, 3), (3, 5), (5, 7), (7, 10)], cost=1134.58
  Col 8892: blocks=[(0, 3), (3, 5), (5, 7), (7, 10)], cost=1137.27
  Col 8893: blocks=[(0, 3), (3, 5), (5, 7), (7, 10)], cost=1138.94
  Col 8894: blocks=[(0, 3), (3, 5), (5, 7), (7, 10)], cost=1139.28
  Col 8895: blocks=[(0, 3), (3, 5), (5, 7), (7, 10)], cost=1138.94
  Col 8896: blocks=[(0, 3), (3, 5), (5, 7), (7, 10)], cost=1216.25
  Col 8897: blocks=[(0, 3), (3, 5), (5, 7), (7, 10)], cost=1218.94
  Col 8898: blocks=[(0, 3), (3, 5), (5, 7), (7, 10)], cost=1220.60
  Col 8899: blocks=[(0, 3), (3, 5), (5, 7), (7, 10)], cost=1220.95
  Col 8900: blocks=[(0, 3), (3, 5), (5, 7), (7, 10)], cost=1220.60
  Col 8901: blocks=[(0, 3), (3, 5), (5, 7), (7, 10)], cost=1220.53
  Col 8902: blocks=[(0, 3), (3, 5), (5, 7), (7, 10)], cost=1222.19
  Col 8903: blocks=[(0, 3), (3, 5), (5, 7), (7, 10)], cost=1222.54
  Col 8904: blocks=[(0, 3), (3, 5), (5, 7), (7, 10)], cost=1222.19
  Col 8905: blocks=[(0, 3), (3, 5), (5, 7), (7, 10)], cost=1224.88
  Col 8906: blocks=[(0, 3), (3, 5), (5, 7), (7, 10)], cost=1225.23
  Col 8907: blocks=[(0, 3), (3, 5), (5, 7), (7, 10)], cost=1224.88
  Col 8908: blocks=[(0, 3), (3, 5), (5, 7), (7, 10)], cost=1226.89
  Col 8909: blocks=[(0, 3), (3, 5), (5, 7), (7, 10)], cost=1226.54
  Col 8910: blocks=[(0, 3), (3, 5), (5, 7), (7, 10)], cost=1226.89
  Col 8911: blocks=[(0, 3), (3, 5), (5, 7), (7, 10)], cost=1302.19
  Col 8912: blocks=[(0, 3), (3, 5), (5, 7), (7, 10)], cost=1303.85
  Col 8913: blocks=[(0, 3), (3, 5), (5, 7), (7, 10)], cost=1304.20
  Col 8914: blocks=[(0, 3), (3, 5), (5, 7), (7, 10)], cost=1303.85
  Col 8915: blocks=[(0, 3), (3, 5), (5, 7), (7, 10)], cost=1306.54
  Col 8916: blocks=[(0, 3), (3, 5), (5, 7), (7, 10)], cost=1306.89
  Col 8917: blocks=[(0, 3), (3, 5), (5, 7), (7, 10)], cost=1306.54
  Col 8918: blocks=[(0, 3), (3, 5), (5, 7), (7, 10)], cost=1308.56
  Col 8919: blocks=[(0, 3), (3, 5), (5, 7), (7, 10)], cost=1308.21
  Col 8920: blocks=[(0, 3), (3, 5), (5, 7), (7, 10)], cost=1308.56
  Col 8921: blocks=[(0, 3), (3, 5), (5, 7), (7, 10)], cost=1308.14
  Col 8922: blocks=[(0, 3), (3, 5), (5, 7), (7, 10)], cost=1308.48
  Col 8923: blocks=[(0, 3), (3, 5), (5, 7), (7, 10)], cost=1308.14
  Col 8924: blocks=[(0, 3), (3, 5), (5, 7), (7, 10)], cost=1310.15
  Col 8925: blocks=[(0, 3), (3, 5), (5, 7), (7, 10)], cost=1309.80
  Col 8926: blocks=[(0, 3), (3, 5), (5, 7), (7, 10)], cost=1310.15
  Col 8927: blocks=[(0, 3), (3, 5), (5, 7), (7, 10)], cost=1312.84
  Col 8928: blocks=[(0, 3), (3, 5), (5, 7), (7, 10)], cost=1312.49
  Col 8929: blocks=[(0, 3), (3, 5), (5, 7), (7, 10)], cost=1312.84
  Col 8930: blocks=[(0, 3), (3, 5), (5, 7), (7, 10)], cost=1314.50
  Col 8931: blocks=[(0, 3), (3, 5), (5, 8), (8, 9), (9, 10)], cost=1196.16
  Col 8932: blocks=[(0, 3), (3, 5), (5, 8), (8, 9), (9, 10)], cost=1277.82
  Col 8933: blocks=[(0, 3), (3, 5), (5, 8), (8, 9), (9, 10)], cost=1279.41
  Col 8934: blocks=[(0, 3), (3, 5), (5, 8), (8, 9), (9, 10)], cost=1282.10
  Col 8935: blocks=[(0, 3), (3, 5), (5, 8), (8, 9), (9, 10)], cost=1283.77
  Col 8936: blocks=[(0, 3), (3, 5), (5, 8), (8, 9), (9, 10)], cost=1284.11
  Col 8937: blocks=[(0, 3), (3, 5), (5, 8), (8, 9), (9, 10)], cost=1361.07
  Col 8938: blocks=[(0, 3), (3, 5), (5, 8), (8, 9), (9, 10)], cost=1363.77
  Col 8939: blocks=[(0, 3), (3, 5), (5, 8), (8, 9), (9, 10)], cost=1365.43
  Col 8940: blocks=[(0, 3), (3, 5), (5, 8), (8, 9), (9, 10)], cost=1365.78
  Col 8941: blocks=[(0, 3), (3, 5), (5, 8), (8, 9), (9, 10)], cost=1365.36
  Col 8942: blocks=[(0, 3), (3, 5), (5, 8), (8, 9), (9, 10)], cost=1367.02
  Col 8943: blocks=[(0, 3), (3, 5), (5, 8), (8, 9), (9, 10)], cost=1367.37
  Col 8944: blocks=[(0, 3), (3, 5), (5, 8), (8, 9), (9, 10)], cost=1369.71
  Col 8945: blocks=[(0, 3), (3, 5), (5, 8), (8, 9), (9, 10)], cost=1370.06
  Col 8946: blocks=[(0, 3), (3, 5), (5, 8), (8, 9), (9, 10)], cost=1371.72
  Col 8947: blocks=[(0, 3), (3, 5), (5, 8), (8, 9), (9, 10)], cost=1447.02
  Col 8948: blocks=[(0, 3), (3, 5), (5, 8), (8, 9), (9, 10)], cost=1448.68
  Col 8949: blocks=[(0, 3), (3, 5), (5, 8), (8, 9), (9, 10)], cost=1449.03
  Col 8950: blocks=[(0, 3), (3, 5), (5, 8), (8, 9), (9, 10)], cost=1451.37
  Col 8951: blocks=[(0, 3), (3, 5), (5, 8), (8, 9), (9, 10)], cost=1451.72
  Col 8952: blocks=[(0, 3), (3, 5), (5, 8), (8, 9), (9, 10)], cost=1453.39
  Col 8953: blocks=[(0, 3), (3, 5), (5, 8), (8, 9), (9, 10)], cost=1452.96
  Col 8954: blocks=[(0, 3), (3, 5), (5, 8), (8, 9), (9, 10)], cost=1453.31
  Col 8955: blocks=[(0, 3), (3, 5), (5, 8), (8, 9), (9, 10)], cost=1454.98
  Col 8956: blocks=[(0, 3), (3, 5), (5, 8), (8, 9), (9, 10)], cost=1457.67
  Col 8957: blocks=[(0, 3), (3, 5), (5, 8), (8, 10)], cost=1165.10
  Col 8958: blocks=[(0, 3), (3, 5), (5, 8), (8, 10)], cost=1246.76
  Col 8959: blocks=[(0, 3), (3, 5), (5, 8), (8, 10)], cost=1248.35
  Col 8960: blocks=[(0, 3), (3, 5), (5, 8), (8, 10)], cost=1251.04
  Col 8961: blocks=[(0, 3), (3, 5), (5, 8), (8, 10)], cost=1252.71
  Col 8962: blocks=[(0, 3), (3, 5), (5, 8), (8, 10)], cost=1253.05
  Col 8963: blocks=[(0, 3), (3, 5), (5, 8), (8, 10)], cost=1252.71
  Col 8964: blocks=[(0, 3), (3, 5), (5, 8), (8, 10)], cost=1330.01
  Col 8965: blocks=[(0, 3), (3, 5), (5, 8), (8, 10)], cost=1332.71
  Col 8966: blocks=[(0, 3), (3, 5), (5, 8), (8, 10)], cost=1334.37
  Col 8967: blocks=[(0, 3), (3, 5), (5, 8), (8, 10)], cost=1334.72
  Col 8968: blocks=[(0, 3), (3, 5), (5, 8), (8, 10)], cost=1334.37
  Col 8969: blocks=[(0, 3), (3, 5), (5, 8), (8, 10)], cost=1334.30
  Col 8970: blocks=[(0, 3), (3, 5), (5, 8), (8, 10)], cost=1335.96
  Col 8971: blocks=[(0, 3), (3, 5), (5, 8), (8, 10)], cost=1336.31
  Col 8972: blocks=[(0, 3), (3, 5), (5, 8), (8, 10)], cost=1335.96
  Col 8973: blocks=[(0, 3), (3, 5), (5, 8), (8, 10)], cost=1338.65
  Col 8974: blocks=[(0, 3), (3, 5), (5, 8), (8, 10)], cost=1339.00
  Col 8975: blocks=[(0, 3), (3, 5), (5, 8), (8, 10)], cost=1338.65
  Col 8976: blocks=[(0, 3), (3, 5), (5, 8), (8, 10)], cost=1340.66
  Col 8977: blocks=[(0, 3), (3, 5), (5, 8), (8, 10)], cost=1340.31
  Col 8978: blocks=[(0, 3), (3, 5), (5, 8), (8, 10)], cost=1340.66
  Col 8979: blocks=[(0, 3), (3, 5), (5, 8), (8, 10)], cost=1415.96
  Col 8980: blocks=[(0, 3), (3, 5), (5, 8), (8, 10)], cost=1417.62
  Col 8981: blocks=[(0, 3), (3, 5), (5, 8), (8, 10)], cost=1417.97
  Col 8982: blocks=[(0, 3), (3, 5), (5, 8), (8, 10)], cost=1417.62
  Col 8983: blocks=[(0, 3), (3, 5), (5, 8), (8, 10)], cost=1420.31
  Col 8984: blocks=[(0, 3), (3, 5), (5, 8), (8, 10)], cost=1420.66
  Col 8985: blocks=[(0, 3), (3, 5), (5, 8), (8, 10)], cost=1420.31
  Col 8986: blocks=[(0, 3), (3, 5), (5, 8), (8, 10)], cost=1422.33
  Col 8987: blocks=[(0, 3), (3, 5), (5, 8), (8, 10)], cost=1421.98
  Col 8988: blocks=[(0, 3), (3, 5), (5, 8), (8, 10)], cost=1422.33
  Col 8989: blocks=[(0, 3), (3, 5), (5, 8), (8, 10)], cost=1421.90
  Col 8990: blocks=[(0, 3), (3, 5), (5, 8), (8, 10)], cost=1422.25
  Col 8991: blocks=[(0, 3), (3, 5), (5, 8), (8, 10)], cost=1421.90
  Col 8992: blocks=[(0, 3), (3, 5), (5, 8), (8, 10)], cost=1423.92
  Col 8993: blocks=[(0, 3), (3, 5), (5, 8), (8, 10)], cost=1423.57
  Col 8994: blocks=[(0, 3), (3, 5), (5, 8), (8, 10)], cost=1423.92
  Col 8995: blocks=[(0, 3), (3, 5), (5, 8), (8, 10)], cost=1426.61
  Col 8996: blocks=[(0, 3), (3, 5), (5, 8), (8, 10)], cost=1426.26
  Col 8997: blocks=[(0, 3), (3, 5), (5, 8), (8, 10)], cost=1426.61
  Col 8998: blocks=[(0, 3), (3, 5), (5, 8), (8, 10)], cost=1428.27
  Col 8999: blocks=[(0, 3), (3, 5), (5, 9), (9, 10)], cost=1138.60
  Col 9000: blocks=[(0, 3), (3, 5), (5, 9), (9, 10)], cost=1220.27
  Col 9001: blocks=[(0, 3), (3, 5), (5, 9), (9, 10)], cost=1221.86
  Col 9002: blocks=[(0, 3), (3, 5), (5, 9), (9, 10)], cost=1224.55
  Col 9003: blocks=[(0, 3), (3, 5), (5, 9), (9, 10)], cost=1226.21
  Col 9004: blocks=[(0, 3), (3, 5), (5, 9), (9, 10)], cost=1226.56
  Col 9005: blocks=[(0, 3), (3, 5), (5, 9), (9, 10)], cost=1226.56
  Col 9006: blocks=[(0, 3), (3, 5), (5, 9), (9, 10)], cost=1303.52
  Col 9007: blocks=[(0, 3), (3, 5), (5, 9), (9, 10)], cost=1306.21
  Col 9008: blocks=[(0, 3), (3, 5), (5, 9), (9, 10)], cost=1307.88
  Col 9009: blocks=[(0, 3), (3, 5), (5, 9), (9, 10)], cost=1308.22
  Col 9010: blocks=[(0, 3), (3, 5), (5, 9), (9, 10)], cost=1308.22
  Col 9011: blocks=[(0, 3), (3, 5), (5, 9), (9, 10)], cost=1307.80
  Col 9012: blocks=[(0, 3), (3, 5), (5, 9), (9, 10)], cost=1309.47
  Col 9013: blocks=[(0, 3), (3, 5), (5, 9), (9, 10)], cost=1309.82
  Col 9014: blocks=[(0, 3), (3, 5), (5, 9), (9, 10)], cost=1309.82
  Col 9015: blocks=[(0, 3), (3, 5), (5, 9), (9, 10)], cost=1312.16
  Col 9016: blocks=[(0, 3), (3, 5), (5, 9), (9, 10)], cost=1312.51
  Col 9017: blocks=[(0, 3), (3, 5), (5, 9), (9, 10)], cost=1312.51
  Col 9018: blocks=[(0, 3), (3, 5), (5, 9), (9, 10)], cost=1314.17
  Col 9019: blocks=[(0, 3), (3, 5), (5, 9), (9, 10)], cost=1314.17
  Col 9020: blocks=[(0, 3), (3, 5), (5, 9), (9, 10)], cost=1314.52
  Col 9021: blocks=[(0, 3), (3, 5), (5, 9), (9, 10)], cost=1389.47
  Col 9022: blocks=[(0, 3), (3, 5), (5, 9), (9, 10)], cost=1391.13
  Col 9023: blocks=[(0, 3), (3, 5), (5, 9), (9, 10)], cost=1391.48
  Col 9024: blocks=[(0, 3), (3, 5), (5, 9), (9, 10)], cost=1391.48
  Col 9025: blocks=[(0, 3), (3, 5), (5, 9), (9, 10)], cost=1393.82
  Col 9026: blocks=[(0, 3), (3, 5), (5, 9), (9, 10)], cost=1394.17
  Col 9027: blocks=[(0, 3), (3, 5), (5, 9), (9, 10)], cost=1394.17
  Col 9028: blocks=[(0, 3), (3, 5), (5, 9), (9, 10)], cost=1395.83
  Col 9029: blocks=[(0, 3), (3, 5), (5, 9), (9, 10)], cost=1395.83
  Col 9030: blocks=[(0, 3), (3, 5), (5, 9), (9, 10)], cost=1396.18
  Col 9031: blocks=[(0, 3), (3, 5), (5, 9), (9, 10)], cost=1395.41
  Col 9032: blocks=[(0, 3), (3, 5), (5, 9), (9, 10)], cost=1395.76
  Col 9033: blocks=[(0, 3), (3, 5), (5, 9), (9, 10)], cost=1395.76
  Col 9034: blocks=[(0, 3), (3, 5), (5, 9), (9, 10)], cost=1397.42
  Col 9035: blocks=[(0, 3), (3, 5), (5, 9), (9, 10)], cost=1397.42
  Col 9036: blocks=[(0, 3), (3, 5), (5, 9), (9, 10)], cost=1397.77
  Col 9037: blocks=[(0, 3), (3, 5), (5, 9), (9, 10)], cost=1400.11
  Col 9038: blocks=[(0, 3), (3, 5), (5, 9), (9, 10)], cost=1400.11
  Col 9039: blocks=[(0, 3), (3, 5), (5, 9), (9, 10)], cost=1400.46
  Col 9040: blocks=[(0, 3), (3, 5), (5, 9), (9, 10)], cost=1402.13
  Col 9041: blocks=[(0, 3), (3, 5), (5, 10)], cost=1139.43
  Col 9042: blocks=[(0, 3), (3, 5), (5, 10)], cost=1221.10
  Col 9043: blocks=[(0, 3), (3, 5), (5, 10)], cost=1222.69
  Col 9044: blocks=[(0, 3), (3, 5), (5, 10)], cost=1225.38
  Col 9045: blocks=[(0, 3), (3, 5), (5, 10)], cost=1227.04
  Col 9046: blocks=[(0, 3), (3, 5), (5, 10)], cost=1227.39
  Col 9047: blocks=[(0, 3), (3, 5), (5, 10)], cost=1227.39
  Col 9048: blocks=[(0, 3), (3, 5), (5, 10)], cost=1227.04
  Col 9049: blocks=[(0, 3), (3, 5), (5, 10)], cost=1304.35
  Col 9050: blocks=[(0, 3), (3, 5), (5, 10)], cost=1307.04
  Col 9051: blocks=[(0, 3), (3, 5), (5, 10)], cost=1308.70
  Col 9052: blocks=[(0, 3), (3, 5), (5, 10)], cost=1309.05
  Col 9053: blocks=[(0, 3), (3, 5), (5, 10)], cost=1309.05
  Col 9054: blocks=[(0, 3), (3, 5), (5, 10)], cost=1308.70
  Col 9055: blocks=[(0, 3), (3, 5), (5, 10)], cost=1308.63
  Col 9056: blocks=[(0, 3), (3, 5), (5, 10)], cost=1310.29
  Col 9057: blocks=[(0, 3), (3, 5), (5, 10)], cost=1310.64
  Col 9058: blocks=[(0, 3), (3, 5), (5, 10)], cost=1310.64
  Col 9059: blocks=[(0, 3), (3, 5), (5, 10)], cost=1310.29
  Col 9060: blocks=[(0, 3), (3, 5), (5, 10)], cost=1312.99
  Col 9061: blocks=[(0, 3), (3, 5), (5, 10)], cost=1313.33
  Col 9062: blocks=[(0, 3), (3, 5), (5, 10)], cost=1313.33
  Col 9063: blocks=[(0, 3), (3, 5), (5, 10)], cost=1312.99
  Col 9064: blocks=[(0, 3), (3, 5), (5, 10)], cost=1315.00
  Col 9065: blocks=[(0, 3), (3, 5), (5, 10)], cost=1315.00
  Col 9066: blocks=[(0, 3), (3, 5), (5, 10)], cost=1314.65
  Col 9067: blocks=[(0, 3), (3, 5), (5, 10)], cost=1315.34
  Col 9068: blocks=[(0, 3), (3, 5), (5, 10)], cost=1315.00
  Col 9069: blocks=[(0, 3), (3, 5), (5, 10)], cost=1315.00
  Col 9070: blocks=[(0, 3), (3, 5), (5, 10)], cost=1390.29
  Col 9071: blocks=[(0, 3), (3, 5), (5, 10)], cost=1391.96
  Col 9072: blocks=[(0, 3), (3, 5), (5, 10)], cost=1392.31
  Col 9073: blocks=[(0, 3), (3, 5), (5, 10)], cost=1392.31
  Col 9074: blocks=[(0, 3), (3, 5), (5, 10)], cost=1391.96
  Col 9075: blocks=[(0, 3), (3, 5), (5, 10)], cost=1394.65
  Col 9076: blocks=[(0, 3), (3, 5), (5, 10)], cost=1395.00
  Col 9077: blocks=[(0, 3), (3, 5), (5, 10)], cost=1395.00
  Col 9078: blocks=[(0, 3), (3, 5), (5, 10)], cost=1394.65
  Col 9079: blocks=[(0, 3), (3, 5), (5, 10)], cost=1396.66
  Col 9080: blocks=[(0, 3), (3, 5), (5, 10)], cost=1396.66
  Col 9081: blocks=[(0, 3), (3, 5), (5, 10)], cost=1396.31
  Col 9082: blocks=[(0, 3), (3, 5), (5, 10)], cost=1397.01
  Col 9083: blocks=[(0, 3), (3, 5), (5, 10)], cost=1396.66
  Col 9084: blocks=[(0, 3), (3, 5), (5, 10)], cost=1396.66
  Col 9085: blocks=[(0, 3), (3, 5), (5, 10)], cost=1396.24
  Col 9086: blocks=[(0, 3), (3, 5), (5, 10)], cost=1396.59
  Col 9087: blocks=[(0, 3), (3, 5), (5, 10)], cost=1396.59
  Col 9088: blocks=[(0, 3), (3, 5), (5, 10)], cost=1396.24
  Col 9089: blocks=[(0, 3), (3, 5), (5, 10)], cost=1398.25
  Col 9090: blocks=[(0, 3), (3, 5), (5, 10)], cost=1398.25
  Col 9091: blocks=[(0, 3), (3, 5), (5, 10)], cost=1397.90
  Col 9092: blocks=[(0, 3), (3, 5), (5, 10)], cost=1398.60
  Col 9093: blocks=[(0, 3), (3, 5), (5, 10)], cost=1398.25
  Col 9094: blocks=[(0, 3), (3, 5), (5, 10)], cost=1398.25
  Col 9095: blocks=[(0, 3), (3, 5), (5, 10)], cost=1400.94
  Col 9096: blocks=[(0, 3), (3, 5), (5, 10)], cost=1400.94
  Col 9097: blocks=[(0, 3), (3, 5), (5, 10)], cost=1400.59
  Col 9098: blocks=[(0, 3), (3, 5), (5, 10)], cost=1401.29
  Col 9099: blocks=[(0, 3), (3, 5), (5, 10)], cost=1400.94
  Col 9100: blocks=[(0, 3), (3, 5), (5, 10)], cost=1400.94
  Col 9101: blocks=[(0, 3), (3, 5), (5, 10)], cost=1402.95
  Col 9102: blocks=[(0, 3), (3, 5), (5, 10)], cost=1402.60
  Col 9103: blocks=[(0, 3), (3, 5), (5, 10)], cost=1402.60
  Col 9104: blocks=[(0, 3), (3, 5), (5, 10)], cost=1402.95
  Col 9105: blocks=[(0, 3), (3, 6), (6, 7), (7, 8), (8, 9), (9, 10)], cost=1255.12
  Col 9106: blocks=[(0, 3), (3, 6), (6, 7), (7, 8), (8, 9), (9, 10)], cost=1336.79
  Col 9107: blocks=[(0, 3), (3, 6), (6, 7), (7, 8), (8, 9), (9, 10)], cost=1338.38
  Col 9108: blocks=[(0, 3), (3, 6), (6, 7), (7, 8), (8, 9), (9, 10)], cost=1341.07
  Col 9109: blocks=[(0, 3), (3, 6), (6, 7), (7, 8), (8, 9), (9, 10)], cost=1342.05
  Col 9110: blocks=[(0, 3), (3, 6), (6, 7), (7, 8), (8, 9), (9, 10)], cost=1420.04
  Col 9111: blocks=[(0, 3), (3, 6), (6, 7), (7, 8), (8, 9), (9, 10)], cost=1422.73
  Col 9112: blocks=[(0, 3), (3, 6), (6, 7), (7, 8), (8, 9), (9, 10)], cost=1423.71
  Col 9113: blocks=[(0, 3), (3, 6), (6, 7), (7, 8), (8, 9), (9, 10)], cost=1424.32
  Col 9114: blocks=[(0, 3), (3, 6), (6, 7), (7, 8), (8, 9), (9, 10)], cost=1425.30
  Col 9115: blocks=[(0, 3), (3, 6), (6, 7), (7, 8), (8, 9), (9, 10)], cost=1428.00
  Col 9116: blocks=[(0, 3), (3, 6), (6, 7), (7, 8), (8, 9), (9, 10)], cost=1505.98
  Col 9117: blocks=[(0, 3), (3, 6), (6, 7), (7, 8), (8, 9), (9, 10)], cost=1506.97
  Col 9118: blocks=[(0, 3), (3, 6), (6, 7), (7, 8), (8, 9), (9, 10)], cost=1509.66
  Col 9119: blocks=[(0, 3), (3, 6), (6, 7), (7, 8), (8, 9), (9, 10)], cost=1511.25
  Col 9120: blocks=[(0, 3), (3, 6), (6, 7), (7, 8), (8, 10)], cost=1224.06
  Col 9121: blocks=[(0, 3), (3, 6), (6, 7), (7, 8), (8, 10)], cost=1305.73
  Col 9122: blocks=[(0, 3), (3, 6), (6, 7), (7, 8), (8, 10)], cost=1307.32
  Col 9123: blocks=[(0, 3), (3, 6), (6, 7), (7, 8), (8, 10)], cost=1310.01
  Col 9124: blocks=[(0, 3), (3, 6), (6, 7), (7, 8), (8, 10)], cost=1310.99
  Col 9125: blocks=[(0, 3), (3, 6), (6, 7), (7, 8), (8, 10)], cost=1311.67
  Col 9126: blocks=[(0, 3), (3, 6), (6, 7), (7, 8), (8, 10)], cost=1388.98
  Col 9127: blocks=[(0, 3), (3, 6), (6, 7), (7, 8), (8, 10)], cost=1391.67
  Col 9128: blocks=[(0, 3), (3, 6), (6, 7), (7, 8), (8, 10)], cost=1392.65
  Col 9129: blocks=[(0, 3), (3, 6), (6, 7), (7, 8), (8, 10)], cost=1393.33
  Col 9130: blocks=[(0, 3), (3, 6), (6, 7), (7, 8), (8, 10)], cost=1393.26
  Col 9131: blocks=[(0, 3), (3, 6), (6, 7), (7, 8), (8, 10)], cost=1394.24
  Col 9132: blocks=[(0, 3), (3, 6), (6, 7), (7, 8), (8, 10)], cost=1394.92
  Col 9133: blocks=[(0, 3), (3, 6), (6, 7), (7, 8), (8, 10)], cost=1396.94
  Col 9134: blocks=[(0, 3), (3, 6), (6, 7), (7, 8), (8, 10)], cost=1397.62
  Col 9135: blocks=[(0, 3), (3, 6), (6, 7), (7, 8), (8, 10)], cost=1398.60
  Col 9136: blocks=[(0, 3), (3, 6), (6, 7), (7, 8), (8, 10)], cost=1474.92
  Col 9137: blocks=[(0, 3), (3, 6), (6, 7), (7, 8), (8, 10)], cost=1475.91
  Col 9138: blocks=[(0, 3), (3, 6), (6, 7), (7, 8), (8, 10)], cost=1476.59
  Col 9139: blocks=[(0, 3), (3, 6), (6, 7), (7, 8), (8, 10)], cost=1478.60
  Col 9140: blocks=[(0, 3), (3, 6), (6, 7), (7, 8), (8, 10)], cost=1479.28
  Col 9141: blocks=[(0, 3), (3, 6), (6, 7), (7, 8), (8, 10)], cost=1480.26
  Col 9142: blocks=[(0, 3), (3, 6), (6, 7), (7, 8), (8, 10)], cost=1480.19
  Col 9143: blocks=[(0, 3), (3, 6), (6, 7), (7, 8), (8, 10)], cost=1480.87
  Col 9144: blocks=[(0, 3), (3, 6), (6, 7), (7, 8), (8, 10)], cost=1481.85
  Col 9145: blocks=[(0, 3), (3, 6), (6, 7), (7, 8), (8, 10)], cost=1484.54
  Col 9146: blocks=[(0, 3), (3, 6), (6, 7), (7, 9), (9, 10)], cost=1126.10
  Col 9147: blocks=[(0, 3), (3, 6), (6, 7), (7, 9), (9, 10)], cost=1207.76
  Col 9148: blocks=[(0, 3), (3, 6), (6, 7), (7, 9), (9, 10)], cost=1209.35
  Col 9149: blocks=[(0, 3), (3, 6), (6, 7), (7, 9), (9, 10)], cost=1212.05
  Col 9150: blocks=[(0, 3), (3, 6), (6, 7), (7, 9), (9, 10)], cost=1213.03
  Col 9151: blocks=[(0, 3), (3, 6), (6, 7), (7, 9), (9, 10)], cost=1214.06
  Col 9152: blocks=[(0, 3), (3, 6), (6, 7), (7, 9), (9, 10)], cost=1291.02
  Col 9153: blocks=[(0, 3), (3, 6), (6, 7), (7, 9), (9, 10)], cost=1293.71
  Col 9154: blocks=[(0, 3), (3, 6), (6, 7), (7, 9), (9, 10)], cost=1294.69
  Col 9155: blocks=[(0, 3), (3, 6), (6, 7), (7, 9), (9, 10)], cost=1295.72
  Col 9156: blocks=[(0, 3), (3, 6), (6, 7), (7, 9), (9, 10)], cost=1295.30
  Col 9157: blocks=[(0, 3), (3, 6), (6, 7), (7, 9), (9, 10)], cost=1296.28
  Col 9158: blocks=[(0, 3), (3, 6), (6, 7), (7, 9), (9, 10)], cost=1297.31
  Col 9159: blocks=[(0, 3), (3, 6), (6, 7), (7, 9), (9, 10)], cost=1298.97
  Col 9160: blocks=[(0, 3), (3, 6), (6, 7), (7, 9), (9, 10)], cost=1300.00
  Col 9161: blocks=[(0, 3), (3, 6), (6, 7), (7, 9), (9, 10)], cost=1300.98
  Col 9162: blocks=[(0, 3), (3, 6), (6, 7), (7, 9), (9, 10)], cost=1376.96
  Col 9163: blocks=[(0, 3), (3, 6), (6, 7), (7, 9), (9, 10)], cost=1377.95
  Col 9164: blocks=[(0, 3), (3, 6), (6, 7), (7, 9), (9, 10)], cost=1378.97
  Col 9165: blocks=[(0, 3), (3, 6), (6, 7), (7, 9), (9, 10)], cost=1380.64
  Col 9166: blocks=[(0, 3), (3, 6), (6, 7), (7, 9), (9, 10)], cost=1381.66
  Col 9167: blocks=[(0, 3), (3, 6), (6, 7), (7, 9), (9, 10)], cost=1382.65
  Col 9168: blocks=[(0, 3), (3, 6), (6, 7), (7, 9), (9, 10)], cost=1382.23
  Col 9169: blocks=[(0, 3), (3, 6), (6, 7), (7, 9), (9, 10)], cost=1383.26
  Col 9170: blocks=[(0, 3), (3, 6), (6, 7), (7, 9), (9, 10)], cost=1384.24
  Col 9171: blocks=[(0, 3), (3, 6), (6, 7), (7, 9), (9, 10)], cost=1386.93
  Col 9172: blocks=[(0, 3), (3, 6), (6, 7), (7, 10)], cost=1051.97
  Col 9173: blocks=[(0, 3), (3, 6), (6, 7), (7, 10)], cost=1133.63
  Col 9174: blocks=[(0, 3), (3, 6), (6, 7), (7, 10)], cost=1135.22
  Col 9175: blocks=[(0, 3), (3, 6), (6, 7), (7, 10)], cost=1137.92
  Col 9176: blocks=[(0, 3), (3, 6), (6, 7), (7, 10)], cost=1138.90
  Col 9177: blocks=[(0, 3), (3, 6), (6, 7), (7, 10)], cost=1139.93
  Col 9178: blocks=[(0, 3), (3, 6), (6, 7), (7, 10)], cost=1139.58
  Col 9179: blocks=[(0, 3), (3, 6), (6, 7), (7, 10)], cost=1216.89
  Col 9180: blocks=[(0, 3), (3, 6), (6, 7), (7, 10)], cost=1219.58
  Col 9181: blocks=[(0, 3), (3, 6), (6, 7), (7, 10)], cost=1220.56
  Col 9182: blocks=[(0, 3), (3, 6), (6, 7), (7, 10)], cost=1221.59
  Col 9183: blocks=[(0, 3), (3, 6), (6, 7), (7, 10)], cost=1221.24
  Col 9184: blocks=[(0, 3), (3, 6), (6, 7), (7, 10)], cost=1221.17
  Col 9185: blocks=[(0, 3), (3, 6), (6, 7), (7, 10)], cost=1222.15
  Col 9186: blocks=[(0, 3), (3, 6), (6, 7), (7, 10)], cost=1223.18
  Col 9187: blocks=[(0, 3), (3, 6), (6, 7), (7, 10)], cost=1222.83
  Col 9188: blocks=[(0, 3), (3, 6), (6, 7), (7, 10)], cost=1224.84
  Col 9189: blocks=[(0, 3), (3, 6), (6, 7), (7, 10)], cost=1225.87
  Col 9190: blocks=[(0, 3), (3, 6), (6, 7), (7, 10)], cost=1225.52
  Col 9191: blocks=[(0, 3), (3, 6), (6, 7), (7, 10)], cost=1226.86
  Col 9192: blocks=[(0, 3), (3, 6), (6, 7), (7, 10)], cost=1226.51
  Col 9193: blocks=[(0, 3), (3, 6), (6, 7), (7, 10)], cost=1227.54
  Col 9194: blocks=[(0, 3), (3, 6), (6, 7), (7, 10)], cost=1302.83
  Col 9195: blocks=[(0, 3), (3, 6), (6, 7), (7, 10)], cost=1303.82
  Col 9196: blocks=[(0, 3), (3, 6), (6, 7), (7, 10)], cost=1304.84
  Col 9197: blocks=[(0, 3), (3, 6), (6, 7), (7, 10)], cost=1304.50
  Col 9198: blocks=[(0, 3), (3, 6), (6, 7), (7, 10)], cost=1306.51
  Col 9199: blocks=[(0, 3), (3, 6), (6, 7), (7, 10)], cost=1307.54
  Col 9200: blocks=[(0, 3), (3, 6), (6, 7), (7, 10)], cost=1307.19
  Col 9201: blocks=[(0, 3), (3, 6), (6, 7), (7, 10)], cost=1308.52
  Col 9202: blocks=[(0, 3), (3, 6), (6, 7), (7, 10)], cost=1308.17
  Col 9203: blocks=[(0, 3), (3, 6), (6, 7), (7, 10)], cost=1309.20
  Col 9204: blocks=[(0, 3), (3, 6), (6, 7), (7, 10)], cost=1308.10
  Col 9205: blocks=[(0, 3), (3, 6), (6, 7), (7, 10)], cost=1309.13
  Col 9206: blocks=[(0, 3), (3, 6), (6, 7), (7, 10)], cost=1308.78
  Col 9207: blocks=[(0, 3), (3, 6), (6, 7), (7, 10)], cost=1310.11
  Col 9208: blocks=[(0, 3), (3, 6), (6, 7), (7, 10)], cost=1309.76
  Col 9209: blocks=[(0, 3), (3, 6), (6, 7), (7, 10)], cost=1310.79
  Col 9210: blocks=[(0, 3), (3, 6), (6, 7), (7, 10)], cost=1312.80
  Col 9211: blocks=[(0, 3), (3, 6), (6, 7), (7, 10)], cost=1312.45
  Col 9212: blocks=[(0, 3), (3, 6), (6, 7), (7, 10)], cost=1313.48
  Col 9213: blocks=[(0, 3), (3, 6), (6, 7), (7, 10)], cost=1314.46
  Col 9214: blocks=[(0, 3), (3, 6), (6, 8), (8, 9), (9, 10)], cost=1176.91
  Col 9215: blocks=[(0, 3), (3, 6), (6, 8), (8, 9), (9, 10)], cost=1258.57
  Col 9216: blocks=[(0, 3), (3, 6), (6, 8), (8, 9), (9, 10)], cost=1260.16
  Col 9217: blocks=[(0, 3), (3, 6), (6, 8), (8, 9), (9, 10)], cost=1262.86
  Col 9218: blocks=[(0, 3), (3, 6), (6, 8), (8, 9), (9, 10)], cost=1263.84
  Col 9219: blocks=[(0, 3), (3, 6), (6, 8), (8, 9), (9, 10)], cost=1264.87
  Col 9220: blocks=[(0, 3), (3, 6), (6, 8), (8, 9), (9, 10)], cost=1341.83
  Col 9221: blocks=[(0, 3), (3, 6), (6, 8), (8, 9), (9, 10)], cost=1344.52
  Col 9222: blocks=[(0, 3), (3, 6), (6, 8), (8, 9), (9, 10)], cost=1345.50
  Col 9223: blocks=[(0, 3), (3, 6), (6, 8), (8, 9), (9, 10)], cost=1346.53
  Col 9224: blocks=[(0, 3), (3, 6), (6, 8), (8, 9), (9, 10)], cost=1346.11
  Col 9225: blocks=[(0, 3), (3, 6), (6, 8), (8, 9), (9, 10)], cost=1347.09
  Col 9226: blocks=[(0, 3), (3, 6), (6, 8), (8, 9), (9, 10)], cost=1348.12
  Col 9227: blocks=[(0, 3), (3, 6), (6, 8), (8, 9), (9, 10)], cost=1349.78
  Col 9228: blocks=[(0, 3), (3, 6), (6, 8), (8, 9), (9, 10)], cost=1350.81
  Col 9229: blocks=[(0, 3), (3, 6), (6, 8), (8, 9), (9, 10)], cost=1351.79
  Col 9230: blocks=[(0, 3), (3, 6), (6, 8), (8, 9), (9, 10)], cost=1427.77
  Col 9231: blocks=[(0, 3), (3, 6), (6, 8), (8, 9), (9, 10)], cost=1428.76
  Col 9232: blocks=[(0, 3), (3, 6), (6, 8), (8, 9), (9, 10)], cost=1429.78
  Col 9233: blocks=[(0, 3), (3, 6), (6, 8), (8, 9), (9, 10)], cost=1431.45
  Col 9234: blocks=[(0, 3), (3, 6), (6, 8), (8, 9), (9, 10)], cost=1432.47
  Col 9235: blocks=[(0, 3), (3, 6), (6, 8), (8, 9), (9, 10)], cost=1433.46
  Col 9236: blocks=[(0, 3), (3, 6), (6, 8), (8, 9), (9, 10)], cost=1433.04
  Col 9237: blocks=[(0, 3), (3, 6), (6, 8), (8, 9), (9, 10)], cost=1434.07
  Col 9238: blocks=[(0, 3), (3, 6), (6, 8), (8, 9), (9, 10)], cost=1435.05
  Col 9239: blocks=[(0, 3), (3, 6), (6, 8), (8, 9), (9, 10)], cost=1437.74
  Col 9240: blocks=[(0, 3), (3, 6), (6, 8), (8, 10)], cost=1145.85
  Col 9241: blocks=[(0, 3), (3, 6), (6, 8), (8, 10)], cost=1227.51
  Col 9242: blocks=[(0, 3), (3, 6), (6, 8), (8, 10)], cost=1229.10
  Col 9243: blocks=[(0, 3), (3, 6), (6, 8), (8, 10)], cost=1231.80
  Col 9244: blocks=[(0, 3), (3, 6), (6, 8), (8, 10)], cost=1232.78
  Col 9245: blocks=[(0, 3), (3, 6), (6, 8), (8, 10)], cost=1233.81
  Col 9246: blocks=[(0, 3), (3, 6), (6, 8), (8, 10)], cost=1233.46
  Col 9247: blocks=[(0, 3), (3, 6), (6, 8), (8, 10)], cost=1310.77
  Col 9248: blocks=[(0, 3), (3, 6), (6, 8), (8, 10)], cost=1313.46
  Col 9249: blocks=[(0, 3), (3, 6), (6, 8), (8, 10)], cost=1314.44
  Col 9250: blocks=[(0, 3), (3, 6), (6, 8), (8, 10)], cost=1315.47
  Col 9251: blocks=[(0, 3), (3, 6), (6, 8), (8, 10)], cost=1315.12
  Col 9252: blocks=[(0, 3), (3, 6), (6, 8), (8, 10)], cost=1315.05
  Col 9253: blocks=[(0, 3), (3, 6), (6, 8), (8, 10)], cost=1316.03
  Col 9254: blocks=[(0, 3), (3, 6), (6, 8), (8, 10)], cost=1317.06
  Col 9255: blocks=[(0, 3), (3, 6), (6, 8), (8, 10)], cost=1316.71
  Col 9256: blocks=[(0, 3), (3, 6), (6, 8), (8, 10)], cost=1318.72
  Col 9257: blocks=[(0, 3), (3, 6), (6, 8), (8, 10)], cost=1319.75
  Col 9258: blocks=[(0, 3), (3, 6), (6, 8), (8, 10)], cost=1319.40
  Col 9259: blocks=[(0, 3), (3, 6), (6, 8), (8, 10)], cost=1320.73
  Col 9260: blocks=[(0, 3), (3, 6), (6, 8), (8, 10)], cost=1320.39
  Col 9261: blocks=[(0, 3), (3, 6), (6, 8), (8, 10)], cost=1321.41
  Col 9262: blocks=[(0, 3), (3, 6), (6, 8), (8, 10)], cost=1396.71
  Col 9263: blocks=[(0, 3), (3, 6), (6, 8), (8, 10)], cost=1397.70
  Col 9264: blocks=[(0, 3), (3, 6), (6, 8), (8, 10)], cost=1398.72
  Col 9265: blocks=[(0, 3), (3, 6), (6, 8), (8, 10)], cost=1398.38
  Col 9266: blocks=[(0, 3), (3, 6), (6, 8), (8, 10)], cost=1400.39
  Col 9267: blocks=[(0, 3), (3, 6), (6, 8), (8, 10)], cost=1401.41
  Col 9268: blocks=[(0, 3), (3, 6), (6, 8), (8, 10)], cost=1401.07
  Col 9269: blocks=[(0, 3), (3, 6), (6, 8), (8, 10)], cost=1402.40
  Col 9270: blocks=[(0, 3), (3, 6), (6, 8), (8, 10)], cost=1402.05
  Col 9271: blocks=[(0, 3), (3, 6), (6, 8), (8, 10)], cost=1403.08
  Col 9272: blocks=[(0, 3), (3, 6), (6, 8), (8, 10)], cost=1401.98
  Col 9273: blocks=[(0, 3), (3, 6), (6, 8), (8, 10)], cost=1403.01
  Col 9274: blocks=[(0, 3), (3, 6), (6, 8), (8, 10)], cost=1402.66
  Col 9275: blocks=[(0, 3), (3, 6), (6, 8), (8, 10)], cost=1403.99
  Col 9276: blocks=[(0, 3), (3, 6), (6, 8), (8, 10)], cost=1403.64
  Col 9277: blocks=[(0, 3), (3, 6), (6, 8), (8, 10)], cost=1404.67
  Col 9278: blocks=[(0, 3), (3, 6), (6, 8), (8, 10)], cost=1406.68
  Col 9279: blocks=[(0, 3), (3, 6), (6, 8), (8, 10)], cost=1406.33
  Col 9280: blocks=[(0, 3), (3, 6), (6, 8), (8, 10)], cost=1407.36
  Col 9281: blocks=[(0, 3), (3, 6), (6, 8), (8, 10)], cost=1408.34
  Col 9282: blocks=[(0, 3), (3, 6), (6, 9), (9, 10)], cost=1071.39
  Col 9283: blocks=[(0, 3), (3, 6), (6, 9), (9, 10)], cost=1153.05
  Col 9284: blocks=[(0, 3), (3, 6), (6, 9), (9, 10)], cost=1154.64
  Col 9285: blocks=[(0, 3), (3, 6), (6, 9), (9, 10)], cost=1157.33
  Col 9286: blocks=[(0, 3), (3, 6), (6, 9), (9, 10)], cost=1158.32
  Col 9287: blocks=[(0, 3), (3, 6), (6, 9), (9, 10)], cost=1159.34
  Col 9288: blocks=[(0, 3), (3, 6), (6, 9), (9, 10)], cost=1159.34
  Col 9289: blocks=[(0, 3), (3, 6), (6, 9), (9, 10)], cost=1236.31
  Col 9290: blocks=[(0, 3), (3, 6), (6, 9), (9, 10)], cost=1239.00
  Col 9291: blocks=[(0, 3), (3, 6), (6, 9), (9, 10)], cost=1239.98
  Col 9292: blocks=[(0, 3), (3, 6), (6, 9), (9, 10)], cost=1241.01
  Col 9293: blocks=[(0, 3), (3, 6), (6, 9), (9, 10)], cost=1241.01
  Col 9294: blocks=[(0, 3), (3, 6), (6, 9), (9, 10)], cost=1240.59
  Col 9295: blocks=[(0, 3), (3, 6), (6, 9), (9, 10)], cost=1241.57
  Col 9296: blocks=[(0, 3), (3, 6), (6, 9), (9, 10)], cost=1242.60
  Col 9297: blocks=[(0, 3), (3, 6), (6, 9), (9, 10)], cost=1242.60
  Col 9298: blocks=[(0, 3), (3, 6), (6, 9), (9, 10)], cost=1244.26
  Col 9299: blocks=[(0, 3), (3, 6), (6, 9), (9, 10)], cost=1245.29
  Col 9300: blocks=[(0, 3), (3, 6), (6, 9), (9, 10)], cost=1245.29
  Col 9301: blocks=[(0, 3), (3, 6), (6, 9), (9, 10)], cost=1246.27
  Col 9302: blocks=[(0, 3), (3, 6), (6, 9), (9, 10)], cost=1246.27
  Col 9303: blocks=[(0, 3), (3, 6), (6, 9), (9, 10)], cost=1247.30
  Col 9304: blocks=[(0, 3), (3, 6), (6, 9), (9, 10)], cost=1322.25
  Col 9305: blocks=[(0, 3), (3, 6), (6, 9), (9, 10)], cost=1323.23
  Col 9306: blocks=[(0, 3), (3, 6), (6, 9), (9, 10)], cost=1324.26
  Col 9307: blocks=[(0, 3), (3, 6), (6, 9), (9, 10)], cost=1324.26
  Col 9308: blocks=[(0, 3), (3, 6), (6, 9), (9, 10)], cost=1325.92
  Col 9309: blocks=[(0, 3), (3, 6), (6, 9), (9, 10)], cost=1326.95
  Col 9310: blocks=[(0, 3), (3, 6), (6, 9), (9, 10)], cost=1326.95
  Col 9311: blocks=[(0, 3), (3, 6), (6, 9), (9, 10)], cost=1327.94
  Col 9312: blocks=[(0, 3), (3, 6), (6, 9), (9, 10)], cost=1327.94
  Col 9313: blocks=[(0, 3), (3, 6), (6, 9), (9, 10)], cost=1328.96
  Col 9314: blocks=[(0, 3), (3, 6), (6, 9), (9, 10)], cost=1327.52
  Col 9315: blocks=[(0, 3), (3, 6), (6, 9), (9, 10)], cost=1328.54
  Col 9316: blocks=[(0, 3), (3, 6), (6, 9), (9, 10)], cost=1328.54
  Col 9317: blocks=[(0, 3), (3, 6), (6, 9), (9, 10)], cost=1329.53
  Col 9318: blocks=[(0, 3), (3, 6), (6, 9), (9, 10)], cost=1329.53
  Col 9319: blocks=[(0, 3), (3, 6), (6, 9), (9, 10)], cost=1330.55
  Col 9320: blocks=[(0, 3), (3, 6), (6, 9), (9, 10)], cost=1332.22
  Col 9321: blocks=[(0, 3), (3, 6), (6, 9), (9, 10)], cost=1332.22
  Col 9322: blocks=[(0, 3), (3, 6), (6, 9), (9, 10)], cost=1333.25
  Col 9323: blocks=[(0, 3), (3, 6), (6, 9), (9, 10)], cost=1334.23
  Col 9324: blocks=[(0, 3), (3, 6), (6, 10)], cost=1021.91
  Col 9325: blocks=[(0, 3), (3, 6), (6, 10)], cost=1103.57
  Col 9326: blocks=[(0, 3), (3, 6), (6, 10)], cost=1105.16
  Col 9327: blocks=[(0, 3), (3, 6), (6, 10)], cost=1107.85
  Col 9328: blocks=[(0, 3), (3, 6), (6, 10)], cost=1108.83
  Col 9329: blocks=[(0, 3), (3, 6), (6, 10)], cost=1109.86
  Col 9330: blocks=[(0, 3), (3, 6), (6, 10)], cost=1109.86
  Col 9331: blocks=[(0, 3), (3, 6), (6, 10)], cost=1109.51
  Col 9332: blocks=[(0, 3), (3, 6), (6, 10)], cost=1186.82
  Col 9333: blocks=[(0, 3), (3, 6), (6, 10)], cost=1189.51
  Col 9334: blocks=[(0, 3), (3, 6), (6, 10)], cost=1190.50
  Col 9335: blocks=[(0, 3), (3, 6), (6, 10)], cost=1191.52
  Col 9336: blocks=[(0, 3), (3, 6), (6, 10)], cost=1191.52
  Col 9337: blocks=[(0, 3), (3, 6), (6, 10)], cost=1191.18
  Col 9338: blocks=[(0, 3), (3, 6), (6, 10)], cost=1191.10
  Col 9339: blocks=[(0, 3), (3, 6), (6, 10)], cost=1192.09
  Col 9340: blocks=[(0, 3), (3, 6), (6, 10)], cost=1193.12
  Col 9341: blocks=[(0, 3), (3, 6), (6, 10)], cost=1193.12
  Col 9342: blocks=[(0, 3), (3, 6), (6, 10)], cost=1192.77
  Col 9343: blocks=[(0, 3), (3, 6), (6, 10)], cost=1194.78
  Col 9344: blocks=[(0, 3), (3, 6), (6, 10)], cost=1195.81
  Col 9345: blocks=[(0, 3), (3, 6), (6, 10)], cost=1195.81
  Col 9346: blocks=[(0, 3), (3, 6), (6, 10)], cost=1195.46
  Col 9347: blocks=[(0, 3), (3, 6), (6, 10)], cost=1196.79
  Col 9348: blocks=[(0, 3), (3, 6), (6, 10)], cost=1196.79
  Col 9349: blocks=[(0, 3), (3, 6), (6, 10)], cost=1196.44
  Col 9350: blocks=[(0, 3), (3, 6), (6, 10)], cost=1197.82
  Col 9351: blocks=[(0, 3), (3, 6), (6, 10)], cost=1197.47
  Col 9352: blocks=[(0, 3), (3, 6), (6, 10)], cost=1197.47
  Col 9353: blocks=[(0, 3), (3, 6), (6, 10)], cost=1272.77
  Col 9354: blocks=[(0, 3), (3, 6), (6, 10)], cost=1273.75
  Col 9355: blocks=[(0, 3), (3, 6), (6, 10)], cost=1274.78
  Col 9356: blocks=[(0, 3), (3, 6), (6, 10)], cost=1274.78
  Col 9357: blocks=[(0, 3), (3, 6), (6, 10)], cost=1274.43
  Col 9358: blocks=[(0, 3), (3, 6), (6, 10)], cost=1276.44
  Col 9359: blocks=[(0, 3), (3, 6), (6, 10)], cost=1277.47
  Col 9360: blocks=[(0, 3), (3, 6), (6, 10)], cost=1277.47
  Col 9361: blocks=[(0, 3), (3, 6), (6, 10)], cost=1277.12
  Col 9362: blocks=[(0, 3), (3, 6), (6, 10)], cost=1278.45
  Col 9363: blocks=[(0, 3), (3, 6), (6, 10)], cost=1278.45
  Col 9364: blocks=[(0, 3), (3, 6), (6, 10)], cost=1278.11
  Col 9365: blocks=[(0, 3), (3, 6), (6, 10)], cost=1279.48
  Col 9366: blocks=[(0, 3), (3, 6), (6, 10)], cost=1279.13
  Col 9367: blocks=[(0, 3), (3, 6), (6, 10)], cost=1279.13
  Col 9368: blocks=[(0, 3), (3, 6), (6, 10)], cost=1278.03
  Col 9369: blocks=[(0, 3), (3, 6), (6, 10)], cost=1279.06
  Col 9370: blocks=[(0, 3), (3, 6), (6, 10)], cost=1279.06
  Col 9371: blocks=[(0, 3), (3, 6), (6, 10)], cost=1278.71
  Col 9372: blocks=[(0, 3), (3, 6), (6, 10)], cost=1280.04
  Col 9373: blocks=[(0, 3), (3, 6), (6, 10)], cost=1280.04
  Col 9374: blocks=[(0, 3), (3, 6), (6, 10)], cost=1279.70
  Col 9375: blocks=[(0, 3), (3, 6), (6, 10)], cost=1281.07
  Col 9376: blocks=[(0, 3), (3, 6), (6, 10)], cost=1280.72
  Col 9377: blocks=[(0, 3), (3, 6), (6, 10)], cost=1280.72
  Col 9378: blocks=[(0, 3), (3, 6), (6, 10)], cost=1282.73
  Col 9379: blocks=[(0, 3), (3, 6), (6, 10)], cost=1282.73
  Col 9380: blocks=[(0, 3), (3, 6), (6, 10)], cost=1282.39
  Col 9381: blocks=[(0, 3), (3, 6), (6, 10)], cost=1283.76
  Col 9382: blocks=[(0, 3), (3, 6), (6, 10)], cost=1283.41
  Col 9383: blocks=[(0, 3), (3, 6), (6, 10)], cost=1283.41
  Col 9384: blocks=[(0, 3), (3, 6), (6, 10)], cost=1284.75
  Col 9385: blocks=[(0, 3), (3, 6), (6, 10)], cost=1284.40
  Col 9386: blocks=[(0, 3), (3, 6), (6, 10)], cost=1284.40
  Col 9387: blocks=[(0, 3), (3, 6), (6, 10)], cost=1285.43
  Col 9388: blocks=[(0, 3), (3, 7), (7, 8), (8, 9), (9, 10)], cost=1196.29
  Col 9389: blocks=[(0, 3), (3, 7), (7, 8), (8, 9), (9, 10)], cost=1277.95
  Col 9390: blocks=[(0, 3), (3, 7), (7, 8), (8, 9), (9, 10)], cost=1279.54
  Col 9391: blocks=[(0, 3), (3, 7), (7, 8), (8, 9), (9, 10)], cost=1282.23
  Col 9392: blocks=[(0, 3), (3, 7), (7, 8), (8, 9), (9, 10)], cost=1283.21
  Col 9393: blocks=[(0, 3), (3, 7), (7, 8), (8, 9), (9, 10)], cost=1283.89
  Col 9394: blocks=[(0, 3), (3, 7), (7, 8), (8, 9), (9, 10)], cost=1361.20
  Col 9395: blocks=[(0, 3), (3, 7), (7, 8), (8, 9), (9, 10)], cost=1363.89
  Col 9396: blocks=[(0, 3), (3, 7), (7, 8), (8, 9), (9, 10)], cost=1364.88
  Col 9397: blocks=[(0, 3), (3, 7), (7, 8), (8, 9), (9, 10)], cost=1365.56
  Col 9398: blocks=[(0, 3), (3, 7), (7, 8), (8, 9), (9, 10)], cost=1365.48
  Col 9399: blocks=[(0, 3), (3, 7), (7, 8), (8, 9), (9, 10)], cost=1366.47
  Col 9400: blocks=[(0, 3), (3, 7), (7, 8), (8, 9), (9, 10)], cost=1367.15
  Col 9401: blocks=[(0, 3), (3, 7), (7, 8), (8, 9), (9, 10)], cost=1369.16
  Col 9402: blocks=[(0, 3), (3, 7), (7, 8), (8, 9), (9, 10)], cost=1369.84
  Col 9403: blocks=[(0, 3), (3, 7), (7, 8), (8, 9), (9, 10)], cost=1370.82
  Col 9404: blocks=[(0, 3), (3, 7), (7, 8), (8, 9), (9, 10)], cost=1447.15
  Col 9405: blocks=[(0, 3), (3, 7), (7, 8), (8, 9), (9, 10)], cost=1448.13
  Col 9406: blocks=[(0, 3), (3, 7), (7, 8), (8, 9), (9, 10)], cost=1448.81
  Col 9407: blocks=[(0, 3), (3, 7), (7, 8), (8, 9), (9, 10)], cost=1450.82
  Col 9408: blocks=[(0, 3), (3, 7), (7, 8), (8, 9), (9, 10)], cost=1451.50
  Col 9409: blocks=[(0, 3), (3, 7), (7, 8), (8, 9), (9, 10)], cost=1452.49
  Col 9410: blocks=[(0, 3), (3, 7), (7, 8), (8, 9), (9, 10)], cost=1452.41
  Col 9411: blocks=[(0, 3), (3, 7), (7, 8), (8, 9), (9, 10)], cost=1453.09
  Col 9412: blocks=[(0, 3), (3, 7), (7, 8), (8, 9), (9, 10)], cost=1454.08
  Col 9413: blocks=[(0, 3), (3, 7), (7, 8), (8, 9), (9, 10)], cost=1456.77
  Col 9414: blocks=[(0, 3), (3, 7), (7, 8), (8, 10)], cost=1165.23
  Col 9415: blocks=[(0, 3), (3, 7), (7, 8), (8, 10)], cost=1246.89
  Col 9416: blocks=[(0, 3), (3, 7), (7, 8), (8, 10)], cost=1248.48
  Col 9417: blocks=[(0, 3), (3, 7), (7, 8), (8, 10)], cost=1251.17
  Col 9418: blocks=[(0, 3), (3, 7), (7, 8), (8, 10)], cost=1252.15
  Col 9419: blocks=[(0, 3), (3, 7), (7, 8), (8, 10)], cost=1252.83
  Col 9420: blocks=[(0, 3), (3, 7), (7, 8), (8, 10)], cost=1252.83
  Col 9421: blocks=[(0, 3), (3, 7), (7, 8), (8, 10)], cost=1330.14
  Col 9422: blocks=[(0, 3), (3, 7), (7, 8), (8, 10)], cost=1332.83
  Col 9423: blocks=[(0, 3), (3, 7), (7, 8), (8, 10)], cost=1333.82
  Col 9424: blocks=[(0, 3), (3, 7), (7, 8), (8, 10)], cost=1334.50
  Col 9425: blocks=[(0, 3), (3, 7), (7, 8), (8, 10)], cost=1334.50
  Col 9426: blocks=[(0, 3), (3, 7), (7, 8), (8, 10)], cost=1334.42
  Col 9427: blocks=[(0, 3), (3, 7), (7, 8), (8, 10)], cost=1335.41
  Col 9428: blocks=[(0, 3), (3, 7), (7, 8), (8, 10)], cost=1336.09
  Col 9429: blocks=[(0, 3), (3, 7), (7, 8), (8, 10)], cost=1336.09
  Col 9430: blocks=[(0, 3), (3, 7), (7, 8), (8, 10)], cost=1338.10
  Col 9431: blocks=[(0, 3), (3, 7), (7, 8), (8, 10)], cost=1338.78
  Col 9432: blocks=[(0, 3), (3, 7), (7, 8), (8, 10)], cost=1338.78
  Col 9433: blocks=[(0, 3), (3, 7), (7, 8), (8, 10)], cost=1339.76
  Col 9434: blocks=[(0, 3), (3, 7), (7, 8), (8, 10)], cost=1339.76
  Col 9435: blocks=[(0, 3), (3, 7), (7, 8), (8, 10)], cost=1340.44
  Col 9436: blocks=[(0, 3), (3, 7), (7, 8), (8, 10)], cost=1416.09
  Col 9437: blocks=[(0, 3), (3, 7), (7, 8), (8, 10)], cost=1417.07
  Col 9438: blocks=[(0, 3), (3, 7), (7, 8), (8, 10)], cost=1417.75
  Col 9439: blocks=[(0, 3), (3, 7), (7, 8), (8, 10)], cost=1417.75
  Col 9440: blocks=[(0, 3), (3, 7), (7, 8), (8, 10)], cost=1419.76
  Col 9441: blocks=[(0, 3), (3, 7), (7, 8), (8, 10)], cost=1420.44
  Col 9442: blocks=[(0, 3), (3, 7), (7, 8), (8, 10)], cost=1420.44
  Col 9443: blocks=[(0, 3), (3, 7), (7, 8), (8, 10)], cost=1421.43
  Col 9444: blocks=[(0, 3), (3, 7), (7, 8), (8, 10)], cost=1421.43
  Col 9445: blocks=[(0, 3), (3, 7), (7, 8), (8, 10)], cost=1422.11
  Col 9446: blocks=[(0, 3), (3, 7), (7, 8), (8, 10)], cost=1421.35
  Col 9447: blocks=[(0, 3), (3, 7), (7, 8), (8, 10)], cost=1422.03
  Col 9448: blocks=[(0, 3), (3, 7), (7, 8), (8, 10)], cost=1422.03
  Col 9449: blocks=[(0, 3), (3, 7), (7, 8), (8, 10)], cost=1423.02
  Col 9450: blocks=[(0, 3), (3, 7), (7, 8), (8, 10)], cost=1423.02
  Col 9451: blocks=[(0, 3), (3, 7), (7, 8), (8, 10)], cost=1423.70
  Col 9452: blocks=[(0, 3), (3, 7), (7, 8), (8, 10)], cost=1425.71
  Col 9453: blocks=[(0, 3), (3, 7), (7, 8), (8, 10)], cost=1425.71
  Col 9454: blocks=[(0, 3), (3, 7), (7, 8), (8, 10)], cost=1426.39
  Col 9455: blocks=[(0, 3), (3, 7), (7, 8), (8, 10)], cost=1427.37
  Col 9456: blocks=[(0, 3), (3, 7), (7, 9), (9, 10)], cost=1067.26
  Col 9457: blocks=[(0, 3), (3, 7), (7, 9), (9, 10)], cost=1148.93
  Col 9458: blocks=[(0, 3), (3, 7), (7, 9), (9, 10)], cost=1150.52
  Col 9459: blocks=[(0, 3), (3, 7), (7, 9), (9, 10)], cost=1153.21
  Col 9460: blocks=[(0, 3), (3, 7), (7, 9), (9, 10)], cost=1154.19
  Col 9461: blocks=[(0, 3), (3, 7), (7, 9), (9, 10)], cost=1154.87
  Col 9462: blocks=[(0, 3), (3, 7), (7, 9), (9, 10)], cost=1155.22
  Col 9463: blocks=[(0, 3), (3, 7), (7, 9), (9, 10)], cost=1232.18
  Col 9464: blocks=[(0, 3), (3, 7), (7, 9), (9, 10)], cost=1234.87
  Col 9465: blocks=[(0, 3), (3, 7), (7, 9), (9, 10)], cost=1235.85
  Col 9466: blocks=[(0, 3), (3, 7), (7, 9), (9, 10)], cost=1236.53
  Col 9467: blocks=[(0, 3), (3, 7), (7, 9), (9, 10)], cost=1236.88
  Col 9468: blocks=[(0, 3), (3, 7), (7, 9), (9, 10)], cost=1236.46
  Col 9469: blocks=[(0, 3), (3, 7), (7, 9), (9, 10)], cost=1237.44
  Col 9470: blocks=[(0, 3), (3, 7), (7, 9), (9, 10)], cost=1238.13
  Col 9471: blocks=[(0, 3), (3, 7), (7, 9), (9, 10)], cost=1238.47
  Col 9472: blocks=[(0, 3), (3, 7), (7, 9), (9, 10)], cost=1240.14
  Col 9473: blocks=[(0, 3), (3, 7), (7, 9), (9, 10)], cost=1240.82
  Col 9474: blocks=[(0, 3), (3, 7), (7, 9), (9, 10)], cost=1241.16
  Col 9475: blocks=[(0, 3), (3, 7), (7, 9), (9, 10)], cost=1241.80
  Col 9476: blocks=[(0, 3), (3, 7), (7, 9), (9, 10)], cost=1242.15
  Col 9477: blocks=[(0, 3), (3, 7), (7, 9), (9, 10)], cost=1242.83
  Col 9478: blocks=[(0, 3), (3, 7), (7, 9), (9, 10)], cost=1318.13
  Col 9479: blocks=[(0, 3), (3, 7), (7, 9), (9, 10)], cost=1319.11
  Col 9480: blocks=[(0, 3), (3, 7), (7, 9), (9, 10)], cost=1319.79
  Col 9481: blocks=[(0, 3), (3, 7), (7, 9), (9, 10)], cost=1320.14
  Col 9482: blocks=[(0, 3), (3, 7), (7, 9), (9, 10)], cost=1321.80
  Col 9483: blocks=[(0, 3), (3, 7), (7, 9), (9, 10)], cost=1322.48
  Col 9484: blocks=[(0, 3), (3, 7), (7, 9), (9, 10)], cost=1322.83
  Col 9485: blocks=[(0, 3), (3, 7), (7, 9), (9, 10)], cost=1323.46
  Col 9486: blocks=[(0, 3), (3, 7), (7, 9), (9, 10)], cost=1323.81
  Col 9487: blocks=[(0, 3), (3, 7), (7, 9), (9, 10)], cost=1324.49
  Col 9488: blocks=[(0, 3), (3, 7), (7, 9), (9, 10)], cost=1323.39
  Col 9489: blocks=[(0, 3), (3, 7), (7, 9), (9, 10)], cost=1324.07
  Col 9490: blocks=[(0, 3), (3, 7), (7, 9), (9, 10)], cost=1324.42
  Col 9491: blocks=[(0, 3), (3, 7), (7, 9), (9, 10)], cost=1325.05
  Col 9492: blocks=[(0, 3), (3, 7), (7, 9), (9, 10)], cost=1325.40
  Col 9493: blocks=[(0, 3), (3, 7), (7, 9), (9, 10)], cost=1326.08
  Col 9494: blocks=[(0, 3), (3, 7), (7, 9), (9, 10)], cost=1327.74
  Col 9495: blocks=[(0, 3), (3, 7), (7, 9), (9, 10)], cost=1328.09
  Col 9496: blocks=[(0, 3), (3, 7), (7, 9), (9, 10)], cost=1328.77
  Col 9497: blocks=[(0, 3), (3, 7), (7, 9), (9, 10)], cost=1329.76
  Col 9498: blocks=[(0, 3), (3, 7), (7, 10)], cost=993.13
  Col 9499: blocks=[(0, 3), (3, 7), (7, 10)], cost=1074.80
  Col 9500: blocks=[(0, 3), (3, 7), (7, 10)], cost=1076.39
  Col 9501: blocks=[(0, 3), (3, 7), (7, 10)], cost=1079.08
  Col 9502: blocks=[(0, 3), (3, 7), (7, 10)], cost=1080.06
  Col 9503: blocks=[(0, 3), (3, 7), (7, 10)], cost=1080.74
  Col 9504: blocks=[(0, 3), (3, 7), (7, 10)], cost=1081.09
  Col 9505: blocks=[(0, 3), (3, 7), (7, 10)], cost=1080.74
  Col 9506: blocks=[(0, 3), (3, 7), (7, 10)], cost=1158.05
  Col 9507: blocks=[(0, 3), (3, 7), (7, 10)], cost=1160.74
  Col 9508: blocks=[(0, 3), (3, 7), (7, 10)], cost=1161.73
  Col 9509: blocks=[(0, 3), (3, 7), (7, 10)], cost=1162.41
  Col 9510: blocks=[(0, 3), (3, 7), (7, 10)], cost=1162.75
  Col 9511: blocks=[(0, 3), (3, 7), (7, 10)], cost=1162.41
  Col 9512: blocks=[(0, 3), (3, 7), (7, 10)], cost=1162.33
  Col 9513: blocks=[(0, 3), (3, 7), (7, 10)], cost=1163.32
  Col 9514: blocks=[(0, 3), (3, 7), (7, 10)], cost=1164.00
  Col 9515: blocks=[(0, 3), (3, 7), (7, 10)], cost=1164.34
  Col 9516: blocks=[(0, 3), (3, 7), (7, 10)], cost=1164.00
  Col 9517: blocks=[(0, 3), (3, 7), (7, 10)], cost=1166.01
  Col 9518: blocks=[(0, 3), (3, 7), (7, 10)], cost=1166.69
  Col 9519: blocks=[(0, 3), (3, 7), (7, 10)], cost=1167.03
  Col 9520: blocks=[(0, 3), (3, 7), (7, 10)], cost=1166.69
  Col 9521: blocks=[(0, 3), (3, 7), (7, 10)], cost=1167.67
  Col 9522: blocks=[(0, 3), (3, 7), (7, 10)], cost=1168.02
  Col 9523: blocks=[(0, 3), (3, 7), (7, 10)], cost=1167.67
  Col 9524: blocks=[(0, 3), (3, 7), (7, 10)], cost=1168.70
  Col 9525: blocks=[(0, 3), (3, 7), (7, 10)], cost=1168.35
  Col 9526: blocks=[(0, 3), (3, 7), (7, 10)], cost=1168.70
  Col 9527: blocks=[(0, 3), (3, 7), (7, 10)], cost=1244.00
  Col 9528: blocks=[(0, 3), (3, 7), (7, 10)], cost=1244.98
  Col 9529: blocks=[(0, 3), (3, 7), (7, 10)], cost=1245.66
  Col 9530: blocks=[(0, 3), (3, 7), (7, 10)], cost=1246.01
  Col 9531: blocks=[(0, 3), (3, 7), (7, 10)], cost=1245.66
  Col 9532: blocks=[(0, 3), (3, 7), (7, 10)], cost=1247.67
  Col 9533: blocks=[(0, 3), (3, 7), (7, 10)], cost=1248.35
  Col 9534: blocks=[(0, 3), (3, 7), (7, 10)], cost=1248.70
  Col 9535: blocks=[(0, 3), (3, 7), (7, 10)], cost=1248.35
  Col 9536: blocks=[(0, 3), (3, 7), (7, 10)], cost=1249.33
  Col 9537: blocks=[(0, 3), (3, 7), (7, 10)], cost=1249.68
  Col 9538: blocks=[(0, 3), (3, 7), (7, 10)], cost=1249.33
  Col 9539: blocks=[(0, 3), (3, 7), (7, 10)], cost=1250.36
  Col 9540: blocks=[(0, 3), (3, 7), (7, 10)], cost=1250.01
  Col 9541: blocks=[(0, 3), (3, 7), (7, 10)], cost=1250.36
  Col 9542: blocks=[(0, 3), (3, 7), (7, 10)], cost=1249.26
  Col 9543: blocks=[(0, 3), (3, 7), (7, 10)], cost=1249.94
  Col 9544: blocks=[(0, 3), (3, 7), (7, 10)], cost=1250.29
  Col 9545: blocks=[(0, 3), (3, 7), (7, 10)], cost=1249.94
  Col 9546: blocks=[(0, 3), (3, 7), (7, 10)], cost=1250.92
  Col 9547: blocks=[(0, 3), (3, 7), (7, 10)], cost=1251.27
  Col 9548: blocks=[(0, 3), (3, 7), (7, 10)], cost=1250.92
  Col 9549: blocks=[(0, 3), (3, 7), (7, 10)], cost=1251.95
  Col 9550: blocks=[(0, 3), (3, 7), (7, 10)], cost=1251.60
  Col 9551: blocks=[(0, 3), (3, 7), (7, 10)], cost=1251.95
  Col 9552: blocks=[(0, 3), (3, 7), (7, 10)], cost=1253.62
  Col 9553: blocks=[(0, 3), (3, 7), (7, 10)], cost=1253.96
  Col 9554: blocks=[(0, 3), (3, 7), (7, 10)], cost=1253.62
  Col 9555: blocks=[(0, 3), (3, 7), (7, 10)], cost=1254.64
  Col 9556: blocks=[(0, 3), (3, 7), (7, 10)], cost=1254.30
  Col 9557: blocks=[(0, 3), (3, 7), (7, 10)], cost=1254.64
  Col 9558: blocks=[(0, 3), (3, 7), (7, 10)], cost=1255.63
  Col 9559: blocks=[(0, 3), (3, 7), (7, 10)], cost=1255.28
  Col 9560: blocks=[(0, 3), (3, 7), (7, 10)], cost=1255.63
  Col 9561: blocks=[(0, 3), (3, 7), (7, 10)], cost=1256.31
  Col 9562: blocks=[(0, 3), (3, 8), (8, 9), (9, 10)], cost=1146.84
  Col 9563: blocks=[(0, 3), (3, 8), (8, 9), (9, 10)], cost=1228.51
  Col 9564: blocks=[(0, 3), (3, 8), (8, 9), (9, 10)], cost=1230.10
  Col 9565: blocks=[(0, 3), (3, 8), (8, 9), (9, 10)], cost=1232.79
  Col 9566: blocks=[(0, 3), (3, 8), (8, 9), (9, 10)], cost=1233.77
  Col 9567: blocks=[(0, 3), (3, 8), (8, 9), (9, 10)], cost=1234.45
  Col 9568: blocks=[(0, 3), (3, 8), (8, 9), (9, 10)], cost=1234.80
  Col 9569: blocks=[(0, 3), (3, 8), (8, 9), (9, 10)], cost=1311.76
  Col 9570: blocks=[(0, 3), (3, 8), (8, 9), (9, 10)], cost=1314.45
  Col 9571: blocks=[(0, 3), (3, 8), (8, 9), (9, 10)], cost=1315.44
  Col 9572: blocks=[(0, 3), (3, 8), (8, 9), (9, 10)], cost=1316.12
  Col 9573: blocks=[(0, 3), (3, 8), (8, 9), (9, 10)], cost=1316.46
  Col 9574: blocks=[(0, 3), (3, 8), (8, 9), (9, 10)], cost=1316.04
  Col 9575: blocks=[(0, 3), (3, 8), (8, 9), (9, 10)], cost=1317.03
  Col 9576: blocks=[(0, 3), (3, 8), (8, 9), (9, 10)], cost=1317.71
  Col 9577: blocks=[(0, 3), (3, 8), (8, 9), (9, 10)], cost=1318.05
  Col 9578: blocks=[(0, 3), (3, 8), (8, 9), (9, 10)], cost=1319.72
  Col 9579: blocks=[(0, 3), (3, 8), (8, 9), (9, 10)], cost=1320.40
  Col 9580: blocks=[(0, 3), (3, 8), (8, 9), (9, 10)], cost=1320.75
  Col 9581: blocks=[(0, 3), (3, 8), (8, 9), (9, 10)], cost=1321.38
  Col 9582: blocks=[(0, 3), (3, 8), (8, 9), (9, 10)], cost=1321.73
  Col 9583: blocks=[(0, 3), (3, 8), (8, 9), (9, 10)], cost=1322.41
  Col 9584: blocks=[(0, 3), (3, 8), (8, 9), (9, 10)], cost=1397.71
  Col 9585: blocks=[(0, 3), (3, 8), (8, 9), (9, 10)], cost=1398.69
  Col 9586: blocks=[(0, 3), (3, 8), (8, 9), (9, 10)], cost=1399.37
  Col 9587: blocks=[(0, 3), (3, 8), (8, 9), (9, 10)], cost=1399.72
  Col 9588: blocks=[(0, 3), (3, 8), (8, 9), (9, 10)], cost=1401.38
  Col 9589: blocks=[(0, 3), (3, 8), (8, 9), (9, 10)], cost=1402.06
  Col 9590: blocks=[(0, 3), (3, 8), (8, 9), (9, 10)], cost=1402.41
  Col 9591: blocks=[(0, 3), (3, 8), (8, 9), (9, 10)], cost=1403.04
  Col 9592: blocks=[(0, 3), (3, 8), (8, 9), (9, 10)], cost=1403.39
  Col 9593: blocks=[(0, 3), (3, 8), (8, 9), (9, 10)], cost=1404.07
  Col 9594: blocks=[(0, 3), (3, 8), (8, 9), (9, 10)], cost=1402.97
  Col 9595: blocks=[(0, 3), (3, 8), (8, 9), (9, 10)], cost=1403.65
  Col 9596: blocks=[(0, 3), (3, 8), (8, 9), (9, 10)], cost=1404.00
  Col 9597: blocks=[(0, 3), (3, 8), (8, 9), (9, 10)], cost=1404.63
  Col 9598: blocks=[(0, 3), (3, 8), (8, 9), (9, 10)], cost=1404.98
  Col 9599: blocks=[(0, 3), (3, 8), (8, 9), (9, 10)], cost=1405.66
  Col 9600: blocks=[(0, 3), (3, 8), (8, 9), (9, 10)], cost=1407.33
  Col 9601: blocks=[(0, 3), (3, 8), (8, 9), (9, 10)], cost=1407.67
  Col 9602: blocks=[(0, 3), (3, 8), (8, 9), (9, 10)], cost=1408.35
  Col 9603: blocks=[(0, 3), (3, 8), (8, 9), (9, 10)], cost=1409.34
  Col 9604: blocks=[(0, 3), (3, 8), (8, 10)], cost=1115.78
  Col 9605: blocks=[(0, 3), (3, 8), (8, 10)], cost=1197.45
  Col 9606: blocks=[(0, 3), (3, 8), (8, 10)], cost=1199.04
  Col 9607: blocks=[(0, 3), (3, 8), (8, 10)], cost=1201.73
  Col 9608: blocks=[(0, 3), (3, 8), (8, 10)], cost=1202.71
  Col 9609: blocks=[(0, 3), (3, 8), (8, 10)], cost=1203.39
  Col 9610: blocks=[(0, 3), (3, 8), (8, 10)], cost=1203.74
  Col 9611: blocks=[(0, 3), (3, 8), (8, 10)], cost=1203.39
  Col 9612: blocks=[(0, 3), (3, 8), (8, 10)], cost=1280.70
  Col 9613: blocks=[(0, 3), (3, 8), (8, 10)], cost=1283.39
  Col 9614: blocks=[(0, 3), (3, 8), (8, 10)], cost=1284.38
  Col 9615: blocks=[(0, 3), (3, 8), (8, 10)], cost=1285.06
  Col 9616: blocks=[(0, 3), (3, 8), (8, 10)], cost=1285.40
  Col 9617: blocks=[(0, 3), (3, 8), (8, 10)], cost=1285.06
  Col 9618: blocks=[(0, 3), (3, 8), (8, 10)], cost=1284.98
  Col 9619: blocks=[(0, 3), (3, 8), (8, 10)], cost=1285.97
  Col 9620: blocks=[(0, 3), (3, 8), (8, 10)], cost=1286.65
  Col 9621: blocks=[(0, 3), (3, 8), (8, 10)], cost=1286.99
  Col 9622: blocks=[(0, 3), (3, 8), (8, 10)], cost=1286.65
  Col 9623: blocks=[(0, 3), (3, 8), (8, 10)], cost=1288.66
  Col 9624: blocks=[(0, 3), (3, 8), (8, 10)], cost=1289.34
  Col 9625: blocks=[(0, 3), (3, 8), (8, 10)], cost=1289.69
  Col 9626: blocks=[(0, 3), (3, 8), (8, 10)], cost=1289.34
  Col 9627: blocks=[(0, 3), (3, 8), (8, 10)], cost=1290.32
  Col 9628: blocks=[(0, 3), (3, 8), (8, 10)], cost=1290.67
  Col 9629: blocks=[(0, 3), (3, 8), (8, 10)], cost=1290.32
  Col 9630: blocks=[(0, 3), (3, 8), (8, 10)], cost=1291.35
  Col 9631: blocks=[(0, 3), (3, 8), (8, 10)], cost=1291.00
  Col 9632: blocks=[(0, 3), (3, 8), (8, 10)], cost=1291.35
  Col 9633: blocks=[(0, 3), (3, 8), (8, 10)], cost=1366.65
  Col 9634: blocks=[(0, 3), (3, 8), (8, 10)], cost=1367.63
  Col 9635: blocks=[(0, 3), (3, 8), (8, 10)], cost=1368.31
  Col 9636: blocks=[(0, 3), (3, 8), (8, 10)], cost=1368.66
  Col 9637: blocks=[(0, 3), (3, 8), (8, 10)], cost=1368.31
  Col 9638: blocks=[(0, 3), (3, 8), (8, 10)], cost=1370.32
  Col 9639: blocks=[(0, 3), (3, 8), (8, 10)], cost=1371.00
  Col 9640: blocks=[(0, 3), (3, 8), (8, 10)], cost=1371.35
  Col 9641: blocks=[(0, 3), (3, 8), (8, 10)], cost=1371.00
  Col 9642: blocks=[(0, 3), (3, 8), (8, 10)], cost=1371.98
  Col 9643: blocks=[(0, 3), (3, 8), (8, 10)], cost=1372.33
  Col 9644: blocks=[(0, 3), (3, 8), (8, 10)], cost=1371.98
  Col 9645: blocks=[(0, 3), (3, 8), (8, 10)], cost=1373.01
  Col 9646: blocks=[(0, 3), (3, 8), (8, 10)], cost=1372.66
  Col 9647: blocks=[(0, 3), (3, 8), (8, 10)], cost=1373.01
  Col 9648: blocks=[(0, 3), (3, 8), (8, 10)], cost=1371.91
  Col 9649: blocks=[(0, 3), (3, 8), (8, 10)], cost=1372.59
  Col 9650: blocks=[(0, 3), (3, 8), (8, 10)], cost=1372.94
  Col 9651: blocks=[(0, 3), (3, 8), (8, 10)], cost=1372.59
  Col 9652: blocks=[(0, 3), (3, 8), (8, 10)], cost=1373.57
  Col 9653: blocks=[(0, 3), (3, 8), (8, 10)], cost=1373.92
  Col 9654: blocks=[(0, 3), (3, 8), (8, 10)], cost=1373.57
  Col 9655: blocks=[(0, 3), (3, 8), (8, 10)], cost=1374.60
  Col 9656: blocks=[(0, 3), (3, 8), (8, 10)], cost=1374.26
  Col 9657: blocks=[(0, 3), (3, 8), (8, 10)], cost=1374.60
  Col 9658: blocks=[(0, 3), (3, 8), (8, 10)], cost=1376.27
  Col 9659: blocks=[(0, 3), (3, 8), (8, 10)], cost=1376.61
  Col 9660: blocks=[(0, 3), (3, 8), (8, 10)], cost=1376.27
  Col 9661: blocks=[(0, 3), (3, 8), (8, 10)], cost=1377.29
  Col 9662: blocks=[(0, 3), (3, 8), (8, 10)], cost=1376.95
  Col 9663: blocks=[(0, 3), (3, 8), (8, 10)], cost=1377.29
  Col 9664: blocks=[(0, 3), (3, 8), (8, 10)], cost=1378.28
  Col 9665: blocks=[(0, 3), (3, 8), (8, 10)], cost=1377.93
  Col 9666: blocks=[(0, 3), (3, 8), (8, 10)], cost=1378.28
  Col 9667: blocks=[(0, 3), (3, 8), (8, 10)], cost=1378.96
  Col 9668: blocks=[(0, 3), (3, 9), (9, 10)], cost=1110.71
  Col 9669: blocks=[(0, 3), (3, 9), (9, 10)], cost=1192.37
  Col 9670: blocks=[(0, 3), (3, 9), (9, 10)], cost=1193.97
  Col 9671: blocks=[(0, 3), (3, 9), (9, 10)], cost=1196.66
  Col 9672: blocks=[(0, 3), (3, 9), (9, 10)], cost=1197.64
  Col 9673: blocks=[(0, 3), (3, 9), (9, 10)], cost=1198.32
  Col 9674: blocks=[(0, 3), (3, 9), (9, 10)], cost=1198.67
  Col 9675: blocks=[(0, 3), (3, 9), (9, 10)], cost=1198.67
  Col 9676: blocks=[(0, 3), (3, 9), (9, 10)], cost=1275.63
  Col 9677: blocks=[(0, 3), (3, 9), (9, 10)], cost=1278.32
  Col 9678: blocks=[(0, 3), (3, 9), (9, 10)], cost=1279.30
  Col 9679: blocks=[(0, 3), (3, 9), (9, 10)], cost=1279.98
  Col 9680: blocks=[(0, 3), (3, 9), (9, 10)], cost=1280.33
  Col 9681: blocks=[(0, 3), (3, 9), (9, 10)], cost=1280.33
  Col 9682: blocks=[(0, 3), (3, 9), (9, 10)], cost=1279.91
  Col 9683: blocks=[(0, 3), (3, 9), (9, 10)], cost=1280.89
  Col 9684: blocks=[(0, 3), (3, 9), (9, 10)], cost=1281.57
  Col 9685: blocks=[(0, 3), (3, 9), (9, 10)], cost=1281.92
  Col 9686: blocks=[(0, 3), (3, 9), (9, 10)], cost=1281.92
  Col 9687: blocks=[(0, 3), (3, 9), (9, 10)], cost=1283.58
  Col 9688: blocks=[(0, 3), (3, 9), (9, 10)], cost=1284.27
  Col 9689: blocks=[(0, 3), (3, 9), (9, 10)], cost=1284.61
  Col 9690: blocks=[(0, 3), (3, 9), (9, 10)], cost=1284.61
  Col 9691: blocks=[(0, 3), (3, 9), (9, 10)], cost=1285.25
  Col 9692: blocks=[(0, 3), (3, 9), (9, 10)], cost=1285.60
  Col 9693: blocks=[(0, 3), (3, 9), (9, 10)], cost=1285.60
  Col 9694: blocks=[(0, 3), (3, 9), (9, 10)], cost=1286.28
  Col 9695: blocks=[(0, 3), (3, 9), (9, 10)], cost=1286.28
  Col 9696: blocks=[(0, 3), (3, 9), (9, 10)], cost=1286.62
  Col 9697: blocks=[(0, 3), (3, 9), (9, 10)], cost=1361.57
  Col 9698: blocks=[(0, 3), (3, 9), (9, 10)], cost=1362.56
  Col 9699: blocks=[(0, 3), (3, 9), (9, 10)], cost=1363.24
  Col 9700: blocks=[(0, 3), (3, 9), (9, 10)], cost=1363.58
  Col 9701: blocks=[(0, 3), (3, 9), (9, 10)], cost=1363.58
  Col 9702: blocks=[(0, 3), (3, 9), (9, 10)], cost=1365.25
  Col 9703: blocks=[(0, 3), (3, 9), (9, 10)], cost=1365.93
  Col 9704: blocks=[(0, 3), (3, 9), (9, 10)], cost=1366.28
  Col 9705: blocks=[(0, 3), (3, 9), (9, 10)], cost=1366.28
  Col 9706: blocks=[(0, 3), (3, 9), (9, 10)], cost=1366.91
  Col 9707: blocks=[(0, 3), (3, 9), (9, 10)], cost=1367.26
  Col 9708: blocks=[(0, 3), (3, 9), (9, 10)], cost=1367.26
  Col 9709: blocks=[(0, 3), (3, 9), (9, 10)], cost=1367.94
  Col 9710: blocks=[(0, 3), (3, 9), (9, 10)], cost=1367.94
  Col 9711: blocks=[(0, 3), (3, 9), (9, 10)], cost=1368.29
  Col 9712: blocks=[(0, 3), (3, 9), (9, 10)], cost=1366.84
  Col 9713: blocks=[(0, 3), (3, 9), (9, 10)], cost=1367.52
  Col 9714: blocks=[(0, 3), (3, 9), (9, 10)], cost=1367.87
  Col 9715: blocks=[(0, 3), (3, 9), (9, 10)], cost=1367.87
  Col 9716: blocks=[(0, 3), (3, 9), (9, 10)], cost=1368.50
  Col 9717: blocks=[(0, 3), (3, 9), (9, 10)], cost=1368.85
  Col 9718: blocks=[(0, 3), (3, 9), (9, 10)], cost=1368.85
  Col 9719: blocks=[(0, 3), (3, 9), (9, 10)], cost=1369.53
  Col 9720: blocks=[(0, 3), (3, 9), (9, 10)], cost=1369.53
  Col 9721: blocks=[(0, 3), (3, 9), (9, 10)], cost=1369.88
  Col 9722: blocks=[(0, 3), (3, 9), (9, 10)], cost=1371.19
  Col 9723: blocks=[(0, 3), (3, 9), (9, 10)], cost=1371.54
  Col 9724: blocks=[(0, 3), (3, 9), (9, 10)], cost=1371.54
  Col 9725: blocks=[(0, 3), (3, 9), (9, 10)], cost=1372.22
  Col 9726: blocks=[(0, 3), (3, 9), (9, 10)], cost=1372.22
  Col 9727: blocks=[(0, 3), (3, 9), (9, 10)], cost=1372.57
  Col 9728: blocks=[(0, 3), (3, 9), (9, 10)], cost=1373.20
  Col 9729: blocks=[(0, 3), (3, 9), (9, 10)], cost=1373.20
  Col 9730: blocks=[(0, 3), (3, 9), (9, 10)], cost=1373.55
  Col 9731: blocks=[(0, 3), (3, 9), (9, 10)], cost=1374.23
  Col 9732: blocks=[(0, 3), (3, 10)], cost=1134.00
  Col 9733: blocks=[(0, 3), (3, 10)], cost=1215.67
  Col 9734: blocks=[(0, 3), (3, 10)], cost=1217.26
  Col 9735: blocks=[(0, 3), (3, 10)], cost=1219.95
  Col 9736: blocks=[(0, 3), (3, 10)], cost=1220.93
  Col 9737: blocks=[(0, 3), (3, 10)], cost=1221.61
  Col 9738: blocks=[(0, 3), (3, 10)], cost=1221.96
  Col 9739: blocks=[(0, 3), (3, 10)], cost=1221.96
  Col 9740: blocks=[(0, 3), (3, 10)], cost=1221.61
  Col 9741: blocks=[(0, 3), (3, 10)], cost=1298.92
  Col 9742: blocks=[(0, 3), (3, 10)], cost=1301.61
  Col 9743: blocks=[(0, 3), (3, 10)], cost=1302.59
  Col 9744: blocks=[(0, 3), (3, 10)], cost=1303.27
  Col 9745: blocks=[(0, 3), (3, 10)], cost=1303.62
  Col 9746: blocks=[(0, 3), (3, 10)], cost=1303.62
  Col 9747: blocks=[(0, 3), (3, 10)], cost=1303.27
  Col 9748: blocks=[(0, 3), (3, 10)], cost=1303.20
  Col 9749: blocks=[(0, 3), (3, 10)], cost=1304.18
  Col 9750: blocks=[(0, 3), (3, 10)], cost=1304.87
  Col 9751: blocks=[(0, 3), (3, 10)], cost=1305.21
  Col 9752: blocks=[(0, 3), (3, 10)], cost=1305.21
  Col 9753: blocks=[(0, 3), (3, 10)], cost=1304.87
  Col 9754: blocks=[(0, 3), (3, 10)], cost=1306.88
  Col 9755: blocks=[(0, 3), (3, 10)], cost=1307.56
  Col 9756: blocks=[(0, 3), (3, 10)], cost=1307.90
  Col 9757: blocks=[(0, 3), (3, 10)], cost=1307.90
  Col 9758: blocks=[(0, 3), (3, 10)], cost=1307.56
  Col 9759: blocks=[(0, 3), (3, 10)], cost=1308.54
  Col 9760: blocks=[(0, 3), (3, 10)], cost=1308.89
  Col 9761: blocks=[(0, 3), (3, 10)], cost=1308.89
  Col 9762: blocks=[(0, 3), (3, 10)], cost=1308.54
  Col 9763: blocks=[(0, 3), (3, 10)], cost=1309.57
  Col 9764: blocks=[(0, 3), (3, 10)], cost=1309.57
  Col 9765: blocks=[(0, 3), (3, 10)], cost=1309.22
  Col 9766: blocks=[(0, 3), (3, 10)], cost=1309.92
  Col 9767: blocks=[(0, 3), (3, 10)], cost=1309.57
  Col 9768: blocks=[(0, 3), (3, 10)], cost=1309.57
  Col 9769: blocks=[(0, 3), (3, 10)], cost=1384.87
  Col 9770: blocks=[(0, 3), (3, 10)], cost=1385.85
  Col 9771: blocks=[(0, 3), (3, 10)], cost=1386.53
  Col 9772: blocks=[(0, 3), (3, 10)], cost=1386.88
  Col 9773: blocks=[(0, 3), (3, 10)], cost=1386.88
  Col 9774: blocks=[(0, 3), (3, 10)], cost=1386.53
  Col 9775: blocks=[(0, 3), (3, 10)], cost=1388.54
  Col 9776: blocks=[(0, 3), (3, 10)], cost=1389.22
  Col 9777: blocks=[(0, 3), (3, 10)], cost=1389.57
  Col 9778: blocks=[(0, 3), (3, 10)], cost=1389.57
  Col 9779: blocks=[(0, 3), (3, 10)], cost=1389.22
  Col 9780: blocks=[(0, 3), (3, 10)], cost=1390.20
  Col 9781: blocks=[(0, 3), (3, 10)], cost=1390.55
  Col 9782: blocks=[(0, 3), (3, 10)], cost=1390.55
  Col 9783: blocks=[(0, 3), (3, 10)], cost=1390.20
  Col 9784: blocks=[(0, 3), (3, 10)], cost=1391.23
  Col 9785: blocks=[(0, 3), (3, 10)], cost=1391.23
  Col 9786: blocks=[(0, 3), (3, 10)], cost=1390.88
  Col 9787: blocks=[(0, 3), (3, 10)], cost=1391.58
  Col 9788: blocks=[(0, 3), (3, 10)], cost=1391.23
  Col 9789: blocks=[(0, 3), (3, 10)], cost=1391.23
  Col 9790: blocks=[(0, 3), (3, 10)], cost=1390.13
  Col 9791: blocks=[(0, 3), (3, 10)], cost=1390.81
  Col 9792: blocks=[(0, 3), (3, 10)], cost=1391.16
  Col 9793: blocks=[(0, 3), (3, 10)], cost=1391.16
  Col 9794: blocks=[(0, 3), (3, 10)], cost=1390.81
  Col 9795: blocks=[(0, 3), (3, 10)], cost=1391.79
  Col 9796: blocks=[(0, 3), (3, 10)], cost=1392.14
  Col 9797: blocks=[(0, 3), (3, 10)], cost=1392.14
  Col 9798: blocks=[(0, 3), (3, 10)], cost=1391.79
  Col 9799: blocks=[(0, 3), (3, 10)], cost=1392.82
  Col 9800: blocks=[(0, 3), (3, 10)], cost=1392.82
  Col 9801: blocks=[(0, 3), (3, 10)], cost=1392.47
  Col 9802: blocks=[(0, 3), (3, 10)], cost=1393.17
  Col 9803: blocks=[(0, 3), (3, 10)], cost=1392.82
  Col 9804: blocks=[(0, 3), (3, 10)], cost=1392.82
  Col 9805: blocks=[(0, 3), (3, 10)], cost=1394.48
  Col 9806: blocks=[(0, 3), (3, 10)], cost=1394.83
  Col 9807: blocks=[(0, 3), (3, 10)], cost=1394.83
  Col 9808: blocks=[(0, 3), (3, 10)], cost=1394.48
  Col 9809: blocks=[(0, 3), (3, 10)], cost=1395.51
  Col 9810: blocks=[(0, 3), (3, 10)], cost=1395.51
  Col 9811: blocks=[(0, 3), (3, 10)], cost=1395.16
  Col 9812: blocks=[(0, 3), (3, 10)], cost=1395.86
  Col 9813: blocks=[(0, 3), (3, 10)], cost=1395.51
  Col 9814: blocks=[(0, 3), (3, 10)], cost=1395.51
  Col 9815: blocks=[(0, 3), (3, 10)], cost=1396.50
  Col 9816: blocks=[(0, 3), (3, 10)], cost=1396.50
  Col 9817: blocks=[(0, 3), (3, 10)], cost=1396.15
  Col 9818: blocks=[(0, 3), (3, 10)], cost=1396.84
  Col 9819: blocks=[(0, 3), (3, 10)], cost=1396.50
  Col 9820: blocks=[(0, 3), (3, 10)], cost=1396.50
  Col 9821: blocks=[(0, 3), (3, 10)], cost=1397.52
  Col 9822: blocks=[(0, 3), (3, 10)], cost=1397.18
  Col 9823: blocks=[(0, 3), (3, 10)], cost=1397.18
  Col 9824: blocks=[(0, 3), (3, 10)], cost=1397.52
  Col 9825: blocks=[(0, 4), (4, 5), (5, 6), (6, 7), (7, 8), (8, 9), (9, 10)], cost=1347.73
  Col 9826: blocks=[(0, 4), (4, 5), (5, 6), (6, 7), (7, 8), (8, 9), (9, 10)], cost=1429.40
  Col 9827: blocks=[(0, 4), (4, 5), (5, 6), (6, 7), (7, 8), (8, 9), (9, 10)], cost=1430.99
  Col 9828: blocks=[(0, 4), (4, 5), (5, 6), (6, 7), (7, 8), (8, 9), (9, 10)], cost=1432.44
  Col 9829: blocks=[(0, 4), (4, 5), (5, 6), (6, 7), (7, 8), (8, 9), (9, 10)], cost=1512.65
  Col 9830: blocks=[(0, 4), (4, 5), (5, 6), (6, 7), (7, 8), (8, 9), (9, 10)], cost=1514.10
  Col 9831: blocks=[(0, 4), (4, 5), (5, 6), (6, 7), (7, 8), (8, 9), (9, 10)], cost=1515.69
  Col 9832: blocks=[(0, 4), (4, 5), (5, 6), (6, 7), (7, 8), (8, 9), (9, 10)], cost=1597.35
  Col 9833: blocks=[(0, 4), (4, 5), (5, 6), (6, 7), (7, 8), (8, 10)], cost=1316.67
  Col 9834: blocks=[(0, 4), (4, 5), (5, 6), (6, 7), (7, 8), (8, 10)], cost=1398.34
  Col 9835: blocks=[(0, 4), (4, 5), (5, 6), (6, 7), (7, 8), (8, 10)], cost=1399.93
  Col 9836: blocks=[(0, 4), (4, 5), (5, 6), (6, 7), (7, 8), (8, 10)], cost=1401.38
  Col 9837: blocks=[(0, 4), (4, 5), (5, 6), (6, 7), (7, 8), (8, 10)], cost=1404.28
  Col 9838: blocks=[(0, 4), (4, 5), (5, 6), (6, 7), (7, 8), (8, 10)], cost=1481.59
  Col 9839: blocks=[(0, 4), (4, 5), (5, 6), (6, 7), (7, 8), (8, 10)], cost=1483.04
  Col 9840: blocks=[(0, 4), (4, 5), (5, 6), (6, 7), (7, 8), (8, 10)], cost=1485.94
  Col 9841: blocks=[(0, 4), (4, 5), (5, 6), (6, 7), (7, 8), (8, 10)], cost=1484.63
  Col 9842: blocks=[(0, 4), (4, 5), (5, 6), (6, 7), (7, 8), (8, 10)], cost=1487.54
  Col 9843: blocks=[(0, 4), (4, 5), (5, 6), (6, 7), (7, 8), (8, 10)], cost=1488.98
  Col 9844: blocks=[(0, 4), (4, 5), (5, 6), (6, 7), (7, 8), (8, 10)], cost=1566.29
  Col 9845: blocks=[(0, 4), (4, 5), (5, 6), (6, 7), (7, 8), (8, 10)], cost=1569.20
  Col 9846: blocks=[(0, 4), (4, 5), (5, 6), (6, 7), (7, 8), (8, 10)], cost=1570.65
  Col 9847: blocks=[(0, 4), (4, 5), (5, 6), (6, 7), (7, 8), (8, 10)], cost=1572.24
  Col 9848: blocks=[(0, 4), (4, 5), (5, 6), (6, 7), (7, 9), (9, 10)], cost=1218.71
  Col 9849: blocks=[(0, 4), (4, 5), (5, 6), (6, 7), (7, 9), (9, 10)], cost=1306.67
  Col 9850: blocks=[(0, 4), (4, 5), (5, 6), (6, 7), (7, 9), (9, 10)], cost=1300.37
  Col 9851: blocks=[(0, 4), (4, 5), (5, 6), (6, 7), (7, 9), (9, 10)], cost=1301.96
  Col 9852: blocks=[(0, 4), (4, 5), (5, 6), (6, 7), (7, 9), (9, 10)], cost=1303.41
  Col 9853: blocks=[(0, 4), (4, 5), (5, 6), (6, 7), (7, 9), (9, 10)], cost=1388.33
  Col 9854: blocks=[(0, 4), (4, 5), (5, 6), (6, 7), (7, 9), (9, 10)], cost=1389.92
  Col 9855: blocks=[(0, 4), (4, 5), (5, 6), (6, 7), (7, 9), (9, 10)], cost=1391.37
  Col 9856: blocks=[(0, 4), (4, 5), (5, 6), (6, 7), (7, 9), (9, 10)], cost=1383.63
  Col 9857: blocks=[(0, 4), (4, 5), (5, 6), (6, 7), (7, 9), (9, 10)], cost=1385.08
  Col 9858: blocks=[(0, 4), (4, 5), (5, 6), (6, 7), (7, 9), (9, 10)], cost=1386.67
  Col 9859: blocks=[(0, 4), (4, 5), (5, 6), (6, 7), (7, 9), (9, 10)], cost=1471.58
  Col 9860: blocks=[(0, 4), (4, 5), (5, 6), (6, 7), (7, 9), (9, 10)], cost=1473.03
  Col 9861: blocks=[(0, 4), (4, 5), (5, 6), (6, 7), (7, 9), (9, 10)], cost=1474.62
  Col 9862: blocks=[(0, 4), (4, 5), (5, 6), (6, 7), (7, 9), (9, 10)], cost=1468.33
  Col 9863: blocks=[(0, 4), (4, 5), (5, 6), (6, 7), (7, 10)], cost=1144.58
  Col 9864: blocks=[(0, 4), (4, 5), (5, 6), (6, 7), (7, 10)], cost=1226.24
  Col 9865: blocks=[(0, 4), (4, 5), (5, 6), (6, 7), (7, 10)], cost=1227.83
  Col 9866: blocks=[(0, 4), (4, 5), (5, 6), (6, 7), (7, 10)], cost=1229.28
  Col 9867: blocks=[(0, 4), (4, 5), (5, 6), (6, 7), (7, 10)], cost=1232.54
  Col 9868: blocks=[(0, 4), (4, 5), (5, 6), (6, 7), (7, 10)], cost=1232.19
  Col 9869: blocks=[(0, 4), (4, 5), (5, 6), (6, 7), (7, 10)], cost=1309.50
  Col 9870: blocks=[(0, 4), (4, 5), (5, 6), (6, 7), (7, 10)], cost=1310.95
  Col 9871: blocks=[(0, 4), (4, 5), (5, 6), (6, 7), (7, 10)], cost=1314.20
  Col 9872: blocks=[(0, 4), (4, 5), (5, 6), (6, 7), (7, 10)], cost=1313.85
  Col 9873: blocks=[(0, 4), (4, 5), (5, 6), (6, 7), (7, 10)], cost=1312.54
  Col 9874: blocks=[(0, 4), (4, 5), (5, 6), (6, 7), (7, 10)], cost=1315.79
  Col 9875: blocks=[(0, 4), (4, 5), (5, 6), (6, 7), (7, 10)], cost=1315.44
  Col 9876: blocks=[(0, 4), (4, 5), (5, 6), (6, 7), (7, 10)], cost=1317.24
  Col 9877: blocks=[(0, 4), (4, 5), (5, 6), (6, 7), (7, 10)], cost=1316.89
  Col 9878: blocks=[(0, 4), (4, 5), (5, 6), (6, 7), (7, 10)], cost=1320.15
  Col 9879: blocks=[(0, 4), (4, 5), (5, 6), (6, 7), (7, 10)], cost=1394.20
  Col 9880: blocks=[(0, 4), (4, 5), (5, 6), (6, 7), (7, 10)], cost=1397.45
  Col 9881: blocks=[(0, 4), (4, 5), (5, 6), (6, 7), (7, 10)], cost=1397.11
  Col 9882: blocks=[(0, 4), (4, 5), (5, 6), (6, 7), (7, 10)], cost=1398.90
  Col 9883: blocks=[(0, 4), (4, 5), (5, 6), (6, 7), (7, 10)], cost=1398.56
  Col 9884: blocks=[(0, 4), (4, 5), (5, 6), (6, 7), (7, 10)], cost=1401.81
  Col 9885: blocks=[(0, 4), (4, 5), (5, 6), (6, 7), (7, 10)], cost=1400.49
  Col 9886: blocks=[(0, 4), (4, 5), (5, 6), (6, 7), (7, 10)], cost=1400.15
  Col 9887: blocks=[(0, 4), (4, 5), (5, 6), (6, 7), (7, 10)], cost=1403.40
  Col 9888: blocks=[(0, 4), (4, 5), (5, 6), (6, 7), (7, 10)], cost=1404.85
  Col 9889: blocks=[(0, 4), (4, 5), (5, 6), (6, 8), (8, 9), (9, 10)], cost=1269.52
  Col 9890: blocks=[(0, 4), (4, 5), (5, 6), (6, 8), (8, 9), (9, 10)], cost=1351.18
  Col 9891: blocks=[(0, 4), (4, 5), (5, 6), (6, 8), (8, 9), (9, 10)], cost=1352.77
  Col 9892: blocks=[(0, 4), (4, 5), (5, 6), (6, 8), (8, 9), (9, 10)], cost=1354.22
  Col 9893: blocks=[(0, 4), (4, 5), (5, 6), (6, 8), (8, 9), (9, 10)], cost=1357.48
  Col 9894: blocks=[(0, 4), (4, 5), (5, 6), (6, 8), (8, 9), (9, 10)], cost=1434.44
  Col 9895: blocks=[(0, 4), (4, 5), (5, 6), (6, 8), (8, 9), (9, 10)], cost=1435.89
  Col 9896: blocks=[(0, 4), (4, 5), (5, 6), (6, 8), (8, 9), (9, 10)], cost=1439.14
  Col 9897: blocks=[(0, 4), (4, 5), (5, 6), (6, 8), (8, 9), (9, 10)], cost=1437.48
  Col 9898: blocks=[(0, 4), (4, 5), (5, 6), (6, 8), (8, 9), (9, 10)], cost=1440.73
  Col 9899: blocks=[(0, 4), (4, 5), (5, 6), (6, 8), (8, 9), (9, 10)], cost=1442.18
  Col 9900: blocks=[(0, 4), (4, 5), (5, 6), (6, 8), (8, 9), (9, 10)], cost=1519.14
  Col 9901: blocks=[(0, 4), (4, 5), (5, 6), (6, 8), (8, 9), (9, 10)], cost=1522.39
  Col 9902: blocks=[(0, 4), (4, 5), (5, 6), (6, 8), (8, 9), (9, 10)], cost=1523.84
  Col 9903: blocks=[(0, 4), (4, 5), (5, 6), (6, 8), (8, 9), (9, 10)], cost=1525.43
  Col 9904: blocks=[(0, 4), (4, 5), (5, 6), (6, 8), (8, 10)], cost=1238.46
  Col 9905: blocks=[(0, 4), (4, 5), (5, 6), (6, 8), (8, 10)], cost=1320.12
  Col 9906: blocks=[(0, 4), (4, 5), (5, 6), (6, 8), (8, 10)], cost=1321.71
  Col 9907: blocks=[(0, 4), (4, 5), (5, 6), (6, 8), (8, 10)], cost=1323.16
  Col 9908: blocks=[(0, 4), (4, 5), (5, 6), (6, 8), (8, 10)], cost=1326.42
  Col 9909: blocks=[(0, 4), (4, 5), (5, 6), (6, 8), (8, 10)], cost=1326.07
  Col 9910: blocks=[(0, 4), (4, 5), (5, 6), (6, 8), (8, 10)], cost=1403.38
  Col 9911: blocks=[(0, 4), (4, 5), (5, 6), (6, 8), (8, 10)], cost=1404.83
  Col 9912: blocks=[(0, 4), (4, 5), (5, 6), (6, 8), (8, 10)], cost=1408.08
  Col 9913: blocks=[(0, 4), (4, 5), (5, 6), (6, 8), (8, 10)], cost=1407.73
  Col 9914: blocks=[(0, 4), (4, 5), (5, 6), (6, 8), (8, 10)], cost=1406.42
  Col 9915: blocks=[(0, 4), (4, 5), (5, 6), (6, 8), (8, 10)], cost=1409.67
  Col 9916: blocks=[(0, 4), (4, 5), (5, 6), (6, 8), (8, 10)], cost=1409.32
  Col 9917: blocks=[(0, 4), (4, 5), (5, 6), (6, 8), (8, 10)], cost=1411.12
  Col 9918: blocks=[(0, 4), (4, 5), (5, 6), (6, 8), (8, 10)], cost=1410.77
  Col 9919: blocks=[(0, 4), (4, 5), (5, 6), (6, 8), (8, 10)], cost=1414.03
  Col 9920: blocks=[(0, 4), (4, 5), (5, 6), (6, 8), (8, 10)], cost=1488.08
  Col 9921: blocks=[(0, 4), (4, 5), (5, 6), (6, 8), (8, 10)], cost=1491.33
  Col 9922: blocks=[(0, 4), (4, 5), (5, 6), (6, 8), (8, 10)], cost=1490.99
  Col 9923: blocks=[(0, 4), (4, 5), (5, 6), (6, 8), (8, 10)], cost=1492.78
  Col 9924: blocks=[(0, 4), (4, 5), (5, 6), (6, 8), (8, 10)], cost=1492.43
  Col 9925: blocks=[(0, 4), (4, 5), (5, 6), (6, 8), (8, 10)], cost=1495.69
  Col 9926: blocks=[(0, 4), (4, 5), (5, 6), (6, 8), (8, 10)], cost=1494.37
  Col 9927: blocks=[(0, 4), (4, 5), (5, 6), (6, 8), (8, 10)], cost=1494.03
  Col 9928: blocks=[(0, 4), (4, 5), (5, 6), (6, 8), (8, 10)], cost=1497.28
  Col 9929: blocks=[(0, 4), (4, 5), (5, 6), (6, 8), (8, 10)], cost=1498.73
  Col 9930: blocks=[(0, 4), (4, 5), (5, 6), (6, 9), (9, 10)], cost=1164.00
  Col 9931: blocks=[(0, 4), (4, 5), (5, 6), (6, 9), (9, 10)], cost=1245.66
  Col 9932: blocks=[(0, 4), (4, 5), (5, 6), (6, 9), (9, 10)], cost=1247.25
  Col 9933: blocks=[(0, 4), (4, 5), (5, 6), (6, 9), (9, 10)], cost=1248.70
  Col 9934: blocks=[(0, 4), (4, 5), (5, 6), (6, 9), (9, 10)], cost=1251.95
  Col 9935: blocks=[(0, 4), (4, 5), (5, 6), (6, 9), (9, 10)], cost=1251.95
  Col 9936: blocks=[(0, 4), (4, 5), (5, 6), (6, 9), (9, 10)], cost=1328.92
  Col 9937: blocks=[(0, 4), (4, 5), (5, 6), (6, 9), (9, 10)], cost=1330.36
  Col 9938: blocks=[(0, 4), (4, 5), (5, 6), (6, 9), (9, 10)], cost=1333.62
  Col 9939: blocks=[(0, 4), (4, 5), (5, 6), (6, 9), (9, 10)], cost=1333.62
  Col 9940: blocks=[(0, 4), (4, 5), (5, 6), (6, 9), (9, 10)], cost=1331.95
  Col 9941: blocks=[(0, 4), (4, 5), (5, 6), (6, 9), (9, 10)], cost=1335.21
  Col 9942: blocks=[(0, 4), (4, 5), (5, 6), (6, 9), (9, 10)], cost=1335.21
  Col 9943: blocks=[(0, 4), (4, 5), (5, 6), (6, 9), (9, 10)], cost=1336.66
  Col 9944: blocks=[(0, 4), (4, 5), (5, 6), (6, 9), (9, 10)], cost=1336.66
  Col 9945: blocks=[(0, 4), (4, 5), (5, 6), (6, 9), (9, 10)], cost=1339.91
  Col 9946: blocks=[(0, 4), (4, 5), (5, 6), (6, 9), (9, 10)], cost=1413.62
  Col 9947: blocks=[(0, 4), (4, 5), (5, 6), (6, 9), (9, 10)], cost=1416.87
  Col 9948: blocks=[(0, 4), (4, 5), (5, 6), (6, 9), (9, 10)], cost=1416.87
  Col 9949: blocks=[(0, 4), (4, 5), (5, 6), (6, 9), (9, 10)], cost=1418.32
  Col 9950: blocks=[(0, 4), (4, 5), (5, 6), (6, 9), (9, 10)], cost=1418.32
  Col 9951: blocks=[(0, 4), (4, 5), (5, 6), (6, 9), (9, 10)], cost=1421.57
  Col 9952: blocks=[(0, 4), (4, 5), (5, 6), (6, 9), (9, 10)], cost=1419.91
  Col 9953: blocks=[(0, 4), (4, 5), (5, 6), (6, 9), (9, 10)], cost=1419.91
  Col 9954: blocks=[(0, 4), (4, 5), (5, 6), (6, 9), (9, 10)], cost=1423.16
  Col 9955: blocks=[(0, 4), (4, 5), (5, 6), (6, 9), (9, 10)], cost=1424.61
  Col 9956: blocks=[(0, 4), (4, 5), (5, 6), (6, 10)], cost=1114.52
  Col 9957: blocks=[(0, 4), (4, 5), (5, 6), (6, 10)], cost=1196.18
  Col 9958: blocks=[(0, 4), (4, 5), (5, 6), (6, 10)], cost=1197.77
  Col 9959: blocks=[(0, 4), (4, 5), (5, 6), (6, 10)], cost=1199.22
  Col 9960: blocks=[(0, 4), (4, 5), (5, 6), (6, 10)], cost=1202.47
  Col 9961: blocks=[(0, 4), (4, 5), (5, 6), (6, 10)], cost=1202.47
  Col 9962: blocks=[(0, 4), (4, 5), (5, 6), (6, 10)], cost=1202.12
  Col 9963: blocks=[(0, 4), (4, 5), (5, 6), (6, 10)], cost=1279.43
  Col 9964: blocks=[(0, 4), (4, 5), (5, 6), (6, 10)], cost=1280.88
  Col 9965: blocks=[(0, 4), (4, 5), (5, 6), (6, 10)], cost=1284.13
  Col 9966: blocks=[(0, 4), (4, 5), (5, 6), (6, 10)], cost=1284.13
  Col 9967: blocks=[(0, 4), (4, 5), (5, 6), (6, 10)], cost=1283.79
  Col 9968: blocks=[(0, 4), (4, 5), (5, 6), (6, 10)], cost=1282.47
  Col 9969: blocks=[(0, 4), (4, 5), (5, 6), (6, 10)], cost=1285.73
  Col 9970: blocks=[(0, 4), (4, 5), (5, 6), (6, 10)], cost=1285.73
  Col 9971: blocks=[(0, 4), (4, 5), (5, 6), (6, 10)], cost=1285.38
  Col 9972: blocks=[(0, 4), (4, 5), (5, 6), (6, 10)], cost=1287.17
  Col 9973: blocks=[(0, 4), (4, 5), (5, 6), (6, 10)], cost=1287.17
  Col 9974: blocks=[(0, 4), (4, 5), (5, 6), (6, 10)], cost=1286.83
  Col 9975: blocks=[(0, 4), (4, 5), (5, 6), (6, 10)], cost=1290.43
  Col 9976: blocks=[(0, 4), (4, 5), (5, 6), (6, 10)], cost=1290.08
  Col 9977: blocks=[(0, 4), (4, 5), (5, 6), (6, 10)], cost=1290.08
  Col 9978: blocks=[(0, 4), (4, 5), (5, 6), (6, 10)], cost=1364.13
  Col 9979: blocks=[(0, 4), (4, 5), (5, 6), (6, 10)], cost=1367.39
  Col 9980: blocks=[(0, 4), (4, 5), (5, 6), (6, 10)], cost=1367.39
  Col 9981: blocks=[(0, 4), (4, 5), (5, 6), (6, 10)], cost=1367.04
  Col 9982: blocks=[(0, 4), (4, 5), (5, 6), (6, 10)], cost=1368.84
  Col 9983: blocks=[(0, 4), (4, 5), (5, 6), (6, 10)], cost=1368.84
  Col 9984: blocks=[(0, 4), (4, 5), (5, 6), (6, 10)], cost=1368.49
  Col 9985: blocks=[(0, 4), (4, 5), (5, 6), (6, 10)], cost=1372.09
  Col 9986: blocks=[(0, 4), (4, 5), (5, 6), (6, 10)], cost=1371.74
  Col 9987: blocks=[(0, 4), (4, 5), (5, 6), (6, 10)], cost=1371.74
  Col 9988: blocks=[(0, 4), (4, 5), (5, 6), (6, 10)], cost=1370.43
  Col 9989: blocks=[(0, 4), (4, 5), (5, 6), (6, 10)], cost=1370.43
  Col 9990: blocks=[(0, 4), (4, 5), (5, 6), (6, 10)], cost=1370.08
  Col 9991: blocks=[(0, 4), (4, 5), (5, 6), (6, 10)], cost=1373.68
  Col 9992: blocks=[(0, 4), (4, 5), (5, 6), (6, 10)], cost=1373.33
  Col 9993: blocks=[(0, 4), (4, 5), (5, 6), (6, 10)], cost=1373.33
  Col 9994: blocks=[(0, 4), (4, 5), (5, 6), (6, 10)], cost=1375.13
  Col 9995: blocks=[(0, 4), (4, 5), (5, 6), (6, 10)], cost=1374.78
  Col 9996: blocks=[(0, 4), (4, 5), (5, 6), (6, 10)], cost=1374.78
  Col 9997: blocks=[(0, 4), (4, 5), (5, 6), (6, 10)], cost=1378.04
  Col 9998: blocks=[(0, 4), (4, 5), (5, 7), (7, 8), (8, 9), (9, 10)], cost=1280.01
  Col 9999: blocks=[(0, 4), (4, 5), (5, 7), (7, 8), (8, 9), (9, 10)], cost=1361.68
  Col 10000: blocks=[(0, 4), (4, 5), (5, 7), (7, 8), (8, 9), (9, 10)], cost=1363.27
  Col 10001: blocks=[(0, 4), (4, 5), (5, 7), (7, 8), (8, 9), (9, 10)], cost=1364.72
  Col 10002: blocks=[(0, 4), (4, 5), (5, 7), (7, 8), (8, 9), (9, 10)], cost=1367.62
  Col 10003: blocks=[(0, 4), (4, 5), (5, 7), (7, 8), (8, 9), (9, 10)], cost=1444.93
  Col 10004: blocks=[(0, 4), (4, 5), (5, 7), (7, 8), (8, 9), (9, 10)], cost=1446.38
  Col 10005: blocks=[(0, 4), (4, 5), (5, 7), (7, 8), (8, 9), (9, 10)], cost=1449.29
  Col 10006: blocks=[(0, 4), (4, 5), (5, 7), (7, 8), (8, 9), (9, 10)], cost=1447.97
  Col 10007: blocks=[(0, 4), (4, 5), (5, 7), (7, 8), (8, 9), (9, 10)], cost=1450.88
  Col 10008: blocks=[(0, 4), (4, 5), (5, 7), (7, 8), (8, 9), (9, 10)], cost=1452.33
  Col 10009: blocks=[(0, 4), (4, 5), (5, 7), (7, 8), (8, 9), (9, 10)], cost=1529.63
  Col 10010: blocks=[(0, 4), (4, 5), (5, 7), (7, 8), (8, 9), (9, 10)], cost=1532.54
  Col 10011: blocks=[(0, 4), (4, 5), (5, 7), (7, 8), (8, 9), (9, 10)], cost=1533.99
  Col 10012: blocks=[(0, 4), (4, 5), (5, 7), (7, 8), (8, 9), (9, 10)], cost=1535.58
  Col 10013: blocks=[(0, 4), (4, 5), (5, 7), (7, 8), (8, 10)], cost=1248.95
  Col 10014: blocks=[(0, 4), (4, 5), (5, 7), (7, 8), (8, 10)], cost=1330.62
  Col 10015: blocks=[(0, 4), (4, 5), (5, 7), (7, 8), (8, 10)], cost=1332.21
  Col 10016: blocks=[(0, 4), (4, 5), (5, 7), (7, 8), (8, 10)], cost=1333.66
  Col 10017: blocks=[(0, 4), (4, 5), (5, 7), (7, 8), (8, 10)], cost=1336.56
  Col 10018: blocks=[(0, 4), (4, 5), (5, 7), (7, 8), (8, 10)], cost=1336.56
  Col 10019: blocks=[(0, 4), (4, 5), (5, 7), (7, 8), (8, 10)], cost=1413.87
  Col 10020: blocks=[(0, 4), (4, 5), (5, 7), (7, 8), (8, 10)], cost=1415.32
  Col 10021: blocks=[(0, 4), (4, 5), (5, 7), (7, 8), (8, 10)], cost=1418.23
  Col 10022: blocks=[(0, 4), (4, 5), (5, 7), (7, 8), (8, 10)], cost=1418.23
  Col 10023: blocks=[(0, 4), (4, 5), (5, 7), (7, 8), (8, 10)], cost=1416.91
  Col 10024: blocks=[(0, 4), (4, 5), (5, 7), (7, 8), (8, 10)], cost=1419.82
  Col 10025: blocks=[(0, 4), (4, 5), (5, 7), (7, 8), (8, 10)], cost=1419.82
  Col 10026: blocks=[(0, 4), (4, 5), (5, 7), (7, 8), (8, 10)], cost=1421.27
  Col 10027: blocks=[(0, 4), (4, 5), (5, 7), (7, 8), (8, 10)], cost=1421.27
  Col 10028: blocks=[(0, 4), (4, 5), (5, 7), (7, 8), (8, 10)], cost=1424.17
  Col 10029: blocks=[(0, 4), (4, 5), (5, 7), (7, 8), (8, 10)], cost=1498.57
  Col 10030: blocks=[(0, 4), (4, 5), (5, 7), (7, 8), (8, 10)], cost=1501.48
  Col 10031: blocks=[(0, 4), (4, 5), (5, 7), (7, 8), (8, 10)], cost=1501.48
  Col 10032: blocks=[(0, 4), (4, 5), (5, 7), (7, 8), (8, 10)], cost=1502.93
  Col 10033: blocks=[(0, 4), (4, 5), (5, 7), (7, 8), (8, 10)], cost=1502.93
  Col 10034: blocks=[(0, 4), (4, 5), (5, 7), (7, 8), (8, 10)], cost=1505.83
  Col 10035: blocks=[(0, 4), (4, 5), (5, 7), (7, 8), (8, 10)], cost=1504.52
  Col 10036: blocks=[(0, 4), (4, 5), (5, 7), (7, 8), (8, 10)], cost=1504.52
  Col 10037: blocks=[(0, 4), (4, 5), (5, 7), (7, 8), (8, 10)], cost=1507.42
  Col 10038: blocks=[(0, 4), (4, 5), (5, 7), (7, 8), (8, 10)], cost=1508.87
  Col 10039: blocks=[(0, 4), (4, 5), (5, 7), (7, 9), (9, 10)], cost=1150.99
  Col 10040: blocks=[(0, 4), (4, 5), (5, 7), (7, 9), (9, 10)], cost=1232.66
  Col 10041: blocks=[(0, 4), (4, 5), (5, 7), (7, 9), (9, 10)], cost=1234.25
  Col 10042: blocks=[(0, 4), (4, 5), (5, 7), (7, 9), (9, 10)], cost=1235.69
  Col 10043: blocks=[(0, 4), (4, 5), (5, 7), (7, 9), (9, 10)], cost=1238.60
  Col 10044: blocks=[(0, 4), (4, 5), (5, 7), (7, 9), (9, 10)], cost=1238.95
  Col 10045: blocks=[(0, 4), (4, 5), (5, 7), (7, 9), (9, 10)], cost=1315.91
  Col 10046: blocks=[(0, 4), (4, 5), (5, 7), (7, 9), (9, 10)], cost=1317.36
  Col 10047: blocks=[(0, 4), (4, 5), (5, 7), (7, 9), (9, 10)], cost=1320.26
  Col 10048: blocks=[(0, 4), (4, 5), (5, 7), (7, 9), (9, 10)], cost=1320.61
  Col 10049: blocks=[(0, 4), (4, 5), (5, 7), (7, 9), (9, 10)], cost=1318.95
  Col 10050: blocks=[(0, 4), (4, 5), (5, 7), (7, 9), (9, 10)], cost=1321.85
  Col 10051: blocks=[(0, 4), (4, 5), (5, 7), (7, 9), (9, 10)], cost=1322.20
  Col 10052: blocks=[(0, 4), (4, 5), (5, 7), (7, 9), (9, 10)], cost=1323.30
  Col 10053: blocks=[(0, 4), (4, 5), (5, 7), (7, 9), (9, 10)], cost=1323.65
  Col 10054: blocks=[(0, 4), (4, 5), (5, 7), (7, 9), (9, 10)], cost=1326.56
  Col 10055: blocks=[(0, 4), (4, 5), (5, 7), (7, 9), (9, 10)], cost=1400.61
  Col 10056: blocks=[(0, 4), (4, 5), (5, 7), (7, 9), (9, 10)], cost=1403.52
  Col 10057: blocks=[(0, 4), (4, 5), (5, 7), (7, 9), (9, 10)], cost=1403.87
  Col 10058: blocks=[(0, 4), (4, 5), (5, 7), (7, 9), (9, 10)], cost=1404.97
  Col 10059: blocks=[(0, 4), (4, 5), (5, 7), (7, 9), (9, 10)], cost=1405.31
  Col 10060: blocks=[(0, 4), (4, 5), (5, 7), (7, 9), (9, 10)], cost=1408.22
  Col 10061: blocks=[(0, 4), (4, 5), (5, 7), (7, 9), (9, 10)], cost=1406.56
  Col 10062: blocks=[(0, 4), (4, 5), (5, 7), (7, 9), (9, 10)], cost=1406.90
  Col 10063: blocks=[(0, 4), (4, 5), (5, 7), (7, 9), (9, 10)], cost=1409.81
  Col 10064: blocks=[(0, 4), (4, 5), (5, 7), (7, 9), (9, 10)], cost=1411.26
  Col 10065: blocks=[(0, 4), (4, 5), (5, 7), (7, 10)], cost=1076.86
  Col 10066: blocks=[(0, 4), (4, 5), (5, 7), (7, 10)], cost=1158.53
  Col 10067: blocks=[(0, 4), (4, 5), (5, 7), (7, 10)], cost=1160.12
  Col 10068: blocks=[(0, 4), (4, 5), (5, 7), (7, 10)], cost=1161.56
  Col 10069: blocks=[(0, 4), (4, 5), (5, 7), (7, 10)], cost=1164.47
  Col 10070: blocks=[(0, 4), (4, 5), (5, 7), (7, 10)], cost=1164.82
  Col 10071: blocks=[(0, 4), (4, 5), (5, 7), (7, 10)], cost=1164.47
  Col 10072: blocks=[(0, 4), (4, 5), (5, 7), (7, 10)], cost=1241.78
  Col 10073: blocks=[(0, 4), (4, 5), (5, 7), (7, 10)], cost=1243.23
  Col 10074: blocks=[(0, 4), (4, 5), (5, 7), (7, 10)], cost=1246.13
  Col 10075: blocks=[(0, 4), (4, 5), (5, 7), (7, 10)], cost=1246.48
  Col 10076: blocks=[(0, 4), (4, 5), (5, 7), (7, 10)], cost=1246.13
  Col 10077: blocks=[(0, 4), (4, 5), (5, 7), (7, 10)], cost=1244.82
  Col 10078: blocks=[(0, 4), (4, 5), (5, 7), (7, 10)], cost=1247.72
  Col 10079: blocks=[(0, 4), (4, 5), (5, 7), (7, 10)], cost=1248.07
  Col 10080: blocks=[(0, 4), (4, 5), (5, 7), (7, 10)], cost=1247.72
  Col 10081: blocks=[(0, 4), (4, 5), (5, 7), (7, 10)], cost=1249.17
  Col 10082: blocks=[(0, 4), (4, 5), (5, 7), (7, 10)], cost=1249.52
  Col 10083: blocks=[(0, 4), (4, 5), (5, 7), (7, 10)], cost=1249.17
  Col 10084: blocks=[(0, 4), (4, 5), (5, 7), (7, 10)], cost=1252.43
  Col 10085: blocks=[(0, 4), (4, 5), (5, 7), (7, 10)], cost=1252.08
  Col 10086: blocks=[(0, 4), (4, 5), (5, 7), (7, 10)], cost=1252.43
  Col 10087: blocks=[(0, 4), (4, 5), (5, 7), (7, 10)], cost=1326.48
  Col 10088: blocks=[(0, 4), (4, 5), (5, 7), (7, 10)], cost=1329.39
  Col 10089: blocks=[(0, 4), (4, 5), (5, 7), (7, 10)], cost=1329.74
  Col 10090: blocks=[(0, 4), (4, 5), (5, 7), (7, 10)], cost=1329.39
  Col 10091: blocks=[(0, 4), (4, 5), (5, 7), (7, 10)], cost=1330.84
  Col 10092: blocks=[(0, 4), (4, 5), (5, 7), (7, 10)], cost=1331.18
  Col 10093: blocks=[(0, 4), (4, 5), (5, 7), (7, 10)], cost=1330.84
  Col 10094: blocks=[(0, 4), (4, 5), (5, 7), (7, 10)], cost=1334.09
  Col 10095: blocks=[(0, 4), (4, 5), (5, 7), (7, 10)], cost=1333.74
  Col 10096: blocks=[(0, 4), (4, 5), (5, 7), (7, 10)], cost=1334.09
  Col 10097: blocks=[(0, 4), (4, 5), (5, 7), (7, 10)], cost=1332.43
  Col 10098: blocks=[(0, 4), (4, 5), (5, 7), (7, 10)], cost=1332.77
  Col 10099: blocks=[(0, 4), (4, 5), (5, 7), (7, 10)], cost=1332.43
  Col 10100: blocks=[(0, 4), (4, 5), (5, 7), (7, 10)], cost=1335.68
  Col 10101: blocks=[(0, 4), (4, 5), (5, 7), (7, 10)], cost=1335.33
  Col 10102: blocks=[(0, 4), (4, 5), (5, 7), (7, 10)], cost=1335.68
  Col 10103: blocks=[(0, 4), (4, 5), (5, 7), (7, 10)], cost=1337.13
  Col 10104: blocks=[(0, 4), (4, 5), (5, 7), (7, 10)], cost=1336.78
  Col 10105: blocks=[(0, 4), (4, 5), (5, 7), (7, 10)], cost=1337.13
  Col 10106: blocks=[(0, 4), (4, 5), (5, 7), (7, 10)], cost=1340.04
  Col 10107: blocks=[(0, 4), (4, 5), (5, 8), (8, 9), (9, 10)], cost=1221.69
  Col 10108: blocks=[(0, 4), (4, 5), (5, 8), (8, 9), (9, 10)], cost=1303.36
  Col 10109: blocks=[(0, 4), (4, 5), (5, 8), (8, 9), (9, 10)], cost=1304.95
  Col 10110: blocks=[(0, 4), (4, 5), (5, 8), (8, 9), (9, 10)], cost=1306.39
  Col 10111: blocks=[(0, 4), (4, 5), (5, 8), (8, 9), (9, 10)], cost=1309.30
  Col 10112: blocks=[(0, 4), (4, 5), (5, 8), (8, 9), (9, 10)], cost=1309.65
  Col 10113: blocks=[(0, 4), (4, 5), (5, 8), (8, 9), (9, 10)], cost=1386.61
  Col 10114: blocks=[(0, 4), (4, 5), (5, 8), (8, 9), (9, 10)], cost=1388.06
  Col 10115: blocks=[(0, 4), (4, 5), (5, 8), (8, 9), (9, 10)], cost=1390.96
  Col 10116: blocks=[(0, 4), (4, 5), (5, 8), (8, 9), (9, 10)], cost=1391.31
  Col 10117: blocks=[(0, 4), (4, 5), (5, 8), (8, 9), (9, 10)], cost=1389.65
  Col 10118: blocks=[(0, 4), (4, 5), (5, 8), (8, 9), (9, 10)], cost=1392.55
  Col 10119: blocks=[(0, 4), (4, 5), (5, 8), (8, 9), (9, 10)], cost=1392.90
  Col 10120: blocks=[(0, 4), (4, 5), (5, 8), (8, 9), (9, 10)], cost=1394.00
  Col 10121: blocks=[(0, 4), (4, 5), (5, 8), (8, 9), (9, 10)], cost=1394.35
  Col 10122: blocks=[(0, 4), (4, 5), (5, 8), (8, 9), (9, 10)], cost=1397.26
  Col 10123: blocks=[(0, 4), (4, 5), (5, 8), (8, 9), (9, 10)], cost=1471.31
  Col 10124: blocks=[(0, 4), (4, 5), (5, 8), (8, 9), (9, 10)], cost=1474.22
  Col 10125: blocks=[(0, 4), (4, 5), (5, 8), (8, 9), (9, 10)], cost=1474.57
  Col 10126: blocks=[(0, 4), (4, 5), (5, 8), (8, 9), (9, 10)], cost=1475.67
  Col 10127: blocks=[(0, 4), (4, 5), (5, 8), (8, 9), (9, 10)], cost=1476.01
  Col 10128: blocks=[(0, 4), (4, 5), (5, 8), (8, 9), (9, 10)], cost=1478.92
  Col 10129: blocks=[(0, 4), (4, 5), (5, 8), (8, 9), (9, 10)], cost=1477.26
  Col 10130: blocks=[(0, 4), (4, 5), (5, 8), (8, 9), (9, 10)], cost=1477.60
  Col 10131: blocks=[(0, 4), (4, 5), (5, 8), (8, 9), (9, 10)], cost=1480.51
  Col 10132: blocks=[(0, 4), (4, 5), (5, 8), (8, 9), (9, 10)], cost=1481.96
  Col 10133: blocks=[(0, 4), (4, 5), (5, 8), (8, 10)], cost=1190.63
  Col 10134: blocks=[(0, 4), (4, 5), (5, 8), (8, 10)], cost=1272.30
  Col 10135: blocks=[(0, 4), (4, 5), (5, 8), (8, 10)], cost=1273.89
  Col 10136: blocks=[(0, 4), (4, 5), (5, 8), (8, 10)], cost=1275.33
  Col 10137: blocks=[(0, 4), (4, 5), (5, 8), (8, 10)], cost=1278.24
  Col 10138: blocks=[(0, 4), (4, 5), (5, 8), (8, 10)], cost=1278.59
  Col 10139: blocks=[(0, 4), (4, 5), (5, 8), (8, 10)], cost=1278.24
  Col 10140: blocks=[(0, 4), (4, 5), (5, 8), (8, 10)], cost=1355.55
  Col 10141: blocks=[(0, 4), (4, 5), (5, 8), (8, 10)], cost=1357.00
  Col 10142: blocks=[(0, 4), (4, 5), (5, 8), (8, 10)], cost=1359.90
  Col 10143: blocks=[(0, 4), (4, 5), (5, 8), (8, 10)], cost=1360.25
  Col 10144: blocks=[(0, 4), (4, 5), (5, 8), (8, 10)], cost=1359.90
  Col 10145: blocks=[(0, 4), (4, 5), (5, 8), (8, 10)], cost=1358.59
  Col 10146: blocks=[(0, 4), (4, 5), (5, 8), (8, 10)], cost=1361.49
  Col 10147: blocks=[(0, 4), (4, 5), (5, 8), (8, 10)], cost=1361.84
  Col 10148: blocks=[(0, 4), (4, 5), (5, 8), (8, 10)], cost=1361.49
  Col 10149: blocks=[(0, 4), (4, 5), (5, 8), (8, 10)], cost=1362.94
  Col 10150: blocks=[(0, 4), (4, 5), (5, 8), (8, 10)], cost=1363.29
  Col 10151: blocks=[(0, 4), (4, 5), (5, 8), (8, 10)], cost=1362.94
  Col 10152: blocks=[(0, 4), (4, 5), (5, 8), (8, 10)], cost=1366.20
  Col 10153: blocks=[(0, 4), (4, 5), (5, 8), (8, 10)], cost=1365.85
  Col 10154: blocks=[(0, 4), (4, 5), (5, 8), (8, 10)], cost=1366.20
  Col 10155: blocks=[(0, 4), (4, 5), (5, 8), (8, 10)], cost=1440.25
  Col 10156: blocks=[(0, 4), (4, 5), (5, 8), (8, 10)], cost=1443.16
  Col 10157: blocks=[(0, 4), (4, 5), (5, 8), (8, 10)], cost=1443.51
  Col 10158: blocks=[(0, 4), (4, 5), (5, 8), (8, 10)], cost=1443.16
  Col 10159: blocks=[(0, 4), (4, 5), (5, 8), (8, 10)], cost=1444.61
  Col 10160: blocks=[(0, 4), (4, 5), (5, 8), (8, 10)], cost=1444.95
  Col 10161: blocks=[(0, 4), (4, 5), (5, 8), (8, 10)], cost=1444.61
  Col 10162: blocks=[(0, 4), (4, 5), (5, 8), (8, 10)], cost=1447.86
  Col 10163: blocks=[(0, 4), (4, 5), (5, 8), (8, 10)], cost=1447.51
  Col 10164: blocks=[(0, 4), (4, 5), (5, 8), (8, 10)], cost=1447.86
  Col 10165: blocks=[(0, 4), (4, 5), (5, 8), (8, 10)], cost=1446.20
  Col 10166: blocks=[(0, 4), (4, 5), (5, 8), (8, 10)], cost=1446.54
  Col 10167: blocks=[(0, 4), (4, 5), (5, 8), (8, 10)], cost=1446.20
  Col 10168: blocks=[(0, 4), (4, 5), (5, 8), (8, 10)], cost=1449.45
  Col 10169: blocks=[(0, 4), (4, 5), (5, 8), (8, 10)], cost=1449.10
  Col 10170: blocks=[(0, 4), (4, 5), (5, 8), (8, 10)], cost=1449.45
  Col 10171: blocks=[(0, 4), (4, 5), (5, 8), (8, 10)], cost=1450.90
  Col 10172: blocks=[(0, 4), (4, 5), (5, 8), (8, 10)], cost=1450.55
  Col 10173: blocks=[(0, 4), (4, 5), (5, 8), (8, 10)], cost=1450.90
  Col 10174: blocks=[(0, 4), (4, 5), (5, 8), (8, 10)], cost=1453.81
  Col 10175: blocks=[(0, 4), (4, 5), (5, 9), (9, 10)], cost=1164.14
  Col 10176: blocks=[(0, 4), (4, 5), (5, 9), (9, 10)], cost=1245.80
  Col 10177: blocks=[(0, 4), (4, 5), (5, 9), (9, 10)], cost=1247.39
  Col 10178: blocks=[(0, 4), (4, 5), (5, 9), (9, 10)], cost=1248.84
  Col 10179: blocks=[(0, 4), (4, 5), (5, 9), (9, 10)], cost=1251.75
  Col 10180: blocks=[(0, 4), (4, 5), (5, 9), (9, 10)], cost=1252.10
  Col 10181: blocks=[(0, 4), (4, 5), (5, 9), (9, 10)], cost=1252.10
  Col 10182: blocks=[(0, 4), (4, 5), (5, 9), (9, 10)], cost=1329.06
  Col 10183: blocks=[(0, 4), (4, 5), (5, 9), (9, 10)], cost=1330.51
  Col 10184: blocks=[(0, 4), (4, 5), (5, 9), (9, 10)], cost=1333.41
  Col 10185: blocks=[(0, 4), (4, 5), (5, 9), (9, 10)], cost=1333.76
  Col 10186: blocks=[(0, 4), (4, 5), (5, 9), (9, 10)], cost=1333.76
  Col 10187: blocks=[(0, 4), (4, 5), (5, 9), (9, 10)], cost=1332.10
  Col 10188: blocks=[(0, 4), (4, 5), (5, 9), (9, 10)], cost=1335.00
  Col 10189: blocks=[(0, 4), (4, 5), (5, 9), (9, 10)], cost=1335.35
  Col 10190: blocks=[(0, 4), (4, 5), (5, 9), (9, 10)], cost=1335.35
  Col 10191: blocks=[(0, 4), (4, 5), (5, 9), (9, 10)], cost=1336.45
  Col 10192: blocks=[(0, 4), (4, 5), (5, 9), (9, 10)], cost=1336.80
  Col 10193: blocks=[(0, 4), (4, 5), (5, 9), (9, 10)], cost=1336.80
  Col 10194: blocks=[(0, 4), (4, 5), (5, 9), (9, 10)], cost=1339.70
  Col 10195: blocks=[(0, 4), (4, 5), (5, 9), (9, 10)], cost=1339.70
  Col 10196: blocks=[(0, 4), (4, 5), (5, 9), (9, 10)], cost=1340.05
  Col 10197: blocks=[(0, 4), (4, 5), (5, 9), (9, 10)], cost=1413.76
  Col 10198: blocks=[(0, 4), (4, 5), (5, 9), (9, 10)], cost=1416.67
  Col 10199: blocks=[(0, 4), (4, 5), (5, 9), (9, 10)], cost=1417.01
  Col 10200: blocks=[(0, 4), (4, 5), (5, 9), (9, 10)], cost=1417.01
  Col 10201: blocks=[(0, 4), (4, 5), (5, 9), (9, 10)], cost=1418.11
  Col 10202: blocks=[(0, 4), (4, 5), (5, 9), (9, 10)], cost=1418.46
  Col 10203: blocks=[(0, 4), (4, 5), (5, 9), (9, 10)], cost=1418.46
  Col 10204: blocks=[(0, 4), (4, 5), (5, 9), (9, 10)], cost=1421.37
  Col 10205: blocks=[(0, 4), (4, 5), (5, 9), (9, 10)], cost=1421.37
  Col 10206: blocks=[(0, 4), (4, 5), (5, 9), (9, 10)], cost=1421.72
  Col 10207: blocks=[(0, 4), (4, 5), (5, 9), (9, 10)], cost=1419.70
  Col 10208: blocks=[(0, 4), (4, 5), (5, 9), (9, 10)], cost=1420.05
  Col 10209: blocks=[(0, 4), (4, 5), (5, 9), (9, 10)], cost=1420.05
  Col 10210: blocks=[(0, 4), (4, 5), (5, 9), (9, 10)], cost=1422.96
  Col 10211: blocks=[(0, 4), (4, 5), (5, 9), (9, 10)], cost=1422.96
  Col 10212: blocks=[(0, 4), (4, 5), (5, 9), (9, 10)], cost=1423.31
  Col 10213: blocks=[(0, 4), (4, 5), (5, 9), (9, 10)], cost=1424.41
  Col 10214: blocks=[(0, 4), (4, 5), (5, 9), (9, 10)], cost=1424.41
  Col 10215: blocks=[(0, 4), (4, 5), (5, 9), (9, 10)], cost=1424.75
  Col 10216: blocks=[(0, 4), (4, 5), (5, 9), (9, 10)], cost=1427.66
  Col 10217: blocks=[(0, 4), (4, 5), (5, 10)], cost=1164.97
  Col 10218: blocks=[(0, 4), (4, 5), (5, 10)], cost=1246.63
  Col 10219: blocks=[(0, 4), (4, 5), (5, 10)], cost=1248.22
  Col 10220: blocks=[(0, 4), (4, 5), (5, 10)], cost=1249.67
  Col 10221: blocks=[(0, 4), (4, 5), (5, 10)], cost=1252.57
  Col 10222: blocks=[(0, 4), (4, 5), (5, 10)], cost=1252.92
  Col 10223: blocks=[(0, 4), (4, 5), (5, 10)], cost=1252.92
  Col 10224: blocks=[(0, 4), (4, 5), (5, 10)], cost=1252.57
  Col 10225: blocks=[(0, 4), (4, 5), (5, 10)], cost=1329.88
  Col 10226: blocks=[(0, 4), (4, 5), (5, 10)], cost=1331.33
  Col 10227: blocks=[(0, 4), (4, 5), (5, 10)], cost=1334.24
  Col 10228: blocks=[(0, 4), (4, 5), (5, 10)], cost=1334.59
  Col 10229: blocks=[(0, 4), (4, 5), (5, 10)], cost=1334.59
  Col 10230: blocks=[(0, 4), (4, 5), (5, 10)], cost=1334.24
  Col 10231: blocks=[(0, 4), (4, 5), (5, 10)], cost=1332.92
  Col 10232: blocks=[(0, 4), (4, 5), (5, 10)], cost=1335.83
  Col 10233: blocks=[(0, 4), (4, 5), (5, 10)], cost=1336.18
  Col 10234: blocks=[(0, 4), (4, 5), (5, 10)], cost=1336.18
  Col 10235: blocks=[(0, 4), (4, 5), (5, 10)], cost=1335.83
  Col 10236: blocks=[(0, 4), (4, 5), (5, 10)], cost=1337.28
  Col 10237: blocks=[(0, 4), (4, 5), (5, 10)], cost=1337.62
  Col 10238: blocks=[(0, 4), (4, 5), (5, 10)], cost=1337.62
  Col 10239: blocks=[(0, 4), (4, 5), (5, 10)], cost=1337.28
  Col 10240: blocks=[(0, 4), (4, 5), (5, 10)], cost=1340.53
  Col 10241: blocks=[(0, 4), (4, 5), (5, 10)], cost=1340.53
  Col 10242: blocks=[(0, 4), (4, 5), (5, 10)], cost=1340.18
  Col 10243: blocks=[(0, 4), (4, 5), (5, 10)], cost=1340.88
  Col 10244: blocks=[(0, 4), (4, 5), (5, 10)], cost=1340.53
  Col 10245: blocks=[(0, 4), (4, 5), (5, 10)], cost=1340.53
  Col 10246: blocks=[(0, 4), (4, 5), (5, 10)], cost=1414.59
  Col 10247: blocks=[(0, 4), (4, 5), (5, 10)], cost=1417.49
  Col 10248: blocks=[(0, 4), (4, 5), (5, 10)], cost=1417.84
  Col 10249: blocks=[(0, 4), (4, 5), (5, 10)], cost=1417.84
  Col 10250: blocks=[(0, 4), (4, 5), (5, 10)], cost=1417.49
  Col 10251: blocks=[(0, 4), (4, 5), (5, 10)], cost=1418.94
  Col 10252: blocks=[(0, 4), (4, 5), (5, 10)], cost=1419.29
  Col 10253: blocks=[(0, 4), (4, 5), (5, 10)], cost=1419.29
  Col 10254: blocks=[(0, 4), (4, 5), (5, 10)], cost=1418.94
  Col 10255: blocks=[(0, 4), (4, 5), (5, 10)], cost=1422.19
  Col 10256: blocks=[(0, 4), (4, 5), (5, 10)], cost=1422.19
  Col 10257: blocks=[(0, 4), (4, 5), (5, 10)], cost=1421.85
  Col 10258: blocks=[(0, 4), (4, 5), (5, 10)], cost=1422.54
  Col 10259: blocks=[(0, 4), (4, 5), (5, 10)], cost=1422.19
  Col 10260: blocks=[(0, 4), (4, 5), (5, 10)], cost=1422.19
  Col 10261: blocks=[(0, 4), (4, 5), (5, 10)], cost=1420.53
  Col 10262: blocks=[(0, 4), (4, 5), (5, 10)], cost=1420.88
  Col 10263: blocks=[(0, 4), (4, 5), (5, 10)], cost=1420.88
  Col 10264: blocks=[(0, 4), (4, 5), (5, 10)], cost=1420.53
  Col 10265: blocks=[(0, 4), (4, 5), (5, 10)], cost=1423.78
  Col 10266: blocks=[(0, 4), (4, 5), (5, 10)], cost=1423.78
  Col 10267: blocks=[(0, 4), (4, 5), (5, 10)], cost=1423.44
  Col 10268: blocks=[(0, 4), (4, 5), (5, 10)], cost=1424.13
  Col 10269: blocks=[(0, 4), (4, 5), (5, 10)], cost=1423.78
  Col 10270: blocks=[(0, 4), (4, 5), (5, 10)], cost=1423.78
  Col 10271: blocks=[(0, 4), (4, 5), (5, 10)], cost=1425.23
  Col 10272: blocks=[(0, 4), (4, 5), (5, 10)], cost=1425.23
  Col 10273: blocks=[(0, 4), (4, 5), (5, 10)], cost=1424.89
  Col 10274: blocks=[(0, 4), (4, 5), (5, 10)], cost=1425.58
  Col 10275: blocks=[(0, 4), (4, 5), (5, 10)], cost=1425.23
  Col 10276: blocks=[(0, 4), (4, 5), (5, 10)], cost=1425.23
  Col 10277: blocks=[(0, 4), (4, 5), (5, 10)], cost=1428.49
  Col 10278: blocks=[(0, 4), (4, 5), (5, 10)], cost=1428.14
  Col 10279: blocks=[(0, 4), (4, 5), (5, 10)], cost=1428.14
  Col 10280: blocks=[(0, 4), (4, 5), (5, 10)], cost=1428.49
  Col 10281: blocks=[(0, 4), (4, 6), (6, 7), (7, 8), (8, 9), (9, 10)], cost=1260.58
  Col 10282: blocks=[(0, 4), (4, 6), (6, 7), (7, 8), (8, 9), (9, 10)], cost=1342.25
  Col 10283: blocks=[(0, 4), (4, 6), (6, 7), (7, 8), (8, 9), (9, 10)], cost=1343.84
  Col 10284: blocks=[(0, 4), (4, 6), (6, 7), (7, 8), (8, 9), (9, 10)], cost=1345.29
  Col 10285: blocks=[(0, 4), (4, 6), (6, 7), (7, 8), (8, 9), (9, 10)], cost=1347.51
  Col 10286: blocks=[(0, 4), (4, 6), (6, 7), (7, 8), (8, 9), (9, 10)], cost=1425.50
  Col 10287: blocks=[(0, 4), (4, 6), (6, 7), (7, 8), (8, 9), (9, 10)], cost=1426.95
  Col 10288: blocks=[(0, 4), (4, 6), (6, 7), (7, 8), (8, 9), (9, 10)], cost=1429.18
  Col 10289: blocks=[(0, 4), (4, 6), (6, 7), (7, 8), (8, 9), (9, 10)], cost=1428.54
  Col 10290: blocks=[(0, 4), (4, 6), (6, 7), (7, 8), (8, 9), (9, 10)], cost=1430.77
  Col 10291: blocks=[(0, 4), (4, 6), (6, 7), (7, 8), (8, 9), (9, 10)], cost=1432.21
  Col 10292: blocks=[(0, 4), (4, 6), (6, 7), (7, 8), (8, 9), (9, 10)], cost=1510.20
  Col 10293: blocks=[(0, 4), (4, 6), (6, 7), (7, 8), (8, 9), (9, 10)], cost=1512.43
  Col 10294: blocks=[(0, 4), (4, 6), (6, 7), (7, 8), (8, 9), (9, 10)], cost=1513.88
  Col 10295: blocks=[(0, 4), (4, 6), (6, 7), (7, 8), (8, 9), (9, 10)], cost=1515.47
  Col 10296: blocks=[(0, 4), (4, 6), (6, 7), (7, 8), (8, 10)], cost=1229.52
  Col 10297: blocks=[(0, 4), (4, 6), (6, 7), (7, 8), (8, 10)], cost=1311.19
  Col 10298: blocks=[(0, 4), (4, 6), (6, 7), (7, 8), (8, 10)], cost=1312.78
  Col 10299: blocks=[(0, 4), (4, 6), (6, 7), (7, 8), (8, 10)], cost=1314.23
  Col 10300: blocks=[(0, 4), (4, 6), (6, 7), (7, 8), (8, 10)], cost=1316.45
  Col 10301: blocks=[(0, 4), (4, 6), (6, 7), (7, 8), (8, 10)], cost=1317.13
  Col 10302: blocks=[(0, 4), (4, 6), (6, 7), (7, 8), (8, 10)], cost=1394.44
  Col 10303: blocks=[(0, 4), (4, 6), (6, 7), (7, 8), (8, 10)], cost=1395.89
  Col 10304: blocks=[(0, 4), (4, 6), (6, 7), (7, 8), (8, 10)], cost=1398.12
  Col 10305: blocks=[(0, 4), (4, 6), (6, 7), (7, 8), (8, 10)], cost=1398.80
  Col 10306: blocks=[(0, 4), (4, 6), (6, 7), (7, 8), (8, 10)], cost=1397.48
  Col 10307: blocks=[(0, 4), (4, 6), (6, 7), (7, 8), (8, 10)], cost=1399.71
  Col 10308: blocks=[(0, 4), (4, 6), (6, 7), (7, 8), (8, 10)], cost=1400.39
  Col 10309: blocks=[(0, 4), (4, 6), (6, 7), (7, 8), (8, 10)], cost=1401.15
  Col 10310: blocks=[(0, 4), (4, 6), (6, 7), (7, 8), (8, 10)], cost=1401.83
  Col 10311: blocks=[(0, 4), (4, 6), (6, 7), (7, 8), (8, 10)], cost=1404.06
  Col 10312: blocks=[(0, 4), (4, 6), (6, 7), (7, 8), (8, 10)], cost=1479.14
  Col 10313: blocks=[(0, 4), (4, 6), (6, 7), (7, 8), (8, 10)], cost=1481.37
  Col 10314: blocks=[(0, 4), (4, 6), (6, 7), (7, 8), (8, 10)], cost=1482.05
  Col 10315: blocks=[(0, 4), (4, 6), (6, 7), (7, 8), (8, 10)], cost=1482.82
  Col 10316: blocks=[(0, 4), (4, 6), (6, 7), (7, 8), (8, 10)], cost=1483.50
  Col 10317: blocks=[(0, 4), (4, 6), (6, 7), (7, 8), (8, 10)], cost=1485.72
  Col 10318: blocks=[(0, 4), (4, 6), (6, 7), (7, 8), (8, 10)], cost=1484.41
  Col 10319: blocks=[(0, 4), (4, 6), (6, 7), (7, 8), (8, 10)], cost=1485.09
  Col 10320: blocks=[(0, 4), (4, 6), (6, 7), (7, 8), (8, 10)], cost=1487.31
  Col 10321: blocks=[(0, 4), (4, 6), (6, 7), (7, 8), (8, 10)], cost=1488.76
  Col 10322: blocks=[(0, 4), (4, 6), (6, 7), (7, 9), (9, 10)], cost=1131.56
  Col 10323: blocks=[(0, 4), (4, 6), (6, 7), (7, 9), (9, 10)], cost=1213.23
  Col 10324: blocks=[(0, 4), (4, 6), (6, 7), (7, 9), (9, 10)], cost=1214.82
  Col 10325: blocks=[(0, 4), (4, 6), (6, 7), (7, 9), (9, 10)], cost=1216.26
  Col 10326: blocks=[(0, 4), (4, 6), (6, 7), (7, 9), (9, 10)], cost=1218.49
  Col 10327: blocks=[(0, 4), (4, 6), (6, 7), (7, 9), (9, 10)], cost=1219.52
  Col 10328: blocks=[(0, 4), (4, 6), (6, 7), (7, 9), (9, 10)], cost=1296.48
  Col 10329: blocks=[(0, 4), (4, 6), (6, 7), (7, 9), (9, 10)], cost=1297.93
  Col 10330: blocks=[(0, 4), (4, 6), (6, 7), (7, 9), (9, 10)], cost=1300.15
  Col 10331: blocks=[(0, 4), (4, 6), (6, 7), (7, 9), (9, 10)], cost=1301.18
  Col 10332: blocks=[(0, 4), (4, 6), (6, 7), (7, 9), (9, 10)], cost=1299.52
  Col 10333: blocks=[(0, 4), (4, 6), (6, 7), (7, 9), (9, 10)], cost=1301.74
  Col 10334: blocks=[(0, 4), (4, 6), (6, 7), (7, 9), (9, 10)], cost=1302.77
  Col 10335: blocks=[(0, 4), (4, 6), (6, 7), (7, 9), (9, 10)], cost=1303.19
  Col 10336: blocks=[(0, 4), (4, 6), (6, 7), (7, 9), (9, 10)], cost=1304.22
  Col 10337: blocks=[(0, 4), (4, 6), (6, 7), (7, 9), (9, 10)], cost=1306.45
  Col 10338: blocks=[(0, 4), (4, 6), (6, 7), (7, 9), (9, 10)], cost=1381.18
  Col 10339: blocks=[(0, 4), (4, 6), (6, 7), (7, 9), (9, 10)], cost=1383.41
  Col 10340: blocks=[(0, 4), (4, 6), (6, 7), (7, 9), (9, 10)], cost=1384.44
  Col 10341: blocks=[(0, 4), (4, 6), (6, 7), (7, 9), (9, 10)], cost=1384.86
  Col 10342: blocks=[(0, 4), (4, 6), (6, 7), (7, 9), (9, 10)], cost=1385.88
  Col 10343: blocks=[(0, 4), (4, 6), (6, 7), (7, 9), (9, 10)], cost=1388.11
  Col 10344: blocks=[(0, 4), (4, 6), (6, 7), (7, 9), (9, 10)], cost=1386.45
  Col 10345: blocks=[(0, 4), (4, 6), (6, 7), (7, 9), (9, 10)], cost=1387.47
  Col 10346: blocks=[(0, 4), (4, 6), (6, 7), (7, 9), (9, 10)], cost=1389.70
  Col 10347: blocks=[(0, 4), (4, 6), (6, 7), (7, 9), (9, 10)], cost=1391.15
  Col 10348: blocks=[(0, 4), (4, 6), (6, 7), (7, 10)], cost=1057.43
  Col 10349: blocks=[(0, 4), (4, 6), (6, 7), (7, 10)], cost=1139.10
  Col 10350: blocks=[(0, 4), (4, 6), (6, 7), (7, 10)], cost=1140.69
  Col 10351: blocks=[(0, 4), (4, 6), (6, 7), (7, 10)], cost=1142.13
  Col 10352: blocks=[(0, 4), (4, 6), (6, 7), (7, 10)], cost=1144.36
  Col 10353: blocks=[(0, 4), (4, 6), (6, 7), (7, 10)], cost=1145.39
  Col 10354: blocks=[(0, 4), (4, 6), (6, 7), (7, 10)], cost=1145.04
  Col 10355: blocks=[(0, 4), (4, 6), (6, 7), (7, 10)], cost=1222.35
  Col 10356: blocks=[(0, 4), (4, 6), (6, 7), (7, 10)], cost=1223.80
  Col 10357: blocks=[(0, 4), (4, 6), (6, 7), (7, 10)], cost=1226.02
  Col 10358: blocks=[(0, 4), (4, 6), (6, 7), (7, 10)], cost=1227.05
  Col 10359: blocks=[(0, 4), (4, 6), (6, 7), (7, 10)], cost=1226.70
  Col 10360: blocks=[(0, 4), (4, 6), (6, 7), (7, 10)], cost=1225.39
  Col 10361: blocks=[(0, 4), (4, 6), (6, 7), (7, 10)], cost=1227.61
  Col 10362: blocks=[(0, 4), (4, 6), (6, 7), (7, 10)], cost=1228.64
  Col 10363: blocks=[(0, 4), (4, 6), (6, 7), (7, 10)], cost=1228.29
  Col 10364: blocks=[(0, 4), (4, 6), (6, 7), (7, 10)], cost=1229.06
  Col 10365: blocks=[(0, 4), (4, 6), (6, 7), (7, 10)], cost=1230.09
  Col 10366: blocks=[(0, 4), (4, 6), (6, 7), (7, 10)], cost=1229.74
  Col 10367: blocks=[(0, 4), (4, 6), (6, 7), (7, 10)], cost=1232.32
  Col 10368: blocks=[(0, 4), (4, 6), (6, 7), (7, 10)], cost=1231.97
  Col 10369: blocks=[(0, 4), (4, 6), (6, 7), (7, 10)], cost=1233.00
  Col 10370: blocks=[(0, 4), (4, 6), (6, 7), (7, 10)], cost=1307.05
  Col 10371: blocks=[(0, 4), (4, 6), (6, 7), (7, 10)], cost=1309.28
  Col 10372: blocks=[(0, 4), (4, 6), (6, 7), (7, 10)], cost=1310.31
  Col 10373: blocks=[(0, 4), (4, 6), (6, 7), (7, 10)], cost=1309.96
  Col 10374: blocks=[(0, 4), (4, 6), (6, 7), (7, 10)], cost=1310.73
  Col 10375: blocks=[(0, 4), (4, 6), (6, 7), (7, 10)], cost=1311.75
  Col 10376: blocks=[(0, 4), (4, 6), (6, 7), (7, 10)], cost=1311.41
  Col 10377: blocks=[(0, 4), (4, 6), (6, 7), (7, 10)], cost=1313.98
  Col 10378: blocks=[(0, 4), (4, 6), (6, 7), (7, 10)], cost=1313.63
  Col 10379: blocks=[(0, 4), (4, 6), (6, 7), (7, 10)], cost=1314.66
  Col 10380: blocks=[(0, 4), (4, 6), (6, 7), (7, 10)], cost=1312.32
  Col 10381: blocks=[(0, 4), (4, 6), (6, 7), (7, 10)], cost=1313.34
  Col 10382: blocks=[(0, 4), (4, 6), (6, 7), (7, 10)], cost=1313.00
  Col 10383: blocks=[(0, 4), (4, 6), (6, 7), (7, 10)], cost=1315.57
  Col 10384: blocks=[(0, 4), (4, 6), (6, 7), (7, 10)], cost=1315.22
  Col 10385: blocks=[(0, 4), (4, 6), (6, 7), (7, 10)], cost=1316.25
  Col 10386: blocks=[(0, 4), (4, 6), (6, 7), (7, 10)], cost=1317.02
  Col 10387: blocks=[(0, 4), (4, 6), (6, 7), (7, 10)], cost=1316.67
  Col 10388: blocks=[(0, 4), (4, 6), (6, 7), (7, 10)], cost=1317.70
  Col 10389: blocks=[(0, 4), (4, 6), (6, 7), (7, 10)], cost=1319.93
  Col 10390: blocks=[(0, 4), (4, 6), (6, 8), (8, 9), (9, 10)], cost=1182.37
  Col 10391: blocks=[(0, 4), (4, 6), (6, 8), (8, 9), (9, 10)], cost=1264.04
  Col 10392: blocks=[(0, 4), (4, 6), (6, 8), (8, 9), (9, 10)], cost=1265.63
  Col 10393: blocks=[(0, 4), (4, 6), (6, 8), (8, 9), (9, 10)], cost=1267.07
  Col 10394: blocks=[(0, 4), (4, 6), (6, 8), (8, 9), (9, 10)], cost=1269.30
  Col 10395: blocks=[(0, 4), (4, 6), (6, 8), (8, 9), (9, 10)], cost=1270.33
  Col 10396: blocks=[(0, 4), (4, 6), (6, 8), (8, 9), (9, 10)], cost=1347.29
  Col 10397: blocks=[(0, 4), (4, 6), (6, 8), (8, 9), (9, 10)], cost=1348.74
  Col 10398: blocks=[(0, 4), (4, 6), (6, 8), (8, 9), (9, 10)], cost=1350.96
  Col 10399: blocks=[(0, 4), (4, 6), (6, 8), (8, 9), (9, 10)], cost=1351.99
  Col 10400: blocks=[(0, 4), (4, 6), (6, 8), (8, 9), (9, 10)], cost=1350.33
  Col 10401: blocks=[(0, 4), (4, 6), (6, 8), (8, 9), (9, 10)], cost=1352.55
  Col 10402: blocks=[(0, 4), (4, 6), (6, 8), (8, 9), (9, 10)], cost=1353.58
  Col 10403: blocks=[(0, 4), (4, 6), (6, 8), (8, 9), (9, 10)], cost=1354.00
  Col 10404: blocks=[(0, 4), (4, 6), (6, 8), (8, 9), (9, 10)], cost=1355.03
  Col 10405: blocks=[(0, 4), (4, 6), (6, 8), (8, 9), (9, 10)], cost=1357.26
  Col 10406: blocks=[(0, 4), (4, 6), (6, 8), (8, 9), (9, 10)], cost=1431.99
  Col 10407: blocks=[(0, 4), (4, 6), (6, 8), (8, 9), (9, 10)], cost=1434.22
  Col 10408: blocks=[(0, 4), (4, 6), (6, 8), (8, 9), (9, 10)], cost=1435.25
  Col 10409: blocks=[(0, 4), (4, 6), (6, 8), (8, 9), (9, 10)], cost=1435.67
  Col 10410: blocks=[(0, 4), (4, 6), (6, 8), (8, 9), (9, 10)], cost=1436.69
  Col 10411: blocks=[(0, 4), (4, 6), (6, 8), (8, 9), (9, 10)], cost=1438.92
  Col 10412: blocks=[(0, 4), (4, 6), (6, 8), (8, 9), (9, 10)], cost=1437.26
  Col 10413: blocks=[(0, 4), (4, 6), (6, 8), (8, 9), (9, 10)], cost=1438.28
  Col 10414: blocks=[(0, 4), (4, 6), (6, 8), (8, 9), (9, 10)], cost=1440.51
  Col 10415: blocks=[(0, 4), (4, 6), (6, 8), (8, 9), (9, 10)], cost=1441.96
  Col 10416: blocks=[(0, 4), (4, 6), (6, 8), (8, 10)], cost=1151.31
  Col 10417: blocks=[(0, 4), (4, 6), (6, 8), (8, 10)], cost=1232.98
  Col 10418: blocks=[(0, 4), (4, 6), (6, 8), (8, 10)], cost=1234.57
  Col 10419: blocks=[(0, 4), (4, 6), (6, 8), (8, 10)], cost=1236.01
  Col 10420: blocks=[(0, 4), (4, 6), (6, 8), (8, 10)], cost=1238.24
  Col 10421: blocks=[(0, 4), (4, 6), (6, 8), (8, 10)], cost=1239.27
  Col 10422: blocks=[(0, 4), (4, 6), (6, 8), (8, 10)], cost=1238.92
  Col 10423: blocks=[(0, 4), (4, 6), (6, 8), (8, 10)], cost=1316.23
  Col 10424: blocks=[(0, 4), (4, 6), (6, 8), (8, 10)], cost=1317.68
  Col 10425: blocks=[(0, 4), (4, 6), (6, 8), (8, 10)], cost=1319.90
  Col 10426: blocks=[(0, 4), (4, 6), (6, 8), (8, 10)], cost=1320.93
  Col 10427: blocks=[(0, 4), (4, 6), (6, 8), (8, 10)], cost=1320.58
  Col 10428: blocks=[(0, 4), (4, 6), (6, 8), (8, 10)], cost=1319.27
  Col 10429: blocks=[(0, 4), (4, 6), (6, 8), (8, 10)], cost=1321.49
  Col 10430: blocks=[(0, 4), (4, 6), (6, 8), (8, 10)], cost=1322.52
  Col 10431: blocks=[(0, 4), (4, 6), (6, 8), (8, 10)], cost=1322.17
  Col 10432: blocks=[(0, 4), (4, 6), (6, 8), (8, 10)], cost=1322.94
  Col 10433: blocks=[(0, 4), (4, 6), (6, 8), (8, 10)], cost=1323.97
  Col 10434: blocks=[(0, 4), (4, 6), (6, 8), (8, 10)], cost=1323.62
  Col 10435: blocks=[(0, 4), (4, 6), (6, 8), (8, 10)], cost=1326.20
  Col 10436: blocks=[(0, 4), (4, 6), (6, 8), (8, 10)], cost=1325.85
  Col 10437: blocks=[(0, 4), (4, 6), (6, 8), (8, 10)], cost=1326.88
  Col 10438: blocks=[(0, 4), (4, 6), (6, 8), (8, 10)], cost=1400.93
  Col 10439: blocks=[(0, 4), (4, 6), (6, 8), (8, 10)], cost=1403.16
  Col 10440: blocks=[(0, 4), (4, 6), (6, 8), (8, 10)], cost=1404.19
  Col 10441: blocks=[(0, 4), (4, 6), (6, 8), (8, 10)], cost=1403.84
  Col 10442: blocks=[(0, 4), (4, 6), (6, 8), (8, 10)], cost=1404.61
  Col 10443: blocks=[(0, 4), (4, 6), (6, 8), (8, 10)], cost=1405.63
  Col 10444: blocks=[(0, 4), (4, 6), (6, 8), (8, 10)], cost=1405.29
  Col 10445: blocks=[(0, 4), (4, 6), (6, 8), (8, 10)], cost=1407.86
  Col 10446: blocks=[(0, 4), (4, 6), (6, 8), (8, 10)], cost=1407.51
  Col 10447: blocks=[(0, 4), (4, 6), (6, 8), (8, 10)], cost=1408.54
  Col 10448: blocks=[(0, 4), (4, 6), (6, 8), (8, 10)], cost=1406.20
  Col 10449: blocks=[(0, 4), (4, 6), (6, 8), (8, 10)], cost=1407.22
  Col 10450: blocks=[(0, 4), (4, 6), (6, 8), (8, 10)], cost=1406.88
  Col 10451: blocks=[(0, 4), (4, 6), (6, 8), (8, 10)], cost=1409.45
  Col 10452: blocks=[(0, 4), (4, 6), (6, 8), (8, 10)], cost=1409.10
  Col 10453: blocks=[(0, 4), (4, 6), (6, 8), (8, 10)], cost=1410.13
  Col 10454: blocks=[(0, 4), (4, 6), (6, 8), (8, 10)], cost=1410.90
  Col 10455: blocks=[(0, 4), (4, 6), (6, 8), (8, 10)], cost=1410.55
  Col 10456: blocks=[(0, 4), (4, 6), (6, 8), (8, 10)], cost=1411.58
  Col 10457: blocks=[(0, 4), (4, 6), (6, 8), (8, 10)], cost=1413.80
  Col 10458: blocks=[(0, 4), (4, 6), (6, 9), (9, 10)], cost=1076.85
  Col 10459: blocks=[(0, 4), (4, 6), (6, 9), (9, 10)], cost=1158.51
  Col 10460: blocks=[(0, 4), (4, 6), (6, 9), (9, 10)], cost=1160.10
  Col 10461: blocks=[(0, 4), (4, 6), (6, 9), (9, 10)], cost=1161.55
  Col 10462: blocks=[(0, 4), (4, 6), (6, 9), (9, 10)], cost=1163.78
  Col 10463: blocks=[(0, 4), (4, 6), (6, 9), (9, 10)], cost=1164.81
  Col 10464: blocks=[(0, 4), (4, 6), (6, 9), (9, 10)], cost=1164.81
  Col 10465: blocks=[(0, 4), (4, 6), (6, 9), (9, 10)], cost=1241.77
  Col 10466: blocks=[(0, 4), (4, 6), (6, 9), (9, 10)], cost=1243.22
  Col 10467: blocks=[(0, 4), (4, 6), (6, 9), (9, 10)], cost=1245.44
  Col 10468: blocks=[(0, 4), (4, 6), (6, 9), (9, 10)], cost=1246.47
  Col 10469: blocks=[(0, 4), (4, 6), (6, 9), (9, 10)], cost=1246.47
  Col 10470: blocks=[(0, 4), (4, 6), (6, 9), (9, 10)], cost=1244.81
  Col 10471: blocks=[(0, 4), (4, 6), (6, 9), (9, 10)], cost=1247.03
  Col 10472: blocks=[(0, 4), (4, 6), (6, 9), (9, 10)], cost=1248.06
  Col 10473: blocks=[(0, 4), (4, 6), (6, 9), (9, 10)], cost=1248.06
  Col 10474: blocks=[(0, 4), (4, 6), (6, 9), (9, 10)], cost=1248.48
  Col 10475: blocks=[(0, 4), (4, 6), (6, 9), (9, 10)], cost=1249.51
  Col 10476: blocks=[(0, 4), (4, 6), (6, 9), (9, 10)], cost=1249.51
  Col 10477: blocks=[(0, 4), (4, 6), (6, 9), (9, 10)], cost=1251.73
  Col 10478: blocks=[(0, 4), (4, 6), (6, 9), (9, 10)], cost=1251.73
  Col 10479: blocks=[(0, 4), (4, 6), (6, 9), (9, 10)], cost=1252.76
  Col 10480: blocks=[(0, 4), (4, 6), (6, 9), (9, 10)], cost=1326.47
  Col 10481: blocks=[(0, 4), (4, 6), (6, 9), (9, 10)], cost=1328.70
  Col 10482: blocks=[(0, 4), (4, 6), (6, 9), (9, 10)], cost=1329.72
  Col 10483: blocks=[(0, 4), (4, 6), (6, 9), (9, 10)], cost=1329.72
  Col 10484: blocks=[(0, 4), (4, 6), (6, 9), (9, 10)], cost=1330.14
  Col 10485: blocks=[(0, 4), (4, 6), (6, 9), (9, 10)], cost=1331.17
  Col 10486: blocks=[(0, 4), (4, 6), (6, 9), (9, 10)], cost=1331.17
  Col 10487: blocks=[(0, 4), (4, 6), (6, 9), (9, 10)], cost=1333.40
  Col 10488: blocks=[(0, 4), (4, 6), (6, 9), (9, 10)], cost=1333.40
  Col 10489: blocks=[(0, 4), (4, 6), (6, 9), (9, 10)], cost=1334.43
  Col 10490: blocks=[(0, 4), (4, 6), (6, 9), (9, 10)], cost=1331.73
  Col 10491: blocks=[(0, 4), (4, 6), (6, 9), (9, 10)], cost=1332.76
  Col 10492: blocks=[(0, 4), (4, 6), (6, 9), (9, 10)], cost=1332.76
  Col 10493: blocks=[(0, 4), (4, 6), (6, 9), (9, 10)], cost=1334.99
  Col 10494: blocks=[(0, 4), (4, 6), (6, 9), (9, 10)], cost=1334.99
  Col 10495: blocks=[(0, 4), (4, 6), (6, 9), (9, 10)], cost=1336.02
  Col 10496: blocks=[(0, 4), (4, 6), (6, 9), (9, 10)], cost=1336.44
  Col 10497: blocks=[(0, 4), (4, 6), (6, 9), (9, 10)], cost=1336.44
  Col 10498: blocks=[(0, 4), (4, 6), (6, 9), (9, 10)], cost=1337.46
  Col 10499: blocks=[(0, 4), (4, 6), (6, 9), (9, 10)], cost=1339.69
  Col 10500: blocks=[(0, 4), (4, 6), (6, 10)], cost=1027.37
  Col 10501: blocks=[(0, 4), (4, 6), (6, 10)], cost=1109.03
  Col 10502: blocks=[(0, 4), (4, 6), (6, 10)], cost=1110.62
  Col 10503: blocks=[(0, 4), (4, 6), (6, 10)], cost=1112.07
  Col 10504: blocks=[(0, 4), (4, 6), (6, 10)], cost=1114.30
  Col 10505: blocks=[(0, 4), (4, 6), (6, 10)], cost=1115.32
  Col 10506: blocks=[(0, 4), (4, 6), (6, 10)], cost=1115.32
  Col 10507: blocks=[(0, 4), (4, 6), (6, 10)], cost=1114.98
  Col 10508: blocks=[(0, 4), (4, 6), (6, 10)], cost=1192.28
  Col 10509: blocks=[(0, 4), (4, 6), (6, 10)], cost=1193.73
  Col 10510: blocks=[(0, 4), (4, 6), (6, 10)], cost=1195.96
  Col 10511: blocks=[(0, 4), (4, 6), (6, 10)], cost=1196.99
  Col 10512: blocks=[(0, 4), (4, 6), (6, 10)], cost=1196.99
  Col 10513: blocks=[(0, 4), (4, 6), (6, 10)], cost=1196.64
  Col 10514: blocks=[(0, 4), (4, 6), (6, 10)], cost=1195.32
  Col 10515: blocks=[(0, 4), (4, 6), (6, 10)], cost=1197.55
  Col 10516: blocks=[(0, 4), (4, 6), (6, 10)], cost=1198.58
  Col 10517: blocks=[(0, 4), (4, 6), (6, 10)], cost=1198.58
  Col 10518: blocks=[(0, 4), (4, 6), (6, 10)], cost=1198.23
  Col 10519: blocks=[(0, 4), (4, 6), (6, 10)], cost=1199.00
  Col 10520: blocks=[(0, 4), (4, 6), (6, 10)], cost=1200.03
  Col 10521: blocks=[(0, 4), (4, 6), (6, 10)], cost=1200.03
  Col 10522: blocks=[(0, 4), (4, 6), (6, 10)], cost=1199.68
  Col 10523: blocks=[(0, 4), (4, 6), (6, 10)], cost=1202.25
  Col 10524: blocks=[(0, 4), (4, 6), (6, 10)], cost=1202.25
  Col 10525: blocks=[(0, 4), (4, 6), (6, 10)], cost=1201.90
  Col 10526: blocks=[(0, 4), (4, 6), (6, 10)], cost=1203.28
  Col 10527: blocks=[(0, 4), (4, 6), (6, 10)], cost=1202.93
  Col 10528: blocks=[(0, 4), (4, 6), (6, 10)], cost=1202.93
  Col 10529: blocks=[(0, 4), (4, 6), (6, 10)], cost=1276.99
  Col 10530: blocks=[(0, 4), (4, 6), (6, 10)], cost=1279.21
  Col 10531: blocks=[(0, 4), (4, 6), (6, 10)], cost=1280.24
  Col 10532: blocks=[(0, 4), (4, 6), (6, 10)], cost=1280.24
  Col 10533: blocks=[(0, 4), (4, 6), (6, 10)], cost=1279.89
  Col 10534: blocks=[(0, 4), (4, 6), (6, 10)], cost=1280.66
  Col 10535: blocks=[(0, 4), (4, 6), (6, 10)], cost=1281.69
  Col 10536: blocks=[(0, 4), (4, 6), (6, 10)], cost=1281.69
  Col 10537: blocks=[(0, 4), (4, 6), (6, 10)], cost=1281.34
  Col 10538: blocks=[(0, 4), (4, 6), (6, 10)], cost=1283.91
  Col 10539: blocks=[(0, 4), (4, 6), (6, 10)], cost=1283.91
  Col 10540: blocks=[(0, 4), (4, 6), (6, 10)], cost=1283.57
  Col 10541: blocks=[(0, 4), (4, 6), (6, 10)], cost=1284.94
  Col 10542: blocks=[(0, 4), (4, 6), (6, 10)], cost=1284.59
  Col 10543: blocks=[(0, 4), (4, 6), (6, 10)], cost=1284.59
  Col 10544: blocks=[(0, 4), (4, 6), (6, 10)], cost=1282.25
  Col 10545: blocks=[(0, 4), (4, 6), (6, 10)], cost=1283.28
  Col 10546: blocks=[(0, 4), (4, 6), (6, 10)], cost=1283.28
  Col 10547: blocks=[(0, 4), (4, 6), (6, 10)], cost=1282.93
  Col 10548: blocks=[(0, 4), (4, 6), (6, 10)], cost=1285.51
  Col 10549: blocks=[(0, 4), (4, 6), (6, 10)], cost=1285.51
  Col 10550: blocks=[(0, 4), (4, 6), (6, 10)], cost=1285.16
  Col 10551: blocks=[(0, 4), (4, 6), (6, 10)], cost=1286.53
  Col 10552: blocks=[(0, 4), (4, 6), (6, 10)], cost=1286.19
  Col 10553: blocks=[(0, 4), (4, 6), (6, 10)], cost=1286.19
  Col 10554: blocks=[(0, 4), (4, 6), (6, 10)], cost=1286.95
  Col 10555: blocks=[(0, 4), (4, 6), (6, 10)], cost=1286.95
  Col 10556: blocks=[(0, 4), (4, 6), (6, 10)], cost=1286.61
  Col 10557: blocks=[(0, 4), (4, 6), (6, 10)], cost=1287.98
  Col 10558: blocks=[(0, 4), (4, 6), (6, 10)], cost=1287.63
  Col 10559: blocks=[(0, 4), (4, 6), (6, 10)], cost=1287.63
  Col 10560: blocks=[(0, 4), (4, 6), (6, 10)], cost=1290.21
  Col 10561: blocks=[(0, 4), (4, 6), (6, 10)], cost=1289.86
  Col 10562: blocks=[(0, 4), (4, 6), (6, 10)], cost=1289.86
  Col 10563: blocks=[(0, 4), (4, 6), (6, 10)], cost=1290.89
  Col 10564: blocks=[(0, 4), (4, 7), (7, 8), (8, 9), (9, 10)], cost=1192.77
  Col 10565: blocks=[(0, 4), (4, 7), (7, 8), (8, 9), (9, 10)], cost=1274.43
  Col 10566: blocks=[(0, 4), (4, 7), (7, 8), (8, 9), (9, 10)], cost=1276.02
  Col 10567: blocks=[(0, 4), (4, 7), (7, 8), (8, 9), (9, 10)], cost=1277.47
  Col 10568: blocks=[(0, 4), (4, 7), (7, 8), (8, 9), (9, 10)], cost=1279.70
  Col 10569: blocks=[(0, 4), (4, 7), (7, 8), (8, 9), (9, 10)], cost=1280.38
  Col 10570: blocks=[(0, 4), (4, 7), (7, 8), (8, 9), (9, 10)], cost=1357.68
  Col 10571: blocks=[(0, 4), (4, 7), (7, 8), (8, 9), (9, 10)], cost=1359.13
  Col 10572: blocks=[(0, 4), (4, 7), (7, 8), (8, 9), (9, 10)], cost=1361.36
  Col 10573: blocks=[(0, 4), (4, 7), (7, 8), (8, 9), (9, 10)], cost=1362.04
  Col 10574: blocks=[(0, 4), (4, 7), (7, 8), (8, 9), (9, 10)], cost=1360.72
  Col 10575: blocks=[(0, 4), (4, 7), (7, 8), (8, 9), (9, 10)], cost=1362.95
  Col 10576: blocks=[(0, 4), (4, 7), (7, 8), (8, 9), (9, 10)], cost=1363.63
  Col 10577: blocks=[(0, 4), (4, 7), (7, 8), (8, 9), (9, 10)], cost=1364.40
  Col 10578: blocks=[(0, 4), (4, 7), (7, 8), (8, 9), (9, 10)], cost=1365.08
  Col 10579: blocks=[(0, 4), (4, 7), (7, 8), (8, 9), (9, 10)], cost=1367.30
  Col 10580: blocks=[(0, 4), (4, 7), (7, 8), (8, 9), (9, 10)], cost=1442.39
  Col 10581: blocks=[(0, 4), (4, 7), (7, 8), (8, 9), (9, 10)], cost=1444.61
  Col 10582: blocks=[(0, 4), (4, 7), (7, 8), (8, 9), (9, 10)], cost=1445.29
  Col 10583: blocks=[(0, 4), (4, 7), (7, 8), (8, 9), (9, 10)], cost=1446.06
  Col 10584: blocks=[(0, 4), (4, 7), (7, 8), (8, 9), (9, 10)], cost=1446.74
  Col 10585: blocks=[(0, 4), (4, 7), (7, 8), (8, 9), (9, 10)], cost=1448.97
  Col 10586: blocks=[(0, 4), (4, 7), (7, 8), (8, 9), (9, 10)], cost=1447.65
  Col 10587: blocks=[(0, 4), (4, 7), (7, 8), (8, 9), (9, 10)], cost=1448.33
  Col 10588: blocks=[(0, 4), (4, 7), (7, 8), (8, 9), (9, 10)], cost=1450.56
  Col 10589: blocks=[(0, 4), (4, 7), (7, 8), (8, 9), (9, 10)], cost=1452.01
  Col 10590: blocks=[(0, 4), (4, 7), (7, 8), (8, 10)], cost=1161.71
  Col 10591: blocks=[(0, 4), (4, 7), (7, 8), (8, 10)], cost=1243.37
  Col 10592: blocks=[(0, 4), (4, 7), (7, 8), (8, 10)], cost=1244.96
  Col 10593: blocks=[(0, 4), (4, 7), (7, 8), (8, 10)], cost=1246.41
  Col 10594: blocks=[(0, 4), (4, 7), (7, 8), (8, 10)], cost=1248.64
  Col 10595: blocks=[(0, 4), (4, 7), (7, 8), (8, 10)], cost=1249.32
  Col 10596: blocks=[(0, 4), (4, 7), (7, 8), (8, 10)], cost=1249.32
  Col 10597: blocks=[(0, 4), (4, 7), (7, 8), (8, 10)], cost=1326.62
  Col 10598: blocks=[(0, 4), (4, 7), (7, 8), (8, 10)], cost=1328.07
  Col 10599: blocks=[(0, 4), (4, 7), (7, 8), (8, 10)], cost=1330.30
  Col 10600: blocks=[(0, 4), (4, 7), (7, 8), (8, 10)], cost=1330.98
  Col 10601: blocks=[(0, 4), (4, 7), (7, 8), (8, 10)], cost=1330.98
  Col 10602: blocks=[(0, 4), (4, 7), (7, 8), (8, 10)], cost=1329.66
  Col 10603: blocks=[(0, 4), (4, 7), (7, 8), (8, 10)], cost=1331.89
  Col 10604: blocks=[(0, 4), (4, 7), (7, 8), (8, 10)], cost=1332.57
  Col 10605: blocks=[(0, 4), (4, 7), (7, 8), (8, 10)], cost=1332.57
  Col 10606: blocks=[(0, 4), (4, 7), (7, 8), (8, 10)], cost=1333.34
  Col 10607: blocks=[(0, 4), (4, 7), (7, 8), (8, 10)], cost=1334.02
  Col 10608: blocks=[(0, 4), (4, 7), (7, 8), (8, 10)], cost=1334.02
  Col 10609: blocks=[(0, 4), (4, 7), (7, 8), (8, 10)], cost=1336.24
  Col 10610: blocks=[(0, 4), (4, 7), (7, 8), (8, 10)], cost=1336.24
  Col 10611: blocks=[(0, 4), (4, 7), (7, 8), (8, 10)], cost=1336.92
  Col 10612: blocks=[(0, 4), (4, 7), (7, 8), (8, 10)], cost=1411.33
  Col 10613: blocks=[(0, 4), (4, 7), (7, 8), (8, 10)], cost=1413.55
  Col 10614: blocks=[(0, 4), (4, 7), (7, 8), (8, 10)], cost=1414.23
  Col 10615: blocks=[(0, 4), (4, 7), (7, 8), (8, 10)], cost=1414.23
  Col 10616: blocks=[(0, 4), (4, 7), (7, 8), (8, 10)], cost=1415.00
  Col 10617: blocks=[(0, 4), (4, 7), (7, 8), (8, 10)], cost=1415.68
  Col 10618: blocks=[(0, 4), (4, 7), (7, 8), (8, 10)], cost=1415.68
  Col 10619: blocks=[(0, 4), (4, 7), (7, 8), (8, 10)], cost=1417.91
  Col 10620: blocks=[(0, 4), (4, 7), (7, 8), (8, 10)], cost=1417.91
  Col 10621: blocks=[(0, 4), (4, 7), (7, 8), (8, 10)], cost=1418.59
  Col 10622: blocks=[(0, 4), (4, 7), (7, 8), (8, 10)], cost=1416.59
  Col 10623: blocks=[(0, 4), (4, 7), (7, 8), (8, 10)], cost=1417.27
  Col 10624: blocks=[(0, 4), (4, 7), (7, 8), (8, 10)], cost=1417.27
  Col 10625: blocks=[(0, 4), (4, 7), (7, 8), (8, 10)], cost=1419.50
  Col 10626: blocks=[(0, 4), (4, 7), (7, 8), (8, 10)], cost=1419.50
  Col 10627: blocks=[(0, 4), (4, 7), (7, 8), (8, 10)], cost=1420.18
  Col 10628: blocks=[(0, 4), (4, 7), (7, 8), (8, 10)], cost=1420.95
  Col 10629: blocks=[(0, 4), (4, 7), (7, 8), (8, 10)], cost=1420.95
  Col 10630: blocks=[(0, 4), (4, 7), (7, 8), (8, 10)], cost=1421.63
  Col 10631: blocks=[(0, 4), (4, 7), (7, 8), (8, 10)], cost=1423.85
  Col 10632: blocks=[(0, 4), (4, 7), (7, 9), (9, 10)], cost=1063.74
  Col 10633: blocks=[(0, 4), (4, 7), (7, 9), (9, 10)], cost=1145.41
  Col 10634: blocks=[(0, 4), (4, 7), (7, 9), (9, 10)], cost=1147.00
  Col 10635: blocks=[(0, 4), (4, 7), (7, 9), (9, 10)], cost=1148.45
  Col 10636: blocks=[(0, 4), (4, 7), (7, 9), (9, 10)], cost=1150.67
  Col 10637: blocks=[(0, 4), (4, 7), (7, 9), (9, 10)], cost=1151.35
  Col 10638: blocks=[(0, 4), (4, 7), (7, 9), (9, 10)], cost=1151.70
  Col 10639: blocks=[(0, 4), (4, 7), (7, 9), (9, 10)], cost=1228.66
  Col 10640: blocks=[(0, 4), (4, 7), (7, 9), (9, 10)], cost=1230.11
  Col 10641: blocks=[(0, 4), (4, 7), (7, 9), (9, 10)], cost=1232.34
  Col 10642: blocks=[(0, 4), (4, 7), (7, 9), (9, 10)], cost=1233.02
  Col 10643: blocks=[(0, 4), (4, 7), (7, 9), (9, 10)], cost=1233.36
  Col 10644: blocks=[(0, 4), (4, 7), (7, 9), (9, 10)], cost=1231.70
  Col 10645: blocks=[(0, 4), (4, 7), (7, 9), (9, 10)], cost=1233.93
  Col 10646: blocks=[(0, 4), (4, 7), (7, 9), (9, 10)], cost=1234.61
  Col 10647: blocks=[(0, 4), (4, 7), (7, 9), (9, 10)], cost=1234.95
  Col 10648: blocks=[(0, 4), (4, 7), (7, 9), (9, 10)], cost=1235.38
  Col 10649: blocks=[(0, 4), (4, 7), (7, 9), (9, 10)], cost=1236.06
  Col 10650: blocks=[(0, 4), (4, 7), (7, 9), (9, 10)], cost=1236.40
  Col 10651: blocks=[(0, 4), (4, 7), (7, 9), (9, 10)], cost=1238.28
  Col 10652: blocks=[(0, 4), (4, 7), (7, 9), (9, 10)], cost=1238.63
  Col 10653: blocks=[(0, 4), (4, 7), (7, 9), (9, 10)], cost=1239.31
  Col 10654: blocks=[(0, 4), (4, 7), (7, 9), (9, 10)], cost=1313.36
  Col 10655: blocks=[(0, 4), (4, 7), (7, 9), (9, 10)], cost=1315.59
  Col 10656: blocks=[(0, 4), (4, 7), (7, 9), (9, 10)], cost=1316.27
  Col 10657: blocks=[(0, 4), (4, 7), (7, 9), (9, 10)], cost=1316.62
  Col 10658: blocks=[(0, 4), (4, 7), (7, 9), (9, 10)], cost=1317.04
  Col 10659: blocks=[(0, 4), (4, 7), (7, 9), (9, 10)], cost=1317.72
  Col 10660: blocks=[(0, 4), (4, 7), (7, 9), (9, 10)], cost=1318.07
  Col 10661: blocks=[(0, 4), (4, 7), (7, 9), (9, 10)], cost=1319.94
  Col 10662: blocks=[(0, 4), (4, 7), (7, 9), (9, 10)], cost=1320.29
  Col 10663: blocks=[(0, 4), (4, 7), (7, 9), (9, 10)], cost=1320.97
  Col 10664: blocks=[(0, 4), (4, 7), (7, 9), (9, 10)], cost=1318.63
  Col 10665: blocks=[(0, 4), (4, 7), (7, 9), (9, 10)], cost=1319.31
  Col 10666: blocks=[(0, 4), (4, 7), (7, 9), (9, 10)], cost=1319.66
  Col 10667: blocks=[(0, 4), (4, 7), (7, 9), (9, 10)], cost=1321.54
  Col 10668: blocks=[(0, 4), (4, 7), (7, 9), (9, 10)], cost=1321.88
  Col 10669: blocks=[(0, 4), (4, 7), (7, 9), (9, 10)], cost=1322.56
  Col 10670: blocks=[(0, 4), (4, 7), (7, 9), (9, 10)], cost=1322.98
  Col 10671: blocks=[(0, 4), (4, 7), (7, 9), (9, 10)], cost=1323.33
  Col 10672: blocks=[(0, 4), (4, 7), (7, 9), (9, 10)], cost=1324.01
  Col 10673: blocks=[(0, 4), (4, 7), (7, 9), (9, 10)], cost=1326.24
  Col 10674: blocks=[(0, 4), (4, 7), (7, 10)], cost=989.62
  Col 10675: blocks=[(0, 4), (4, 7), (7, 10)], cost=1071.28
  Col 10676: blocks=[(0, 4), (4, 7), (7, 10)], cost=1072.87
  Col 10677: blocks=[(0, 4), (4, 7), (7, 10)], cost=1074.32
  Col 10678: blocks=[(0, 4), (4, 7), (7, 10)], cost=1076.54
  Col 10679: blocks=[(0, 4), (4, 7), (7, 10)], cost=1077.22
  Col 10680: blocks=[(0, 4), (4, 7), (7, 10)], cost=1077.57
  Col 10681: blocks=[(0, 4), (4, 7), (7, 10)], cost=1077.22
  Col 10682: blocks=[(0, 4), (4, 7), (7, 10)], cost=1154.53
  Col 10683: blocks=[(0, 4), (4, 7), (7, 10)], cost=1155.98
  Col 10684: blocks=[(0, 4), (4, 7), (7, 10)], cost=1158.21
  Col 10685: blocks=[(0, 4), (4, 7), (7, 10)], cost=1158.89
  Col 10686: blocks=[(0, 4), (4, 7), (7, 10)], cost=1159.23
  Col 10687: blocks=[(0, 4), (4, 7), (7, 10)], cost=1158.89
  Col 10688: blocks=[(0, 4), (4, 7), (7, 10)], cost=1157.57
  Col 10689: blocks=[(0, 4), (4, 7), (7, 10)], cost=1159.80
  Col 10690: blocks=[(0, 4), (4, 7), (7, 10)], cost=1160.48
  Col 10691: blocks=[(0, 4), (4, 7), (7, 10)], cost=1160.83
  Col 10692: blocks=[(0, 4), (4, 7), (7, 10)], cost=1160.48
  Col 10693: blocks=[(0, 4), (4, 7), (7, 10)], cost=1161.25
  Col 10694: blocks=[(0, 4), (4, 7), (7, 10)], cost=1161.93
  Col 10695: blocks=[(0, 4), (4, 7), (7, 10)], cost=1162.27
  Col 10696: blocks=[(0, 4), (4, 7), (7, 10)], cost=1161.93
  Col 10697: blocks=[(0, 4), (4, 7), (7, 10)], cost=1164.15
  Col 10698: blocks=[(0, 4), (4, 7), (7, 10)], cost=1164.50
  Col 10699: blocks=[(0, 4), (4, 7), (7, 10)], cost=1164.15
  Col 10700: blocks=[(0, 4), (4, 7), (7, 10)], cost=1165.18
  Col 10701: blocks=[(0, 4), (4, 7), (7, 10)], cost=1164.83
  Col 10702: blocks=[(0, 4), (4, 7), (7, 10)], cost=1165.18
  Col 10703: blocks=[(0, 4), (4, 7), (7, 10)], cost=1239.23
  Col 10704: blocks=[(0, 4), (4, 7), (7, 10)], cost=1241.46
  Col 10705: blocks=[(0, 4), (4, 7), (7, 10)], cost=1242.14
  Col 10706: blocks=[(0, 4), (4, 7), (7, 10)], cost=1242.49
  Col 10707: blocks=[(0, 4), (4, 7), (7, 10)], cost=1242.14
  Col 10708: blocks=[(0, 4), (4, 7), (7, 10)], cost=1242.91
  Col 10709: blocks=[(0, 4), (4, 7), (7, 10)], cost=1243.59
  Col 10710: blocks=[(0, 4), (4, 7), (7, 10)], cost=1243.94
  Col 10711: blocks=[(0, 4), (4, 7), (7, 10)], cost=1243.59
  Col 10712: blocks=[(0, 4), (4, 7), (7, 10)], cost=1245.82
  Col 10713: blocks=[(0, 4), (4, 7), (7, 10)], cost=1246.16
  Col 10714: blocks=[(0, 4), (4, 7), (7, 10)], cost=1245.82
  Col 10715: blocks=[(0, 4), (4, 7), (7, 10)], cost=1246.84
  Col 10716: blocks=[(0, 4), (4, 7), (7, 10)], cost=1246.50
  Col 10717: blocks=[(0, 4), (4, 7), (7, 10)], cost=1246.84
  Col 10718: blocks=[(0, 4), (4, 7), (7, 10)], cost=1244.50
  Col 10719: blocks=[(0, 4), (4, 7), (7, 10)], cost=1245.18
  Col 10720: blocks=[(0, 4), (4, 7), (7, 10)], cost=1245.53
  Col 10721: blocks=[(0, 4), (4, 7), (7, 10)], cost=1245.18
  Col 10722: blocks=[(0, 4), (4, 7), (7, 10)], cost=1247.41
  Col 10723: blocks=[(0, 4), (4, 7), (7, 10)], cost=1247.75
  Col 10724: blocks=[(0, 4), (4, 7), (7, 10)], cost=1247.41
  Col 10725: blocks=[(0, 4), (4, 7), (7, 10)], cost=1248.43
  Col 10726: blocks=[(0, 4), (4, 7), (7, 10)], cost=1248.09
  Col 10727: blocks=[(0, 4), (4, 7), (7, 10)], cost=1248.43
  Col 10728: blocks=[(0, 4), (4, 7), (7, 10)], cost=1248.85
  Col 10729: blocks=[(0, 4), (4, 7), (7, 10)], cost=1249.20
  Col 10730: blocks=[(0, 4), (4, 7), (7, 10)], cost=1248.85
  Col 10731: blocks=[(0, 4), (4, 7), (7, 10)], cost=1249.88
  Col 10732: blocks=[(0, 4), (4, 7), (7, 10)], cost=1249.53
  Col 10733: blocks=[(0, 4), (4, 7), (7, 10)], cost=1249.88
  Col 10734: blocks=[(0, 4), (4, 7), (7, 10)], cost=1252.11
  Col 10735: blocks=[(0, 4), (4, 7), (7, 10)], cost=1251.76
  Col 10736: blocks=[(0, 4), (4, 7), (7, 10)], cost=1252.11
  Col 10737: blocks=[(0, 4), (4, 7), (7, 10)], cost=1252.79
  Col 10738: blocks=[(0, 4), (4, 8), (8, 9), (9, 10)], cost=1134.35
  Col 10739: blocks=[(0, 4), (4, 8), (8, 9), (9, 10)], cost=1216.01
  Col 10740: blocks=[(0, 4), (4, 8), (8, 9), (9, 10)], cost=1217.60
  Col 10741: blocks=[(0, 4), (4, 8), (8, 9), (9, 10)], cost=1219.05
  Col 10742: blocks=[(0, 4), (4, 8), (8, 9), (9, 10)], cost=1221.27
  Col 10743: blocks=[(0, 4), (4, 8), (8, 9), (9, 10)], cost=1221.95
  Col 10744: blocks=[(0, 4), (4, 8), (8, 9), (9, 10)], cost=1222.30
  Col 10745: blocks=[(0, 4), (4, 8), (8, 9), (9, 10)], cost=1299.26
  Col 10746: blocks=[(0, 4), (4, 8), (8, 9), (9, 10)], cost=1300.71
  Col 10747: blocks=[(0, 4), (4, 8), (8, 9), (9, 10)], cost=1302.94
  Col 10748: blocks=[(0, 4), (4, 8), (8, 9), (9, 10)], cost=1303.62
  Col 10749: blocks=[(0, 4), (4, 8), (8, 9), (9, 10)], cost=1303.97
  Col 10750: blocks=[(0, 4), (4, 8), (8, 9), (9, 10)], cost=1302.30
  Col 10751: blocks=[(0, 4), (4, 8), (8, 9), (9, 10)], cost=1304.53
  Col 10752: blocks=[(0, 4), (4, 8), (8, 9), (9, 10)], cost=1305.21
  Col 10753: blocks=[(0, 4), (4, 8), (8, 9), (9, 10)], cost=1305.56
  Col 10754: blocks=[(0, 4), (4, 8), (8, 9), (9, 10)], cost=1305.98
  Col 10755: blocks=[(0, 4), (4, 8), (8, 9), (9, 10)], cost=1306.66
  Col 10756: blocks=[(0, 4), (4, 8), (8, 9), (9, 10)], cost=1307.00
  Col 10757: blocks=[(0, 4), (4, 8), (8, 9), (9, 10)], cost=1308.88
  Col 10758: blocks=[(0, 4), (4, 8), (8, 9), (9, 10)], cost=1309.23
  Col 10759: blocks=[(0, 4), (4, 8), (8, 9), (9, 10)], cost=1309.91
  Col 10760: blocks=[(0, 4), (4, 8), (8, 9), (9, 10)], cost=1383.97
  Col 10761: blocks=[(0, 4), (4, 8), (8, 9), (9, 10)], cost=1386.19
  Col 10762: blocks=[(0, 4), (4, 8), (8, 9), (9, 10)], cost=1386.87
  Col 10763: blocks=[(0, 4), (4, 8), (8, 9), (9, 10)], cost=1387.22
  Col 10764: blocks=[(0, 4), (4, 8), (8, 9), (9, 10)], cost=1387.64
  Col 10765: blocks=[(0, 4), (4, 8), (8, 9), (9, 10)], cost=1388.32
  Col 10766: blocks=[(0, 4), (4, 8), (8, 9), (9, 10)], cost=1388.67
  Col 10767: blocks=[(0, 4), (4, 8), (8, 9), (9, 10)], cost=1390.55
  Col 10768: blocks=[(0, 4), (4, 8), (8, 9), (9, 10)], cost=1390.89
  Col 10769: blocks=[(0, 4), (4, 8), (8, 9), (9, 10)], cost=1391.57
  Col 10770: blocks=[(0, 4), (4, 8), (8, 9), (9, 10)], cost=1389.23
  Col 10771: blocks=[(0, 4), (4, 8), (8, 9), (9, 10)], cost=1389.91
  Col 10772: blocks=[(0, 4), (4, 8), (8, 9), (9, 10)], cost=1390.26
  Col 10773: blocks=[(0, 4), (4, 8), (8, 9), (9, 10)], cost=1392.14
  Col 10774: blocks=[(0, 4), (4, 8), (8, 9), (9, 10)], cost=1392.48
  Col 10775: blocks=[(0, 4), (4, 8), (8, 9), (9, 10)], cost=1393.16
  Col 10776: blocks=[(0, 4), (4, 8), (8, 9), (9, 10)], cost=1393.59
  Col 10777: blocks=[(0, 4), (4, 8), (8, 9), (9, 10)], cost=1393.93
  Col 10778: blocks=[(0, 4), (4, 8), (8, 9), (9, 10)], cost=1394.61
  Col 10779: blocks=[(0, 4), (4, 8), (8, 9), (9, 10)], cost=1396.84
  Col 10780: blocks=[(0, 4), (4, 8), (8, 10)], cost=1103.29
  Col 10781: blocks=[(0, 4), (4, 8), (8, 10)], cost=1184.95
  Col 10782: blocks=[(0, 4), (4, 8), (8, 10)], cost=1186.54
  Col 10783: blocks=[(0, 4), (4, 8), (8, 10)], cost=1187.99
  Col 10784: blocks=[(0, 4), (4, 8), (8, 10)], cost=1190.21
  Col 10785: blocks=[(0, 4), (4, 8), (8, 10)], cost=1190.89
  Col 10786: blocks=[(0, 4), (4, 8), (8, 10)], cost=1191.24
  Col 10787: blocks=[(0, 4), (4, 8), (8, 10)], cost=1190.89
  Col 10788: blocks=[(0, 4), (4, 8), (8, 10)], cost=1268.20
  Col 10789: blocks=[(0, 4), (4, 8), (8, 10)], cost=1269.65
  Col 10790: blocks=[(0, 4), (4, 8), (8, 10)], cost=1271.88
  Col 10791: blocks=[(0, 4), (4, 8), (8, 10)], cost=1272.56
  Col 10792: blocks=[(0, 4), (4, 8), (8, 10)], cost=1272.91
  Col 10793: blocks=[(0, 4), (4, 8), (8, 10)], cost=1272.56
  Col 10794: blocks=[(0, 4), (4, 8), (8, 10)], cost=1271.24
  Col 10795: blocks=[(0, 4), (4, 8), (8, 10)], cost=1273.47
  Col 10796: blocks=[(0, 4), (4, 8), (8, 10)], cost=1274.15
  Col 10797: blocks=[(0, 4), (4, 8), (8, 10)], cost=1274.50
  Col 10798: blocks=[(0, 4), (4, 8), (8, 10)], cost=1274.15
  Col 10799: blocks=[(0, 4), (4, 8), (8, 10)], cost=1274.92
  Col 10800: blocks=[(0, 4), (4, 8), (8, 10)], cost=1275.60
  Col 10801: blocks=[(0, 4), (4, 8), (8, 10)], cost=1275.94
  Col 10802: blocks=[(0, 4), (4, 8), (8, 10)], cost=1275.60
  Col 10803: blocks=[(0, 4), (4, 8), (8, 10)], cost=1277.82
  Col 10804: blocks=[(0, 4), (4, 8), (8, 10)], cost=1278.17
  Col 10805: blocks=[(0, 4), (4, 8), (8, 10)], cost=1277.82
  Col 10806: blocks=[(0, 4), (4, 8), (8, 10)], cost=1278.85
  Col 10807: blocks=[(0, 4), (4, 8), (8, 10)], cost=1278.50
  Col 10808: blocks=[(0, 4), (4, 8), (8, 10)], cost=1278.85
  Col 10809: blocks=[(0, 4), (4, 8), (8, 10)], cost=1352.91
  Col 10810: blocks=[(0, 4), (4, 8), (8, 10)], cost=1355.13
  Col 10811: blocks=[(0, 4), (4, 8), (8, 10)], cost=1355.81
  Col 10812: blocks=[(0, 4), (4, 8), (8, 10)], cost=1356.16
  Col 10813: blocks=[(0, 4), (4, 8), (8, 10)], cost=1355.81
  Col 10814: blocks=[(0, 4), (4, 8), (8, 10)], cost=1356.58
  Col 10815: blocks=[(0, 4), (4, 8), (8, 10)], cost=1357.26
  Col 10816: blocks=[(0, 4), (4, 8), (8, 10)], cost=1357.61
  Col 10817: blocks=[(0, 4), (4, 8), (8, 10)], cost=1357.26
  Col 10818: blocks=[(0, 4), (4, 8), (8, 10)], cost=1359.49
  Col 10819: blocks=[(0, 4), (4, 8), (8, 10)], cost=1359.83
  Col 10820: blocks=[(0, 4), (4, 8), (8, 10)], cost=1359.49
  Col 10821: blocks=[(0, 4), (4, 8), (8, 10)], cost=1360.51
  Col 10822: blocks=[(0, 4), (4, 8), (8, 10)], cost=1360.17
  Col 10823: blocks=[(0, 4), (4, 8), (8, 10)], cost=1360.51
  Col 10824: blocks=[(0, 4), (4, 8), (8, 10)], cost=1358.17
  Col 10825: blocks=[(0, 4), (4, 8), (8, 10)], cost=1358.85
  Col 10826: blocks=[(0, 4), (4, 8), (8, 10)], cost=1359.20
  Col 10827: blocks=[(0, 4), (4, 8), (8, 10)], cost=1358.85
  Col 10828: blocks=[(0, 4), (4, 8), (8, 10)], cost=1361.08
  Col 10829: blocks=[(0, 4), (4, 8), (8, 10)], cost=1361.42
  Col 10830: blocks=[(0, 4), (4, 8), (8, 10)], cost=1361.08
  Col 10831: blocks=[(0, 4), (4, 8), (8, 10)], cost=1362.10
  Col 10832: blocks=[(0, 4), (4, 8), (8, 10)], cost=1361.76
  Col 10833: blocks=[(0, 4), (4, 8), (8, 10)], cost=1362.10
  Col 10834: blocks=[(0, 4), (4, 8), (8, 10)], cost=1362.53
  Col 10835: blocks=[(0, 4), (4, 8), (8, 10)], cost=1362.87
  Col 10836: blocks=[(0, 4), (4, 8), (8, 10)], cost=1362.53
  Col 10837: blocks=[(0, 4), (4, 8), (8, 10)], cost=1363.55
  Col 10838: blocks=[(0, 4), (4, 8), (8, 10)], cost=1363.21
  Col 10839: blocks=[(0, 4), (4, 8), (8, 10)], cost=1363.55
  Col 10840: blocks=[(0, 4), (4, 8), (8, 10)], cost=1365.78
  Col 10841: blocks=[(0, 4), (4, 8), (8, 10)], cost=1365.43
  Col 10842: blocks=[(0, 4), (4, 8), (8, 10)], cost=1365.78
  Col 10843: blocks=[(0, 4), (4, 8), (8, 10)], cost=1366.46
  Col 10844: blocks=[(0, 4), (4, 9), (9, 10)], cost=1076.56
  Col 10845: blocks=[(0, 4), (4, 9), (9, 10)], cost=1158.22
  Col 10846: blocks=[(0, 4), (4, 9), (9, 10)], cost=1159.81
  Col 10847: blocks=[(0, 4), (4, 9), (9, 10)], cost=1161.26
  Col 10848: blocks=[(0, 4), (4, 9), (9, 10)], cost=1163.48
  Col 10849: blocks=[(0, 4), (4, 9), (9, 10)], cost=1164.16
  Col 10850: blocks=[(0, 4), (4, 9), (9, 10)], cost=1164.51
  Col 10851: blocks=[(0, 4), (4, 9), (9, 10)], cost=1164.51
  Col 10852: blocks=[(0, 4), (4, 9), (9, 10)], cost=1241.47
  Col 10853: blocks=[(0, 4), (4, 9), (9, 10)], cost=1242.92
  Col 10854: blocks=[(0, 4), (4, 9), (9, 10)], cost=1245.15
  Col 10855: blocks=[(0, 4), (4, 9), (9, 10)], cost=1245.83
  Col 10856: blocks=[(0, 4), (4, 9), (9, 10)], cost=1246.18
  Col 10857: blocks=[(0, 4), (4, 9), (9, 10)], cost=1246.18
  Col 10858: blocks=[(0, 4), (4, 9), (9, 10)], cost=1244.51
  Col 10859: blocks=[(0, 4), (4, 9), (9, 10)], cost=1246.74
  Col 10860: blocks=[(0, 4), (4, 9), (9, 10)], cost=1247.42
  Col 10861: blocks=[(0, 4), (4, 9), (9, 10)], cost=1247.77
  Col 10862: blocks=[(0, 4), (4, 9), (9, 10)], cost=1247.77
  Col 10863: blocks=[(0, 4), (4, 9), (9, 10)], cost=1248.19
  Col 10864: blocks=[(0, 4), (4, 9), (9, 10)], cost=1248.87
  Col 10865: blocks=[(0, 4), (4, 9), (9, 10)], cost=1249.21
  Col 10866: blocks=[(0, 4), (4, 9), (9, 10)], cost=1249.21
  Col 10867: blocks=[(0, 4), (4, 9), (9, 10)], cost=1251.09
  Col 10868: blocks=[(0, 4), (4, 9), (9, 10)], cost=1251.44
  Col 10869: blocks=[(0, 4), (4, 9), (9, 10)], cost=1251.44
  Col 10870: blocks=[(0, 4), (4, 9), (9, 10)], cost=1252.12
  Col 10871: blocks=[(0, 4), (4, 9), (9, 10)], cost=1252.12
  Col 10872: blocks=[(0, 4), (4, 9), (9, 10)], cost=1252.47
  Col 10873: blocks=[(0, 4), (4, 9), (9, 10)], cost=1326.18
  Col 10874: blocks=[(0, 4), (4, 9), (9, 10)], cost=1328.40
  Col 10875: blocks=[(0, 4), (4, 9), (9, 10)], cost=1329.08
  Col 10876: blocks=[(0, 4), (4, 9), (9, 10)], cost=1329.43
  Col 10877: blocks=[(0, 4), (4, 9), (9, 10)], cost=1329.43
  Col 10878: blocks=[(0, 4), (4, 9), (9, 10)], cost=1329.85
  Col 10879: blocks=[(0, 4), (4, 9), (9, 10)], cost=1330.53
  Col 10880: blocks=[(0, 4), (4, 9), (9, 10)], cost=1330.88
  Col 10881: blocks=[(0, 4), (4, 9), (9, 10)], cost=1330.88
  Col 10882: blocks=[(0, 4), (4, 9), (9, 10)], cost=1332.76
  Col 10883: blocks=[(0, 4), (4, 9), (9, 10)], cost=1333.10
  Col 10884: blocks=[(0, 4), (4, 9), (9, 10)], cost=1333.10
  Col 10885: blocks=[(0, 4), (4, 9), (9, 10)], cost=1333.78
  Col 10886: blocks=[(0, 4), (4, 9), (9, 10)], cost=1333.78
  Col 10887: blocks=[(0, 4), (4, 9), (9, 10)], cost=1334.13
  Col 10888: blocks=[(0, 4), (4, 9), (9, 10)], cost=1331.44
  Col 10889: blocks=[(0, 4), (4, 9), (9, 10)], cost=1332.12
  Col 10890: blocks=[(0, 4), (4, 9), (9, 10)], cost=1332.47
  Col 10891: blocks=[(0, 4), (4, 9), (9, 10)], cost=1332.47
  Col 10892: blocks=[(0, 4), (4, 9), (9, 10)], cost=1334.35
  Col 10893: blocks=[(0, 4), (4, 9), (9, 10)], cost=1334.69
  Col 10894: blocks=[(0, 4), (4, 9), (9, 10)], cost=1334.69
  Col 10895: blocks=[(0, 4), (4, 9), (9, 10)], cost=1335.37
  Col 10896: blocks=[(0, 4), (4, 9), (9, 10)], cost=1335.37
  Col 10897: blocks=[(0, 4), (4, 9), (9, 10)], cost=1335.72
  Col 10898: blocks=[(0, 4), (4, 9), (9, 10)], cost=1335.79
  Col 10899: blocks=[(0, 4), (4, 9), (9, 10)], cost=1336.14
  Col 10900: blocks=[(0, 4), (4, 9), (9, 10)], cost=1336.14
  Col 10901: blocks=[(0, 4), (4, 9), (9, 10)], cost=1336.82
  Col 10902: blocks=[(0, 4), (4, 9), (9, 10)], cost=1336.82
  Col 10903: blocks=[(0, 4), (4, 9), (9, 10)], cost=1337.17
  Col 10904: blocks=[(0, 4), (4, 9), (9, 10)], cost=1339.05
  Col 10905: blocks=[(0, 4), (4, 9), (9, 10)], cost=1339.05
  Col 10906: blocks=[(0, 4), (4, 9), (9, 10)], cost=1339.40
  Col 10907: blocks=[(0, 4), (4, 9), (9, 10)], cost=1340.08
  Col 10908: blocks=[(0, 4), (4, 10)], cost=1077.13
  Col 10909: blocks=[(0, 4), (4, 10)], cost=1158.80
  Col 10910: blocks=[(0, 4), (4, 10)], cost=1160.39
  Col 10911: blocks=[(0, 4), (4, 10)], cost=1161.84
  Col 10912: blocks=[(0, 4), (4, 10)], cost=1164.06
  Col 10913: blocks=[(0, 4), (4, 10)], cost=1164.74
  Col 10914: blocks=[(0, 4), (4, 10)], cost=1165.09
  Col 10915: blocks=[(0, 4), (4, 10)], cost=1165.09
  Col 10916: blocks=[(0, 4), (4, 10)], cost=1164.74
  Col 10917: blocks=[(0, 4), (4, 10)], cost=1242.05
  Col 10918: blocks=[(0, 4), (4, 10)], cost=1243.50
  Col 10919: blocks=[(0, 4), (4, 10)], cost=1245.72
  Col 10920: blocks=[(0, 4), (4, 10)], cost=1246.40
  Col 10921: blocks=[(0, 4), (4, 10)], cost=1246.75
  Col 10922: blocks=[(0, 4), (4, 10)], cost=1246.75
  Col 10923: blocks=[(0, 4), (4, 10)], cost=1246.40
  Col 10924: blocks=[(0, 4), (4, 10)], cost=1245.09
  Col 10925: blocks=[(0, 4), (4, 10)], cost=1247.32
  Col 10926: blocks=[(0, 4), (4, 10)], cost=1248.00
  Col 10927: blocks=[(0, 4), (4, 10)], cost=1248.34
  Col 10928: blocks=[(0, 4), (4, 10)], cost=1248.34
  Col 10929: blocks=[(0, 4), (4, 10)], cost=1248.00
  Col 10930: blocks=[(0, 4), (4, 10)], cost=1248.76
  Col 10931: blocks=[(0, 4), (4, 10)], cost=1249.44
  Col 10932: blocks=[(0, 4), (4, 10)], cost=1249.79
  Col 10933: blocks=[(0, 4), (4, 10)], cost=1249.79
  Col 10934: blocks=[(0, 4), (4, 10)], cost=1249.44
  Col 10935: blocks=[(0, 4), (4, 10)], cost=1251.67
  Col 10936: blocks=[(0, 4), (4, 10)], cost=1252.02
  Col 10937: blocks=[(0, 4), (4, 10)], cost=1252.02
  Col 10938: blocks=[(0, 4), (4, 10)], cost=1251.67
  Col 10939: blocks=[(0, 4), (4, 10)], cost=1252.70
  Col 10940: blocks=[(0, 4), (4, 10)], cost=1252.70
  Col 10941: blocks=[(0, 4), (4, 10)], cost=1252.35
  Col 10942: blocks=[(0, 4), (4, 10)], cost=1253.05
  Col 10943: blocks=[(0, 4), (4, 10)], cost=1252.70
  Col 10944: blocks=[(0, 4), (4, 10)], cost=1252.70
  Col 10945: blocks=[(0, 4), (4, 10)], cost=1326.75
  Col 10946: blocks=[(0, 4), (4, 10)], cost=1328.98
  Col 10947: blocks=[(0, 4), (4, 10)], cost=1329.66
  Col 10948: blocks=[(0, 4), (4, 10)], cost=1330.01
  Col 10949: blocks=[(0, 4), (4, 10)], cost=1330.01
  Col 10950: blocks=[(0, 4), (4, 10)], cost=1329.66
  Col 10951: blocks=[(0, 4), (4, 10)], cost=1330.43
  Col 10952: blocks=[(0, 4), (4, 10)], cost=1331.11
  Col 10953: blocks=[(0, 4), (4, 10)], cost=1331.45
  Col 10954: blocks=[(0, 4), (4, 10)], cost=1331.45
  Col 10955: blocks=[(0, 4), (4, 10)], cost=1331.11
  Col 10956: blocks=[(0, 4), (4, 10)], cost=1333.33
  Col 10957: blocks=[(0, 4), (4, 10)], cost=1333.68
  Col 10958: blocks=[(0, 4), (4, 10)], cost=1333.68
  Col 10959: blocks=[(0, 4), (4, 10)], cost=1333.33
  Col 10960: blocks=[(0, 4), (4, 10)], cost=1334.36
  Col 10961: blocks=[(0, 4), (4, 10)], cost=1334.36
  Col 10962: blocks=[(0, 4), (4, 10)], cost=1334.01
  Col 10963: blocks=[(0, 4), (4, 10)], cost=1334.71
  Col 10964: blocks=[(0, 4), (4, 10)], cost=1334.36
  Col 10965: blocks=[(0, 4), (4, 10)], cost=1334.36
  Col 10966: blocks=[(0, 4), (4, 10)], cost=1332.02
  Col 10967: blocks=[(0, 4), (4, 10)], cost=1332.70
  Col 10968: blocks=[(0, 4), (4, 10)], cost=1333.05
  Col 10969: blocks=[(0, 4), (4, 10)], cost=1333.05
  Col 10970: blocks=[(0, 4), (4, 10)], cost=1332.70
  Col 10971: blocks=[(0, 4), (4, 10)], cost=1334.92
  Col 10972: blocks=[(0, 4), (4, 10)], cost=1335.27
  Col 10973: blocks=[(0, 4), (4, 10)], cost=1335.27
  Col 10974: blocks=[(0, 4), (4, 10)], cost=1334.92
  Col 10975: blocks=[(0, 4), (4, 10)], cost=1335.95
  Col 10976: blocks=[(0, 4), (4, 10)], cost=1335.95
  Col 10977: blocks=[(0, 4), (4, 10)], cost=1335.60
  Col 10978: blocks=[(0, 4), (4, 10)], cost=1336.30
  Col 10979: blocks=[(0, 4), (4, 10)], cost=1335.95
  Col 10980: blocks=[(0, 4), (4, 10)], cost=1335.95
  Col 10981: blocks=[(0, 4), (4, 10)], cost=1336.37
  Col 10982: blocks=[(0, 4), (4, 10)], cost=1336.72
  Col 10983: blocks=[(0, 4), (4, 10)], cost=1336.72
  Col 10984: blocks=[(0, 4), (4, 10)], cost=1336.37
  Col 10985: blocks=[(0, 4), (4, 10)], cost=1337.40
  Col 10986: blocks=[(0, 4), (4, 10)], cost=1337.40
  Col 10987: blocks=[(0, 4), (4, 10)], cost=1337.05
  Col 10988: blocks=[(0, 4), (4, 10)], cost=1337.75
  Col 10989: blocks=[(0, 4), (4, 10)], cost=1337.40
  Col 10990: blocks=[(0, 4), (4, 10)], cost=1337.40
  Col 10991: blocks=[(0, 4), (4, 10)], cost=1339.63
  Col 10992: blocks=[(0, 4), (4, 10)], cost=1339.63
  Col 10993: blocks=[(0, 4), (4, 10)], cost=1339.28
  Col 10994: blocks=[(0, 4), (4, 10)], cost=1339.97
  Col 10995: blocks=[(0, 4), (4, 10)], cost=1339.63
  Col 10996: blocks=[(0, 4), (4, 10)], cost=1339.63
  Col 10997: blocks=[(0, 4), (4, 10)], cost=1340.65
  Col 10998: blocks=[(0, 4), (4, 10)], cost=1340.31
  Col 10999: blocks=[(0, 4), (4, 10)], cost=1340.31
  Col 11000: blocks=[(0, 4), (4, 10)], cost=1340.65
  Col 11001: blocks=[(0, 5), (5, 6), (6, 7), (7, 8), (8, 9), (9, 10)], cost=1376.33
  Col 11002: blocks=[(0, 5), (5, 6), (6, 7), (7, 8), (8, 9), (9, 10)], cost=1457.99
  Col 11003: blocks=[(0, 5), (5, 6), (6, 7), (7, 8), (8, 9), (9, 10)], cost=1459.58
  Col 11004: blocks=[(0, 5), (5, 6), (6, 7), (7, 8), (8, 9), (9, 10)], cost=1461.03
  Col 11005: blocks=[(0, 5), (5, 6), (6, 7), (7, 8), (8, 9), (9, 10)], cost=1462.27
  Col 11006: blocks=[(0, 5), (5, 6), (6, 7), (7, 8), (8, 9), (9, 10)], cost=1541.25
  Col 11007: blocks=[(0, 5), (5, 6), (6, 7), (7, 8), (8, 9), (9, 10)], cost=1542.69
  Col 11008: blocks=[(0, 5), (5, 6), (6, 7), (7, 8), (8, 9), (9, 10)], cost=1543.94
  Col 11009: blocks=[(0, 5), (5, 6), (6, 7), (7, 8), (8, 9), (9, 10)], cost=1544.29
  Col 11010: blocks=[(0, 5), (5, 6), (6, 7), (7, 8), (8, 9), (9, 10)], cost=1545.53
  Col 11011: blocks=[(0, 5), (5, 6), (6, 7), (7, 8), (8, 9), (9, 10)], cost=1546.98
  Col 11012: blocks=[(0, 5), (5, 6), (6, 7), (7, 8), (8, 9), (9, 10)], cost=1625.95
  Col 11013: blocks=[(0, 5), (5, 6), (6, 7), (7, 8), (8, 9), (9, 10)], cost=1627.19
  Col 11014: blocks=[(0, 5), (5, 6), (6, 7), (7, 8), (8, 9), (9, 10)], cost=1628.64
  Col 11015: blocks=[(0, 5), (5, 6), (6, 7), (7, 8), (8, 9), (9, 10)], cost=1630.23
  Col 11016: blocks=[(0, 5), (5, 6), (6, 7), (7, 8), (8, 10)], cost=1345.27
  Col 11017: blocks=[(0, 5), (5, 6), (6, 7), (7, 8), (8, 10)], cost=1426.93
  Col 11018: blocks=[(0, 5), (5, 6), (6, 7), (7, 8), (8, 10)], cost=1428.52
  Col 11019: blocks=[(0, 5), (5, 6), (6, 7), (7, 8), (8, 10)], cost=1429.97
  Col 11020: blocks=[(0, 5), (5, 6), (6, 7), (7, 8), (8, 10)], cost=1431.21
  Col 11021: blocks=[(0, 5), (5, 6), (6, 7), (7, 8), (8, 10)], cost=1432.88
  Col 11022: blocks=[(0, 5), (5, 6), (6, 7), (7, 8), (8, 10)], cost=1510.19
  Col 11023: blocks=[(0, 5), (5, 6), (6, 7), (7, 8), (8, 10)], cost=1511.63
  Col 11024: blocks=[(0, 5), (5, 6), (6, 7), (7, 8), (8, 10)], cost=1512.88
  Col 11025: blocks=[(0, 5), (5, 6), (6, 7), (7, 8), (8, 10)], cost=1514.54
  Col 11026: blocks=[(0, 5), (5, 6), (6, 7), (7, 8), (8, 10)], cost=1513.23
  Col 11027: blocks=[(0, 5), (5, 6), (6, 7), (7, 8), (8, 10)], cost=1514.47
  Col 11028: blocks=[(0, 5), (5, 6), (6, 7), (7, 8), (8, 10)], cost=1516.13
  Col 11029: blocks=[(0, 5), (5, 6), (6, 7), (7, 8), (8, 10)], cost=1515.92
  Col 11030: blocks=[(0, 5), (5, 6), (6, 7), (7, 8), (8, 10)], cost=1517.58
  Col 11031: blocks=[(0, 5), (5, 6), (6, 7), (7, 8), (8, 10)], cost=1518.82
  Col 11032: blocks=[(0, 5), (5, 6), (6, 7), (7, 8), (8, 10)], cost=1594.89
  Col 11033: blocks=[(0, 5), (5, 6), (6, 7), (7, 8), (8, 10)], cost=1596.13
  Col 11034: blocks=[(0, 5), (5, 6), (6, 7), (7, 8), (8, 10)], cost=1597.79
  Col 11035: blocks=[(0, 5), (5, 6), (6, 7), (7, 8), (8, 10)], cost=1597.58
  Col 11036: blocks=[(0, 5), (5, 6), (6, 7), (7, 8), (8, 10)], cost=1599.24
  Col 11037: blocks=[(0, 5), (5, 6), (6, 7), (7, 8), (8, 10)], cost=1600.49
  Col 11038: blocks=[(0, 5), (5, 6), (6, 7), (7, 8), (8, 10)], cost=1599.17
  Col 11039: blocks=[(0, 5), (5, 6), (6, 7), (7, 8), (8, 10)], cost=1600.83
  Col 11040: blocks=[(0, 5), (5, 6), (6, 7), (7, 8), (8, 10)], cost=1602.08
  Col 11041: blocks=[(0, 5), (5, 6), (6, 7), (7, 8), (8, 10)], cost=1603.53
  Col 11042: blocks=[(0, 5), (5, 6), (6, 7), (7, 9), (9, 10)], cost=1247.31
  Col 11043: blocks=[(0, 5), (5, 6), (6, 7), (7, 9), (9, 10)], cost=1328.97
  Col 11044: blocks=[(0, 5), (5, 6), (6, 7), (7, 9), (9, 10)], cost=1330.56
  Col 11045: blocks=[(0, 5), (5, 6), (6, 7), (7, 9), (9, 10)], cost=1332.01
  Col 11046: blocks=[(0, 5), (5, 6), (6, 7), (7, 9), (9, 10)], cost=1333.25
  Col 11047: blocks=[(0, 5), (5, 6), (6, 7), (7, 9), (9, 10)], cost=1335.26
  Col 11048: blocks=[(0, 5), (5, 6), (6, 7), (7, 9), (9, 10)], cost=1412.22
  Col 11049: blocks=[(0, 5), (5, 6), (6, 7), (7, 9), (9, 10)], cost=1413.67
  Col 11050: blocks=[(0, 5), (5, 6), (6, 7), (7, 9), (9, 10)], cost=1414.92
  Col 11051: blocks=[(0, 5), (5, 6), (6, 7), (7, 9), (9, 10)], cost=1416.93
  Col 11052: blocks=[(0, 5), (5, 6), (6, 7), (7, 9), (9, 10)], cost=1415.26
  Col 11053: blocks=[(0, 5), (5, 6), (6, 7), (7, 9), (9, 10)], cost=1416.51
  Col 11054: blocks=[(0, 5), (5, 6), (6, 7), (7, 9), (9, 10)], cost=1418.52
  Col 11055: blocks=[(0, 5), (5, 6), (6, 7), (7, 9), (9, 10)], cost=1417.95
  Col 11056: blocks=[(0, 5), (5, 6), (6, 7), (7, 9), (9, 10)], cost=1419.97
  Col 11057: blocks=[(0, 5), (5, 6), (6, 7), (7, 9), (9, 10)], cost=1421.21
  Col 11058: blocks=[(0, 5), (5, 6), (6, 7), (7, 9), (9, 10)], cost=1496.93
  Col 11059: blocks=[(0, 5), (5, 6), (6, 7), (7, 9), (9, 10)], cost=1498.17
  Col 11060: blocks=[(0, 5), (5, 6), (6, 7), (7, 9), (9, 10)], cost=1500.18
  Col 11061: blocks=[(0, 5), (5, 6), (6, 7), (7, 9), (9, 10)], cost=1499.62
  Col 11062: blocks=[(0, 5), (5, 6), (6, 7), (7, 9), (9, 10)], cost=1501.63
  Col 11063: blocks=[(0, 5), (5, 6), (6, 7), (7, 9), (9, 10)], cost=1502.87
  Col 11064: blocks=[(0, 5), (5, 6), (6, 7), (7, 9), (9, 10)], cost=1501.21
  Col 11065: blocks=[(0, 5), (5, 6), (6, 7), (7, 9), (9, 10)], cost=1503.22
  Col 11066: blocks=[(0, 5), (5, 6), (6, 7), (7, 9), (9, 10)], cost=1504.46
  Col 11067: blocks=[(0, 5), (5, 6), (6, 7), (7, 9), (9, 10)], cost=1505.91
  Col 11068: blocks=[(0, 5), (5, 6), (6, 7), (7, 10)], cost=1173.18
  Col 11069: blocks=[(0, 5), (5, 6), (6, 7), (7, 10)], cost=1254.84
  Col 11070: blocks=[(0, 5), (5, 6), (6, 7), (7, 10)], cost=1256.43
  Col 11071: blocks=[(0, 5), (5, 6), (6, 7), (7, 10)], cost=1257.88
  Col 11072: blocks=[(0, 5), (5, 6), (6, 7), (7, 10)], cost=1259.12
  Col 11073: blocks=[(0, 5), (5, 6), (6, 7), (7, 10)], cost=1261.13
  Col 11074: blocks=[(0, 5), (5, 6), (6, 7), (7, 10)], cost=1260.79
  Col 11075: blocks=[(0, 5), (5, 6), (6, 7), (7, 10)], cost=1338.09
  Col 11076: blocks=[(0, 5), (5, 6), (6, 7), (7, 10)], cost=1339.54
  Col 11077: blocks=[(0, 5), (5, 6), (6, 7), (7, 10)], cost=1340.79
  Col 11078: blocks=[(0, 5), (5, 6), (6, 7), (7, 10)], cost=1342.80
  Col 11079: blocks=[(0, 5), (5, 6), (6, 7), (7, 10)], cost=1342.45
  Col 11080: blocks=[(0, 5), (5, 6), (6, 7), (7, 10)], cost=1341.13
  Col 11081: blocks=[(0, 5), (5, 6), (6, 7), (7, 10)], cost=1342.38
  Col 11082: blocks=[(0, 5), (5, 6), (6, 7), (7, 10)], cost=1344.39
  Col 11083: blocks=[(0, 5), (5, 6), (6, 7), (7, 10)], cost=1344.04
  Col 11084: blocks=[(0, 5), (5, 6), (6, 7), (7, 10)], cost=1343.82
  Col 11085: blocks=[(0, 5), (5, 6), (6, 7), (7, 10)], cost=1345.84
  Col 11086: blocks=[(0, 5), (5, 6), (6, 7), (7, 10)], cost=1345.49
  Col 11087: blocks=[(0, 5), (5, 6), (6, 7), (7, 10)], cost=1347.08
  Col 11088: blocks=[(0, 5), (5, 6), (6, 7), (7, 10)], cost=1346.73
  Col 11089: blocks=[(0, 5), (5, 6), (6, 7), (7, 10)], cost=1348.74
  Col 11090: blocks=[(0, 5), (5, 6), (6, 7), (7, 10)], cost=1422.80
  Col 11091: blocks=[(0, 5), (5, 6), (6, 7), (7, 10)], cost=1424.04
  Col 11092: blocks=[(0, 5), (5, 6), (6, 7), (7, 10)], cost=1426.05
  Col 11093: blocks=[(0, 5), (5, 6), (6, 7), (7, 10)], cost=1425.70
  Col 11094: blocks=[(0, 5), (5, 6), (6, 7), (7, 10)], cost=1425.49
  Col 11095: blocks=[(0, 5), (5, 6), (6, 7), (7, 10)], cost=1427.50
  Col 11096: blocks=[(0, 5), (5, 6), (6, 7), (7, 10)], cost=1427.15
  Col 11097: blocks=[(0, 5), (5, 6), (6, 7), (7, 10)], cost=1428.74
  Col 11098: blocks=[(0, 5), (5, 6), (6, 7), (7, 10)], cost=1428.39
  Col 11099: blocks=[(0, 5), (5, 6), (6, 7), (7, 10)], cost=1430.41
  Col 11100: blocks=[(0, 5), (5, 6), (6, 7), (7, 10)], cost=1427.08
  Col 11101: blocks=[(0, 5), (5, 6), (6, 7), (7, 10)], cost=1429.09
  Col 11102: blocks=[(0, 5), (5, 6), (6, 7), (7, 10)], cost=1428.74
  Col 11103: blocks=[(0, 5), (5, 6), (6, 7), (7, 10)], cost=1430.33
  Col 11104: blocks=[(0, 5), (5, 6), (6, 7), (7, 10)], cost=1429.98
  Col 11105: blocks=[(0, 5), (5, 6), (6, 7), (7, 10)], cost=1432.00
  Col 11106: blocks=[(0, 5), (5, 6), (6, 7), (7, 10)], cost=1431.78
  Col 11107: blocks=[(0, 5), (5, 6), (6, 7), (7, 10)], cost=1431.43
  Col 11108: blocks=[(0, 5), (5, 6), (6, 7), (7, 10)], cost=1433.44
  Col 11109: blocks=[(0, 5), (5, 6), (6, 7), (7, 10)], cost=1434.69
  Col 11110: blocks=[(0, 5), (5, 6), (6, 8), (8, 9), (9, 10)], cost=1298.12
  Col 11111: blocks=[(0, 5), (5, 6), (6, 8), (8, 9), (9, 10)], cost=1379.78
  Col 11112: blocks=[(0, 5), (5, 6), (6, 8), (8, 9), (9, 10)], cost=1381.37
  Col 11113: blocks=[(0, 5), (5, 6), (6, 8), (8, 9), (9, 10)], cost=1382.82
  Col 11114: blocks=[(0, 5), (5, 6), (6, 8), (8, 9), (9, 10)], cost=1384.06
  Col 11115: blocks=[(0, 5), (5, 6), (6, 8), (8, 9), (9, 10)], cost=1386.07
  Col 11116: blocks=[(0, 5), (5, 6), (6, 8), (8, 9), (9, 10)], cost=1463.03
  Col 11117: blocks=[(0, 5), (5, 6), (6, 8), (8, 9), (9, 10)], cost=1464.48
  Col 11118: blocks=[(0, 5), (5, 6), (6, 8), (8, 9), (9, 10)], cost=1465.73
  Col 11119: blocks=[(0, 5), (5, 6), (6, 8), (8, 9), (9, 10)], cost=1467.74
  Col 11120: blocks=[(0, 5), (5, 6), (6, 8), (8, 9), (9, 10)], cost=1466.07
  Col 11121: blocks=[(0, 5), (5, 6), (6, 8), (8, 9), (9, 10)], cost=1467.32
  Col 11122: blocks=[(0, 5), (5, 6), (6, 8), (8, 9), (9, 10)], cost=1469.33
  Col 11123: blocks=[(0, 5), (5, 6), (6, 8), (8, 9), (9, 10)], cost=1468.76
  Col 11124: blocks=[(0, 5), (5, 6), (6, 8), (8, 9), (9, 10)], cost=1470.78
  Col 11125: blocks=[(0, 5), (5, 6), (6, 8), (8, 9), (9, 10)], cost=1472.02
  Col 11126: blocks=[(0, 5), (5, 6), (6, 8), (8, 9), (9, 10)], cost=1547.74
  Col 11127: blocks=[(0, 5), (5, 6), (6, 8), (8, 9), (9, 10)], cost=1548.98
  Col 11128: blocks=[(0, 5), (5, 6), (6, 8), (8, 9), (9, 10)], cost=1550.99
  Col 11129: blocks=[(0, 5), (5, 6), (6, 8), (8, 9), (9, 10)], cost=1550.43
  Col 11130: blocks=[(0, 5), (5, 6), (6, 8), (8, 9), (9, 10)], cost=1552.44
  Col 11131: blocks=[(0, 5), (5, 6), (6, 8), (8, 9), (9, 10)], cost=1553.68
  Col 11132: blocks=[(0, 5), (5, 6), (6, 8), (8, 9), (9, 10)], cost=1552.02
  Col 11133: blocks=[(0, 5), (5, 6), (6, 8), (8, 9), (9, 10)], cost=1554.03
  Col 11134: blocks=[(0, 5), (5, 6), (6, 8), (8, 9), (9, 10)], cost=1555.27
  Col 11135: blocks=[(0, 5), (5, 6), (6, 8), (8, 9), (9, 10)], cost=1556.72
  Col 11136: blocks=[(0, 5), (5, 6), (6, 8), (8, 10)], cost=1267.06
  Col 11137: blocks=[(0, 5), (5, 6), (6, 8), (8, 10)], cost=1348.72
  Col 11138: blocks=[(0, 5), (5, 6), (6, 8), (8, 10)], cost=1350.31
  Col 11139: blocks=[(0, 5), (5, 6), (6, 8), (8, 10)], cost=1351.76
  Col 11140: blocks=[(0, 5), (5, 6), (6, 8), (8, 10)], cost=1353.00
  Col 11141: blocks=[(0, 5), (5, 6), (6, 8), (8, 10)], cost=1355.01
  Col 11142: blocks=[(0, 5), (5, 6), (6, 8), (8, 10)], cost=1354.67
  Col 11143: blocks=[(0, 5), (5, 6), (6, 8), (8, 10)], cost=1431.97
  Col 11144: blocks=[(0, 5), (5, 6), (6, 8), (8, 10)], cost=1433.42
  Col 11145: blocks=[(0, 5), (5, 6), (6, 8), (8, 10)], cost=1434.67
  Col 11146: blocks=[(0, 5), (5, 6), (6, 8), (8, 10)], cost=1436.68
  Col 11147: blocks=[(0, 5), (5, 6), (6, 8), (8, 10)], cost=1436.33
  Col 11148: blocks=[(0, 5), (5, 6), (6, 8), (8, 10)], cost=1435.01
  Col 11149: blocks=[(0, 5), (5, 6), (6, 8), (8, 10)], cost=1436.26
  Col 11150: blocks=[(0, 5), (5, 6), (6, 8), (8, 10)], cost=1438.27
  Col 11151: blocks=[(0, 5), (5, 6), (6, 8), (8, 10)], cost=1437.92
  Col 11152: blocks=[(0, 5), (5, 6), (6, 8), (8, 10)], cost=1437.70
  Col 11153: blocks=[(0, 5), (5, 6), (6, 8), (8, 10)], cost=1439.72
  Col 11154: blocks=[(0, 5), (5, 6), (6, 8), (8, 10)], cost=1439.37
  Col 11155: blocks=[(0, 5), (5, 6), (6, 8), (8, 10)], cost=1440.96
  Col 11156: blocks=[(0, 5), (5, 6), (6, 8), (8, 10)], cost=1440.61
  Col 11157: blocks=[(0, 5), (5, 6), (6, 8), (8, 10)], cost=1442.62
  Col 11158: blocks=[(0, 5), (5, 6), (6, 8), (8, 10)], cost=1516.68
  Col 11159: blocks=[(0, 5), (5, 6), (6, 8), (8, 10)], cost=1517.92
  Col 11160: blocks=[(0, 5), (5, 6), (6, 8), (8, 10)], cost=1519.93
  Col 11161: blocks=[(0, 5), (5, 6), (6, 8), (8, 10)], cost=1519.58
  Col 11162: blocks=[(0, 5), (5, 6), (6, 8), (8, 10)], cost=1519.37
  Col 11163: blocks=[(0, 5), (5, 6), (6, 8), (8, 10)], cost=1521.38
  Col 11164: blocks=[(0, 5), (5, 6), (6, 8), (8, 10)], cost=1521.03
  Col 11165: blocks=[(0, 5), (5, 6), (6, 8), (8, 10)], cost=1522.62
  Col 11166: blocks=[(0, 5), (5, 6), (6, 8), (8, 10)], cost=1522.27
  Col 11167: blocks=[(0, 5), (5, 6), (6, 8), (8, 10)], cost=1524.28
  Col 11168: blocks=[(0, 5), (5, 6), (6, 8), (8, 10)], cost=1520.96
  Col 11169: blocks=[(0, 5), (5, 6), (6, 8), (8, 10)], cost=1522.97
  Col 11170: blocks=[(0, 5), (5, 6), (6, 8), (8, 10)], cost=1522.62
  Col 11171: blocks=[(0, 5), (5, 6), (6, 8), (8, 10)], cost=1524.21
  Col 11172: blocks=[(0, 5), (5, 6), (6, 8), (8, 10)], cost=1523.86
  Col 11173: blocks=[(0, 5), (5, 6), (6, 8), (8, 10)], cost=1525.88
  Col 11174: blocks=[(0, 5), (5, 6), (6, 8), (8, 10)], cost=1525.66
  Col 11175: blocks=[(0, 5), (5, 6), (6, 8), (8, 10)], cost=1525.31
  Col 11176: blocks=[(0, 5), (5, 6), (6, 8), (8, 10)], cost=1527.32
  Col 11177: blocks=[(0, 5), (5, 6), (6, 8), (8, 10)], cost=1528.57
  Col 11178: blocks=[(0, 5), (5, 6), (6, 9), (9, 10)], cost=1192.59
  Col 11179: blocks=[(0, 5), (5, 6), (6, 9), (9, 10)], cost=1274.26
  Col 11180: blocks=[(0, 5), (5, 6), (6, 9), (9, 10)], cost=1275.85
  Col 11181: blocks=[(0, 5), (5, 6), (6, 9), (9, 10)], cost=1277.30
  Col 11182: blocks=[(0, 5), (5, 6), (6, 9), (9, 10)], cost=1278.54
  Col 11183: blocks=[(0, 5), (5, 6), (6, 9), (9, 10)], cost=1280.55
  Col 11184: blocks=[(0, 5), (5, 6), (6, 9), (9, 10)], cost=1280.55
  Col 11185: blocks=[(0, 5), (5, 6), (6, 9), (9, 10)], cost=1357.51
  Col 11186: blocks=[(0, 5), (5, 6), (6, 9), (9, 10)], cost=1358.96
  Col 11187: blocks=[(0, 5), (5, 6), (6, 9), (9, 10)], cost=1360.20
  Col 11188: blocks=[(0, 5), (5, 6), (6, 9), (9, 10)], cost=1362.21
  Col 11189: blocks=[(0, 5), (5, 6), (6, 9), (9, 10)], cost=1362.21
  Col 11190: blocks=[(0, 5), (5, 6), (6, 9), (9, 10)], cost=1360.55
  Col 11191: blocks=[(0, 5), (5, 6), (6, 9), (9, 10)], cost=1361.79
  Col 11192: blocks=[(0, 5), (5, 6), (6, 9), (9, 10)], cost=1363.80
  Col 11193: blocks=[(0, 5), (5, 6), (6, 9), (9, 10)], cost=1363.80
  Col 11194: blocks=[(0, 5), (5, 6), (6, 9), (9, 10)], cost=1363.24
  Col 11195: blocks=[(0, 5), (5, 6), (6, 9), (9, 10)], cost=1365.25
  Col 11196: blocks=[(0, 5), (5, 6), (6, 9), (9, 10)], cost=1365.25
  Col 11197: blocks=[(0, 5), (5, 6), (6, 9), (9, 10)], cost=1366.50
  Col 11198: blocks=[(0, 5), (5, 6), (6, 9), (9, 10)], cost=1366.50
  Col 11199: blocks=[(0, 5), (5, 6), (6, 9), (9, 10)], cost=1368.51
  Col 11200: blocks=[(0, 5), (5, 6), (6, 9), (9, 10)], cost=1442.21
  Col 11201: blocks=[(0, 5), (5, 6), (6, 9), (9, 10)], cost=1443.46
  Col 11202: blocks=[(0, 5), (5, 6), (6, 9), (9, 10)], cost=1445.47
  Col 11203: blocks=[(0, 5), (5, 6), (6, 9), (9, 10)], cost=1445.47
  Col 11204: blocks=[(0, 5), (5, 6), (6, 9), (9, 10)], cost=1444.91
  Col 11205: blocks=[(0, 5), (5, 6), (6, 9), (9, 10)], cost=1446.92
  Col 11206: blocks=[(0, 5), (5, 6), (6, 9), (9, 10)], cost=1446.92
  Col 11207: blocks=[(0, 5), (5, 6), (6, 9), (9, 10)], cost=1448.16
  Col 11208: blocks=[(0, 5), (5, 6), (6, 9), (9, 10)], cost=1448.16
  Col 11209: blocks=[(0, 5), (5, 6), (6, 9), (9, 10)], cost=1450.17
  Col 11210: blocks=[(0, 5), (5, 6), (6, 9), (9, 10)], cost=1446.50
  Col 11211: blocks=[(0, 5), (5, 6), (6, 9), (9, 10)], cost=1448.51
  Col 11212: blocks=[(0, 5), (5, 6), (6, 9), (9, 10)], cost=1448.51
  Col 11213: blocks=[(0, 5), (5, 6), (6, 9), (9, 10)], cost=1449.75
  Col 11214: blocks=[(0, 5), (5, 6), (6, 9), (9, 10)], cost=1449.75
  Col 11215: blocks=[(0, 5), (5, 6), (6, 9), (9, 10)], cost=1451.76
  Col 11216: blocks=[(0, 5), (5, 6), (6, 9), (9, 10)], cost=1451.20
  Col 11217: blocks=[(0, 5), (5, 6), (6, 9), (9, 10)], cost=1451.20
  Col 11218: blocks=[(0, 5), (5, 6), (6, 9), (9, 10)], cost=1453.21
  Col 11219: blocks=[(0, 5), (5, 6), (6, 9), (9, 10)], cost=1454.45
  Col 11220: blocks=[(0, 5), (5, 6), (6, 10)], cost=1143.11
  Col 11221: blocks=[(0, 5), (5, 6), (6, 10)], cost=1224.78
  Col 11222: blocks=[(0, 5), (5, 6), (6, 10)], cost=1226.37
  Col 11223: blocks=[(0, 5), (5, 6), (6, 10)], cost=1227.81
  Col 11224: blocks=[(0, 5), (5, 6), (6, 10)], cost=1229.06
  Col 11225: blocks=[(0, 5), (5, 6), (6, 10)], cost=1231.07
  Col 11226: blocks=[(0, 5), (5, 6), (6, 10)], cost=1231.07
  Col 11227: blocks=[(0, 5), (5, 6), (6, 10)], cost=1230.72
  Col 11228: blocks=[(0, 5), (5, 6), (6, 10)], cost=1308.03
  Col 11229: blocks=[(0, 5), (5, 6), (6, 10)], cost=1309.48
  Col 11230: blocks=[(0, 5), (5, 6), (6, 10)], cost=1310.72
  Col 11231: blocks=[(0, 5), (5, 6), (6, 10)], cost=1312.73
  Col 11232: blocks=[(0, 5), (5, 6), (6, 10)], cost=1312.73
  Col 11233: blocks=[(0, 5), (5, 6), (6, 10)], cost=1312.38
  Col 11234: blocks=[(0, 5), (5, 6), (6, 10)], cost=1311.07
  Col 11235: blocks=[(0, 5), (5, 6), (6, 10)], cost=1312.31
  Col 11236: blocks=[(0, 5), (5, 6), (6, 10)], cost=1314.32
  Col 11237: blocks=[(0, 5), (5, 6), (6, 10)], cost=1314.32
  Col 11238: blocks=[(0, 5), (5, 6), (6, 10)], cost=1313.97
  Col 11239: blocks=[(0, 5), (5, 6), (6, 10)], cost=1313.76
  Col 11240: blocks=[(0, 5), (5, 6), (6, 10)], cost=1315.77
  Col 11241: blocks=[(0, 5), (5, 6), (6, 10)], cost=1315.77
  Col 11242: blocks=[(0, 5), (5, 6), (6, 10)], cost=1315.42
  Col 11243: blocks=[(0, 5), (5, 6), (6, 10)], cost=1317.01
  Col 11244: blocks=[(0, 5), (5, 6), (6, 10)], cost=1317.01
  Col 11245: blocks=[(0, 5), (5, 6), (6, 10)], cost=1316.67
  Col 11246: blocks=[(0, 5), (5, 6), (6, 10)], cost=1319.02
  Col 11247: blocks=[(0, 5), (5, 6), (6, 10)], cost=1318.68
  Col 11248: blocks=[(0, 5), (5, 6), (6, 10)], cost=1318.68
  Col 11249: blocks=[(0, 5), (5, 6), (6, 10)], cost=1392.73
  Col 11250: blocks=[(0, 5), (5, 6), (6, 10)], cost=1393.97
  Col 11251: blocks=[(0, 5), (5, 6), (6, 10)], cost=1395.99
  Col 11252: blocks=[(0, 5), (5, 6), (6, 10)], cost=1395.99
  Col 11253: blocks=[(0, 5), (5, 6), (6, 10)], cost=1395.64
  Col 11254: blocks=[(0, 5), (5, 6), (6, 10)], cost=1395.42
  Col 11255: blocks=[(0, 5), (5, 6), (6, 10)], cost=1397.43
  Col 11256: blocks=[(0, 5), (5, 6), (6, 10)], cost=1397.43
  Col 11257: blocks=[(0, 5), (5, 6), (6, 10)], cost=1397.09
  Col 11258: blocks=[(0, 5), (5, 6), (6, 10)], cost=1398.68
  Col 11259: blocks=[(0, 5), (5, 6), (6, 10)], cost=1398.68
  Col 11260: blocks=[(0, 5), (5, 6), (6, 10)], cost=1398.33
  Col 11261: blocks=[(0, 5), (5, 6), (6, 10)], cost=1400.69
  Col 11262: blocks=[(0, 5), (5, 6), (6, 10)], cost=1400.34
  Col 11263: blocks=[(0, 5), (5, 6), (6, 10)], cost=1400.34
  Col 11264: blocks=[(0, 5), (5, 6), (6, 10)], cost=1397.01
  Col 11265: blocks=[(0, 5), (5, 6), (6, 10)], cost=1399.02
  Col 11266: blocks=[(0, 5), (5, 6), (6, 10)], cost=1399.02
  Col 11267: blocks=[(0, 5), (5, 6), (6, 10)], cost=1398.68
  Col 11268: blocks=[(0, 5), (5, 6), (6, 10)], cost=1400.27
  Col 11269: blocks=[(0, 5), (5, 6), (6, 10)], cost=1400.27
  Col 11270: blocks=[(0, 5), (5, 6), (6, 10)], cost=1399.92
  Col 11271: blocks=[(0, 5), (5, 6), (6, 10)], cost=1402.28
  Col 11272: blocks=[(0, 5), (5, 6), (6, 10)], cost=1401.93
  Col 11273: blocks=[(0, 5), (5, 6), (6, 10)], cost=1401.93
  Col 11274: blocks=[(0, 5), (5, 6), (6, 10)], cost=1401.72
  Col 11275: blocks=[(0, 5), (5, 6), (6, 10)], cost=1401.72
  Col 11276: blocks=[(0, 5), (5, 6), (6, 10)], cost=1401.37
  Col 11277: blocks=[(0, 5), (5, 6), (6, 10)], cost=1403.73
  Col 11278: blocks=[(0, 5), (5, 6), (6, 10)], cost=1403.38
  Col 11279: blocks=[(0, 5), (5, 6), (6, 10)], cost=1403.38
  Col 11280: blocks=[(0, 5), (5, 6), (6, 10)], cost=1404.97
  Col 11281: blocks=[(0, 5), (5, 6), (6, 10)], cost=1404.62
  Col 11282: blocks=[(0, 5), (5, 6), (6, 10)], cost=1404.62
  Col 11283: blocks=[(0, 5), (5, 6), (6, 10)], cost=1406.63
  Col 11284: blocks=[(0, 5), (5, 7), (7, 8), (8, 9), (9, 10)], cost=1308.61
  Col 11285: blocks=[(0, 5), (5, 7), (7, 8), (8, 9), (9, 10)], cost=1390.27
  Col 11286: blocks=[(0, 5), (5, 7), (7, 8), (8, 9), (9, 10)], cost=1391.86
  Col 11287: blocks=[(0, 5), (5, 7), (7, 8), (8, 9), (9, 10)], cost=1393.31
  Col 11288: blocks=[(0, 5), (5, 7), (7, 8), (8, 9), (9, 10)], cost=1394.56
  Col 11289: blocks=[(0, 5), (5, 7), (7, 8), (8, 9), (9, 10)], cost=1396.22
  Col 11290: blocks=[(0, 5), (5, 7), (7, 8), (8, 9), (9, 10)], cost=1473.53
  Col 11291: blocks=[(0, 5), (5, 7), (7, 8), (8, 9), (9, 10)], cost=1474.98
  Col 11292: blocks=[(0, 5), (5, 7), (7, 8), (8, 9), (9, 10)], cost=1476.22
  Col 11293: blocks=[(0, 5), (5, 7), (7, 8), (8, 9), (9, 10)], cost=1477.88
  Col 11294: blocks=[(0, 5), (5, 7), (7, 8), (8, 9), (9, 10)], cost=1476.57
  Col 11295: blocks=[(0, 5), (5, 7), (7, 8), (8, 9), (9, 10)], cost=1477.81
  Col 11296: blocks=[(0, 5), (5, 7), (7, 8), (8, 9), (9, 10)], cost=1479.47
  Col 11297: blocks=[(0, 5), (5, 7), (7, 8), (8, 9), (9, 10)], cost=1479.26
  Col 11298: blocks=[(0, 5), (5, 7), (7, 8), (8, 9), (9, 10)], cost=1480.92
  Col 11299: blocks=[(0, 5), (5, 7), (7, 8), (8, 9), (9, 10)], cost=1482.16
  Col 11300: blocks=[(0, 5), (5, 7), (7, 8), (8, 9), (9, 10)], cost=1558.23
  Col 11301: blocks=[(0, 5), (5, 7), (7, 8), (8, 9), (9, 10)], cost=1559.47
  Col 11302: blocks=[(0, 5), (5, 7), (7, 8), (8, 9), (9, 10)], cost=1561.14
  Col 11303: blocks=[(0, 5), (5, 7), (7, 8), (8, 9), (9, 10)], cost=1560.92
  Col 11304: blocks=[(0, 5), (5, 7), (7, 8), (8, 9), (9, 10)], cost=1562.58
  Col 11305: blocks=[(0, 5), (5, 7), (7, 8), (8, 9), (9, 10)], cost=1563.83
  Col 11306: blocks=[(0, 5), (5, 7), (7, 8), (8, 9), (9, 10)], cost=1562.51
  Col 11307: blocks=[(0, 5), (5, 7), (7, 8), (8, 9), (9, 10)], cost=1564.18
  Col 11308: blocks=[(0, 5), (5, 7), (7, 8), (8, 9), (9, 10)], cost=1565.42
  Col 11309: blocks=[(0, 5), (5, 7), (7, 8), (8, 9), (9, 10)], cost=1566.87
  Col 11310: blocks=[(0, 5), (5, 7), (7, 8), (8, 10)], cost=1277.55
  Col 11311: blocks=[(0, 5), (5, 7), (7, 8), (8, 10)], cost=1359.21
  Col 11312: blocks=[(0, 5), (5, 7), (7, 8), (8, 10)], cost=1360.80
  Col 11313: blocks=[(0, 5), (5, 7), (7, 8), (8, 10)], cost=1362.25
  Col 11314: blocks=[(0, 5), (5, 7), (7, 8), (8, 10)], cost=1363.50
  Col 11315: blocks=[(0, 5), (5, 7), (7, 8), (8, 10)], cost=1365.16
  Col 11316: blocks=[(0, 5), (5, 7), (7, 8), (8, 10)], cost=1365.16
  Col 11317: blocks=[(0, 5), (5, 7), (7, 8), (8, 10)], cost=1442.47
  Col 11318: blocks=[(0, 5), (5, 7), (7, 8), (8, 10)], cost=1443.92
  Col 11319: blocks=[(0, 5), (5, 7), (7, 8), (8, 10)], cost=1445.16
  Col 11320: blocks=[(0, 5), (5, 7), (7, 8), (8, 10)], cost=1446.82
  Col 11321: blocks=[(0, 5), (5, 7), (7, 8), (8, 10)], cost=1446.82
  Col 11322: blocks=[(0, 5), (5, 7), (7, 8), (8, 10)], cost=1445.51
  Col 11323: blocks=[(0, 5), (5, 7), (7, 8), (8, 10)], cost=1446.75
  Col 11324: blocks=[(0, 5), (5, 7), (7, 8), (8, 10)], cost=1448.41
  Col 11325: blocks=[(0, 5), (5, 7), (7, 8), (8, 10)], cost=1448.41
  Col 11326: blocks=[(0, 5), (5, 7), (7, 8), (8, 10)], cost=1448.20
  Col 11327: blocks=[(0, 5), (5, 7), (7, 8), (8, 10)], cost=1449.86
  Col 11328: blocks=[(0, 5), (5, 7), (7, 8), (8, 10)], cost=1449.86
  Col 11329: blocks=[(0, 5), (5, 7), (7, 8), (8, 10)], cost=1451.10
  Col 11330: blocks=[(0, 5), (5, 7), (7, 8), (8, 10)], cost=1451.10
  Col 11331: blocks=[(0, 5), (5, 7), (7, 8), (8, 10)], cost=1452.77
  Col 11332: blocks=[(0, 5), (5, 7), (7, 8), (8, 10)], cost=1527.17
  Col 11333: blocks=[(0, 5), (5, 7), (7, 8), (8, 10)], cost=1528.41
  Col 11334: blocks=[(0, 5), (5, 7), (7, 8), (8, 10)], cost=1530.08
  Col 11335: blocks=[(0, 5), (5, 7), (7, 8), (8, 10)], cost=1530.08
  Col 11336: blocks=[(0, 5), (5, 7), (7, 8), (8, 10)], cost=1529.86
  Col 11337: blocks=[(0, 5), (5, 7), (7, 8), (8, 10)], cost=1531.52
  Col 11338: blocks=[(0, 5), (5, 7), (7, 8), (8, 10)], cost=1531.52
  Col 11339: blocks=[(0, 5), (5, 7), (7, 8), (8, 10)], cost=1532.77
  Col 11340: blocks=[(0, 5), (5, 7), (7, 8), (8, 10)], cost=1532.77
  Col 11341: blocks=[(0, 5), (5, 7), (7, 8), (8, 10)], cost=1534.43
  Col 11342: blocks=[(0, 5), (5, 7), (7, 8), (8, 10)], cost=1531.45
  Col 11343: blocks=[(0, 5), (5, 7), (7, 8), (8, 10)], cost=1533.12
  Col 11344: blocks=[(0, 5), (5, 7), (7, 8), (8, 10)], cost=1533.12
  Col 11345: blocks=[(0, 5), (5, 7), (7, 8), (8, 10)], cost=1534.36
  Col 11346: blocks=[(0, 5), (5, 7), (7, 8), (8, 10)], cost=1534.36
  Col 11347: blocks=[(0, 5), (5, 7), (7, 8), (8, 10)], cost=1536.02
  Col 11348: blocks=[(0, 5), (5, 7), (7, 8), (8, 10)], cost=1535.81
  Col 11349: blocks=[(0, 5), (5, 7), (7, 8), (8, 10)], cost=1535.81
  Col 11350: blocks=[(0, 5), (5, 7), (7, 8), (8, 10)], cost=1537.47
  Col 11351: blocks=[(0, 5), (5, 7), (7, 8), (8, 10)], cost=1538.71
  Col 11352: blocks=[(0, 5), (5, 7), (7, 9), (9, 10)], cost=1179.59
  Col 11353: blocks=[(0, 5), (5, 7), (7, 9), (9, 10)], cost=1261.25
  Col 11354: blocks=[(0, 5), (5, 7), (7, 9), (9, 10)], cost=1262.84
  Col 11355: blocks=[(0, 5), (5, 7), (7, 9), (9, 10)], cost=1264.29
  Col 11356: blocks=[(0, 5), (5, 7), (7, 9), (9, 10)], cost=1265.53
  Col 11357: blocks=[(0, 5), (5, 7), (7, 9), (9, 10)], cost=1267.20
  Col 11358: blocks=[(0, 5), (5, 7), (7, 9), (9, 10)], cost=1267.54
  Col 11359: blocks=[(0, 5), (5, 7), (7, 9), (9, 10)], cost=1344.51
  Col 11360: blocks=[(0, 5), (5, 7), (7, 9), (9, 10)], cost=1345.95
  Col 11361: blocks=[(0, 5), (5, 7), (7, 9), (9, 10)], cost=1347.20
  Col 11362: blocks=[(0, 5), (5, 7), (7, 9), (9, 10)], cost=1348.86
  Col 11363: blocks=[(0, 5), (5, 7), (7, 9), (9, 10)], cost=1349.21
  Col 11364: blocks=[(0, 5), (5, 7), (7, 9), (9, 10)], cost=1347.54
  Col 11365: blocks=[(0, 5), (5, 7), (7, 9), (9, 10)], cost=1348.79
  Col 11366: blocks=[(0, 5), (5, 7), (7, 9), (9, 10)], cost=1350.45
  Col 11367: blocks=[(0, 5), (5, 7), (7, 9), (9, 10)], cost=1350.80
  Col 11368: blocks=[(0, 5), (5, 7), (7, 9), (9, 10)], cost=1350.24
  Col 11369: blocks=[(0, 5), (5, 7), (7, 9), (9, 10)], cost=1351.90
  Col 11370: blocks=[(0, 5), (5, 7), (7, 9), (9, 10)], cost=1352.25
  Col 11371: blocks=[(0, 5), (5, 7), (7, 9), (9, 10)], cost=1353.14
  Col 11372: blocks=[(0, 5), (5, 7), (7, 9), (9, 10)], cost=1353.49
  Col 11373: blocks=[(0, 5), (5, 7), (7, 9), (9, 10)], cost=1355.15
  Col 11374: blocks=[(0, 5), (5, 7), (7, 9), (9, 10)], cost=1429.21
  Col 11375: blocks=[(0, 5), (5, 7), (7, 9), (9, 10)], cost=1430.45
  Col 11376: blocks=[(0, 5), (5, 7), (7, 9), (9, 10)], cost=1432.11
  Col 11377: blocks=[(0, 5), (5, 7), (7, 9), (9, 10)], cost=1432.46
  Col 11378: blocks=[(0, 5), (5, 7), (7, 9), (9, 10)], cost=1431.90
  Col 11379: blocks=[(0, 5), (5, 7), (7, 9), (9, 10)], cost=1433.56
  Col 11380: blocks=[(0, 5), (5, 7), (7, 9), (9, 10)], cost=1433.91
  Col 11381: blocks=[(0, 5), (5, 7), (7, 9), (9, 10)], cost=1434.81
  Col 11382: blocks=[(0, 5), (5, 7), (7, 9), (9, 10)], cost=1435.15
  Col 11383: blocks=[(0, 5), (5, 7), (7, 9), (9, 10)], cost=1436.82
  Col 11384: blocks=[(0, 5), (5, 7), (7, 9), (9, 10)], cost=1433.49
  Col 11385: blocks=[(0, 5), (5, 7), (7, 9), (9, 10)], cost=1435.15
  Col 11386: blocks=[(0, 5), (5, 7), (7, 9), (9, 10)], cost=1435.50
  Col 11387: blocks=[(0, 5), (5, 7), (7, 9), (9, 10)], cost=1436.40
  Col 11388: blocks=[(0, 5), (5, 7), (7, 9), (9, 10)], cost=1436.74
  Col 11389: blocks=[(0, 5), (5, 7), (7, 9), (9, 10)], cost=1438.41
  Col 11390: blocks=[(0, 5), (5, 7), (7, 9), (9, 10)], cost=1437.84
  Col 11391: blocks=[(0, 5), (5, 7), (7, 9), (9, 10)], cost=1438.19
  Col 11392: blocks=[(0, 5), (5, 7), (7, 9), (9, 10)], cost=1439.86
  Col 11393: blocks=[(0, 5), (5, 7), (7, 9), (9, 10)], cost=1441.10
  Col 11394: blocks=[(0, 5), (5, 7), (7, 10)], cost=1105.46
  Col 11395: blocks=[(0, 5), (5, 7), (7, 10)], cost=1187.12
  Col 11396: blocks=[(0, 5), (5, 7), (7, 10)], cost=1188.71
  Col 11397: blocks=[(0, 5), (5, 7), (7, 10)], cost=1190.16
  Col 11398: blocks=[(0, 5), (5, 7), (7, 10)], cost=1191.40
  Col 11399: blocks=[(0, 5), (5, 7), (7, 10)], cost=1193.07
  Col 11400: blocks=[(0, 5), (5, 7), (7, 10)], cost=1193.41
  Col 11401: blocks=[(0, 5), (5, 7), (7, 10)], cost=1193.07
  Col 11402: blocks=[(0, 5), (5, 7), (7, 10)], cost=1270.38
  Col 11403: blocks=[(0, 5), (5, 7), (7, 10)], cost=1271.82
  Col 11404: blocks=[(0, 5), (5, 7), (7, 10)], cost=1273.07
  Col 11405: blocks=[(0, 5), (5, 7), (7, 10)], cost=1274.73
  Col 11406: blocks=[(0, 5), (5, 7), (7, 10)], cost=1275.08
  Col 11407: blocks=[(0, 5), (5, 7), (7, 10)], cost=1274.73
  Col 11408: blocks=[(0, 5), (5, 7), (7, 10)], cost=1273.41
  Col 11409: blocks=[(0, 5), (5, 7), (7, 10)], cost=1274.66
  Col 11410: blocks=[(0, 5), (5, 7), (7, 10)], cost=1276.32
  Col 11411: blocks=[(0, 5), (5, 7), (7, 10)], cost=1276.67
  Col 11412: blocks=[(0, 5), (5, 7), (7, 10)], cost=1276.32
  Col 11413: blocks=[(0, 5), (5, 7), (7, 10)], cost=1276.11
  Col 11414: blocks=[(0, 5), (5, 7), (7, 10)], cost=1277.77
  Col 11415: blocks=[(0, 5), (5, 7), (7, 10)], cost=1278.12
  Col 11416: blocks=[(0, 5), (5, 7), (7, 10)], cost=1277.77
  Col 11417: blocks=[(0, 5), (5, 7), (7, 10)], cost=1279.01
  Col 11418: blocks=[(0, 5), (5, 7), (7, 10)], cost=1279.36
  Col 11419: blocks=[(0, 5), (5, 7), (7, 10)], cost=1279.01
  Col 11420: blocks=[(0, 5), (5, 7), (7, 10)], cost=1281.02
  Col 11421: blocks=[(0, 5), (5, 7), (7, 10)], cost=1280.68
  Col 11422: blocks=[(0, 5), (5, 7), (7, 10)], cost=1281.02
  Col 11423: blocks=[(0, 5), (5, 7), (7, 10)], cost=1355.08
  Col 11424: blocks=[(0, 5), (5, 7), (7, 10)], cost=1356.32
  Col 11425: blocks=[(0, 5), (5, 7), (7, 10)], cost=1357.98
  Col 11426: blocks=[(0, 5), (5, 7), (7, 10)], cost=1358.33
  Col 11427: blocks=[(0, 5), (5, 7), (7, 10)], cost=1357.98
  Col 11428: blocks=[(0, 5), (5, 7), (7, 10)], cost=1357.77
  Col 11429: blocks=[(0, 5), (5, 7), (7, 10)], cost=1359.43
  Col 11430: blocks=[(0, 5), (5, 7), (7, 10)], cost=1359.78
  Col 11431: blocks=[(0, 5), (5, 7), (7, 10)], cost=1359.43
  Col 11432: blocks=[(0, 5), (5, 7), (7, 10)], cost=1360.68
  Col 11433: blocks=[(0, 5), (5, 7), (7, 10)], cost=1361.02
  Col 11434: blocks=[(0, 5), (5, 7), (7, 10)], cost=1360.68
  Col 11435: blocks=[(0, 5), (5, 7), (7, 10)], cost=1362.69
  Col 11436: blocks=[(0, 5), (5, 7), (7, 10)], cost=1362.34
  Col 11437: blocks=[(0, 5), (5, 7), (7, 10)], cost=1362.69
  Col 11438: blocks=[(0, 5), (5, 7), (7, 10)], cost=1359.36
  Col 11439: blocks=[(0, 5), (5, 7), (7, 10)], cost=1361.02
  Col 11440: blocks=[(0, 5), (5, 7), (7, 10)], cost=1361.37
  Col 11441: blocks=[(0, 5), (5, 7), (7, 10)], cost=1361.02
  Col 11442: blocks=[(0, 5), (5, 7), (7, 10)], cost=1362.27
  Col 11443: blocks=[(0, 5), (5, 7), (7, 10)], cost=1362.61
  Col 11444: blocks=[(0, 5), (5, 7), (7, 10)], cost=1362.27
  Col 11445: blocks=[(0, 5), (5, 7), (7, 10)], cost=1364.28
  Col 11446: blocks=[(0, 5), (5, 7), (7, 10)], cost=1363.93
  Col 11447: blocks=[(0, 5), (5, 7), (7, 10)], cost=1364.28
  Col 11448: blocks=[(0, 5), (5, 7), (7, 10)], cost=1363.71
  Col 11449: blocks=[(0, 5), (5, 7), (7, 10)], cost=1364.06
  Col 11450: blocks=[(0, 5), (5, 7), (7, 10)], cost=1363.71
  Col 11451: blocks=[(0, 5), (5, 7), (7, 10)], cost=1365.73
  Col 11452: blocks=[(0, 5), (5, 7), (7, 10)], cost=1365.38
  Col 11453: blocks=[(0, 5), (5, 7), (7, 10)], cost=1365.73
  Col 11454: blocks=[(0, 5), (5, 7), (7, 10)], cost=1366.97
  Col 11455: blocks=[(0, 5), (5, 7), (7, 10)], cost=1366.62
  Col 11456: blocks=[(0, 5), (5, 7), (7, 10)], cost=1366.97
  Col 11457: blocks=[(0, 5), (5, 7), (7, 10)], cost=1368.63
  Col 11458: blocks=[(0, 5), (5, 8), (8, 9), (9, 10)], cost=1250.29
  Col 11459: blocks=[(0, 5), (5, 8), (8, 9), (9, 10)], cost=1331.95
  Col 11460: blocks=[(0, 5), (5, 8), (8, 9), (9, 10)], cost=1333.54
  Col 11461: blocks=[(0, 5), (5, 8), (8, 9), (9, 10)], cost=1334.99
  Col 11462: blocks=[(0, 5), (5, 8), (8, 9), (9, 10)], cost=1336.23
  Col 11463: blocks=[(0, 5), (5, 8), (8, 9), (9, 10)], cost=1337.90
  Col 11464: blocks=[(0, 5), (5, 8), (8, 9), (9, 10)], cost=1338.24
  Col 11465: blocks=[(0, 5), (5, 8), (8, 9), (9, 10)], cost=1415.21
  Col 11466: blocks=[(0, 5), (5, 8), (8, 9), (9, 10)], cost=1416.65
  Col 11467: blocks=[(0, 5), (5, 8), (8, 9), (9, 10)], cost=1417.90
  Col 11468: blocks=[(0, 5), (5, 8), (8, 9), (9, 10)], cost=1419.56
  Col 11469: blocks=[(0, 5), (5, 8), (8, 9), (9, 10)], cost=1419.91
  Col 11470: blocks=[(0, 5), (5, 8), (8, 9), (9, 10)], cost=1418.24
  Col 11471: blocks=[(0, 5), (5, 8), (8, 9), (9, 10)], cost=1419.49
  Col 11472: blocks=[(0, 5), (5, 8), (8, 9), (9, 10)], cost=1421.15
  Col 11473: blocks=[(0, 5), (5, 8), (8, 9), (9, 10)], cost=1421.50
  Col 11474: blocks=[(0, 5), (5, 8), (8, 9), (9, 10)], cost=1420.94
  Col 11475: blocks=[(0, 5), (5, 8), (8, 9), (9, 10)], cost=1422.60
  Col 11476: blocks=[(0, 5), (5, 8), (8, 9), (9, 10)], cost=1422.95
  Col 11477: blocks=[(0, 5), (5, 8), (8, 9), (9, 10)], cost=1423.84
  Col 11478: blocks=[(0, 5), (5, 8), (8, 9), (9, 10)], cost=1424.19
  Col 11479: blocks=[(0, 5), (5, 8), (8, 9), (9, 10)], cost=1425.85
  Col 11480: blocks=[(0, 5), (5, 8), (8, 9), (9, 10)], cost=1499.91
  Col 11481: blocks=[(0, 5), (5, 8), (8, 9), (9, 10)], cost=1501.15
  Col 11482: blocks=[(0, 5), (5, 8), (8, 9), (9, 10)], cost=1502.81
  Col 11483: blocks=[(0, 5), (5, 8), (8, 9), (9, 10)], cost=1503.16
  Col 11484: blocks=[(0, 5), (5, 8), (8, 9), (9, 10)], cost=1502.60
  Col 11485: blocks=[(0, 5), (5, 8), (8, 9), (9, 10)], cost=1504.26
  Col 11486: blocks=[(0, 5), (5, 8), (8, 9), (9, 10)], cost=1504.61
  Col 11487: blocks=[(0, 5), (5, 8), (8, 9), (9, 10)], cost=1505.51
  Col 11488: blocks=[(0, 5), (5, 8), (8, 9), (9, 10)], cost=1505.85
  Col 11489: blocks=[(0, 5), (5, 8), (8, 9), (9, 10)], cost=1507.52
  Col 11490: blocks=[(0, 5), (5, 8), (8, 9), (9, 10)], cost=1504.19
  Col 11491: blocks=[(0, 5), (5, 8), (8, 9), (9, 10)], cost=1505.85
  Col 11492: blocks=[(0, 5), (5, 8), (8, 9), (9, 10)], cost=1506.20
  Col 11493: blocks=[(0, 5), (5, 8), (8, 9), (9, 10)], cost=1507.10
  Col 11494: blocks=[(0, 5), (5, 8), (8, 9), (9, 10)], cost=1507.44
  Col 11495: blocks=[(0, 5), (5, 8), (8, 9), (9, 10)], cost=1509.11
  Col 11496: blocks=[(0, 5), (5, 8), (8, 9), (9, 10)], cost=1508.54
  Col 11497: blocks=[(0, 5), (5, 8), (8, 9), (9, 10)], cost=1508.89
  Col 11498: blocks=[(0, 5), (5, 8), (8, 9), (9, 10)], cost=1510.56
  Col 11499: blocks=[(0, 5), (5, 8), (8, 9), (9, 10)], cost=1511.80
  Col 11500: blocks=[(0, 5), (5, 8), (8, 10)], cost=1219.23
  Col 11501: blocks=[(0, 5), (5, 8), (8, 10)], cost=1300.89
  Col 11502: blocks=[(0, 5), (5, 8), (8, 10)], cost=1302.48
  Col 11503: blocks=[(0, 5), (5, 8), (8, 10)], cost=1303.93
  Col 11504: blocks=[(0, 5), (5, 8), (8, 10)], cost=1305.17
  Col 11505: blocks=[(0, 5), (5, 8), (8, 10)], cost=1306.84
  Col 11506: blocks=[(0, 5), (5, 8), (8, 10)], cost=1307.18
  Col 11507: blocks=[(0, 5), (5, 8), (8, 10)], cost=1306.84
  Col 11508: blocks=[(0, 5), (5, 8), (8, 10)], cost=1384.15
  Col 11509: blocks=[(0, 5), (5, 8), (8, 10)], cost=1385.59
  Col 11510: blocks=[(0, 5), (5, 8), (8, 10)], cost=1386.84
  Col 11511: blocks=[(0, 5), (5, 8), (8, 10)], cost=1388.50
  Col 11512: blocks=[(0, 5), (5, 8), (8, 10)], cost=1388.85
  Col 11513: blocks=[(0, 5), (5, 8), (8, 10)], cost=1388.50
  Col 11514: blocks=[(0, 5), (5, 8), (8, 10)], cost=1387.18
  Col 11515: blocks=[(0, 5), (5, 8), (8, 10)], cost=1388.43
  Col 11516: blocks=[(0, 5), (5, 8), (8, 10)], cost=1390.09
  Col 11517: blocks=[(0, 5), (5, 8), (8, 10)], cost=1390.44
  Col 11518: blocks=[(0, 5), (5, 8), (8, 10)], cost=1390.09
  Col 11519: blocks=[(0, 5), (5, 8), (8, 10)], cost=1389.88
  Col 11520: blocks=[(0, 5), (5, 8), (8, 10)], cost=1391.54
  Col 11521: blocks=[(0, 5), (5, 8), (8, 10)], cost=1391.89
  Col 11522: blocks=[(0, 5), (5, 8), (8, 10)], cost=1391.54
  Col 11523: blocks=[(0, 5), (5, 8), (8, 10)], cost=1392.78
  Col 11524: blocks=[(0, 5), (5, 8), (8, 10)], cost=1393.13
  Col 11525: blocks=[(0, 5), (5, 8), (8, 10)], cost=1392.78
  Col 11526: blocks=[(0, 5), (5, 8), (8, 10)], cost=1394.79
  Col 11527: blocks=[(0, 5), (5, 8), (8, 10)], cost=1394.45
  Col 11528: blocks=[(0, 5), (5, 8), (8, 10)], cost=1394.79
  Col 11529: blocks=[(0, 5), (5, 8), (8, 10)], cost=1468.85
  Col 11530: blocks=[(0, 5), (5, 8), (8, 10)], cost=1470.09
  Col 11531: blocks=[(0, 5), (5, 8), (8, 10)], cost=1471.75
  Col 11532: blocks=[(0, 5), (5, 8), (8, 10)], cost=1472.10
  Col 11533: blocks=[(0, 5), (5, 8), (8, 10)], cost=1471.75
  Col 11534: blocks=[(0, 5), (5, 8), (8, 10)], cost=1471.54
  Col 11535: blocks=[(0, 5), (5, 8), (8, 10)], cost=1473.20
  Col 11536: blocks=[(0, 5), (5, 8), (8, 10)], cost=1473.55
  Col 11537: blocks=[(0, 5), (5, 8), (8, 10)], cost=1473.20
  Col 11538: blocks=[(0, 5), (5, 8), (8, 10)], cost=1474.45
  Col 11539: blocks=[(0, 5), (5, 8), (8, 10)], cost=1474.79
  Col 11540: blocks=[(0, 5), (5, 8), (8, 10)], cost=1474.45
  Col 11541: blocks=[(0, 5), (5, 8), (8, 10)], cost=1476.46
  Col 11542: blocks=[(0, 5), (5, 8), (8, 10)], cost=1476.11
  Col 11543: blocks=[(0, 5), (5, 8), (8, 10)], cost=1476.46
  Col 11544: blocks=[(0, 5), (5, 8), (8, 10)], cost=1473.13
  Col 11545: blocks=[(0, 5), (5, 8), (8, 10)], cost=1474.79
  Col 11546: blocks=[(0, 5), (5, 8), (8, 10)], cost=1475.14
  Col 11547: blocks=[(0, 5), (5, 8), (8, 10)], cost=1474.79
  Col 11548: blocks=[(0, 5), (5, 8), (8, 10)], cost=1476.04
  Col 11549: blocks=[(0, 5), (5, 8), (8, 10)], cost=1476.38
  Col 11550: blocks=[(0, 5), (5, 8), (8, 10)], cost=1476.04
  Col 11551: blocks=[(0, 5), (5, 8), (8, 10)], cost=1478.05
  Col 11552: blocks=[(0, 5), (5, 8), (8, 10)], cost=1477.70
  Col 11553: blocks=[(0, 5), (5, 8), (8, 10)], cost=1478.05
  Col 11554: blocks=[(0, 5), (5, 8), (8, 10)], cost=1477.48
  Col 11555: blocks=[(0, 5), (5, 8), (8, 10)], cost=1477.83
  Col 11556: blocks=[(0, 5), (5, 8), (8, 10)], cost=1477.48
  Col 11557: blocks=[(0, 5), (5, 8), (8, 10)], cost=1479.50
  Col 11558: blocks=[(0, 5), (5, 8), (8, 10)], cost=1479.15
  Col 11559: blocks=[(0, 5), (5, 8), (8, 10)], cost=1479.50
  Col 11560: blocks=[(0, 5), (5, 8), (8, 10)], cost=1480.74
  Col 11561: blocks=[(0, 5), (5, 8), (8, 10)], cost=1480.39
  Col 11562: blocks=[(0, 5), (5, 8), (8, 10)], cost=1480.74
  Col 11563: blocks=[(0, 5), (5, 8), (8, 10)], cost=1482.40
  Col 11564: blocks=[(0, 5), (5, 9), (9, 10)], cost=1192.74
  Col 11565: blocks=[(0, 5), (5, 9), (9, 10)], cost=1274.40
  Col 11566: blocks=[(0, 5), (5, 9), (9, 10)], cost=1275.99
  Col 11567: blocks=[(0, 5), (5, 9), (9, 10)], cost=1277.44
  Col 11568: blocks=[(0, 5), (5, 9), (9, 10)], cost=1278.68
  Col 11569: blocks=[(0, 5), (5, 9), (9, 10)], cost=1280.34
  Col 11570: blocks=[(0, 5), (5, 9), (9, 10)], cost=1280.69
  Col 11571: blocks=[(0, 5), (5, 9), (9, 10)], cost=1280.69
  Col 11572: blocks=[(0, 5), (5, 9), (9, 10)], cost=1357.65
  Col 11573: blocks=[(0, 5), (5, 9), (9, 10)], cost=1359.10
  Col 11574: blocks=[(0, 5), (5, 9), (9, 10)], cost=1360.34
  Col 11575: blocks=[(0, 5), (5, 9), (9, 10)], cost=1362.01
  Col 11576: blocks=[(0, 5), (5, 9), (9, 10)], cost=1362.36
  Col 11577: blocks=[(0, 5), (5, 9), (9, 10)], cost=1362.36
  Col 11578: blocks=[(0, 5), (5, 9), (9, 10)], cost=1360.69
  Col 11579: blocks=[(0, 5), (5, 9), (9, 10)], cost=1361.93
  Col 11580: blocks=[(0, 5), (5, 9), (9, 10)], cost=1363.60
  Col 11581: blocks=[(0, 5), (5, 9), (9, 10)], cost=1363.95
  Col 11582: blocks=[(0, 5), (5, 9), (9, 10)], cost=1363.95
  Col 11583: blocks=[(0, 5), (5, 9), (9, 10)], cost=1363.38
  Col 11584: blocks=[(0, 5), (5, 9), (9, 10)], cost=1365.05
  Col 11585: blocks=[(0, 5), (5, 9), (9, 10)], cost=1365.39
  Col 11586: blocks=[(0, 5), (5, 9), (9, 10)], cost=1365.39
  Col 11587: blocks=[(0, 5), (5, 9), (9, 10)], cost=1366.29
  Col 11588: blocks=[(0, 5), (5, 9), (9, 10)], cost=1366.64
  Col 11589: blocks=[(0, 5), (5, 9), (9, 10)], cost=1366.64
  Col 11590: blocks=[(0, 5), (5, 9), (9, 10)], cost=1368.30
  Col 11591: blocks=[(0, 5), (5, 9), (9, 10)], cost=1368.30
  Col 11592: blocks=[(0, 5), (5, 9), (9, 10)], cost=1368.65
  Col 11593: blocks=[(0, 5), (5, 9), (9, 10)], cost=1442.36
  Col 11594: blocks=[(0, 5), (5, 9), (9, 10)], cost=1443.60
  Col 11595: blocks=[(0, 5), (5, 9), (9, 10)], cost=1445.26
  Col 11596: blocks=[(0, 5), (5, 9), (9, 10)], cost=1445.61
  Col 11597: blocks=[(0, 5), (5, 9), (9, 10)], cost=1445.61
  Col 11598: blocks=[(0, 5), (5, 9), (9, 10)], cost=1445.05
  Col 11599: blocks=[(0, 5), (5, 9), (9, 10)], cost=1446.71
  Col 11600: blocks=[(0, 5), (5, 9), (9, 10)], cost=1447.06
  Col 11601: blocks=[(0, 5), (5, 9), (9, 10)], cost=1447.06
  Col 11602: blocks=[(0, 5), (5, 9), (9, 10)], cost=1447.95
  Col 11603: blocks=[(0, 5), (5, 9), (9, 10)], cost=1448.30
  Col 11604: blocks=[(0, 5), (5, 9), (9, 10)], cost=1448.30
  Col 11605: blocks=[(0, 5), (5, 9), (9, 10)], cost=1449.96
  Col 11606: blocks=[(0, 5), (5, 9), (9, 10)], cost=1449.96
  Col 11607: blocks=[(0, 5), (5, 9), (9, 10)], cost=1450.31
  Col 11608: blocks=[(0, 5), (5, 9), (9, 10)], cost=1446.64
  Col 11609: blocks=[(0, 5), (5, 9), (9, 10)], cost=1448.30
  Col 11610: blocks=[(0, 5), (5, 9), (9, 10)], cost=1448.65
  Col 11611: blocks=[(0, 5), (5, 9), (9, 10)], cost=1448.65
  Col 11612: blocks=[(0, 5), (5, 9), (9, 10)], cost=1449.54
  Col 11613: blocks=[(0, 5), (5, 9), (9, 10)], cost=1449.89
  Col 11614: blocks=[(0, 5), (5, 9), (9, 10)], cost=1449.89
  Col 11615: blocks=[(0, 5), (5, 9), (9, 10)], cost=1451.55
  Col 11616: blocks=[(0, 5), (5, 9), (9, 10)], cost=1451.55
  Col 11617: blocks=[(0, 5), (5, 9), (9, 10)], cost=1451.90
  Col 11618: blocks=[(0, 5), (5, 9), (9, 10)], cost=1450.99
  Col 11619: blocks=[(0, 5), (5, 9), (9, 10)], cost=1451.34
  Col 11620: blocks=[(0, 5), (5, 9), (9, 10)], cost=1451.34
  Col 11621: blocks=[(0, 5), (5, 9), (9, 10)], cost=1453.00
  Col 11622: blocks=[(0, 5), (5, 9), (9, 10)], cost=1453.00
  Col 11623: blocks=[(0, 5), (5, 9), (9, 10)], cost=1453.35
  Col 11624: blocks=[(0, 5), (5, 9), (9, 10)], cost=1454.25
  Col 11625: blocks=[(0, 5), (5, 9), (9, 10)], cost=1454.25
  Col 11626: blocks=[(0, 5), (5, 9), (9, 10)], cost=1454.59
  Col 11627: blocks=[(0, 5), (5, 9), (9, 10)], cost=1456.26
  Col 11628: blocks=[(0, 5), (5, 10)], cost=1193.56
  Col 11629: blocks=[(0, 5), (5, 10)], cost=1275.23
  Col 11630: blocks=[(0, 5), (5, 10)], cost=1276.82
  Col 11631: blocks=[(0, 5), (5, 10)], cost=1278.26
  Col 11632: blocks=[(0, 5), (5, 10)], cost=1279.51
  Col 11633: blocks=[(0, 5), (5, 10)], cost=1281.17
  Col 11634: blocks=[(0, 5), (5, 10)], cost=1281.52
  Col 11635: blocks=[(0, 5), (5, 10)], cost=1281.52
  Col 11636: blocks=[(0, 5), (5, 10)], cost=1281.17
  Col 11637: blocks=[(0, 5), (5, 10)], cost=1358.48
  Col 11638: blocks=[(0, 5), (5, 10)], cost=1359.93
  Col 11639: blocks=[(0, 5), (5, 10)], cost=1361.17
  Col 11640: blocks=[(0, 5), (5, 10)], cost=1362.83
  Col 11641: blocks=[(0, 5), (5, 10)], cost=1363.18
  Col 11642: blocks=[(0, 5), (5, 10)], cost=1363.18
  Col 11643: blocks=[(0, 5), (5, 10)], cost=1362.83
  Col 11644: blocks=[(0, 5), (5, 10)], cost=1361.52
  Col 11645: blocks=[(0, 5), (5, 10)], cost=1362.76
  Col 11646: blocks=[(0, 5), (5, 10)], cost=1364.42
  Col 11647: blocks=[(0, 5), (5, 10)], cost=1364.77
  Col 11648: blocks=[(0, 5), (5, 10)], cost=1364.77
  Col 11649: blocks=[(0, 5), (5, 10)], cost=1364.42
  Col 11650: blocks=[(0, 5), (5, 10)], cost=1364.21
  Col 11651: blocks=[(0, 5), (5, 10)], cost=1365.87
  Col 11652: blocks=[(0, 5), (5, 10)], cost=1366.22
  Col 11653: blocks=[(0, 5), (5, 10)], cost=1366.22
  Col 11654: blocks=[(0, 5), (5, 10)], cost=1365.87
  Col 11655: blocks=[(0, 5), (5, 10)], cost=1367.12
  Col 11656: blocks=[(0, 5), (5, 10)], cost=1367.46
  Col 11657: blocks=[(0, 5), (5, 10)], cost=1367.46
  Col 11658: blocks=[(0, 5), (5, 10)], cost=1367.12
  Col 11659: blocks=[(0, 5), (5, 10)], cost=1369.13
  Col 11660: blocks=[(0, 5), (5, 10)], cost=1369.13
  Col 11661: blocks=[(0, 5), (5, 10)], cost=1368.78
  Col 11662: blocks=[(0, 5), (5, 10)], cost=1369.47
  Col 11663: blocks=[(0, 5), (5, 10)], cost=1369.13
  Col 11664: blocks=[(0, 5), (5, 10)], cost=1369.13
  Col 11665: blocks=[(0, 5), (5, 10)], cost=1443.18
  Col 11666: blocks=[(0, 5), (5, 10)], cost=1444.42
  Col 11667: blocks=[(0, 5), (5, 10)], cost=1446.09
  Col 11668: blocks=[(0, 5), (5, 10)], cost=1446.44
  Col 11669: blocks=[(0, 5), (5, 10)], cost=1446.44
  Col 11670: blocks=[(0, 5), (5, 10)], cost=1446.09
  Col 11671: blocks=[(0, 5), (5, 10)], cost=1445.87
  Col 11672: blocks=[(0, 5), (5, 10)], cost=1447.54
  Col 11673: blocks=[(0, 5), (5, 10)], cost=1447.88
  Col 11674: blocks=[(0, 5), (5, 10)], cost=1447.88
  Col 11675: blocks=[(0, 5), (5, 10)], cost=1447.54
  Col 11676: blocks=[(0, 5), (5, 10)], cost=1448.78
  Col 11677: blocks=[(0, 5), (5, 10)], cost=1449.13
  Col 11678: blocks=[(0, 5), (5, 10)], cost=1449.13
  Col 11679: blocks=[(0, 5), (5, 10)], cost=1448.78
  Col 11680: blocks=[(0, 5), (5, 10)], cost=1450.79
  Col 11681: blocks=[(0, 5), (5, 10)], cost=1450.79
  Col 11682: blocks=[(0, 5), (5, 10)], cost=1450.44
  Col 11683: blocks=[(0, 5), (5, 10)], cost=1451.14
  Col 11684: blocks=[(0, 5), (5, 10)], cost=1450.79
  Col 11685: blocks=[(0, 5), (5, 10)], cost=1450.79
  Col 11686: blocks=[(0, 5), (5, 10)], cost=1447.46
  Col 11687: blocks=[(0, 5), (5, 10)], cost=1449.13
  Col 11688: blocks=[(0, 5), (5, 10)], cost=1449.47
  Col 11689: blocks=[(0, 5), (5, 10)], cost=1449.47
  Col 11690: blocks=[(0, 5), (5, 10)], cost=1449.13
  Col 11691: blocks=[(0, 5), (5, 10)], cost=1450.37
  Col 11692: blocks=[(0, 5), (5, 10)], cost=1450.72
  Col 11693: blocks=[(0, 5), (5, 10)], cost=1450.72
  Col 11694: blocks=[(0, 5), (5, 10)], cost=1450.37
  Col 11695: blocks=[(0, 5), (5, 10)], cost=1452.38
  Col 11696: blocks=[(0, 5), (5, 10)], cost=1452.38
  Col 11697: blocks=[(0, 5), (5, 10)], cost=1452.03
  Col 11698: blocks=[(0, 5), (5, 10)], cost=1452.73
  Col 11699: blocks=[(0, 5), (5, 10)], cost=1452.38
  Col 11700: blocks=[(0, 5), (5, 10)], cost=1452.38
  Col 11701: blocks=[(0, 5), (5, 10)], cost=1451.82
  Col 11702: blocks=[(0, 5), (5, 10)], cost=1452.17
  Col 11703: blocks=[(0, 5), (5, 10)], cost=1452.17
  Col 11704: blocks=[(0, 5), (5, 10)], cost=1451.82
  Col 11705: blocks=[(0, 5), (5, 10)], cost=1453.83
  Col 11706: blocks=[(0, 5), (5, 10)], cost=1453.83
  Col 11707: blocks=[(0, 5), (5, 10)], cost=1453.48
  Col 11708: blocks=[(0, 5), (5, 10)], cost=1454.18
  Col 11709: blocks=[(0, 5), (5, 10)], cost=1453.83
  Col 11710: blocks=[(0, 5), (5, 10)], cost=1453.83
  Col 11711: blocks=[(0, 5), (5, 10)], cost=1455.07
  Col 11712: blocks=[(0, 5), (5, 10)], cost=1455.07
  Col 11713: blocks=[(0, 5), (5, 10)], cost=1454.72
  Col 11714: blocks=[(0, 5), (5, 10)], cost=1455.42
  Col 11715: blocks=[(0, 5), (5, 10)], cost=1455.07
  Col 11716: blocks=[(0, 5), (5, 10)], cost=1455.07
  Col 11717: blocks=[(0, 5), (5, 10)], cost=1457.08
  Col 11718: blocks=[(0, 5), (5, 10)], cost=1456.74
  Col 11719: blocks=[(0, 5), (5, 10)], cost=1456.74
  Col 11720: blocks=[(0, 5), (5, 10)], cost=1457.08
  Col 11721: blocks=[(0, 6), (6, 7), (7, 8), (8, 9), (9, 10)], cost=1355.13
  Col 11722: blocks=[(0, 6), (6, 7), (7, 8), (8, 9), (9, 10)], cost=1436.79
  Col 11723: blocks=[(0, 6), (6, 7), (7, 8), (8, 9), (9, 10)], cost=1438.38
  Col 11724: blocks=[(0, 6), (6, 7), (7, 8), (8, 9), (9, 10)], cost=1439.83
  Col 11725: blocks=[(0, 6), (6, 7), (7, 8), (8, 9), (9, 10)], cost=1441.07
  Col 11726: blocks=[(0, 6), (6, 7), (7, 8), (8, 9), (9, 10)], cost=1442.06
  Col 11727: blocks=[(0, 6), (6, 7), (7, 8), (8, 9), (9, 10)], cost=1520.05
  Col 11728: blocks=[(0, 6), (6, 7), (7, 8), (8, 9), (9, 10)], cost=1521.49
  Col 11729: blocks=[(0, 6), (6, 7), (7, 8), (8, 9), (9, 10)], cost=1522.74
  Col 11730: blocks=[(0, 6), (6, 7), (7, 8), (8, 9), (9, 10)], cost=1523.72
  Col 11731: blocks=[(0, 6), (6, 7), (7, 8), (8, 9), (9, 10)], cost=1523.08
  Col 11732: blocks=[(0, 6), (6, 7), (7, 8), (8, 9), (9, 10)], cost=1524.33
  Col 11733: blocks=[(0, 6), (6, 7), (7, 8), (8, 9), (9, 10)], cost=1525.31
  Col 11734: blocks=[(0, 6), (6, 7), (7, 8), (8, 9), (9, 10)], cost=1525.78
  Col 11735: blocks=[(0, 6), (6, 7), (7, 8), (8, 9), (9, 10)], cost=1526.76
  Col 11736: blocks=[(0, 6), (6, 7), (7, 8), (8, 9), (9, 10)], cost=1528.00
  Col 11737: blocks=[(0, 6), (6, 7), (7, 8), (8, 9), (9, 10)], cost=1604.75
  Col 11738: blocks=[(0, 6), (6, 7), (7, 8), (8, 9), (9, 10)], cost=1605.99
  Col 11739: blocks=[(0, 6), (6, 7), (7, 8), (8, 9), (9, 10)], cost=1606.97
  Col 11740: blocks=[(0, 6), (6, 7), (7, 8), (8, 9), (9, 10)], cost=1607.44
  Col 11741: blocks=[(0, 6), (6, 7), (7, 8), (8, 9), (9, 10)], cost=1608.42
  Col 11742: blocks=[(0, 6), (6, 7), (7, 8), (8, 9), (9, 10)], cost=1609.67
  Col 11743: blocks=[(0, 6), (6, 7), (7, 8), (8, 9), (9, 10)], cost=1609.03
  Col 11744: blocks=[(0, 6), (6, 7), (7, 8), (8, 9), (9, 10)], cost=1610.01
  Col 11745: blocks=[(0, 6), (6, 7), (7, 8), (8, 9), (9, 10)], cost=1611.26
  Col 11746: blocks=[(0, 6), (6, 7), (7, 8), (8, 9), (9, 10)], cost=1612.70
  Col 11747: blocks=[(0, 6), (6, 7), (7, 8), (8, 10)], cost=1324.07
  Col 11748: blocks=[(0, 6), (6, 7), (7, 8), (8, 10)], cost=1405.73
  Col 11749: blocks=[(0, 6), (6, 7), (7, 8), (8, 10)], cost=1407.32
  Col 11750: blocks=[(0, 6), (6, 7), (7, 8), (8, 10)], cost=1408.77
  Col 11751: blocks=[(0, 6), (6, 7), (7, 8), (8, 10)], cost=1410.01
  Col 11752: blocks=[(0, 6), (6, 7), (7, 8), (8, 10)], cost=1411.00
  Col 11753: blocks=[(0, 6), (6, 7), (7, 8), (8, 10)], cost=1411.68
  Col 11754: blocks=[(0, 6), (6, 7), (7, 8), (8, 10)], cost=1488.99
  Col 11755: blocks=[(0, 6), (6, 7), (7, 8), (8, 10)], cost=1490.43
  Col 11756: blocks=[(0, 6), (6, 7), (7, 8), (8, 10)], cost=1491.68
  Col 11757: blocks=[(0, 6), (6, 7), (7, 8), (8, 10)], cost=1492.66
  Col 11758: blocks=[(0, 6), (6, 7), (7, 8), (8, 10)], cost=1493.34
  Col 11759: blocks=[(0, 6), (6, 7), (7, 8), (8, 10)], cost=1492.02
  Col 11760: blocks=[(0, 6), (6, 7), (7, 8), (8, 10)], cost=1493.27
  Col 11761: blocks=[(0, 6), (6, 7), (7, 8), (8, 10)], cost=1494.25
  Col 11762: blocks=[(0, 6), (6, 7), (7, 8), (8, 10)], cost=1494.93
  Col 11763: blocks=[(0, 6), (6, 7), (7, 8), (8, 10)], cost=1494.72
  Col 11764: blocks=[(0, 6), (6, 7), (7, 8), (8, 10)], cost=1495.70
  Col 11765: blocks=[(0, 6), (6, 7), (7, 8), (8, 10)], cost=1496.38
  Col 11766: blocks=[(0, 6), (6, 7), (7, 8), (8, 10)], cost=1496.94
  Col 11767: blocks=[(0, 6), (6, 7), (7, 8), (8, 10)], cost=1497.62
  Col 11768: blocks=[(0, 6), (6, 7), (7, 8), (8, 10)], cost=1498.61
  Col 11769: blocks=[(0, 6), (6, 7), (7, 8), (8, 10)], cost=1573.69
  Col 11770: blocks=[(0, 6), (6, 7), (7, 8), (8, 10)], cost=1574.93
  Col 11771: blocks=[(0, 6), (6, 7), (7, 8), (8, 10)], cost=1575.91
  Col 11772: blocks=[(0, 6), (6, 7), (7, 8), (8, 10)], cost=1576.59
  Col 11773: blocks=[(0, 6), (6, 7), (7, 8), (8, 10)], cost=1576.38
  Col 11774: blocks=[(0, 6), (6, 7), (7, 8), (8, 10)], cost=1577.36
  Col 11775: blocks=[(0, 6), (6, 7), (7, 8), (8, 10)], cost=1578.04
  Col 11776: blocks=[(0, 6), (6, 7), (7, 8), (8, 10)], cost=1578.61
  Col 11777: blocks=[(0, 6), (6, 7), (7, 8), (8, 10)], cost=1579.29
  Col 11778: blocks=[(0, 6), (6, 7), (7, 8), (8, 10)], cost=1580.27
  Col 11779: blocks=[(0, 6), (6, 7), (7, 8), (8, 10)], cost=1577.97
  Col 11780: blocks=[(0, 6), (6, 7), (7, 8), (8, 10)], cost=1578.95
  Col 11781: blocks=[(0, 6), (6, 7), (7, 8), (8, 10)], cost=1579.63
  Col 11782: blocks=[(0, 6), (6, 7), (7, 8), (8, 10)], cost=1580.20
  Col 11783: blocks=[(0, 6), (6, 7), (7, 8), (8, 10)], cost=1580.88
  Col 11784: blocks=[(0, 6), (6, 7), (7, 8), (8, 10)], cost=1581.86
  Col 11785: blocks=[(0, 6), (6, 7), (7, 8), (8, 10)], cost=1581.64
  Col 11786: blocks=[(0, 6), (6, 7), (7, 8), (8, 10)], cost=1582.32
  Col 11787: blocks=[(0, 6), (6, 7), (7, 8), (8, 10)], cost=1583.31
  Col 11788: blocks=[(0, 6), (6, 7), (7, 8), (8, 10)], cost=1584.55
  Col 11789: blocks=[(0, 6), (6, 7), (7, 9), (9, 10)], cost=1226.11
  Col 11790: blocks=[(0, 6), (6, 7), (7, 9), (9, 10)], cost=1307.77
  Col 11791: blocks=[(0, 6), (6, 7), (7, 9), (9, 10)], cost=1309.36
  Col 11792: blocks=[(0, 6), (6, 7), (7, 9), (9, 10)], cost=1310.81
  Col 11793: blocks=[(0, 6), (6, 7), (7, 9), (9, 10)], cost=1312.05
  Col 11794: blocks=[(0, 6), (6, 7), (7, 9), (9, 10)], cost=1313.03
  Col 11795: blocks=[(0, 6), (6, 7), (7, 9), (9, 10)], cost=1314.06
  Col 11796: blocks=[(0, 6), (6, 7), (7, 9), (9, 10)], cost=1391.02
  Col 11797: blocks=[(0, 6), (6, 7), (7, 9), (9, 10)], cost=1392.47
  Col 11798: blocks=[(0, 6), (6, 7), (7, 9), (9, 10)], cost=1393.71
  Col 11799: blocks=[(0, 6), (6, 7), (7, 9), (9, 10)], cost=1394.70
  Col 11800: blocks=[(0, 6), (6, 7), (7, 9), (9, 10)], cost=1395.73
  Col 11801: blocks=[(0, 6), (6, 7), (7, 9), (9, 10)], cost=1394.06
  Col 11802: blocks=[(0, 6), (6, 7), (7, 9), (9, 10)], cost=1395.31
  Col 11803: blocks=[(0, 6), (6, 7), (7, 9), (9, 10)], cost=1396.29
  Col 11804: blocks=[(0, 6), (6, 7), (7, 9), (9, 10)], cost=1397.32
  Col 11805: blocks=[(0, 6), (6, 7), (7, 9), (9, 10)], cost=1396.75
  Col 11806: blocks=[(0, 6), (6, 7), (7, 9), (9, 10)], cost=1397.74
  Col 11807: blocks=[(0, 6), (6, 7), (7, 9), (9, 10)], cost=1398.76
  Col 11808: blocks=[(0, 6), (6, 7), (7, 9), (9, 10)], cost=1398.98
  Col 11809: blocks=[(0, 6), (6, 7), (7, 9), (9, 10)], cost=1400.01
  Col 11810: blocks=[(0, 6), (6, 7), (7, 9), (9, 10)], cost=1400.99
  Col 11811: blocks=[(0, 6), (6, 7), (7, 9), (9, 10)], cost=1475.73
  Col 11812: blocks=[(0, 6), (6, 7), (7, 9), (9, 10)], cost=1476.97
  Col 11813: blocks=[(0, 6), (6, 7), (7, 9), (9, 10)], cost=1477.95
  Col 11814: blocks=[(0, 6), (6, 7), (7, 9), (9, 10)], cost=1478.98
  Col 11815: blocks=[(0, 6), (6, 7), (7, 9), (9, 10)], cost=1478.42
  Col 11816: blocks=[(0, 6), (6, 7), (7, 9), (9, 10)], cost=1479.40
  Col 11817: blocks=[(0, 6), (6, 7), (7, 9), (9, 10)], cost=1480.43
  Col 11818: blocks=[(0, 6), (6, 7), (7, 9), (9, 10)], cost=1480.64
  Col 11819: blocks=[(0, 6), (6, 7), (7, 9), (9, 10)], cost=1481.67
  Col 11820: blocks=[(0, 6), (6, 7), (7, 9), (9, 10)], cost=1482.65
  Col 11821: blocks=[(0, 6), (6, 7), (7, 9), (9, 10)], cost=1480.01
  Col 11822: blocks=[(0, 6), (6, 7), (7, 9), (9, 10)], cost=1480.99
  Col 11823: blocks=[(0, 6), (6, 7), (7, 9), (9, 10)], cost=1482.02
  Col 11824: blocks=[(0, 6), (6, 7), (7, 9), (9, 10)], cost=1482.23
  Col 11825: blocks=[(0, 6), (6, 7), (7, 9), (9, 10)], cost=1483.26
  Col 11826: blocks=[(0, 6), (6, 7), (7, 9), (9, 10)], cost=1484.24
  Col 11827: blocks=[(0, 6), (6, 7), (7, 9), (9, 10)], cost=1483.68
  Col 11828: blocks=[(0, 6), (6, 7), (7, 9), (9, 10)], cost=1484.71
  Col 11829: blocks=[(0, 6), (6, 7), (7, 9), (9, 10)], cost=1485.69
  Col 11830: blocks=[(0, 6), (6, 7), (7, 9), (9, 10)], cost=1486.94
  Col 11831: blocks=[(0, 6), (6, 7), (7, 10)], cost=1151.98
  Col 11832: blocks=[(0, 6), (6, 7), (7, 10)], cost=1233.64
  Col 11833: blocks=[(0, 6), (6, 7), (7, 10)], cost=1235.23
  Col 11834: blocks=[(0, 6), (6, 7), (7, 10)], cost=1236.68
  Col 11835: blocks=[(0, 6), (6, 7), (7, 10)], cost=1237.92
  Col 11836: blocks=[(0, 6), (6, 7), (7, 10)], cost=1238.91
  Col 11837: blocks=[(0, 6), (6, 7), (7, 10)], cost=1239.93
  Col 11838: blocks=[(0, 6), (6, 7), (7, 10)], cost=1239.59
  Col 11839: blocks=[(0, 6), (6, 7), (7, 10)], cost=1316.89
  Col 11840: blocks=[(0, 6), (6, 7), (7, 10)], cost=1318.34
  Col 11841: blocks=[(0, 6), (6, 7), (7, 10)], cost=1319.59
  Col 11842: blocks=[(0, 6), (6, 7), (7, 10)], cost=1320.57
  Col 11843: blocks=[(0, 6), (6, 7), (7, 10)], cost=1321.60
  Col 11844: blocks=[(0, 6), (6, 7), (7, 10)], cost=1321.25
  Col 11845: blocks=[(0, 6), (6, 7), (7, 10)], cost=1319.93
  Col 11846: blocks=[(0, 6), (6, 7), (7, 10)], cost=1321.18
  Col 11847: blocks=[(0, 6), (6, 7), (7, 10)], cost=1322.16
  Col 11848: blocks=[(0, 6), (6, 7), (7, 10)], cost=1323.19
  Col 11849: blocks=[(0, 6), (6, 7), (7, 10)], cost=1322.84
  Col 11850: blocks=[(0, 6), (6, 7), (7, 10)], cost=1322.62
  Col 11851: blocks=[(0, 6), (6, 7), (7, 10)], cost=1323.61
  Col 11852: blocks=[(0, 6), (6, 7), (7, 10)], cost=1324.64
  Col 11853: blocks=[(0, 6), (6, 7), (7, 10)], cost=1324.29
  Col 11854: blocks=[(0, 6), (6, 7), (7, 10)], cost=1324.85
  Col 11855: blocks=[(0, 6), (6, 7), (7, 10)], cost=1325.88
  Col 11856: blocks=[(0, 6), (6, 7), (7, 10)], cost=1325.53
  Col 11857: blocks=[(0, 6), (6, 7), (7, 10)], cost=1326.86
  Col 11858: blocks=[(0, 6), (6, 7), (7, 10)], cost=1326.51
  Col 11859: blocks=[(0, 6), (6, 7), (7, 10)], cost=1327.54
  Col 11860: blocks=[(0, 6), (6, 7), (7, 10)], cost=1401.60
  Col 11861: blocks=[(0, 6), (6, 7), (7, 10)], cost=1402.84
  Col 11862: blocks=[(0, 6), (6, 7), (7, 10)], cost=1403.82
  Col 11863: blocks=[(0, 6), (6, 7), (7, 10)], cost=1404.85
  Col 11864: blocks=[(0, 6), (6, 7), (7, 10)], cost=1404.50
  Col 11865: blocks=[(0, 6), (6, 7), (7, 10)], cost=1404.29
  Col 11866: blocks=[(0, 6), (6, 7), (7, 10)], cost=1405.27
  Col 11867: blocks=[(0, 6), (6, 7), (7, 10)], cost=1406.30
  Col 11868: blocks=[(0, 6), (6, 7), (7, 10)], cost=1405.95
  Col 11869: blocks=[(0, 6), (6, 7), (7, 10)], cost=1406.51
  Col 11870: blocks=[(0, 6), (6, 7), (7, 10)], cost=1407.54
  Col 11871: blocks=[(0, 6), (6, 7), (7, 10)], cost=1407.19
  Col 11872: blocks=[(0, 6), (6, 7), (7, 10)], cost=1408.52
  Col 11873: blocks=[(0, 6), (6, 7), (7, 10)], cost=1408.18
  Col 11874: blocks=[(0, 6), (6, 7), (7, 10)], cost=1409.20
  Col 11875: blocks=[(0, 6), (6, 7), (7, 10)], cost=1405.88
  Col 11876: blocks=[(0, 6), (6, 7), (7, 10)], cost=1406.86
  Col 11877: blocks=[(0, 6), (6, 7), (7, 10)], cost=1407.89
  Col 11878: blocks=[(0, 6), (6, 7), (7, 10)], cost=1407.54
  Col 11879: blocks=[(0, 6), (6, 7), (7, 10)], cost=1408.10
  Col 11880: blocks=[(0, 6), (6, 7), (7, 10)], cost=1409.13
  Col 11881: blocks=[(0, 6), (6, 7), (7, 10)], cost=1408.78
  Col 11882: blocks=[(0, 6), (6, 7), (7, 10)], cost=1410.12
  Col 11883: blocks=[(0, 6), (6, 7), (7, 10)], cost=1409.77
  Col 11884: blocks=[(0, 6), (6, 7), (7, 10)], cost=1410.80
  Col 11885: blocks=[(0, 6), (6, 7), (7, 10)], cost=1409.55
  Col 11886: blocks=[(0, 6), (6, 7), (7, 10)], cost=1410.58
  Col 11887: blocks=[(0, 6), (6, 7), (7, 10)], cost=1410.23
  Col 11888: blocks=[(0, 6), (6, 7), (7, 10)], cost=1411.56
  Col 11889: blocks=[(0, 6), (6, 7), (7, 10)], cost=1411.22
  Col 11890: blocks=[(0, 6), (6, 7), (7, 10)], cost=1412.24
  Col 11891: blocks=[(0, 6), (6, 7), (7, 10)], cost=1412.81
  Col 11892: blocks=[(0, 6), (6, 7), (7, 10)], cost=1412.46
  Col 11893: blocks=[(0, 6), (6, 7), (7, 10)], cost=1413.49
  Col 11894: blocks=[(0, 6), (6, 7), (7, 10)], cost=1414.47
  Col 11895: blocks=[(0, 6), (6, 8), (8, 9), (9, 10)], cost=1276.92
  Col 11896: blocks=[(0, 6), (6, 8), (8, 9), (9, 10)], cost=1358.58
  Col 11897: blocks=[(0, 6), (6, 8), (8, 9), (9, 10)], cost=1360.17
  Col 11898: blocks=[(0, 6), (6, 8), (8, 9), (9, 10)], cost=1361.62
  Col 11899: blocks=[(0, 6), (6, 8), (8, 9), (9, 10)], cost=1362.86
  Col 11900: blocks=[(0, 6), (6, 8), (8, 9), (9, 10)], cost=1363.84
  Col 11901: blocks=[(0, 6), (6, 8), (8, 9), (9, 10)], cost=1364.87
  Col 11902: blocks=[(0, 6), (6, 8), (8, 9), (9, 10)], cost=1441.83
  Col 11903: blocks=[(0, 6), (6, 8), (8, 9), (9, 10)], cost=1443.28
  Col 11904: blocks=[(0, 6), (6, 8), (8, 9), (9, 10)], cost=1444.52
  Col 11905: blocks=[(0, 6), (6, 8), (8, 9), (9, 10)], cost=1445.51
  Col 11906: blocks=[(0, 6), (6, 8), (8, 9), (9, 10)], cost=1446.54
  Col 11907: blocks=[(0, 6), (6, 8), (8, 9), (9, 10)], cost=1444.87
  Col 11908: blocks=[(0, 6), (6, 8), (8, 9), (9, 10)], cost=1446.12
  Col 11909: blocks=[(0, 6), (6, 8), (8, 9), (9, 10)], cost=1447.10
  Col 11910: blocks=[(0, 6), (6, 8), (8, 9), (9, 10)], cost=1448.13
  Col 11911: blocks=[(0, 6), (6, 8), (8, 9), (9, 10)], cost=1447.56
  Col 11912: blocks=[(0, 6), (6, 8), (8, 9), (9, 10)], cost=1448.55
  Col 11913: blocks=[(0, 6), (6, 8), (8, 9), (9, 10)], cost=1449.57
  Col 11914: blocks=[(0, 6), (6, 8), (8, 9), (9, 10)], cost=1449.79
  Col 11915: blocks=[(0, 6), (6, 8), (8, 9), (9, 10)], cost=1450.82
  Col 11916: blocks=[(0, 6), (6, 8), (8, 9), (9, 10)], cost=1451.80
  Col 11917: blocks=[(0, 6), (6, 8), (8, 9), (9, 10)], cost=1526.54
  Col 11918: blocks=[(0, 6), (6, 8), (8, 9), (9, 10)], cost=1527.78
  Col 11919: blocks=[(0, 6), (6, 8), (8, 9), (9, 10)], cost=1528.76
  Col 11920: blocks=[(0, 6), (6, 8), (8, 9), (9, 10)], cost=1529.79
  Col 11921: blocks=[(0, 6), (6, 8), (8, 9), (9, 10)], cost=1529.23
  Col 11922: blocks=[(0, 6), (6, 8), (8, 9), (9, 10)], cost=1530.21
  Col 11923: blocks=[(0, 6), (6, 8), (8, 9), (9, 10)], cost=1531.24
  Col 11924: blocks=[(0, 6), (6, 8), (8, 9), (9, 10)], cost=1531.45
  Col 11925: blocks=[(0, 6), (6, 8), (8, 9), (9, 10)], cost=1532.48
  Col 11926: blocks=[(0, 6), (6, 8), (8, 9), (9, 10)], cost=1533.46
  Col 11927: blocks=[(0, 6), (6, 8), (8, 9), (9, 10)], cost=1530.82
  Col 11928: blocks=[(0, 6), (6, 8), (8, 9), (9, 10)], cost=1531.80
  Col 11929: blocks=[(0, 6), (6, 8), (8, 9), (9, 10)], cost=1532.83
  Col 11930: blocks=[(0, 6), (6, 8), (8, 9), (9, 10)], cost=1533.04
  Col 11931: blocks=[(0, 6), (6, 8), (8, 9), (9, 10)], cost=1534.07
  Col 11932: blocks=[(0, 6), (6, 8), (8, 9), (9, 10)], cost=1535.05
  Col 11933: blocks=[(0, 6), (6, 8), (8, 9), (9, 10)], cost=1534.49
  Col 11934: blocks=[(0, 6), (6, 8), (8, 9), (9, 10)], cost=1535.52
  Col 11935: blocks=[(0, 6), (6, 8), (8, 9), (9, 10)], cost=1536.50
  Col 11936: blocks=[(0, 6), (6, 8), (8, 9), (9, 10)], cost=1537.75
  Col 11937: blocks=[(0, 6), (6, 8), (8, 10)], cost=1245.86
  Col 11938: blocks=[(0, 6), (6, 8), (8, 10)], cost=1327.52
  Col 11939: blocks=[(0, 6), (6, 8), (8, 10)], cost=1329.11
  Col 11940: blocks=[(0, 6), (6, 8), (8, 10)], cost=1330.56
  Col 11941: blocks=[(0, 6), (6, 8), (8, 10)], cost=1331.80
  Col 11942: blocks=[(0, 6), (6, 8), (8, 10)], cost=1332.78
  Col 11943: blocks=[(0, 6), (6, 8), (8, 10)], cost=1333.81
  Col 11944: blocks=[(0, 6), (6, 8), (8, 10)], cost=1333.46
  Col 11945: blocks=[(0, 6), (6, 8), (8, 10)], cost=1410.77
  Col 11946: blocks=[(0, 6), (6, 8), (8, 10)], cost=1412.22
  Col 11947: blocks=[(0, 6), (6, 8), (8, 10)], cost=1413.46
  Col 11948: blocks=[(0, 6), (6, 8), (8, 10)], cost=1414.45
  Col 11949: blocks=[(0, 6), (6, 8), (8, 10)], cost=1415.48
  Col 11950: blocks=[(0, 6), (6, 8), (8, 10)], cost=1415.13
  Col 11951: blocks=[(0, 6), (6, 8), (8, 10)], cost=1413.81
  Col 11952: blocks=[(0, 6), (6, 8), (8, 10)], cost=1415.06
  Col 11953: blocks=[(0, 6), (6, 8), (8, 10)], cost=1416.04
  Col 11954: blocks=[(0, 6), (6, 8), (8, 10)], cost=1417.07
  Col 11955: blocks=[(0, 6), (6, 8), (8, 10)], cost=1416.72
  Col 11956: blocks=[(0, 6), (6, 8), (8, 10)], cost=1416.50
  Col 11957: blocks=[(0, 6), (6, 8), (8, 10)], cost=1417.49
  Col 11958: blocks=[(0, 6), (6, 8), (8, 10)], cost=1418.51
  Col 11959: blocks=[(0, 6), (6, 8), (8, 10)], cost=1418.17
  Col 11960: blocks=[(0, 6), (6, 8), (8, 10)], cost=1418.73
  Col 11961: blocks=[(0, 6), (6, 8), (8, 10)], cost=1419.76
  Col 11962: blocks=[(0, 6), (6, 8), (8, 10)], cost=1419.41
  Col 11963: blocks=[(0, 6), (6, 8), (8, 10)], cost=1420.74
  Col 11964: blocks=[(0, 6), (6, 8), (8, 10)], cost=1420.39
  Col 11965: blocks=[(0, 6), (6, 8), (8, 10)], cost=1421.42
  Col 11966: blocks=[(0, 6), (6, 8), (8, 10)], cost=1495.48
  Col 11967: blocks=[(0, 6), (6, 8), (8, 10)], cost=1496.72
  Col 11968: blocks=[(0, 6), (6, 8), (8, 10)], cost=1497.70
  Col 11969: blocks=[(0, 6), (6, 8), (8, 10)], cost=1498.73
  Col 11970: blocks=[(0, 6), (6, 8), (8, 10)], cost=1498.38
  Col 11971: blocks=[(0, 6), (6, 8), (8, 10)], cost=1498.17
  Col 11972: blocks=[(0, 6), (6, 8), (8, 10)], cost=1499.15
  Col 11973: blocks=[(0, 6), (6, 8), (8, 10)], cost=1500.18
  Col 11974: blocks=[(0, 6), (6, 8), (8, 10)], cost=1499.83
  Col 11975: blocks=[(0, 6), (6, 8), (8, 10)], cost=1500.39
  Col 11976: blocks=[(0, 6), (6, 8), (8, 10)], cost=1501.42
  Col 11977: blocks=[(0, 6), (6, 8), (8, 10)], cost=1501.07
  Col 11978: blocks=[(0, 6), (6, 8), (8, 10)], cost=1502.40
  Col 11979: blocks=[(0, 6), (6, 8), (8, 10)], cost=1502.06
  Col 11980: blocks=[(0, 6), (6, 8), (8, 10)], cost=1503.08
  Col 11981: blocks=[(0, 6), (6, 8), (8, 10)], cost=1499.76
  Col 11982: blocks=[(0, 6), (6, 8), (8, 10)], cost=1500.74
  Col 11983: blocks=[(0, 6), (6, 8), (8, 10)], cost=1501.77
  Col 11984: blocks=[(0, 6), (6, 8), (8, 10)], cost=1501.42
  Col 11985: blocks=[(0, 6), (6, 8), (8, 10)], cost=1501.98
  Col 11986: blocks=[(0, 6), (6, 8), (8, 10)], cost=1503.01
  Col 11987: blocks=[(0, 6), (6, 8), (8, 10)], cost=1502.66
  Col 11988: blocks=[(0, 6), (6, 8), (8, 10)], cost=1503.99
  Col 11989: blocks=[(0, 6), (6, 8), (8, 10)], cost=1503.65
  Col 11990: blocks=[(0, 6), (6, 8), (8, 10)], cost=1504.67
  Col 11991: blocks=[(0, 6), (6, 8), (8, 10)], cost=1503.43
  Col 11992: blocks=[(0, 6), (6, 8), (8, 10)], cost=1504.46
  Col 11993: blocks=[(0, 6), (6, 8), (8, 10)], cost=1504.11
  Col 11994: blocks=[(0, 6), (6, 8), (8, 10)], cost=1505.44
  Col 11995: blocks=[(0, 6), (6, 8), (8, 10)], cost=1505.10
  Col 11996: blocks=[(0, 6), (6, 8), (8, 10)], cost=1506.12
  Col 11997: blocks=[(0, 6), (6, 8), (8, 10)], cost=1506.69
  Col 11998: blocks=[(0, 6), (6, 8), (8, 10)], cost=1506.34
  Col 11999: blocks=[(0, 6), (6, 8), (8, 10)], cost=1507.37
  Col 12000: blocks=[(0, 6), (6, 8), (8, 10)], cost=1508.35
  Col 12001: blocks=[(0, 6), (6, 9), (9, 10)], cost=1171.39
  Col 12002: blocks=[(0, 6), (6, 9), (9, 10)], cost=1253.06
  Col 12003: blocks=[(0, 6), (6, 9), (9, 10)], cost=1254.65
  Col 12004: blocks=[(0, 6), (6, 9), (9, 10)], cost=1256.10
  Col 12005: blocks=[(0, 6), (6, 9), (9, 10)], cost=1257.34
  Col 12006: blocks=[(0, 6), (6, 9), (9, 10)], cost=1258.32
  Col 12007: blocks=[(0, 6), (6, 9), (9, 10)], cost=1259.35
  Col 12008: blocks=[(0, 6), (6, 9), (9, 10)], cost=1259.35
  Col 12009: blocks=[(0, 6), (6, 9), (9, 10)], cost=1336.31
  Col 12010: blocks=[(0, 6), (6, 9), (9, 10)], cost=1337.76
  Col 12011: blocks=[(0, 6), (6, 9), (9, 10)], cost=1339.00
  Col 12012: blocks=[(0, 6), (6, 9), (9, 10)], cost=1339.99
  Col 12013: blocks=[(0, 6), (6, 9), (9, 10)], cost=1341.01
  Col 12014: blocks=[(0, 6), (6, 9), (9, 10)], cost=1341.01
  Col 12015: blocks=[(0, 6), (6, 9), (9, 10)], cost=1339.35
  Col 12016: blocks=[(0, 6), (6, 9), (9, 10)], cost=1340.59
  Col 12017: blocks=[(0, 6), (6, 9), (9, 10)], cost=1341.58
  Col 12018: blocks=[(0, 6), (6, 9), (9, 10)], cost=1342.60
  Col 12019: blocks=[(0, 6), (6, 9), (9, 10)], cost=1342.60
  Col 12020: blocks=[(0, 6), (6, 9), (9, 10)], cost=1342.04
  Col 12021: blocks=[(0, 6), (6, 9), (9, 10)], cost=1343.02
  Col 12022: blocks=[(0, 6), (6, 9), (9, 10)], cost=1344.05
  Col 12023: blocks=[(0, 6), (6, 9), (9, 10)], cost=1344.05
  Col 12024: blocks=[(0, 6), (6, 9), (9, 10)], cost=1344.27
  Col 12025: blocks=[(0, 6), (6, 9), (9, 10)], cost=1345.30
  Col 12026: blocks=[(0, 6), (6, 9), (9, 10)], cost=1345.30
  Col 12027: blocks=[(0, 6), (6, 9), (9, 10)], cost=1346.28
  Col 12028: blocks=[(0, 6), (6, 9), (9, 10)], cost=1346.28
  Col 12029: blocks=[(0, 6), (6, 9), (9, 10)], cost=1347.31
  Col 12030: blocks=[(0, 6), (6, 9), (9, 10)], cost=1421.01
  Col 12031: blocks=[(0, 6), (6, 9), (9, 10)], cost=1422.26
  Col 12032: blocks=[(0, 6), (6, 9), (9, 10)], cost=1423.24
  Col 12033: blocks=[(0, 6), (6, 9), (9, 10)], cost=1424.27
  Col 12034: blocks=[(0, 6), (6, 9), (9, 10)], cost=1424.27
  Col 12035: blocks=[(0, 6), (6, 9), (9, 10)], cost=1423.70
  Col 12036: blocks=[(0, 6), (6, 9), (9, 10)], cost=1424.69
  Col 12037: blocks=[(0, 6), (6, 9), (9, 10)], cost=1425.72
  Col 12038: blocks=[(0, 6), (6, 9), (9, 10)], cost=1425.72
  Col 12039: blocks=[(0, 6), (6, 9), (9, 10)], cost=1425.93
  Col 12040: blocks=[(0, 6), (6, 9), (9, 10)], cost=1426.96
  Col 12041: blocks=[(0, 6), (6, 9), (9, 10)], cost=1426.96
  Col 12042: blocks=[(0, 6), (6, 9), (9, 10)], cost=1427.94
  Col 12043: blocks=[(0, 6), (6, 9), (9, 10)], cost=1427.94
  Col 12044: blocks=[(0, 6), (6, 9), (9, 10)], cost=1428.97
  Col 12045: blocks=[(0, 6), (6, 9), (9, 10)], cost=1425.30
  Col 12046: blocks=[(0, 6), (6, 9), (9, 10)], cost=1426.28
  Col 12047: blocks=[(0, 6), (6, 9), (9, 10)], cost=1427.31
  Col 12048: blocks=[(0, 6), (6, 9), (9, 10)], cost=1427.31
  Col 12049: blocks=[(0, 6), (6, 9), (9, 10)], cost=1427.52
  Col 12050: blocks=[(0, 6), (6, 9), (9, 10)], cost=1428.55
  Col 12051: blocks=[(0, 6), (6, 9), (9, 10)], cost=1428.55
  Col 12052: blocks=[(0, 6), (6, 9), (9, 10)], cost=1429.53
  Col 12053: blocks=[(0, 6), (6, 9), (9, 10)], cost=1429.53
  Col 12054: blocks=[(0, 6), (6, 9), (9, 10)], cost=1430.56
  Col 12055: blocks=[(0, 6), (6, 9), (9, 10)], cost=1428.97
  Col 12056: blocks=[(0, 6), (6, 9), (9, 10)], cost=1430.00
  Col 12057: blocks=[(0, 6), (6, 9), (9, 10)], cost=1430.00
  Col 12058: blocks=[(0, 6), (6, 9), (9, 10)], cost=1430.98
  Col 12059: blocks=[(0, 6), (6, 9), (9, 10)], cost=1430.98
  Col 12060: blocks=[(0, 6), (6, 9), (9, 10)], cost=1432.01
  Col 12061: blocks=[(0, 6), (6, 9), (9, 10)], cost=1432.22
  Col 12062: blocks=[(0, 6), (6, 9), (9, 10)], cost=1432.22
  Col 12063: blocks=[(0, 6), (6, 9), (9, 10)], cost=1433.25
  Col 12064: blocks=[(0, 6), (6, 9), (9, 10)], cost=1434.23
  Col 12065: blocks=[(0, 6), (6, 10)], cost=1121.91
  Col 12066: blocks=[(0, 6), (6, 10)], cost=1203.57
  Col 12067: blocks=[(0, 6), (6, 10)], cost=1205.17
  Col 12068: blocks=[(0, 6), (6, 10)], cost=1206.61
  Col 12069: blocks=[(0, 6), (6, 10)], cost=1207.86
  Col 12070: blocks=[(0, 6), (6, 10)], cost=1208.84
  Col 12071: blocks=[(0, 6), (6, 10)], cost=1209.87
  Col 12072: blocks=[(0, 6), (6, 10)], cost=1209.87
  Col 12073: blocks=[(0, 6), (6, 10)], cost=1209.52
  Col 12074: blocks=[(0, 6), (6, 10)], cost=1286.83
  Col 12075: blocks=[(0, 6), (6, 10)], cost=1288.28
  Col 12076: blocks=[(0, 6), (6, 10)], cost=1289.52
  Col 12077: blocks=[(0, 6), (6, 10)], cost=1290.50
  Col 12078: blocks=[(0, 6), (6, 10)], cost=1291.53
  Col 12079: blocks=[(0, 6), (6, 10)], cost=1291.53
  Col 12080: blocks=[(0, 6), (6, 10)], cost=1291.18
  Col 12081: blocks=[(0, 6), (6, 10)], cost=1289.87
  Col 12082: blocks=[(0, 6), (6, 10)], cost=1291.11
  Col 12083: blocks=[(0, 6), (6, 10)], cost=1292.09
  Col 12084: blocks=[(0, 6), (6, 10)], cost=1293.12
  Col 12085: blocks=[(0, 6), (6, 10)], cost=1293.12
  Col 12086: blocks=[(0, 6), (6, 10)], cost=1292.77
  Col 12087: blocks=[(0, 6), (6, 10)], cost=1292.56
  Col 12088: blocks=[(0, 6), (6, 10)], cost=1293.54
  Col 12089: blocks=[(0, 6), (6, 10)], cost=1294.57
  Col 12090: blocks=[(0, 6), (6, 10)], cost=1294.57
  Col 12091: blocks=[(0, 6), (6, 10)], cost=1294.22
  Col 12092: blocks=[(0, 6), (6, 10)], cost=1294.78
  Col 12093: blocks=[(0, 6), (6, 10)], cost=1295.81
  Col 12094: blocks=[(0, 6), (6, 10)], cost=1295.81
  Col 12095: blocks=[(0, 6), (6, 10)], cost=1295.46
  Col 12096: blocks=[(0, 6), (6, 10)], cost=1296.80
  Col 12097: blocks=[(0, 6), (6, 10)], cost=1296.80
  Col 12098: blocks=[(0, 6), (6, 10)], cost=1296.45
  Col 12099: blocks=[(0, 6), (6, 10)], cost=1297.82
  Col 12100: blocks=[(0, 6), (6, 10)], cost=1297.48
  Col 12101: blocks=[(0, 6), (6, 10)], cost=1297.48
  Col 12102: blocks=[(0, 6), (6, 10)], cost=1371.53
  Col 12103: blocks=[(0, 6), (6, 10)], cost=1372.77
  Col 12104: blocks=[(0, 6), (6, 10)], cost=1373.76
  Col 12105: blocks=[(0, 6), (6, 10)], cost=1374.78
  Col 12106: blocks=[(0, 6), (6, 10)], cost=1374.78
  Col 12107: blocks=[(0, 6), (6, 10)], cost=1374.44
  Col 12108: blocks=[(0, 6), (6, 10)], cost=1374.22
  Col 12109: blocks=[(0, 6), (6, 10)], cost=1375.21
  Col 12110: blocks=[(0, 6), (6, 10)], cost=1376.23
  Col 12111: blocks=[(0, 6), (6, 10)], cost=1376.23
  Col 12112: blocks=[(0, 6), (6, 10)], cost=1375.89
  Col 12113: blocks=[(0, 6), (6, 10)], cost=1376.45
  Col 12114: blocks=[(0, 6), (6, 10)], cost=1377.48
  Col 12115: blocks=[(0, 6), (6, 10)], cost=1377.48
  Col 12116: blocks=[(0, 6), (6, 10)], cost=1377.13
  Col 12117: blocks=[(0, 6), (6, 10)], cost=1378.46
  Col 12118: blocks=[(0, 6), (6, 10)], cost=1378.46
  Col 12119: blocks=[(0, 6), (6, 10)], cost=1378.11
  Col 12120: blocks=[(0, 6), (6, 10)], cost=1379.49
  Col 12121: blocks=[(0, 6), (6, 10)], cost=1379.14
  Col 12122: blocks=[(0, 6), (6, 10)], cost=1379.14
  Col 12123: blocks=[(0, 6), (6, 10)], cost=1375.81
  Col 12124: blocks=[(0, 6), (6, 10)], cost=1376.80
  Col 12125: blocks=[(0, 6), (6, 10)], cost=1377.82
  Col 12126: blocks=[(0, 6), (6, 10)], cost=1377.82
  Col 12127: blocks=[(0, 6), (6, 10)], cost=1377.48
  Col 12128: blocks=[(0, 6), (6, 10)], cost=1378.04
  Col 12129: blocks=[(0, 6), (6, 10)], cost=1379.07
  Col 12130: blocks=[(0, 6), (6, 10)], cost=1379.07
  Col 12131: blocks=[(0, 6), (6, 10)], cost=1378.72
  Col 12132: blocks=[(0, 6), (6, 10)], cost=1380.05
  Col 12133: blocks=[(0, 6), (6, 10)], cost=1380.05
  Col 12134: blocks=[(0, 6), (6, 10)], cost=1379.70
  Col 12135: blocks=[(0, 6), (6, 10)], cost=1381.08
  Col 12136: blocks=[(0, 6), (6, 10)], cost=1380.73
  Col 12137: blocks=[(0, 6), (6, 10)], cost=1380.73
  Col 12138: blocks=[(0, 6), (6, 10)], cost=1379.49
  Col 12139: blocks=[(0, 6), (6, 10)], cost=1380.51
  Col 12140: blocks=[(0, 6), (6, 10)], cost=1380.51
  Col 12141: blocks=[(0, 6), (6, 10)], cost=1380.17
  Col 12142: blocks=[(0, 6), (6, 10)], cost=1381.50
  Col 12143: blocks=[(0, 6), (6, 10)], cost=1381.50
  Col 12144: blocks=[(0, 6), (6, 10)], cost=1381.15
  Col 12145: blocks=[(0, 6), (6, 10)], cost=1382.53
  Col 12146: blocks=[(0, 6), (6, 10)], cost=1382.18
  Col 12147: blocks=[(0, 6), (6, 10)], cost=1382.18
  Col 12148: blocks=[(0, 6), (6, 10)], cost=1382.74
  Col 12149: blocks=[(0, 6), (6, 10)], cost=1382.74
  Col 12150: blocks=[(0, 6), (6, 10)], cost=1382.39
  Col 12151: blocks=[(0, 6), (6, 10)], cost=1383.77
  Col 12152: blocks=[(0, 6), (6, 10)], cost=1383.42
  Col 12153: blocks=[(0, 6), (6, 10)], cost=1383.42
  Col 12154: blocks=[(0, 6), (6, 10)], cost=1384.75
  Col 12155: blocks=[(0, 6), (6, 10)], cost=1384.40
  Col 12156: blocks=[(0, 6), (6, 10)], cost=1384.40
  Col 12157: blocks=[(0, 6), (6, 10)], cost=1385.43
  Col 12158: blocks=[(0, 7), (7, 8), (8, 9), (9, 10)], cost=1316.81
  Col 12159: blocks=[(0, 7), (7, 8), (8, 9), (9, 10)], cost=1398.48
  Col 12160: blocks=[(0, 7), (7, 8), (8, 9), (9, 10)], cost=1400.07
  Col 12161: blocks=[(0, 7), (7, 8), (8, 9), (9, 10)], cost=1401.52
  Col 12162: blocks=[(0, 7), (7, 8), (8, 9), (9, 10)], cost=1402.76
  Col 12163: blocks=[(0, 7), (7, 8), (8, 9), (9, 10)], cost=1403.74
  Col 12164: blocks=[(0, 7), (7, 8), (8, 9), (9, 10)], cost=1404.42
  Col 12165: blocks=[(0, 7), (7, 8), (8, 9), (9, 10)], cost=1481.73
  Col 12166: blocks=[(0, 7), (7, 8), (8, 9), (9, 10)], cost=1483.18
  Col 12167: blocks=[(0, 7), (7, 8), (8, 9), (9, 10)], cost=1484.42
  Col 12168: blocks=[(0, 7), (7, 8), (8, 9), (9, 10)], cost=1485.41
  Col 12169: blocks=[(0, 7), (7, 8), (8, 9), (9, 10)], cost=1486.09
  Col 12170: blocks=[(0, 7), (7, 8), (8, 9), (9, 10)], cost=1484.77
  Col 12171: blocks=[(0, 7), (7, 8), (8, 9), (9, 10)], cost=1486.01
  Col 12172: blocks=[(0, 7), (7, 8), (8, 9), (9, 10)], cost=1487.00
  Col 12173: blocks=[(0, 7), (7, 8), (8, 9), (9, 10)], cost=1487.68
  Col 12174: blocks=[(0, 7), (7, 8), (8, 9), (9, 10)], cost=1487.46
  Col 12175: blocks=[(0, 7), (7, 8), (8, 9), (9, 10)], cost=1488.45
  Col 12176: blocks=[(0, 7), (7, 8), (8, 9), (9, 10)], cost=1489.13
  Col 12177: blocks=[(0, 7), (7, 8), (8, 9), (9, 10)], cost=1489.69
  Col 12178: blocks=[(0, 7), (7, 8), (8, 9), (9, 10)], cost=1490.37
  Col 12179: blocks=[(0, 7), (7, 8), (8, 9), (9, 10)], cost=1491.35
  Col 12180: blocks=[(0, 7), (7, 8), (8, 9), (9, 10)], cost=1566.43
  Col 12181: blocks=[(0, 7), (7, 8), (8, 9), (9, 10)], cost=1567.68
  Col 12182: blocks=[(0, 7), (7, 8), (8, 9), (9, 10)], cost=1568.66
  Col 12183: blocks=[(0, 7), (7, 8), (8, 9), (9, 10)], cost=1569.34
  Col 12184: blocks=[(0, 7), (7, 8), (8, 9), (9, 10)], cost=1569.13
  Col 12185: blocks=[(0, 7), (7, 8), (8, 9), (9, 10)], cost=1570.11
  Col 12186: blocks=[(0, 7), (7, 8), (8, 9), (9, 10)], cost=1570.79
  Col 12187: blocks=[(0, 7), (7, 8), (8, 9), (9, 10)], cost=1571.35
  Col 12188: blocks=[(0, 7), (7, 8), (8, 9), (9, 10)], cost=1572.03
  Col 12189: blocks=[(0, 7), (7, 8), (8, 9), (9, 10)], cost=1573.01
  Col 12190: blocks=[(0, 7), (7, 8), (8, 9), (9, 10)], cost=1570.72
  Col 12191: blocks=[(0, 7), (7, 8), (8, 9), (9, 10)], cost=1571.70
  Col 12192: blocks=[(0, 7), (7, 8), (8, 9), (9, 10)], cost=1572.38
  Col 12193: blocks=[(0, 7), (7, 8), (8, 9), (9, 10)], cost=1572.94
  Col 12194: blocks=[(0, 7), (7, 8), (8, 9), (9, 10)], cost=1573.62
  Col 12195: blocks=[(0, 7), (7, 8), (8, 9), (9, 10)], cost=1574.61
  Col 12196: blocks=[(0, 7), (7, 8), (8, 9), (9, 10)], cost=1574.39
  Col 12197: blocks=[(0, 7), (7, 8), (8, 9), (9, 10)], cost=1575.07
  Col 12198: blocks=[(0, 7), (7, 8), (8, 9), (9, 10)], cost=1576.05
  Col 12199: blocks=[(0, 7), (7, 8), (8, 9), (9, 10)], cost=1577.30
  Col 12200: blocks=[(0, 7), (7, 8), (8, 10)], cost=1285.75
  Col 12201: blocks=[(0, 7), (7, 8), (8, 10)], cost=1367.42
  Col 12202: blocks=[(0, 7), (7, 8), (8, 10)], cost=1369.01
  Col 12203: blocks=[(0, 7), (7, 8), (8, 10)], cost=1370.46
  Col 12204: blocks=[(0, 7), (7, 8), (8, 10)], cost=1371.70
  Col 12205: blocks=[(0, 7), (7, 8), (8, 10)], cost=1372.68
  Col 12206: blocks=[(0, 7), (7, 8), (8, 10)], cost=1373.36
  Col 12207: blocks=[(0, 7), (7, 8), (8, 10)], cost=1373.36
  Col 12208: blocks=[(0, 7), (7, 8), (8, 10)], cost=1450.67
  Col 12209: blocks=[(0, 7), (7, 8), (8, 10)], cost=1452.12
  Col 12210: blocks=[(0, 7), (7, 8), (8, 10)], cost=1453.36
  Col 12211: blocks=[(0, 7), (7, 8), (8, 10)], cost=1454.35
  Col 12212: blocks=[(0, 7), (7, 8), (8, 10)], cost=1455.03
  Col 12213: blocks=[(0, 7), (7, 8), (8, 10)], cost=1455.03
  Col 12214: blocks=[(0, 7), (7, 8), (8, 10)], cost=1453.71
  Col 12215: blocks=[(0, 7), (7, 8), (8, 10)], cost=1454.95
  Col 12216: blocks=[(0, 7), (7, 8), (8, 10)], cost=1455.94
  Col 12217: blocks=[(0, 7), (7, 8), (8, 10)], cost=1456.62
  Col 12218: blocks=[(0, 7), (7, 8), (8, 10)], cost=1456.62
  Col 12219: blocks=[(0, 7), (7, 8), (8, 10)], cost=1456.40
  Col 12220: blocks=[(0, 7), (7, 8), (8, 10)], cost=1457.39
  Col 12221: blocks=[(0, 7), (7, 8), (8, 10)], cost=1458.07
  Col 12222: blocks=[(0, 7), (7, 8), (8, 10)], cost=1458.07
  Col 12223: blocks=[(0, 7), (7, 8), (8, 10)], cost=1458.63
  Col 12224: blocks=[(0, 7), (7, 8), (8, 10)], cost=1459.31
  Col 12225: blocks=[(0, 7), (7, 8), (8, 10)], cost=1459.31
  Col 12226: blocks=[(0, 7), (7, 8), (8, 10)], cost=1460.29
  Col 12227: blocks=[(0, 7), (7, 8), (8, 10)], cost=1460.29
  Col 12228: blocks=[(0, 7), (7, 8), (8, 10)], cost=1460.97
  Col 12229: blocks=[(0, 7), (7, 8), (8, 10)], cost=1535.37
  Col 12230: blocks=[(0, 7), (7, 8), (8, 10)], cost=1536.62
  Col 12231: blocks=[(0, 7), (7, 8), (8, 10)], cost=1537.60
  Col 12232: blocks=[(0, 7), (7, 8), (8, 10)], cost=1538.28
  Col 12233: blocks=[(0, 7), (7, 8), (8, 10)], cost=1538.28
  Col 12234: blocks=[(0, 7), (7, 8), (8, 10)], cost=1538.07
  Col 12235: blocks=[(0, 7), (7, 8), (8, 10)], cost=1539.05
  Col 12236: blocks=[(0, 7), (7, 8), (8, 10)], cost=1539.73
  Col 12237: blocks=[(0, 7), (7, 8), (8, 10)], cost=1539.73
  Col 12238: blocks=[(0, 7), (7, 8), (8, 10)], cost=1540.29
  Col 12239: blocks=[(0, 7), (7, 8), (8, 10)], cost=1540.97
  Col 12240: blocks=[(0, 7), (7, 8), (8, 10)], cost=1540.97
  Col 12241: blocks=[(0, 7), (7, 8), (8, 10)], cost=1541.95
  Col 12242: blocks=[(0, 7), (7, 8), (8, 10)], cost=1541.95
  Col 12243: blocks=[(0, 7), (7, 8), (8, 10)], cost=1542.63
  Col 12244: blocks=[(0, 7), (7, 8), (8, 10)], cost=1539.66
  Col 12245: blocks=[(0, 7), (7, 8), (8, 10)], cost=1540.64
  Col 12246: blocks=[(0, 7), (7, 8), (8, 10)], cost=1541.32
  Col 12247: blocks=[(0, 7), (7, 8), (8, 10)], cost=1541.32
  Col 12248: blocks=[(0, 7), (7, 8), (8, 10)], cost=1541.88
  Col 12249: blocks=[(0, 7), (7, 8), (8, 10)], cost=1542.56
  Col 12250: blocks=[(0, 7), (7, 8), (8, 10)], cost=1542.56
  Col 12251: blocks=[(0, 7), (7, 8), (8, 10)], cost=1543.55
  Col 12252: blocks=[(0, 7), (7, 8), (8, 10)], cost=1543.55
  Col 12253: blocks=[(0, 7), (7, 8), (8, 10)], cost=1544.23
  Col 12254: blocks=[(0, 7), (7, 8), (8, 10)], cost=1543.33
  Col 12255: blocks=[(0, 7), (7, 8), (8, 10)], cost=1544.01
  Col 12256: blocks=[(0, 7), (7, 8), (8, 10)], cost=1544.01
  Col 12257: blocks=[(0, 7), (7, 8), (8, 10)], cost=1544.99
  Col 12258: blocks=[(0, 7), (7, 8), (8, 10)], cost=1544.99
  Col 12259: blocks=[(0, 7), (7, 8), (8, 10)], cost=1545.67
  Col 12260: blocks=[(0, 7), (7, 8), (8, 10)], cost=1546.24
  Col 12261: blocks=[(0, 7), (7, 8), (8, 10)], cost=1546.24
  Col 12262: blocks=[(0, 7), (7, 8), (8, 10)], cost=1546.92
  Col 12263: blocks=[(0, 7), (7, 8), (8, 10)], cost=1547.90
  Col 12264: blocks=[(0, 7), (7, 9), (9, 10)], cost=1187.79
  Col 12265: blocks=[(0, 7), (7, 9), (9, 10)], cost=1269.46
  Col 12266: blocks=[(0, 7), (7, 9), (9, 10)], cost=1271.05
  Col 12267: blocks=[(0, 7), (7, 9), (9, 10)], cost=1272.49
  Col 12268: blocks=[(0, 7), (7, 9), (9, 10)], cost=1273.74
  Col 12269: blocks=[(0, 7), (7, 9), (9, 10)], cost=1274.72
  Col 12270: blocks=[(0, 7), (7, 9), (9, 10)], cost=1275.40
  Col 12271: blocks=[(0, 7), (7, 9), (9, 10)], cost=1275.75
  Col 12272: blocks=[(0, 7), (7, 9), (9, 10)], cost=1352.71
  Col 12273: blocks=[(0, 7), (7, 9), (9, 10)], cost=1354.16
  Col 12274: blocks=[(0, 7), (7, 9), (9, 10)], cost=1355.40
  Col 12275: blocks=[(0, 7), (7, 9), (9, 10)], cost=1356.38
  Col 12276: blocks=[(0, 7), (7, 9), (9, 10)], cost=1357.06
  Col 12277: blocks=[(0, 7), (7, 9), (9, 10)], cost=1357.41
  Col 12278: blocks=[(0, 7), (7, 9), (9, 10)], cost=1355.75
  Col 12279: blocks=[(0, 7), (7, 9), (9, 10)], cost=1356.99
  Col 12280: blocks=[(0, 7), (7, 9), (9, 10)], cost=1357.97
  Col 12281: blocks=[(0, 7), (7, 9), (9, 10)], cost=1358.65
  Col 12282: blocks=[(0, 7), (7, 9), (9, 10)], cost=1359.00
  Col 12283: blocks=[(0, 7), (7, 9), (9, 10)], cost=1358.44
  Col 12284: blocks=[(0, 7), (7, 9), (9, 10)], cost=1359.42
  Col 12285: blocks=[(0, 7), (7, 9), (9, 10)], cost=1360.10
  Col 12286: blocks=[(0, 7), (7, 9), (9, 10)], cost=1360.45
  Col 12287: blocks=[(0, 7), (7, 9), (9, 10)], cost=1360.67
  Col 12288: blocks=[(0, 7), (7, 9), (9, 10)], cost=1361.35
  Col 12289: blocks=[(0, 7), (7, 9), (9, 10)], cost=1361.69
  Col 12290: blocks=[(0, 7), (7, 9), (9, 10)], cost=1362.33
  Col 12291: blocks=[(0, 7), (7, 9), (9, 10)], cost=1362.68
  Col 12292: blocks=[(0, 7), (7, 9), (9, 10)], cost=1363.36
  Col 12293: blocks=[(0, 7), (7, 9), (9, 10)], cost=1437.41
  Col 12294: blocks=[(0, 7), (7, 9), (9, 10)], cost=1438.65
  Col 12295: blocks=[(0, 7), (7, 9), (9, 10)], cost=1439.64
  Col 12296: blocks=[(0, 7), (7, 9), (9, 10)], cost=1440.32
  Col 12297: blocks=[(0, 7), (7, 9), (9, 10)], cost=1440.67
  Col 12298: blocks=[(0, 7), (7, 9), (9, 10)], cost=1440.10
  Col 12299: blocks=[(0, 7), (7, 9), (9, 10)], cost=1441.09
  Col 12300: blocks=[(0, 7), (7, 9), (9, 10)], cost=1441.77
  Col 12301: blocks=[(0, 7), (7, 9), (9, 10)], cost=1442.11
  Col 12302: blocks=[(0, 7), (7, 9), (9, 10)], cost=1442.33
  Col 12303: blocks=[(0, 7), (7, 9), (9, 10)], cost=1443.01
  Col 12304: blocks=[(0, 7), (7, 9), (9, 10)], cost=1443.36
  Col 12305: blocks=[(0, 7), (7, 9), (9, 10)], cost=1443.99
  Col 12306: blocks=[(0, 7), (7, 9), (9, 10)], cost=1444.34
  Col 12307: blocks=[(0, 7), (7, 9), (9, 10)], cost=1445.02
  Col 12308: blocks=[(0, 7), (7, 9), (9, 10)], cost=1441.69
  Col 12309: blocks=[(0, 7), (7, 9), (9, 10)], cost=1442.68
  Col 12310: blocks=[(0, 7), (7, 9), (9, 10)], cost=1443.36
  Col 12311: blocks=[(0, 7), (7, 9), (9, 10)], cost=1443.70
  Col 12312: blocks=[(0, 7), (7, 9), (9, 10)], cost=1443.92
  Col 12313: blocks=[(0, 7), (7, 9), (9, 10)], cost=1444.60
  Col 12314: blocks=[(0, 7), (7, 9), (9, 10)], cost=1444.95
  Col 12315: blocks=[(0, 7), (7, 9), (9, 10)], cost=1445.58
  Col 12316: blocks=[(0, 7), (7, 9), (9, 10)], cost=1445.93
  Col 12317: blocks=[(0, 7), (7, 9), (9, 10)], cost=1446.61
  Col 12318: blocks=[(0, 7), (7, 9), (9, 10)], cost=1445.37
  Col 12319: blocks=[(0, 7), (7, 9), (9, 10)], cost=1446.05
  Col 12320: blocks=[(0, 7), (7, 9), (9, 10)], cost=1446.40
  Col 12321: blocks=[(0, 7), (7, 9), (9, 10)], cost=1447.03
  Col 12322: blocks=[(0, 7), (7, 9), (9, 10)], cost=1447.38
  Col 12323: blocks=[(0, 7), (7, 9), (9, 10)], cost=1448.06
  Col 12324: blocks=[(0, 7), (7, 9), (9, 10)], cost=1448.27
  Col 12325: blocks=[(0, 7), (7, 9), (9, 10)], cost=1448.62
  Col 12326: blocks=[(0, 7), (7, 9), (9, 10)], cost=1449.30
  Col 12327: blocks=[(0, 7), (7, 9), (9, 10)], cost=1450.29
  Col 12328: blocks=[(0, 7), (7, 10)], cost=1113.66
  Col 12329: blocks=[(0, 7), (7, 10)], cost=1195.33
  Col 12330: blocks=[(0, 7), (7, 10)], cost=1196.92
  Col 12331: blocks=[(0, 7), (7, 10)], cost=1198.37
  Col 12332: blocks=[(0, 7), (7, 10)], cost=1199.61
  Col 12333: blocks=[(0, 7), (7, 10)], cost=1200.59
  Col 12334: blocks=[(0, 7), (7, 10)], cost=1201.27
  Col 12335: blocks=[(0, 7), (7, 10)], cost=1201.62
  Col 12336: blocks=[(0, 7), (7, 10)], cost=1201.27
  Col 12337: blocks=[(0, 7), (7, 10)], cost=1278.58
  Col 12338: blocks=[(0, 7), (7, 10)], cost=1280.03
  Col 12339: blocks=[(0, 7), (7, 10)], cost=1281.27
  Col 12340: blocks=[(0, 7), (7, 10)], cost=1282.25
  Col 12341: blocks=[(0, 7), (7, 10)], cost=1282.93
  Col 12342: blocks=[(0, 7), (7, 10)], cost=1283.28
  Col 12343: blocks=[(0, 7), (7, 10)], cost=1282.93
  Col 12344: blocks=[(0, 7), (7, 10)], cost=1281.62
  Col 12345: blocks=[(0, 7), (7, 10)], cost=1282.86
  Col 12346: blocks=[(0, 7), (7, 10)], cost=1283.84
  Col 12347: blocks=[(0, 7), (7, 10)], cost=1284.53
  Col 12348: blocks=[(0, 7), (7, 10)], cost=1284.87
  Col 12349: blocks=[(0, 7), (7, 10)], cost=1284.53
  Col 12350: blocks=[(0, 7), (7, 10)], cost=1284.31
  Col 12351: blocks=[(0, 7), (7, 10)], cost=1285.29
  Col 12352: blocks=[(0, 7), (7, 10)], cost=1285.97
  Col 12353: blocks=[(0, 7), (7, 10)], cost=1286.32
  Col 12354: blocks=[(0, 7), (7, 10)], cost=1285.97
  Col 12355: blocks=[(0, 7), (7, 10)], cost=1286.54
  Col 12356: blocks=[(0, 7), (7, 10)], cost=1287.22
  Col 12357: blocks=[(0, 7), (7, 10)], cost=1287.56
  Col 12358: blocks=[(0, 7), (7, 10)], cost=1287.22
  Col 12359: blocks=[(0, 7), (7, 10)], cost=1288.20
  Col 12360: blocks=[(0, 7), (7, 10)], cost=1288.55
  Col 12361: blocks=[(0, 7), (7, 10)], cost=1288.20
  Col 12362: blocks=[(0, 7), (7, 10)], cost=1289.23
  Col 12363: blocks=[(0, 7), (7, 10)], cost=1288.88
  Col 12364: blocks=[(0, 7), (7, 10)], cost=1289.23
  Col 12365: blocks=[(0, 7), (7, 10)], cost=1363.28
  Col 12366: blocks=[(0, 7), (7, 10)], cost=1364.53
  Col 12367: blocks=[(0, 7), (7, 10)], cost=1365.51
  Col 12368: blocks=[(0, 7), (7, 10)], cost=1366.19
  Col 12369: blocks=[(0, 7), (7, 10)], cost=1366.54
  Col 12370: blocks=[(0, 7), (7, 10)], cost=1366.19
  Col 12371: blocks=[(0, 7), (7, 10)], cost=1365.97
  Col 12372: blocks=[(0, 7), (7, 10)], cost=1366.96
  Col 12373: blocks=[(0, 7), (7, 10)], cost=1367.64
  Col 12374: blocks=[(0, 7), (7, 10)], cost=1367.98
  Col 12375: blocks=[(0, 7), (7, 10)], cost=1367.64
  Col 12376: blocks=[(0, 7), (7, 10)], cost=1368.20
  Col 12377: blocks=[(0, 7), (7, 10)], cost=1368.88
  Col 12378: blocks=[(0, 7), (7, 10)], cost=1369.23
  Col 12379: blocks=[(0, 7), (7, 10)], cost=1368.88
  Col 12380: blocks=[(0, 7), (7, 10)], cost=1369.86
  Col 12381: blocks=[(0, 7), (7, 10)], cost=1370.21
  Col 12382: blocks=[(0, 7), (7, 10)], cost=1369.86
  Col 12383: blocks=[(0, 7), (7, 10)], cost=1370.89
  Col 12384: blocks=[(0, 7), (7, 10)], cost=1370.54
  Col 12385: blocks=[(0, 7), (7, 10)], cost=1370.89
  Col 12386: blocks=[(0, 7), (7, 10)], cost=1367.56
  Col 12387: blocks=[(0, 7), (7, 10)], cost=1368.55
  Col 12388: blocks=[(0, 7), (7, 10)], cost=1369.23
  Col 12389: blocks=[(0, 7), (7, 10)], cost=1369.58
  Col 12390: blocks=[(0, 7), (7, 10)], cost=1369.23
  Col 12391: blocks=[(0, 7), (7, 10)], cost=1369.79
  Col 12392: blocks=[(0, 7), (7, 10)], cost=1370.47
  Col 12393: blocks=[(0, 7), (7, 10)], cost=1370.82
  Col 12394: blocks=[(0, 7), (7, 10)], cost=1370.47
  Col 12395: blocks=[(0, 7), (7, 10)], cost=1371.45
  Col 12396: blocks=[(0, 7), (7, 10)], cost=1371.80
  Col 12397: blocks=[(0, 7), (7, 10)], cost=1371.45
  Col 12398: blocks=[(0, 7), (7, 10)], cost=1372.48
  Col 12399: blocks=[(0, 7), (7, 10)], cost=1372.13
  Col 12400: blocks=[(0, 7), (7, 10)], cost=1372.48
  Col 12401: blocks=[(0, 7), (7, 10)], cost=1371.24
  Col 12402: blocks=[(0, 7), (7, 10)], cost=1371.92
  Col 12403: blocks=[(0, 7), (7, 10)], cost=1372.27
  Col 12404: blocks=[(0, 7), (7, 10)], cost=1371.92
  Col 12405: blocks=[(0, 7), (7, 10)], cost=1372.90
  Col 12406: blocks=[(0, 7), (7, 10)], cost=1373.25
  Col 12407: blocks=[(0, 7), (7, 10)], cost=1372.90
  Col 12408: blocks=[(0, 7), (7, 10)], cost=1373.93
  Col 12409: blocks=[(0, 7), (7, 10)], cost=1373.58
  Col 12410: blocks=[(0, 7), (7, 10)], cost=1373.93
  Col 12411: blocks=[(0, 7), (7, 10)], cost=1374.14
  Col 12412: blocks=[(0, 7), (7, 10)], cost=1374.49
  Col 12413: blocks=[(0, 7), (7, 10)], cost=1374.14
  Col 12414: blocks=[(0, 7), (7, 10)], cost=1375.17
  Col 12415: blocks=[(0, 7), (7, 10)], cost=1374.82
  Col 12416: blocks=[(0, 7), (7, 10)], cost=1375.17
  Col 12417: blocks=[(0, 7), (7, 10)], cost=1376.16
  Col 12418: blocks=[(0, 7), (7, 10)], cost=1375.81
  Col 12419: blocks=[(0, 7), (7, 10)], cost=1376.16
  Col 12420: blocks=[(0, 7), (7, 10)], cost=1376.84
  Col 12421: blocks=[(0, 8), (8, 9), (9, 10)], cost=1287.90
  Col 12422: blocks=[(0, 8), (8, 9), (9, 10)], cost=1369.56
  Col 12423: blocks=[(0, 8), (8, 9), (9, 10)], cost=1371.15
  Col 12424: blocks=[(0, 8), (8, 9), (9, 10)], cost=1372.60
  Col 12425: blocks=[(0, 8), (8, 9), (9, 10)], cost=1373.84
  Col 12426: blocks=[(0, 8), (8, 9), (9, 10)], cost=1374.82
  Col 12427: blocks=[(0, 8), (8, 9), (9, 10)], cost=1375.51
  Col 12428: blocks=[(0, 8), (8, 9), (9, 10)], cost=1375.85
  Col 12429: blocks=[(0, 8), (8, 9), (9, 10)], cost=1452.81
  Col 12430: blocks=[(0, 8), (8, 9), (9, 10)], cost=1454.26
  Col 12431: blocks=[(0, 8), (8, 9), (9, 10)], cost=1455.51
  Col 12432: blocks=[(0, 8), (8, 9), (9, 10)], cost=1456.49
  Col 12433: blocks=[(0, 8), (8, 9), (9, 10)], cost=1457.17
  Col 12434: blocks=[(0, 8), (8, 9), (9, 10)], cost=1457.52
  Col 12435: blocks=[(0, 8), (8, 9), (9, 10)], cost=1455.85
  Col 12436: blocks=[(0, 8), (8, 9), (9, 10)], cost=1457.10
  Col 12437: blocks=[(0, 8), (8, 9), (9, 10)], cost=1458.08
  Col 12438: blocks=[(0, 8), (8, 9), (9, 10)], cost=1458.76
  Col 12439: blocks=[(0, 8), (8, 9), (9, 10)], cost=1459.11
  Col 12440: blocks=[(0, 8), (8, 9), (9, 10)], cost=1458.54
  Col 12441: blocks=[(0, 8), (8, 9), (9, 10)], cost=1459.53
  Col 12442: blocks=[(0, 8), (8, 9), (9, 10)], cost=1460.21
  Col 12443: blocks=[(0, 8), (8, 9), (9, 10)], cost=1460.56
  Col 12444: blocks=[(0, 8), (8, 9), (9, 10)], cost=1460.77
  Col 12445: blocks=[(0, 8), (8, 9), (9, 10)], cost=1461.45
  Col 12446: blocks=[(0, 8), (8, 9), (9, 10)], cost=1461.80
  Col 12447: blocks=[(0, 8), (8, 9), (9, 10)], cost=1462.43
  Col 12448: blocks=[(0, 8), (8, 9), (9, 10)], cost=1462.78
  Col 12449: blocks=[(0, 8), (8, 9), (9, 10)], cost=1463.46
  Col 12450: blocks=[(0, 8), (8, 9), (9, 10)], cost=1537.52
  Col 12451: blocks=[(0, 8), (8, 9), (9, 10)], cost=1538.76
  Col 12452: blocks=[(0, 8), (8, 9), (9, 10)], cost=1539.74
  Col 12453: blocks=[(0, 8), (8, 9), (9, 10)], cost=1540.42
  Col 12454: blocks=[(0, 8), (8, 9), (9, 10)], cost=1540.77
  Col 12455: blocks=[(0, 8), (8, 9), (9, 10)], cost=1540.21
  Col 12456: blocks=[(0, 8), (8, 9), (9, 10)], cost=1541.19
  Col 12457: blocks=[(0, 8), (8, 9), (9, 10)], cost=1541.87
  Col 12458: blocks=[(0, 8), (8, 9), (9, 10)], cost=1542.22
  Col 12459: blocks=[(0, 8), (8, 9), (9, 10)], cost=1542.43
  Col 12460: blocks=[(0, 8), (8, 9), (9, 10)], cost=1543.11
  Col 12461: blocks=[(0, 8), (8, 9), (9, 10)], cost=1543.46
  Col 12462: blocks=[(0, 8), (8, 9), (9, 10)], cost=1544.10
  Col 12463: blocks=[(0, 8), (8, 9), (9, 10)], cost=1544.44
  Col 12464: blocks=[(0, 8), (8, 9), (9, 10)], cost=1545.12
  Col 12465: blocks=[(0, 8), (8, 9), (9, 10)], cost=1541.80
  Col 12466: blocks=[(0, 8), (8, 9), (9, 10)], cost=1542.78
  Col 12467: blocks=[(0, 8), (8, 9), (9, 10)], cost=1543.46
  Col 12468: blocks=[(0, 8), (8, 9), (9, 10)], cost=1543.81
  Col 12469: blocks=[(0, 8), (8, 9), (9, 10)], cost=1544.02
  Col 12470: blocks=[(0, 8), (8, 9), (9, 10)], cost=1544.70
  Col 12471: blocks=[(0, 8), (8, 9), (9, 10)], cost=1545.05
  Col 12472: blocks=[(0, 8), (8, 9), (9, 10)], cost=1545.69
  Col 12473: blocks=[(0, 8), (8, 9), (9, 10)], cost=1546.04
  Col 12474: blocks=[(0, 8), (8, 9), (9, 10)], cost=1546.72
  Col 12475: blocks=[(0, 8), (8, 9), (9, 10)], cost=1545.47
  Col 12476: blocks=[(0, 8), (8, 9), (9, 10)], cost=1546.15
  Col 12477: blocks=[(0, 8), (8, 9), (9, 10)], cost=1546.50
  Col 12478: blocks=[(0, 8), (8, 9), (9, 10)], cost=1547.14
  Col 12479: blocks=[(0, 8), (8, 9), (9, 10)], cost=1547.48
  Col 12480: blocks=[(0, 8), (8, 9), (9, 10)], cost=1548.16
  Col 12481: blocks=[(0, 8), (8, 9), (9, 10)], cost=1548.38
  Col 12482: blocks=[(0, 8), (8, 9), (9, 10)], cost=1548.73
  Col 12483: blocks=[(0, 8), (8, 9), (9, 10)], cost=1549.41
  Col 12484: blocks=[(0, 8), (8, 9), (9, 10)], cost=1550.39
  Col 12485: blocks=[(0, 8), (8, 10)], cost=1256.84
  Col 12486: blocks=[(0, 8), (8, 10)], cost=1338.50
  Col 12487: blocks=[(0, 8), (8, 10)], cost=1340.09
  Col 12488: blocks=[(0, 8), (8, 10)], cost=1341.54
  Col 12489: blocks=[(0, 8), (8, 10)], cost=1342.78
  Col 12490: blocks=[(0, 8), (8, 10)], cost=1343.77
  Col 12491: blocks=[(0, 8), (8, 10)], cost=1344.45
  Col 12492: blocks=[(0, 8), (8, 10)], cost=1344.79
  Col 12493: blocks=[(0, 8), (8, 10)], cost=1344.45
  Col 12494: blocks=[(0, 8), (8, 10)], cost=1421.75
  Col 12495: blocks=[(0, 8), (8, 10)], cost=1423.20
  Col 12496: blocks=[(0, 8), (8, 10)], cost=1424.45
  Col 12497: blocks=[(0, 8), (8, 10)], cost=1425.43
  Col 12498: blocks=[(0, 8), (8, 10)], cost=1426.11
  Col 12499: blocks=[(0, 8), (8, 10)], cost=1426.46
  Col 12500: blocks=[(0, 8), (8, 10)], cost=1426.11
  Col 12501: blocks=[(0, 8), (8, 10)], cost=1424.79
  Col 12502: blocks=[(0, 8), (8, 10)], cost=1426.04
  Col 12503: blocks=[(0, 8), (8, 10)], cost=1427.02
  Col 12504: blocks=[(0, 8), (8, 10)], cost=1427.70
  Col 12505: blocks=[(0, 8), (8, 10)], cost=1428.05
  Col 12506: blocks=[(0, 8), (8, 10)], cost=1427.70
  Col 12507: blocks=[(0, 8), (8, 10)], cost=1427.48
  Col 12508: blocks=[(0, 8), (8, 10)], cost=1428.47
  Col 12509: blocks=[(0, 8), (8, 10)], cost=1429.15
  Col 12510: blocks=[(0, 8), (8, 10)], cost=1429.50
  Col 12511: blocks=[(0, 8), (8, 10)], cost=1429.15
  Col 12512: blocks=[(0, 8), (8, 10)], cost=1429.71
  Col 12513: blocks=[(0, 8), (8, 10)], cost=1430.39
  Col 12514: blocks=[(0, 8), (8, 10)], cost=1430.74
  Col 12515: blocks=[(0, 8), (8, 10)], cost=1430.39
  Col 12516: blocks=[(0, 8), (8, 10)], cost=1431.37
  Col 12517: blocks=[(0, 8), (8, 10)], cost=1431.72
  Col 12518: blocks=[(0, 8), (8, 10)], cost=1431.37
  Col 12519: blocks=[(0, 8), (8, 10)], cost=1432.40
  Col 12520: blocks=[(0, 8), (8, 10)], cost=1432.05
  Col 12521: blocks=[(0, 8), (8, 10)], cost=1432.40
  Col 12522: blocks=[(0, 8), (8, 10)], cost=1506.46
  Col 12523: blocks=[(0, 8), (8, 10)], cost=1507.70
  Col 12524: blocks=[(0, 8), (8, 10)], cost=1508.68
  Col 12525: blocks=[(0, 8), (8, 10)], cost=1509.36
  Col 12526: blocks=[(0, 8), (8, 10)], cost=1509.71
  Col 12527: blocks=[(0, 8), (8, 10)], cost=1509.36
  Col 12528: blocks=[(0, 8), (8, 10)], cost=1509.15
  Col 12529: blocks=[(0, 8), (8, 10)], cost=1510.13
  Col 12530: blocks=[(0, 8), (8, 10)], cost=1510.81
  Col 12531: blocks=[(0, 8), (8, 10)], cost=1511.16
  Col 12532: blocks=[(0, 8), (8, 10)], cost=1510.81
  Col 12533: blocks=[(0, 8), (8, 10)], cost=1511.37
  Col 12534: blocks=[(0, 8), (8, 10)], cost=1512.05
  Col 12535: blocks=[(0, 8), (8, 10)], cost=1512.40
  Col 12536: blocks=[(0, 8), (8, 10)], cost=1512.05
  Col 12537: blocks=[(0, 8), (8, 10)], cost=1513.04
  Col 12538: blocks=[(0, 8), (8, 10)], cost=1513.38
  Col 12539: blocks=[(0, 8), (8, 10)], cost=1513.04
  Col 12540: blocks=[(0, 8), (8, 10)], cost=1514.06
  Col 12541: blocks=[(0, 8), (8, 10)], cost=1513.72
  Col 12542: blocks=[(0, 8), (8, 10)], cost=1514.06
  Col 12543: blocks=[(0, 8), (8, 10)], cost=1510.74
  Col 12544: blocks=[(0, 8), (8, 10)], cost=1511.72
  Col 12545: blocks=[(0, 8), (8, 10)], cost=1512.40
  Col 12546: blocks=[(0, 8), (8, 10)], cost=1512.75
  Col 12547: blocks=[(0, 8), (8, 10)], cost=1512.40
  Col 12548: blocks=[(0, 8), (8, 10)], cost=1512.96
  Col 12549: blocks=[(0, 8), (8, 10)], cost=1513.64
  Col 12550: blocks=[(0, 8), (8, 10)], cost=1513.99
  Col 12551: blocks=[(0, 8), (8, 10)], cost=1513.64
  Col 12552: blocks=[(0, 8), (8, 10)], cost=1514.63
  Col 12553: blocks=[(0, 8), (8, 10)], cost=1514.97
  Col 12554: blocks=[(0, 8), (8, 10)], cost=1514.63
  Col 12555: blocks=[(0, 8), (8, 10)], cost=1515.66
  Col 12556: blocks=[(0, 8), (8, 10)], cost=1515.31
  Col 12557: blocks=[(0, 8), (8, 10)], cost=1515.66
  Col 12558: blocks=[(0, 8), (8, 10)], cost=1514.41
  Col 12559: blocks=[(0, 8), (8, 10)], cost=1515.09
  Col 12560: blocks=[(0, 8), (8, 10)], cost=1515.44
  Col 12561: blocks=[(0, 8), (8, 10)], cost=1515.09
  Col 12562: blocks=[(0, 8), (8, 10)], cost=1516.08
  Col 12563: blocks=[(0, 8), (8, 10)], cost=1516.42
  Col 12564: blocks=[(0, 8), (8, 10)], cost=1516.08
  Col 12565: blocks=[(0, 8), (8, 10)], cost=1517.10
  Col 12566: blocks=[(0, 8), (8, 10)], cost=1516.76
  Col 12567: blocks=[(0, 8), (8, 10)], cost=1517.10
  Col 12568: blocks=[(0, 8), (8, 10)], cost=1517.32
  Col 12569: blocks=[(0, 8), (8, 10)], cost=1517.67
  Col 12570: blocks=[(0, 8), (8, 10)], cost=1517.32
  Col 12571: blocks=[(0, 8), (8, 10)], cost=1518.35
  Col 12572: blocks=[(0, 8), (8, 10)], cost=1518.00
  Col 12573: blocks=[(0, 8), (8, 10)], cost=1518.35
  Col 12574: blocks=[(0, 8), (8, 10)], cost=1519.33
  Col 12575: blocks=[(0, 8), (8, 10)], cost=1518.98
  Col 12576: blocks=[(0, 8), (8, 10)], cost=1519.33
  Col 12577: blocks=[(0, 8), (8, 10)], cost=1520.01
  Col 12578: blocks=[(0, 9), (9, 10)], cost=1301.26
  Col 12579: blocks=[(0, 9), (9, 10)], cost=1382.92
  Col 12580: blocks=[(0, 9), (9, 10)], cost=1384.51
  Col 12581: blocks=[(0, 9), (9, 10)], cost=1385.96
  Col 12582: blocks=[(0, 9), (9, 10)], cost=1387.21
  Col 12583: blocks=[(0, 9), (9, 10)], cost=1388.19
  Col 12584: blocks=[(0, 9), (9, 10)], cost=1388.87
  Col 12585: blocks=[(0, 9), (9, 10)], cost=1389.22
  Col 12586: blocks=[(0, 9), (9, 10)], cost=1389.22
  Col 12587: blocks=[(0, 9), (9, 10)], cost=1466.18
  Col 12588: blocks=[(0, 9), (9, 10)], cost=1467.63
  Col 12589: blocks=[(0, 9), (9, 10)], cost=1468.87
  Col 12590: blocks=[(0, 9), (9, 10)], cost=1469.85
  Col 12591: blocks=[(0, 9), (9, 10)], cost=1470.53
  Col 12592: blocks=[(0, 9), (9, 10)], cost=1470.88
  Col 12593: blocks=[(0, 9), (9, 10)], cost=1470.88
  Col 12594: blocks=[(0, 9), (9, 10)], cost=1469.22
  Col 12595: blocks=[(0, 9), (9, 10)], cost=1470.46
  Col 12596: blocks=[(0, 9), (9, 10)], cost=1471.44
  Col 12597: blocks=[(0, 9), (9, 10)], cost=1472.12
  Col 12598: blocks=[(0, 9), (9, 10)], cost=1472.47
  Col 12599: blocks=[(0, 9), (9, 10)], cost=1472.47
  Col 12600: blocks=[(0, 9), (9, 10)], cost=1471.91
  Col 12601: blocks=[(0, 9), (9, 10)], cost=1472.89
  Col 12602: blocks=[(0, 9), (9, 10)], cost=1473.57
  Col 12603: blocks=[(0, 9), (9, 10)], cost=1473.92
  Col 12604: blocks=[(0, 9), (9, 10)], cost=1473.92
  Col 12605: blocks=[(0, 9), (9, 10)], cost=1474.13
  Col 12606: blocks=[(0, 9), (9, 10)], cost=1474.81
  Col 12607: blocks=[(0, 9), (9, 10)], cost=1475.16
  Col 12608: blocks=[(0, 9), (9, 10)], cost=1475.16
  Col 12609: blocks=[(0, 9), (9, 10)], cost=1475.80
  Col 12610: blocks=[(0, 9), (9, 10)], cost=1476.15
  Col 12611: blocks=[(0, 9), (9, 10)], cost=1476.15
  Col 12612: blocks=[(0, 9), (9, 10)], cost=1476.83
  Col 12613: blocks=[(0, 9), (9, 10)], cost=1476.83
  Col 12614: blocks=[(0, 9), (9, 10)], cost=1477.17
  Col 12615: blocks=[(0, 9), (9, 10)], cost=1550.88
  Col 12616: blocks=[(0, 9), (9, 10)], cost=1552.12
  Col 12617: blocks=[(0, 9), (9, 10)], cost=1553.11
  Col 12618: blocks=[(0, 9), (9, 10)], cost=1553.79
  Col 12619: blocks=[(0, 9), (9, 10)], cost=1554.13
  Col 12620: blocks=[(0, 9), (9, 10)], cost=1554.13
  Col 12621: blocks=[(0, 9), (9, 10)], cost=1553.57
  Col 12622: blocks=[(0, 9), (9, 10)], cost=1554.55
  Col 12623: blocks=[(0, 9), (9, 10)], cost=1555.23
  Col 12624: blocks=[(0, 9), (9, 10)], cost=1555.58
  Col 12625: blocks=[(0, 9), (9, 10)], cost=1555.58
  Col 12626: blocks=[(0, 9), (9, 10)], cost=1555.80
  Col 12627: blocks=[(0, 9), (9, 10)], cost=1556.48
  Col 12628: blocks=[(0, 9), (9, 10)], cost=1556.83
  Col 12629: blocks=[(0, 9), (9, 10)], cost=1556.83
  Col 12630: blocks=[(0, 9), (9, 10)], cost=1557.46
  Col 12631: blocks=[(0, 9), (9, 10)], cost=1557.81
  Col 12632: blocks=[(0, 9), (9, 10)], cost=1557.81
  Col 12633: blocks=[(0, 9), (9, 10)], cost=1558.49
  Col 12634: blocks=[(0, 9), (9, 10)], cost=1558.49
  Col 12635: blocks=[(0, 9), (9, 10)], cost=1558.84
  Col 12636: blocks=[(0, 9), (9, 10)], cost=1555.16
  Col 12637: blocks=[(0, 9), (9, 10)], cost=1556.15
  Col 12638: blocks=[(0, 9), (9, 10)], cost=1556.83
  Col 12639: blocks=[(0, 9), (9, 10)], cost=1557.17
  Col 12640: blocks=[(0, 9), (9, 10)], cost=1557.17
  Col 12641: blocks=[(0, 9), (9, 10)], cost=1557.39
  Col 12642: blocks=[(0, 9), (9, 10)], cost=1558.07
  Col 12643: blocks=[(0, 9), (9, 10)], cost=1558.42
  Col 12644: blocks=[(0, 9), (9, 10)], cost=1558.42
  Col 12645: blocks=[(0, 9), (9, 10)], cost=1559.05
  Col 12646: blocks=[(0, 9), (9, 10)], cost=1559.40
  Col 12647: blocks=[(0, 9), (9, 10)], cost=1559.40
  Col 12648: blocks=[(0, 9), (9, 10)], cost=1560.08
  Col 12649: blocks=[(0, 9), (9, 10)], cost=1560.08
  Col 12650: blocks=[(0, 9), (9, 10)], cost=1560.43
  Col 12651: blocks=[(0, 9), (9, 10)], cost=1558.84
  Col 12652: blocks=[(0, 9), (9, 10)], cost=1559.52
  Col 12653: blocks=[(0, 9), (9, 10)], cost=1559.86
  Col 12654: blocks=[(0, 9), (9, 10)], cost=1559.86
  Col 12655: blocks=[(0, 9), (9, 10)], cost=1560.50
  Col 12656: blocks=[(0, 9), (9, 10)], cost=1560.85
  Col 12657: blocks=[(0, 9), (9, 10)], cost=1560.85
  Col 12658: blocks=[(0, 9), (9, 10)], cost=1561.53
  Col 12659: blocks=[(0, 9), (9, 10)], cost=1561.53
  Col 12660: blocks=[(0, 9), (9, 10)], cost=1561.88
  Col 12661: blocks=[(0, 9), (9, 10)], cost=1561.74
  Col 12662: blocks=[(0, 9), (9, 10)], cost=1562.09
  Col 12663: blocks=[(0, 9), (9, 10)], cost=1562.09
  Col 12664: blocks=[(0, 9), (9, 10)], cost=1562.77
  Col 12665: blocks=[(0, 9), (9, 10)], cost=1562.77
  Col 12666: blocks=[(0, 9), (9, 10)], cost=1563.12
  Col 12667: blocks=[(0, 9), (9, 10)], cost=1563.75
  Col 12668: blocks=[(0, 9), (9, 10)], cost=1563.75
  Col 12669: blocks=[(0, 9), (9, 10)], cost=1564.10
  Col 12670: blocks=[(0, 9), (9, 10)], cost=1564.78
  Col 12671: blocks=[(0, 10)], cost=1376.46
  Col 12672: blocks=[(0, 10)], cost=1458.13
  Col 12673: blocks=[(0, 10)], cost=1459.72
  Col 12674: blocks=[(0, 10)], cost=1461.17
  Col 12675: blocks=[(0, 10)], cost=1462.41
  Col 12676: blocks=[(0, 10)], cost=1463.39
  Col 12677: blocks=[(0, 10)], cost=1464.07
  Col 12678: blocks=[(0, 10)], cost=1464.42
  Col 12679: blocks=[(0, 10)], cost=1464.42
  Col 12680: blocks=[(0, 10)], cost=1464.07
  Col 12681: blocks=[(0, 10)], cost=1541.38
  Col 12682: blocks=[(0, 10)], cost=1542.83
  Col 12683: blocks=[(0, 10)], cost=1544.07
  Col 12684: blocks=[(0, 10)], cost=1545.06
  Col 12685: blocks=[(0, 10)], cost=1545.74
  Col 12686: blocks=[(0, 10)], cost=1546.08
  Col 12687: blocks=[(0, 10)], cost=1546.08
  Col 12688: blocks=[(0, 10)], cost=1545.74
  Col 12689: blocks=[(0, 10)], cost=1544.42
  Col 12690: blocks=[(0, 10)], cost=1545.66
  Col 12691: blocks=[(0, 10)], cost=1546.65
  Col 12692: blocks=[(0, 10)], cost=1547.33
  Col 12693: blocks=[(0, 10)], cost=1547.67
  Col 12694: blocks=[(0, 10)], cost=1547.67
  Col 12695: blocks=[(0, 10)], cost=1547.33
  Col 12696: blocks=[(0, 10)], cost=1547.11
  Col 12697: blocks=[(0, 10)], cost=1548.09
  Col 12698: blocks=[(0, 10)], cost=1548.77
  Col 12699: blocks=[(0, 10)], cost=1549.12
  Col 12700: blocks=[(0, 10)], cost=1549.12
  Col 12701: blocks=[(0, 10)], cost=1548.77
  Col 12702: blocks=[(0, 10)], cost=1549.34
  Col 12703: blocks=[(0, 10)], cost=1550.02
  Col 12704: blocks=[(0, 10)], cost=1550.37
  Col 12705: blocks=[(0, 10)], cost=1550.37
  Col 12706: blocks=[(0, 10)], cost=1550.02
  Col 12707: blocks=[(0, 10)], cost=1551.00
  Col 12708: blocks=[(0, 10)], cost=1551.35
  Col 12709: blocks=[(0, 10)], cost=1551.35
  Col 12710: blocks=[(0, 10)], cost=1551.00
  Col 12711: blocks=[(0, 10)], cost=1552.03
  Col 12712: blocks=[(0, 10)], cost=1552.03
  Col 12713: blocks=[(0, 10)], cost=1551.68
  Col 12714: blocks=[(0, 10)], cost=1552.38
  Col 12715: blocks=[(0, 10)], cost=1552.03
  Col 12716: blocks=[(0, 10)], cost=1552.03
  Col 12717: blocks=[(0, 10)], cost=1626.08
  Col 12718: blocks=[(0, 10)], cost=1627.33
  Col 12719: blocks=[(0, 10)], cost=1628.31
  Col 12720: blocks=[(0, 10)], cost=1628.99
  Col 12721: blocks=[(0, 10)], cost=1629.34
  Col 12722: blocks=[(0, 10)], cost=1629.34
  Col 12723: blocks=[(0, 10)], cost=1628.99
  Col 12724: blocks=[(0, 10)], cost=1628.77
  Col 12725: blocks=[(0, 10)], cost=1629.76
  Col 12726: blocks=[(0, 10)], cost=1630.44
  Col 12727: blocks=[(0, 10)], cost=1630.79
  Col 12728: blocks=[(0, 10)], cost=1630.79
  Col 12729: blocks=[(0, 10)], cost=1630.44
  Col 12730: blocks=[(0, 10)], cost=1631.00
  Col 12731: blocks=[(0, 10)], cost=1631.68
  Col 12732: blocks=[(0, 10)], cost=1632.03
  Col 12733: blocks=[(0, 10)], cost=1632.03
  Col 12734: blocks=[(0, 10)], cost=1631.68
  Col 12735: blocks=[(0, 10)], cost=1632.66
  Col 12736: blocks=[(0, 10)], cost=1633.01
  Col 12737: blocks=[(0, 10)], cost=1633.01
  Col 12738: blocks=[(0, 10)], cost=1632.66
  Col 12739: blocks=[(0, 10)], cost=1633.69
  Col 12740: blocks=[(0, 10)], cost=1633.69
  Col 12741: blocks=[(0, 10)], cost=1633.34
  Col 12742: blocks=[(0, 10)], cost=1634.04
  Col 12743: blocks=[(0, 10)], cost=1633.69
  Col 12744: blocks=[(0, 10)], cost=1633.69
  Col 12745: blocks=[(0, 10)], cost=1630.37
  Col 12746: blocks=[(0, 10)], cost=1631.35
  Col 12747: blocks=[(0, 10)], cost=1632.03
  Col 12748: blocks=[(0, 10)], cost=1632.38
  Col 12749: blocks=[(0, 10)], cost=1632.38
  Col 12750: blocks=[(0, 10)], cost=1632.03
  Col 12751: blocks=[(0, 10)], cost=1632.59
  Col 12752: blocks=[(0, 10)], cost=1633.27
  Col 12753: blocks=[(0, 10)], cost=1633.62
  Col 12754: blocks=[(0, 10)], cost=1633.62
  Col 12755: blocks=[(0, 10)], cost=1633.27
  Col 12756: blocks=[(0, 10)], cost=1634.25
  Col 12757: blocks=[(0, 10)], cost=1634.60
  Col 12758: blocks=[(0, 10)], cost=1634.60
  Col 12759: blocks=[(0, 10)], cost=1634.25
  Col 12760: blocks=[(0, 10)], cost=1635.28
  Col 12761: blocks=[(0, 10)], cost=1635.28
  Col 12762: blocks=[(0, 10)], cost=1634.93
  Col 12763: blocks=[(0, 10)], cost=1635.63
  Col 12764: blocks=[(0, 10)], cost=1635.28
  Col 12765: blocks=[(0, 10)], cost=1635.28
  Col 12766: blocks=[(0, 10)], cost=1634.04
  Col 12767: blocks=[(0, 10)], cost=1634.72
  Col 12768: blocks=[(0, 10)], cost=1635.07
  Col 12769: blocks=[(0, 10)], cost=1635.07
  Col 12770: blocks=[(0, 10)], cost=1634.72
  Col 12771: blocks=[(0, 10)], cost=1635.70
  Col 12772: blocks=[(0, 10)], cost=1636.05
  Col 12773: blocks=[(0, 10)], cost=1636.05
  Col 12774: blocks=[(0, 10)], cost=1635.70
  Col 12775: blocks=[(0, 10)], cost=1636.73
  Col 12776: blocks=[(0, 10)], cost=1636.73
  Col 12777: blocks=[(0, 10)], cost=1636.38
  Col 12778: blocks=[(0, 10)], cost=1637.08
  Col 12779: blocks=[(0, 10)], cost=1636.73
  Col 12780: blocks=[(0, 10)], cost=1636.73
  Col 12781: blocks=[(0, 10)], cost=1636.95
  Col 12782: blocks=[(0, 10)], cost=1637.29
  Col 12783: blocks=[(0, 10)], cost=1637.29
  Col 12784: blocks=[(0, 10)], cost=1636.95
  Col 12785: blocks=[(0, 10)], cost=1637.97
  Col 12786: blocks=[(0, 10)], cost=1637.97
  Col 12787: blocks=[(0, 10)], cost=1637.63
  Col 12788: blocks=[(0, 10)], cost=1638.32
  Col 12789: blocks=[(0, 10)], cost=1637.97
  Col 12790: blocks=[(0, 10)], cost=1637.97
  Col 12791: blocks=[(0, 10)], cost=1638.96
  Col 12792: blocks=[(0, 10)], cost=1638.96
  Col 12793: blocks=[(0, 10)], cost=1638.61
  Col 12794: blocks=[(0, 10)], cost=1639.30
  Col 12795: blocks=[(0, 10)], cost=1638.96
  Col 12796: blocks=[(0, 10)], cost=1638.96
  Col 12797: blocks=[(0, 10)], cost=1639.98
  Col 12798: blocks=[(0, 10)], cost=1639.64
  Col 12799: blocks=[(0, 10)], cost=1639.64
  Col 12800: blocks=[(0, 10)], cost=1639.98

=== TRYING DECOMPOSITION ===
Using 12800 ZIO columns for decomposition
Solving LP with 12800 columns and 11 constraints...

✓ Found decomposition!
Decomposition cost: 1254.71
MIP cost: 1174.71
Difference: 80.00

Active columns (lambda > 0.001):
  λ_4930 = 1.000000: blocks=[(0, 2), (2, 3), (3, 4), (4, 5), (5, 7), (7, 9), (9, 10)], cost=1254.71

Total active columns: 1
Lambda sum: 1.000000

=== VERIFYING ZIO PROPERTY ===
  ✓ All active columns satisfy ZIO property

=== SUMMARY ===
The MIP solution violates ZIO and cannot be exactly decomposed into ZIO columns.
However, we can approximate it using ZIO columns with fractional lambdas.
The approximation may have a different cost than the MIP solution.
