=== GENERATING ALL ZIO COLUMNS FOR ITEM 0 ===
Demand: [0, 0, 68, 49, 66, 38, 17, 17, 41, 43]
Gamma: {0: [0, 1, 2, 3, 4, 5, 6, 7, 8, 9], 1: [1, 2, 3, 4, 5, 6, 7, 8, 9], 2: [2, 3, 4, 5, 6, 7, 8, 9], 3: [3, 4, 5, 6, 7, 8, 9], 4: [4, 5, 6, 7, 8, 9], 5: [5, 6, 7, 8, 9], 6: [6, 7, 8, 9], 7: [7, 8, 9], 8: [8, 9], 9: [9]}
Expiry: {0: 24, 1: 19, 2: 24, 3: 9, 4: 20, 5: 14, 6: 27, 7: 30, 8: 17, 9: 16}

Generating all ZIO columns with new interpretation...
Modeling as 11-node shortest path problem
Nodes: 0 (start), 1-10 (periods 0-9)
All periods: [0, 1, 2, 3, 4, 5, 6, 7, 8, 9]
Periods with positive demand: [2, 3, 4, 5, 6, 7, 8, 9]
Generating block partitions...
Found 8877691 possible block partitions
Generating ALL partitions (no limit)
Producible periods: [0, 1, 2, 3, 4, 5, 6, 7, 8, 9]
Generating columns from partitions (no limit)...
  Processing partition 1000/8877691, columns so far: 2185
  Processing partition 2000/8877691, columns so far: 5376
  Processing partition 3000/8877691, columns so far: 7204
  Processing partition 4000/8877691, columns so far: 9640
  Processing partition 5000/8877691, columns so far: 11456
  Processing partition 6000/8877691, columns so far: 13798
  Processing partition 7000/8877691, columns so far: 16190
  Processing partition 8000/8877691, columns so far: 18050
  Processing partition 9000/8877691, columns so far: 20457
  Processing partition 10000/8877691, columns so far: 22606
  Processing partition 11000/8877691, columns so far: 25058
  Processing partition 12000/8877691, columns so far: 27666
  Processing partition 13000/8877691, columns so far: 32040
  Processing partition 14000/8877691, columns so far: 37884
  Processing partition 15000/8877691, columns so far: 39996
  Processing partition 16000/8877691, columns so far: 42031
  Processing partition 17000/8877691, columns so far: 44376
  Processing partition 18000/8877691, columns so far: 45919
  Processing partition 19000/8877691, columns so far: 47822
  Processing partition 20000/8877691, columns so far: 49739
  Processing partition 21000/8877691, columns so far: 51416
  Processing partition 22000/8877691, columns so far: 53140
  Processing partition 23000/8877691, columns so far: 55348
  Processing partition 24000/8877691, columns so far: 57476
  Processing partition 25000/8877691, columns so far: 61076
  Processing partition 26000/8877691, columns so far: 64931
  Processing partition 27000/8877691, columns so far: 67058
  Processing partition 28000/8877691, columns so far: 69066
  Processing partition 29000/8877691, columns so far: 70870
  Processing partition 30000/8877691, columns so far: 72948
  Processing partition 31000/8877691, columns so far: 74820
  Processing partition 32000/8877691, columns so far: 76696
  Processing partition 33000/8877691, columns so far: 78620
  Processing partition 34000/8877691, columns so far: 80208
  Processing partition 35000/8877691, columns so far: 82367
  Processing partition 36000/8877691, columns so far: 85006
  Processing partition 37000/8877691, columns so far: 88796
  Processing partition 38000/8877691, columns so far: 91950
  Processing partition 39000/8877691, columns so far: 94278
  Processing partition 40000/8877691, columns so far: 95840
  Processing partition 41000/8877691, columns so far: 97980
  Processing partition 42000/8877691, columns so far: 99728
  Processing partition 43000/8877691, columns so far: 101648
  Processing partition 44000/8877691, columns so far: 103721
  Processing partition 45000/8877691, columns so far: 105629
  Processing partition 46000/8877691, columns so far: 107568
  Processing partition 47000/8877691, columns so far: 109382
  Processing partition 48000/8877691, columns so far: 112448
  Processing partition 49000/8877691, columns so far: 117148
  Processing partition 50000/8877691, columns so far: 118965
  Processing partition 51000/8877691, columns so far: 121303
  Processing partition 52000/8877691, columns so far: 123159
  Processing partition 53000/8877691, columns so far: 124710
  Processing partition 54000/8877691, columns so far: 126798
  Processing partition 55000/8877691, columns so far: 128644
  Processing partition 56000/8877691, columns so far: 130418
  Processing partition 57000/8877691, columns so far: 132586
  Processing partition 58000/8877691, columns so far: 134675
  Processing partition 59000/8877691, columns so far: 136448
  Processing partition 60000/8877691, columns so far: 139924
  Processing partition 61000/8877691, columns so far: 144258
  Processing partition 62000/8877691, columns so far: 146031
  Processing partition 63000/8877691, columns so far: 148266
  Processing partition 64000/8877691, columns so far: 150174
  Processing partition 65000/8877691, columns so far: 151904
  Processing partition 66000/8877691, columns so far: 153596
  Processing partition 67000/8877691, columns so far: 155668
  Processing partition 68000/8877691, columns so far: 157466
  Processing partition 69000/8877691, columns so far: 159282
  Processing partition 70000/8877691, columns so far: 161698
  Processing partition 71000/8877691, columns so far: 163856
  Processing partition 72000/8877691, columns so far: 167488
  Processing partition 73000/8877691, columns so far: 171281
  Processing partition 74000/8877691, columns so far: 173432
  Processing partition 75000/8877691, columns so far: 175228
  Processing partition 76000/8877691, columns so far: 177158
  Processing partition 77000/8877691, columns so far: 179105
  Processing partition 78000/8877691, columns so far: 180674
  Processing partition 79000/8877691, columns so far: 182478
  Processing partition 80000/8877691, columns so far: 184600
  Processing partition 81000/8877691, columns so far: 186416
  Processing partition 82000/8877691, columns so far: 188640
  Processing partition 83000/8877691, columns so far: 191992
  Processing partition 84000/8877691, columns so far: 196222
  Processing partition 85000/8877691, columns so far: 198740
  Processing partition 86000/8877691, columns so far: 201276
  Processing partition 87000/8877691, columns so far: 203779
  Processing partition 88000/8877691, columns so far: 206204
  Processing partition 89000/8877691, columns so far: 207982
  Processing partition 90000/8877691, columns so far: 210391
  Processing partition 91000/8877691, columns so far: 212680
  Processing partition 92000/8877691, columns so far: 214548
  Processing partition 93000/8877691, columns so far: 217023
  Processing partition 94000/8877691, columns so far: 218815
  Processing partition 95000/8877691, columns so far: 221558
  Processing partition 96000/8877691, columns so far: 223892
  Processing partition 97000/8877691, columns so far: 228272
  Processing partition 98000/8877691, columns so far: 234644
  Processing partition 99000/8877691, columns so far: 238208
  Processing partition 100000/8877691, columns so far: 243038
  Processing partition 101000/8877691, columns so far: 247088
  Processing partition 102000/8877691, columns so far: 251386
  Processing partition 103000/8877691, columns so far: 256276
  Processing partition 104000/8877691, columns so far: 259918
  Processing partition 105000/8877691, columns so far: 264628
  Processing partition 106000/8877691, columns so far: 269464
  Processing partition 107000/8877691, columns so far: 273904
  Processing partition 108000/8877691, columns so far: 280392
  Processing partition 109000/8877691, columns so far: 288520
  Processing partition 110000/8877691, columns so far: 298857
  Processing partition 111000/8877691, columns so far: 300929
  Processing partition 112000/8877691, columns so far: 303995
  Processing partition 113000/8877691, columns so far: 305888
  Processing partition 114000/8877691, columns so far: 308230
  Processing partition 115000/8877691, columns so far: 310558
  Processing partition 116000/8877691, columns so far: 312414
  Processing partition 117000/8877691, columns so far: 314797
  Processing partition 118000/8877691, columns so far: 316868
  Processing partition 119000/8877691, columns so far: 318981
  Processing partition 120000/8877691, columns so far: 321548
  Processing partition 121000/8877691, columns so far: 323678
  Processing partition 122000/8877691, columns so far: 325992
  Processing partition 123000/8877691, columns so far: 328064
  Processing partition 124000/8877691, columns so far: 329906
  Processing partition 125000/8877691, columns so far: 332228
  Processing partition 126000/8877691, columns so far: 334085
  Processing partition 127000/8877691, columns so far: 335641
  Processing partition 128000/8877691, columns so far: 337549
  Processing partition 129000/8877691, columns so far: 339458
  Processing partition 130000/8877691, columns so far: 341218
  Processing partition 131000/8877691, columns so far: 343164
  Processing partition 132000/8877691, columns so far: 346176
  Processing partition 133000/8877691, columns so far: 350104
  Processing partition 134000/8877691, columns so far: 352746
  Processing partition 135000/8877691, columns so far: 354654
  Processing partition 136000/8877691, columns so far: 356324
  Processing partition 137000/8877691, columns so far: 357852
  Processing partition 138000/8877691, columns so far: 359578
  Processing partition 139000/8877691, columns so far: 361154
  Processing partition 140000/8877691, columns so far: 362706
  Processing partition 141000/8877691, columns so far: 364398
  Processing partition 142000/8877691, columns so far: 366188
  Processing partition 143000/8877691, columns so far: 369244
  Processing partition 144000/8877691, columns so far: 372090
  Processing partition 145000/8877691, columns so far: 373771
  Processing partition 146000/8877691, columns so far: 375646
  Processing partition 147000/8877691, columns so far: 377184
  Processing partition 148000/8877691, columns so far: 378714
  Processing partition 149000/8877691, columns so far: 380499
  Processing partition 150000/8877691, columns so far: 382079
  Processing partition 151000/8877691, columns so far: 383702
  Processing partition 152000/8877691, columns so far: 385334
  Processing partition 153000/8877691, columns so far: 388408
  Processing partition 154000/8877691, columns so far: 391324
  Processing partition 155000/8877691, columns so far: 393060
  Processing partition 156000/8877691, columns so far: 394784
  Processing partition 157000/8877691, columns so far: 396294
  Processing partition 158000/8877691, columns so far: 398044
  Processing partition 159000/8877691, columns so far: 399587
  Processing partition 160000/8877691, columns so far: 401413
  Processing partition 161000/8877691, columns so far: 403022
  Processing partition 162000/8877691, columns so far: 404548
  Processing partition 163000/8877691, columns so far: 407472
  Processing partition 164000/8877691, columns so far: 410616
  Processing partition 165000/8877691, columns so far: 412408
  Processing partition 166000/8877691, columns so far: 413978
  Processing partition 167000/8877691, columns so far: 415664
  Processing partition 168000/8877691, columns so far: 417222
  Processing partition 169000/8877691, columns so far: 418914
  Processing partition 170000/8877691, columns so far: 420430
  Processing partition 171000/8877691, columns so far: 422332
  Processing partition 172000/8877691, columns so far: 423864
  Processing partition 173000/8877691, columns so far: 426666
  Processing partition 174000/8877691, columns so far: 429934
  Processing partition 175000/8877691, columns so far: 431724
  Processing partition 176000/8877691, columns so far: 433246
  Processing partition 177000/8877691, columns so far: 435006
  Processing partition 178000/8877691, columns so far: 436558
  Processing partition 179000/8877691, columns so far: 438140
  Processing partition 180000/8877691, columns so far: 439784
  Processing partition 181000/8877691, columns so far: 441361
  Processing partition 182000/8877691, columns so far: 443129
  Processing partition 183000/8877691, columns so far: 446384
  Processing partition 184000/8877691, columns so far: 449516
  Processing partition 185000/8877691, columns so far: 451546
  Processing partition 186000/8877691, columns so far: 453518
  Processing partition 187000/8877691, columns so far: 455852
  Processing partition 188000/8877691, columns so far: 457380
  Processing partition 189000/8877691, columns so far: 459288
  Processing partition 190000/8877691, columns so far: 461198
  Processing partition 191000/8877691, columns so far: 463020
  Processing partition 192000/8877691, columns so far: 464625
  Processing partition 193000/8877691, columns so far: 466815
  Processing partition 194000/8877691, columns so far: 469098
  Processing partition 195000/8877691, columns so far: 473478
  Processing partition 196000/8877691, columns so far: 477596
  Processing partition 197000/8877691, columns so far: 481896
  Processing partition 198000/8877691, columns so far: 485352
  Processing partition 199000/8877691, columns so far: 489184
  Processing partition 200000/8877691, columns so far: 493002
  Processing partition 201000/8877691, columns so far: 496240
  Processing partition 202000/8877691, columns so far: 499816
  Processing partition 203000/8877691, columns so far: 504076
  Processing partition 204000/8877691, columns so far: 508232
  Processing partition 205000/8877691, columns so far: 515280
  Processing partition 206000/8877691, columns so far: 522472
  Processing partition 207000/8877691, columns so far: 524609
  Processing partition 208000/8877691, columns so far: 526467
  Processing partition 209000/8877691, columns so far: 528815
  Processing partition 210000/8877691, columns so far: 530418
  Processing partition 211000/8877691, columns so far: 532254
  Processing partition 212000/8877691, columns so far: 534166
  Processing partition 213000/8877691, columns so far: 536060
  Processing partition 214000/8877691, columns so far: 537586
  Processing partition 215000/8877691, columns so far: 539790
  Processing partition 216000/8877691, columns so far: 542778
  Processing partition 217000/8877691, columns so far: 546908
  Processing partition 218000/8877691, columns so far: 549606
  Processing partition 219000/8877691, columns so far: 551744
  Processing partition 220000/8877691, columns so far: 553496
  Processing partition 221000/8877691, columns so far: 555830
  Processing partition 222000/8877691, columns so far: 557704
  Processing partition 223000/8877691, columns so far: 559230
  Processing partition 224000/8877691, columns so far: 561144
  Processing partition 225000/8877691, columns so far: 563051
  Processing partition 226000/8877691, columns so far: 564964
  Processing partition 227000/8877691, columns so far: 566810
  Processing partition 228000/8877691, columns so far: 568670
  Processing partition 229000/8877691, columns so far: 570994
  Processing partition 230000/8877691, columns so far: 572840
  Processing partition 231000/8877691, columns so far: 574624
  Processing partition 232000/8877691, columns so far: 577025
  Processing partition 233000/8877691, columns so far: 578576
  Processing partition 234000/8877691, columns so far: 580493
  Processing partition 235000/8877691, columns so far: 582400
  Processing partition 236000/8877691, columns so far: 584110
  Processing partition 237000/8877691, columns so far: 586102
  Processing partition 238000/8877691, columns so far: 588916
  Processing partition 239000/8877691, columns so far: 592960
  Processing partition 240000/8877691, columns so far: 595434
  Processing partition 241000/8877691, columns so far: 597363
  Processing partition 242000/8877691, columns so far: 599023
  Processing partition 243000/8877691, columns so far: 600769
  Processing partition 244000/8877691, columns so far: 602325
  Processing partition 245000/8877691, columns so far: 604088
  Processing partition 246000/8877691, columns so far: 605644
  Processing partition 247000/8877691, columns so far: 607297
  Processing partition 248000/8877691, columns so far: 609016
  Processing partition 249000/8877691, columns so far: 612126
  Processing partition 250000/8877691, columns so far: 614756
  Processing partition 251000/8877691, columns so far: 616702
  Processing partition 252000/8877691, columns so far: 618215
  Processing partition 253000/8877691, columns so far: 619908
  Processing partition 254000/8877691, columns so far: 621658
  Processing partition 255000/8877691, columns so far: 623172
  Processing partition 256000/8877691, columns so far: 624985
  Processing partition 257000/8877691, columns so far: 626632
  Processing partition 258000/8877691, columns so far: 628210
  Processing partition 259000/8877691, columns so far: 631318
  Processing partition 260000/8877691, columns so far: 634097
  Processing partition 261000/8877691, columns so far: 636005
  Processing partition 262000/8877691, columns so far: 637504
  Processing partition 263000/8877691, columns so far: 639054
  Processing partition 264000/8877691, columns so far: 640792
  Processing partition 265000/8877691, columns so far: 642521
  Processing partition 266000/8877691, columns so far: 644020
  Processing partition 267000/8877691, columns so far: 645935
  Processing partition 268000/8877691, columns so far: 647483
  Processing partition 269000/8877691, columns so far: 650390
  Processing partition 270000/8877691, columns so far: 653411
  Processing partition 271000/8877691, columns so far: 655344
  Processing partition 272000/8877691, columns so far: 656852
  Processing partition 273000/8877691, columns so far: 658375
  Processing partition 274000/8877691, columns so far: 660166
  Processing partition 275000/8877691, columns so far: 661719
  Processing partition 276000/8877691, columns so far: 663369
  Processing partition 277000/8877691, columns so far: 664930
  Processing partition 278000/8877691, columns so far: 666786
  Processing partition 279000/8877691, columns so far: 670176
  Processing partition 280000/8877691, columns so far: 672904
  Processing partition 281000/8877691, columns so far: 674912
  Processing partition 282000/8877691, columns so far: 677149
  Processing partition 283000/8877691, columns so far: 678935
  Processing partition 284000/8877691, columns so far: 680838
  Processing partition 285000/8877691, columns so far: 682937
  Processing partition 286000/8877691, columns so far: 684791
  Processing partition 287000/8877691, columns so far: 686707
  Processing partition 288000/8877691, columns so far: 688240
  Processing partition 289000/8877691, columns so far: 690380
  Processing partition 290000/8877691, columns so far: 692896
  Processing partition 291000/8877691, columns so far: 696424
  Processing partition 292000/8877691, columns so far: 701340
  Processing partition 293000/8877691, columns so far: 704956
  Processing partition 294000/8877691, columns so far: 708480
  Processing partition 295000/8877691, columns so far: 712910
  Processing partition 296000/8877691, columns so far: 716726
  Processing partition 297000/8877691, columns so far: 720240
  Processing partition 298000/8877691, columns so far: 723552
  Processing partition 299000/8877691, columns so far: 727782
  Processing partition 300000/8877691, columns so far: 732208
  Processing partition 301000/8877691, columns so far: 739560
  Processing partition 302000/8877691, columns so far: 745950
  Processing partition 303000/8877691, columns so far: 748188
  Processing partition 304000/8877691, columns so far: 750124
  Processing partition 305000/8877691, columns so far: 751888
  Processing partition 306000/8877691, columns so far: 754068
  Processing partition 307000/8877691, columns so far: 755840
  Processing partition 308000/8877691, columns so far: 757766
  Processing partition 309000/8877691, columns so far: 759683
  Processing partition 310000/8877691, columns so far: 761324
  Processing partition 311000/8877691, columns so far: 763380
  Processing partition 312000/8877691, columns so far: 766120
  Processing partition 313000/8877691, columns so far: 770272
  Processing partition 314000/8877691, columns so far: 772963
  Processing partition 315000/8877691, columns so far: 774778
  Processing partition 316000/8877691, columns so far: 776539
  Processing partition 317000/8877691, columns so far: 778055
  Processing partition 318000/8877691, columns so far: 779823
  Processing partition 319000/8877691, columns so far: 781388
  Processing partition 320000/8877691, columns so far: 782939
  Processing partition 321000/8877691, columns so far: 784602
  Processing partition 322000/8877691, columns so far: 786408
  Processing partition 323000/8877691, columns so far: 789928
  Processing partition 324000/8877691, columns so far: 792313
  Processing partition 325000/8877691, columns so far: 794674
  Processing partition 326000/8877691, columns so far: 796434
  Processing partition 327000/8877691, columns so far: 798344
  Processing partition 328000/8877691, columns so far: 800618
  Processing partition 329000/8877691, columns so far: 802170
  Processing partition 330000/8877691, columns so far: 804084
  Processing partition 331000/8877691, columns so far: 805992
  Processing partition 332000/8877691, columns so far: 807902
  Processing partition 333000/8877691, columns so far: 809754
  Processing partition 334000/8877691, columns so far: 811535
  Processing partition 335000/8877691, columns so far: 813924
  Processing partition 336000/8877691, columns so far: 815494
  Processing partition 337000/8877691, columns so far: 817566
  Processing partition 338000/8877691, columns so far: 819416
  Processing partition 339000/8877691, columns so far: 821193
  Processing partition 340000/8877691, columns so far: 823394
  Processing partition 341000/8877691, columns so far: 825334
  Processing partition 342000/8877691, columns so far: 827038
  Processing partition 343000/8877691, columns so far: 828983
  Processing partition 344000/8877691, columns so far: 831820
  Processing partition 345000/8877691, columns so far: 835792
  Processing partition 346000/8877691, columns so far: 838374
  Processing partition 347000/8877691, columns so far: 840186
  Processing partition 348000/8877691, columns so far: 841807
  Processing partition 349000/8877691, columns so far: 843357
  Processing partition 350000/8877691, columns so far: 845218
  Processing partition 351000/8877691, columns so far: 846764
  Processing partition 352000/8877691, columns so far: 848557
  Processing partition 353000/8877691, columns so far: 850220
  Processing partition 354000/8877691, columns so far: 851944
  Processing partition 355000/8877691, columns so far: 855044
  Processing partition 356000/8877691, columns so far: 857682
  Processing partition 357000/8877691, columns so far: 859524
  Processing partition 358000/8877691, columns so far: 861155
  Processing partition 359000/8877691, columns so far: 862649
  Processing partition 360000/8877691, columns so far: 864199
  Processing partition 361000/8877691, columns so far: 866093
  Processing partition 362000/8877691, columns so far: 867616
  Processing partition 363000/8877691, columns so far: 869544
  Processing partition 364000/8877691, columns so far: 871120
  Processing partition 365000/8877691, columns so far: 874180
  Processing partition 366000/8877691, columns so far: 877016
  Processing partition 367000/8877691, columns so far: 878882
  Processing partition 368000/8877691, columns so far: 880438
  Processing partition 369000/8877691, columns so far: 881998
  Processing partition 370000/8877691, columns so far: 883502
  Processing partition 371000/8877691, columns so far: 885282
  Processing partition 372000/8877691, columns so far: 886965
  Processing partition 373000/8877691, columns so far: 888644
  Processing partition 374000/8877691, columns so far: 890405
  Processing partition 375000/8877691, columns so far: 893860
  Processing partition 376000/8877691, columns so far: 896526
  Processing partition 377000/8877691, columns so far: 898598
  Processing partition 378000/8877691, columns so far: 900479
  Processing partition 379000/8877691, columns so far: 902557
  Processing partition 380000/8877691, columns so far: 904318
  Processing partition 381000/8877691, columns so far: 906174
  Processing partition 382000/8877691, columns so far: 908385
  Processing partition 383000/8877691, columns so far: 910298
  Processing partition 384000/8877691, columns so far: 911882
  Processing partition 385000/8877691, columns so far: 913969
  Processing partition 386000/8877691, columns so far: 916680
  Processing partition 387000/8877691, columns so far: 920448
  Processing partition 388000/8877691, columns so far: 924680
  Processing partition 389000/8877691, columns so far: 928742
  Processing partition 390000/8877691, columns so far: 932270
  Processing partition 391000/8877691, columns so far: 935906
  Processing partition 392000/8877691, columns so far: 940462
  Processing partition 393000/8877691, columns so far: 944276
  Processing partition 394000/8877691, columns so far: 947340
  Processing partition 395000/8877691, columns so far: 951572
  Processing partition 396000/8877691, columns so far: 956548
  Processing partition 397000/8877691, columns so far: 963648
  Processing partition 398000/8877691, columns so far: 969496
  Processing partition 399000/8877691, columns so far: 971891
  Processing partition 400000/8877691, columns so far: 973429
  Processing partition 401000/8877691, columns so far: 975520
  Processing partition 402000/8877691, columns so far: 977367
  Processing partition 403000/8877691, columns so far: 979132
  Processing partition 404000/8877691, columns so far: 981334
  Processing partition 405000/8877691, columns so far: 983249
  Processing partition 406000/8877691, columns so far: 985076
  Processing partition 407000/8877691, columns so far: 987032
  Processing partition 408000/8877691, columns so far: 989866
  Processing partition 409000/8877691, columns so far: 994104
  Processing partition 410000/8877691, columns so far: 996615
  Processing partition 411000/8877691, columns so far: 998238
  Processing partition 412000/8877691, columns so far: 1000144
  Processing partition 413000/8877691, columns so far: 1001670
  Processing partition 414000/8877691, columns so far: 1003202
  Processing partition 415000/8877691, columns so far: 1004957
  Processing partition 416000/8877691, columns so far: 1006512
  Processing partition 417000/8877691, columns so far: 1008171
  Processing partition 418000/8877691, columns so far: 1010076
  Processing partition 419000/8877691, columns so far: 1013312
  Processing partition 420000/8877691, columns so far: 1015668
  Processing partition 421000/8877691, columns so far: 1017590
  Processing partition 422000/8877691, columns so far: 1019223
  Processing partition 423000/8877691, columns so far: 1020981
  Processing partition 424000/8877691, columns so far: 1022521
  Processing partition 425000/8877691, columns so far: 1024311
  Processing partition 426000/8877691, columns so far: 1025861
  Processing partition 427000/8877691, columns so far: 1027523
  Processing partition 428000/8877691, columns so far: 1029248
  Processing partition 429000/8877691, columns so far: 1032848
  Processing partition 430000/8877691, columns so far: 1035216
  Processing partition 431000/8877691, columns so far: 1037568
  Processing partition 432000/8877691, columns so far: 1039092
  Processing partition 433000/8877691, columns so far: 1041244
  Processing partition 434000/8877691, columns so far: 1043024
  Processing partition 435000/8877691, columns so far: 1044811
  Processing partition 436000/8877691, columns so far: 1047004
  Processing partition 437000/8877691, columns so far: 1048904
  Processing partition 438000/8877691, columns so far: 1050820
  Processing partition 439000/8877691, columns so far: 1052698
  Processing partition 440000/8877691, columns so far: 1054480
  Processing partition 441000/8877691, columns so far: 1056732
  Processing partition 442000/8877691, columns so far: 1058433
  Processing partition 443000/8877691, columns so far: 1060341
  Processing partition 444000/8877691, columns so far: 1062308
  Processing partition 445000/8877691, columns so far: 1064132
  Processing partition 446000/8877691, columns so far: 1065895
  Processing partition 447000/8877691, columns so far: 1068278
  Processing partition 448000/8877691, columns so far: 1069952
  Processing partition 449000/8877691, columns so far: 1071926
  Processing partition 450000/8877691, columns so far: 1074700
  Processing partition 451000/8877691, columns so far: 1078672
  Processing partition 452000/8877691, columns so far: 1081268
  Processing partition 453000/8877691, columns so far: 1083098
  Processing partition 454000/8877691, columns so far: 1084649
  Processing partition 455000/8877691, columns so far: 1086256
  Processing partition 456000/8877691, columns so far: 1087804
  Processing partition 457000/8877691, columns so far: 1089565
  Processing partition 458000/8877691, columns so far: 1091201
  Processing partition 459000/8877691, columns so far: 1093161
  Processing partition 460000/8877691, columns so far: 1094850
  Processing partition 461000/8877691, columns so far: 1097956
  Processing partition 462000/8877691, columns so far: 1100604
  Processing partition 463000/8877691, columns so far: 1102467
  Processing partition 464000/8877691, columns so far: 1104023
  Processing partition 465000/8877691, columns so far: 1105588
  Processing partition 466000/8877691, columns so far: 1107121
  Processing partition 467000/8877691, columns so far: 1108639
  Processing partition 468000/8877691, columns so far: 1110544
  Processing partition 469000/8877691, columns so far: 1112230
  Processing partition 470000/8877691, columns so far: 1114056
  Processing partition 471000/8877691, columns so far: 1117576
  Processing partition 472000/8877691, columns so far: 1120147
  Processing partition 473000/8877691, columns so far: 1122539
  Processing partition 474000/8877691, columns so far: 1124099
  Processing partition 475000/8877691, columns so far: 1126007
  Processing partition 476000/8877691, columns so far: 1128034
  Processing partition 477000/8877691, columns so far: 1129798
  Processing partition 478000/8877691, columns so far: 1131562
  Processing partition 479000/8877691, columns so far: 1133933
  Processing partition 480000/8877691, columns so far: 1135656
  Processing partition 481000/8877691, columns so far: 1137590
  Processing partition 482000/8877691, columns so far: 1140470
  Processing partition 483000/8877691, columns so far: 1144536
  Processing partition 484000/8877691, columns so far: 1148380
  Processing partition 485000/8877691, columns so far: 1152224
  Processing partition 486000/8877691, columns so far: 1156040
  Processing partition 487000/8877691, columns so far: 1159764
  Processing partition 488000/8877691, columns so far: 1163292
  Processing partition 489000/8877691, columns so far: 1168002
  Processing partition 490000/8877691, columns so far: 1171140
  Processing partition 491000/8877691, columns so far: 1175354
  Processing partition 492000/8877691, columns so far: 1180528
  Processing partition 493000/8877691, columns so far: 1188184
  Processing partition 494000/8877691, columns so far: 1193100
  Processing partition 495000/8877691, columns so far: 1195504
  Processing partition 496000/8877691, columns so far: 1197028
  Processing partition 497000/8877691, columns so far: 1198946
  Processing partition 498000/8877691, columns so far: 1200954
  Processing partition 499000/8877691, columns so far: 1202769
  Processing partition 500000/8877691, columns so far: 1204512
  Processing partition 501000/8877691, columns so far: 1206858
  Processing partition 502000/8877691, columns so far: 1208800
  Processing partition 503000/8877691, columns so far: 1210542
  Processing partition 504000/8877691, columns so far: 1213656
  Processing partition 505000/8877691, columns so far: 1218383
  Processing partition 506000/8877691, columns so far: 1220201
  Processing partition 507000/8877691, columns so far: 1221833
  Processing partition 508000/8877691, columns so far: 1223679
  Processing partition 509000/8877691, columns so far: 1225284
  Processing partition 510000/8877691, columns so far: 1226794
  Processing partition 511000/8877691, columns so far: 1228354
  Processing partition 512000/8877691, columns so far: 1230083
  Processing partition 513000/8877691, columns so far: 1231812
  Processing partition 514000/8877691, columns so far: 1233810
  Processing partition 515000/8877691, columns so far: 1237236
  Processing partition 516000/8877691, columns so far: 1239238
  Processing partition 517000/8877691, columns so far: 1241181
  Processing partition 518000/8877691, columns so far: 1242679
  Processing partition 519000/8877691, columns so far: 1244588
  Processing partition 520000/8877691, columns so far: 1246143
  Processing partition 521000/8877691, columns so far: 1247641
  Processing partition 522000/8877691, columns so far: 1249453
  Processing partition 523000/8877691, columns so far: 1251114
  Processing partition 524000/8877691, columns so far: 1252964
  Processing partition 525000/8877691, columns so far: 1256120
  Processing partition 526000/8877691, columns so far: 1258609
  Processing partition 527000/8877691, columns so far: 1260410
  Processing partition 528000/8877691, columns so far: 1262030
  Processing partition 529000/8877691, columns so far: 1263573
  Processing partition 530000/8877691, columns so far: 1265404
  Processing partition 531000/8877691, columns so far: 1266991
  Processing partition 532000/8877691, columns so far: 1268791
  Processing partition 533000/8877691, columns so far: 1270453
  Processing partition 534000/8877691, columns so far: 1272132
  Processing partition 535000/8877691, columns so far: 1275768
  Processing partition 536000/8877691, columns so far: 1278086
  Processing partition 537000/8877691, columns so far: 1280496
  Processing partition 538000/8877691, columns so far: 1282030
  Processing partition 539000/8877691, columns so far: 1283936
  Processing partition 540000/8877691, columns so far: 1285969
  Processing partition 541000/8877691, columns so far: 1287755
  Processing partition 542000/8877691, columns so far: 1289510
  Processing partition 543000/8877691, columns so far: 1291849
  Processing partition 544000/8877691, columns so far: 1293732
  Processing partition 545000/8877691, columns so far: 1295540
  Processing partition 546000/8877691, columns so far: 1297368
  Processing partition 547000/8877691, columns so far: 1299608
  Processing partition 548000/8877691, columns so far: 1301360
  Processing partition 549000/8877691, columns so far: 1303285
  Processing partition 550000/8877691, columns so far: 1305192
  Processing partition 551000/8877691, columns so far: 1306838
  Processing partition 552000/8877691, columns so far: 1308836
  Processing partition 553000/8877691, columns so far: 1310687
  Processing partition 554000/8877691, columns so far: 1312796
  Processing partition 555000/8877691, columns so far: 1314812
  Processing partition 556000/8877691, columns so far: 1317628
  Processing partition 557000/8877691, columns so far: 1321844
  Processing partition 558000/8877691, columns so far: 1324189
  Processing partition 559000/8877691, columns so far: 1326036
  Processing partition 560000/8877691, columns so far: 1327590
  Processing partition 561000/8877691, columns so far: 1329184
  Processing partition 562000/8877691, columns so far: 1330738
  Processing partition 563000/8877691, columns so far: 1332261
  Processing partition 564000/8877691, columns so far: 1333975
  Processing partition 565000/8877691, columns so far: 1335882
  Processing partition 566000/8877691, columns so far: 1337828
  Processing partition 567000/8877691, columns so far: 1341374
  Processing partition 568000/8877691, columns so far: 1343766
  Processing partition 569000/8877691, columns so far: 1346162
  Processing partition 570000/8877691, columns so far: 1347684
  Processing partition 571000/8877691, columns so far: 1349601
  Processing partition 572000/8877691, columns so far: 1351498
  Processing partition 573000/8877691, columns so far: 1353417
  Processing partition 574000/8877691, columns so far: 1355175
  Processing partition 575000/8877691, columns so far: 1357000
  Processing partition 576000/8877691, columns so far: 1359447
  Processing partition 577000/8877691, columns so far: 1361206
  Processing partition 578000/8877691, columns so far: 1364148
  Processing partition 579000/8877691, columns so far: 1369036
  Processing partition 580000/8877691, columns so far: 1372156
  Processing partition 581000/8877691, columns so far: 1375980
  Processing partition 582000/8877691, columns so far: 1379776
  Processing partition 583000/8877691, columns so far: 1383204
  Processing partition 584000/8877691, columns so far: 1387082
  Processing partition 585000/8877691, columns so far: 1390784
  Processing partition 586000/8877691, columns so far: 1395120
  Processing partition 587000/8877691, columns so far: 1399136
  Processing partition 588000/8877691, columns so far: 1404764
  Processing partition 589000/8877691, columns so far: 1413408
  Processing partition 590000/8877691, columns so far: 1416722
  Processing partition 591000/8877691, columns so far: 1419111
  Processing partition 592000/8877691, columns so far: 1420756
  Processing partition 593000/8877691, columns so far: 1422516
  Processing partition 594000/8877691, columns so far: 1424424
  Processing partition 595000/8877691, columns so far: 1426370
  Processing partition 596000/8877691, columns so far: 1428240
  Processing partition 597000/8877691, columns so far: 1429975
  Processing partition 598000/8877691, columns so far: 1432401
  Processing partition 599000/8877691, columns so far: 1434184
  Processing partition 600000/8877691, columns so far: 1437440
  Processing partition 601000/8877691, columns so far: 1441983
  Processing partition 602000/8877691, columns so far: 1443844
  Processing partition 603000/8877691, columns so far: 1445418
  Processing partition 604000/8877691, columns so far: 1447259
  Processing partition 605000/8877691, columns so far: 1448814
  Processing partition 606000/8877691, columns so far: 1450413
  Processing partition 607000/8877691, columns so far: 1451945
  Processing partition 608000/8877691, columns so far: 1453442
  Processing partition 609000/8877691, columns so far: 1455382
  Processing partition 610000/8877691, columns so far: 1457576
  Processing partition 611000/8877691, columns so far: 1461304
  Processing partition 612000/8877691, columns so far: 1462860
  Processing partition 613000/8877691, columns so far: 1464770
  Processing partition 614000/8877691, columns so far: 1466265
  Processing partition 615000/8877691, columns so far: 1468148
  Processing partition 616000/8877691, columns so far: 1469716
  Processing partition 617000/8877691, columns so far: 1471290
  Processing partition 618000/8877691, columns so far: 1472792
  Processing partition 619000/8877691, columns so far: 1474700
  Processing partition 620000/8877691, columns so far: 1476740
  Processing partition 621000/8877691, columns so far: 1480096
  Processing partition 622000/8877691, columns so far: 1482147
  Processing partition 623000/8877691, columns so far: 1483993
  Processing partition 624000/8877691, columns so far: 1485615
  Processing partition 625000/8877691, columns so far: 1487170
  Processing partition 626000/8877691, columns so far: 1488832
  Processing partition 627000/8877691, columns so far: 1490576
  Processing partition 628000/8877691, columns so far: 1492079
  Processing partition 629000/8877691, columns so far: 1494024
  Processing partition 630000/8877691, columns so far: 1495828
  Processing partition 631000/8877691, columns so far: 1498996
  Processing partition 632000/8877691, columns so far: 1501500
  Processing partition 633000/8877691, columns so far: 1503330
  Processing partition 634000/8877691, columns so far: 1504882
  Processing partition 635000/8877691, columns so far: 1506462
  Processing partition 636000/8877691, columns so far: 1508018
  Processing partition 637000/8877691, columns so far: 1509777
  Processing partition 638000/8877691, columns so far: 1511434
  Processing partition 639000/8877691, columns so far: 1513397
  Processing partition 640000/8877691, columns so far: 1515040
  Processing partition 641000/8877691, columns so far: 1518544
  Processing partition 642000/8877691, columns so far: 1521026
  Processing partition 643000/8877691, columns so far: 1523430
  Processing partition 644000/8877691, columns so far: 1524971
  Processing partition 645000/8877691, columns so far: 1526880
  Processing partition 646000/8877691, columns so far: 1528766
  Processing partition 647000/8877691, columns so far: 1530636
  Processing partition 648000/8877691, columns so far: 1532454
  Processing partition 649000/8877691, columns so far: 1534282
  Processing partition 650000/8877691, columns so far: 1536630
  Processing partition 651000/8877691, columns so far: 1538484
  Processing partition 652000/8877691, columns so far: 1540313
  Processing partition 653000/8877691, columns so far: 1542488
  Processing partition 654000/8877691, columns so far: 1544264
  Processing partition 655000/8877691, columns so far: 1546198
  Processing partition 656000/8877691, columns so far: 1548137
  Processing partition 657000/8877691, columns so far: 1549710
  Processing partition 658000/8877691, columns so far: 1551509
  Processing partition 659000/8877691, columns so far: 1553631
  Processing partition 660000/8877691, columns so far: 1555456
  Processing partition 661000/8877691, columns so far: 1557696
  Processing partition 662000/8877691, columns so far: 1561032
  Processing partition 663000/8877691, columns so far: 1565272
  Processing partition 664000/8877691, columns so far: 1567333
  Processing partition 665000/8877691, columns so far: 1569781
  Processing partition 666000/8877691, columns so far: 1571360
  Processing partition 667000/8877691, columns so far: 1573186
  Processing partition 668000/8877691, columns so far: 1575094
  Processing partition 669000/8877691, columns so far: 1577002
  Processing partition 670000/8877691, columns so far: 1578544
  Processing partition 671000/8877691, columns so far: 1580653
  Processing partition 672000/8877691, columns so far: 1582773
  Processing partition 673000/8877691, columns so far: 1584828
  Processing partition 674000/8877691, columns so far: 1587992
  Processing partition 675000/8877691, columns so far: 1592816
  Processing partition 676000/8877691, columns so far: 1595860
  Processing partition 677000/8877691, columns so far: 1599644
  Processing partition 678000/8877691, columns so far: 1603480
  Processing partition 679000/8877691, columns so far: 1607296
  Processing partition 680000/8877691, columns so far: 1610376
  Processing partition 681000/8877691, columns so far: 1614510
  Processing partition 682000/8877691, columns so far: 1618328
  Processing partition 683000/8877691, columns so far: 1622706
  Processing partition 684000/8877691, columns so far: 1630232
  Processing partition 685000/8877691, columns so far: 1638536
  Processing partition 686000/8877691, columns so far: 1640342
  Processing partition 687000/8877691, columns so far: 1642701
  Processing partition 688000/8877691, columns so far: 1644540
  Processing partition 689000/8877691, columns so far: 1646128
  Processing partition 690000/8877691, columns so far: 1648015
  Processing partition 691000/8877691, columns so far: 1649981
  Processing partition 692000/8877691, columns so far: 1651668
  Processing partition 693000/8877691, columns so far: 1653608
  Processing partition 694000/8877691, columns so far: 1655730
  Processing partition 695000/8877691, columns so far: 1657858
  Processing partition 696000/8877691, columns so far: 1661176
  Processing partition 697000/8877691, columns so far: 1665662
  Processing partition 698000/8877691, columns so far: 1667441
  Processing partition 699000/8877691, columns so far: 1669013
  Processing partition 700000/8877691, columns so far: 1670842
  Processing partition 701000/8877691, columns so far: 1672420
  Processing partition 702000/8877691, columns so far: 1673974
  Processing partition 703000/8877691, columns so far: 1675540
  Processing partition 704000/8877691, columns so far: 1677066
  Processing partition 705000/8877691, columns so far: 1678890
  Processing partition 706000/8877691, columns so far: 1681342
  Processing partition 707000/8877691, columns so far: 1684927
  Processing partition 708000/8877691, columns so far: 1686450
  Processing partition 709000/8877691, columns so far: 1688356
  Processing partition 710000/8877691, columns so far: 1689915
  Processing partition 711000/8877691, columns so far: 1691757
  Processing partition 712000/8877691, columns so far: 1693309
  Processing partition 713000/8877691, columns so far: 1694766
  Processing partition 714000/8877691, columns so far: 1696383
  Processing partition 715000/8877691, columns so far: 1698230
  Processing partition 716000/8877691, columns so far: 1700454
  Processing partition 717000/8877691, columns so far: 1704243
  Processing partition 718000/8877691, columns so far: 1705770
  Processing partition 719000/8877691, columns so far: 1707554
  Processing partition 720000/8877691, columns so far: 1709209
  Processing partition 721000/8877691, columns so far: 1710740
  Processing partition 722000/8877691, columns so far: 1712532
  Processing partition 723000/8877691, columns so far: 1713993
  Processing partition 724000/8877691, columns so far: 1715737
  Processing partition 725000/8877691, columns so far: 1717464
  Processing partition 726000/8877691, columns so far: 1719622
  Processing partition 727000/8877691, columns so far: 1722968
  Processing partition 728000/8877691, columns so far: 1725086
  Processing partition 729000/8877691, columns so far: 1726897
  Processing partition 730000/8877691, columns so far: 1728467
  Processing partition 731000/8877691, columns so far: 1730114
  Processing partition 732000/8877691, columns so far: 1731613
  Processing partition 733000/8877691, columns so far: 1733142
  Processing partition 734000/8877691, columns so far: 1735020
  Processing partition 735000/8877691, columns so far: 1736756
  Processing partition 736000/8877691, columns so far: 1738728
  Processing partition 737000/8877691, columns so far: 1741888
  Processing partition 738000/8877691, columns so far: 1744402
  Processing partition 739000/8877691, columns so far: 1746259
  Processing partition 740000/8877691, columns so far: 1747826
  Processing partition 741000/8877691, columns so far: 1749381
  Processing partition 742000/8877691, columns so far: 1750898
  Processing partition 743000/8877691, columns so far: 1752466
  Processing partition 744000/8877691, columns so far: 1754191
  Processing partition 745000/8877691, columns so far: 1756049
  Processing partition 746000/8877691, columns so far: 1757968
  Processing partition 747000/8877691, columns so far: 1761462
  Processing partition 748000/8877691, columns so far: 1763964
  Processing partition 749000/8877691, columns so far: 1766375
  Processing partition 750000/8877691, columns so far: 1767898
  Processing partition 751000/8877691, columns so far: 1769798
  Processing partition 752000/8877691, columns so far: 1771708
  Processing partition 753000/8877691, columns so far: 1773444
  Processing partition 754000/8877691, columns so far: 1775138
  Processing partition 755000/8877691, columns so far: 1777226
  Processing partition 756000/8877691, columns so far: 1779104
  Processing partition 757000/8877691, columns so far: 1781314
  Processing partition 758000/8877691, columns so far: 1783564
  Processing partition 759000/8877691, columns so far: 1785670
  Processing partition 760000/8877691, columns so far: 1788730
  Processing partition 761000/8877691, columns so far: 1790928
  Processing partition 762000/8877691, columns so far: 1792910
  Processing partition 763000/8877691, columns so far: 1795297
  Processing partition 764000/8877691, columns so far: 1797085
  Processing partition 765000/8877691, columns so far: 1799482
  Processing partition 766000/8877691, columns so far: 1801887
  Processing partition 767000/8877691, columns so far: 1803648
  Processing partition 768000/8877691, columns so far: 1806396
  Processing partition 769000/8877691, columns so far: 1808510
  Processing partition 770000/8877691, columns so far: 1812560
  Processing partition 771000/8877691, columns so far: 1817592
  Processing partition 772000/8877691, columns so far: 1822676
  Processing partition 773000/8877691, columns so far: 1827492
  Processing partition 774000/8877691, columns so far: 1831082
  Processing partition 775000/8877691, columns so far: 1835900
  Processing partition 776000/8877691, columns so far: 1840392
  Processing partition 777000/8877691, columns so far: 1844216
  Processing partition 778000/8877691, columns so far: 1849168
  Processing partition 779000/8877691, columns so far: 1852740
  Processing partition 780000/8877691, columns so far: 1858232
  Processing partition 781000/8877691, columns so far: 1862256
  Processing partition 782000/8877691, columns so far: 1864432
  Processing partition 783000/8877691, columns so far: 1867633
  Processing partition 784000/8877691, columns so far: 1869404
  Processing partition 785000/8877691, columns so far: 1871830
  Processing partition 786000/8877691, columns so far: 1873824
  Processing partition 787000/8877691, columns so far: 1876004
  Processing partition 788000/8877691, columns so far: 1878440
  Processing partition 789000/8877691, columns so far: 1880264
  Processing partition 790000/8877691, columns so far: 1882625
  Processing partition 791000/8877691, columns so far: 1885034
  Processing partition 792000/8877691, columns so far: 1887259
  Processing partition 793000/8877691, columns so far: 1890492
  Processing partition 794000/8877691, columns so far: 1894544
  Processing partition 795000/8877691, columns so far: 1900236
  Processing partition 796000/8877691, columns so far: 1902308
  Processing partition 797000/8877691, columns so far: 1904261
  Processing partition 798000/8877691, columns so far: 1906574
  Processing partition 799000/8877691, columns so far: 1908093
  Processing partition 800000/8877691, columns so far: 1910001
  Processing partition 801000/8877691, columns so far: 1911912
  Processing partition 802000/8877691, columns so far: 1913820
  Processing partition 803000/8877691, columns so far: 1915346
  Processing partition 804000/8877691, columns so far: 1917525
  Processing partition 805000/8877691, columns so far: 1919906
  Processing partition 806000/8877691, columns so far: 1923432
  Processing partition 807000/8877691, columns so far: 1927108
  Processing partition 808000/8877691, columns so far: 1929447
  Processing partition 809000/8877691, columns so far: 1931282
  Processing partition 810000/8877691, columns so far: 1933072
  Processing partition 811000/8877691, columns so far: 1935464
  Processing partition 812000/8877691, columns so far: 1937018
  Processing partition 813000/8877691, columns so far: 1938933
  Processing partition 814000/8877691, columns so far: 1940839
  Processing partition 815000/8877691, columns so far: 1942566
  Processing partition 816000/8877691, columns so far: 1944541
  Processing partition 817000/8877691, columns so far: 1947364
  Processing partition 818000/8877691, columns so far: 1951424
  Processing partition 819000/8877691, columns so far: 1954124
  Processing partition 820000/8877691, columns so far: 1956481
  Processing partition 821000/8877691, columns so far: 1958204
  Processing partition 822000/8877691, columns so far: 1960155
  Processing partition 823000/8877691, columns so far: 1961975
  Processing partition 824000/8877691, columns so far: 1963980
  Processing partition 825000/8877691, columns so far: 1965889
  Processing partition 826000/8877691, columns so far: 1967802
  Processing partition 827000/8877691, columns so far: 1969760
  Processing partition 828000/8877691, columns so far: 1971622
  Processing partition 829000/8877691, columns so far: 1974804
  Processing partition 830000/8877691, columns so far: 1979343
  Processing partition 831000/8877691, columns so far: 1981205
  Processing partition 832000/8877691, columns so far: 1983478
  Processing partition 833000/8877691, columns so far: 1985329
  Processing partition 834000/8877691, columns so far: 1986888
  Processing partition 835000/8877691, columns so far: 1989000
  Processing partition 836000/8877691, columns so far: 1990824
  Processing partition 837000/8877691, columns so far: 1992732
  Processing partition 838000/8877691, columns so far: 1994789
  Processing partition 839000/8877691, columns so far: 1996854
  Processing partition 840000/8877691, columns so far: 1998762
  Processing partition 841000/8877691, columns so far: 2002246
  Processing partition 842000/8877691, columns so far: 2006436
  Processing partition 843000/8877691, columns so far: 2008344
  Processing partition 844000/8877691, columns so far: 2010439
  Processing partition 845000/8877691, columns so far: 2012346
  Processing partition 846000/8877691, columns so far: 2014261
  Processing partition 847000/8877691, columns so far: 2015812
  Processing partition 848000/8877691, columns so far: 2017894
  Processing partition 849000/8877691, columns so far: 2019755
  Processing partition 850000/8877691, columns so far: 2021501
  Processing partition 851000/8877691, columns so far: 2023904
  Processing partition 852000/8877691, columns so far: 2026388
  Processing partition 853000/8877691, columns so far: 2029880
  Processing partition 854000/8877691, columns so far: 2033486
  Processing partition 855000/8877691, columns so far: 2035914
  Processing partition 856000/8877691, columns so far: 2037449
  Processing partition 857000/8877691, columns so far: 2039351
  Processing partition 858000/8877691, columns so far: 2041263
  Processing partition 859000/8877691, columns so far: 2042980
  Processing partition 860000/8877691, columns so far: 2044686
  Processing partition 861000/8877691, columns so far: 2046768
  Processing partition 862000/8877691, columns so far: 2048640
  Processing partition 863000/8877691, columns so far: 2050864
  Processing partition 864000/8877691, columns so far: 2054400
  Processing partition 865000/8877691, columns so far: 2058616
  Processing partition 866000/8877691, columns so far: 2060984
  Processing partition 867000/8877691, columns so far: 2063832
  Processing partition 868000/8877691, columns so far: 2066010
  Processing partition 869000/8877691, columns so far: 2068424
  Processing partition 870000/8877691, columns so far: 2070189
  Processing partition 871000/8877691, columns so far: 2072580
  Processing partition 872000/8877691, columns so far: 2074986
  Processing partition 873000/8877691, columns so far: 2076747
  Processing partition 874000/8877691, columns so far: 2079218
  Processing partition 875000/8877691, columns so far: 2081268
  Processing partition 876000/8877691, columns so far: 2083776
  Processing partition 877000/8877691, columns so far: 2086284
  Processing partition 878000/8877691, columns so far: 2090728
  Processing partition 879000/8877691, columns so far: 2097072
  Processing partition 880000/8877691, columns so far: 2100616
  Processing partition 881000/8877691, columns so far: 2105404
  Processing partition 882000/8877691, columns so far: 2109800
  Processing partition 883000/8877691, columns so far: 2113916
  Processing partition 884000/8877691, columns so far: 2118712
  Processing partition 885000/8877691, columns so far: 2122268
  Processing partition 886000/8877691, columns so far: 2127048
  Processing partition 887000/8877691, columns so far: 2131994
  Processing partition 888000/8877691, columns so far: 2136312
  Processing partition 889000/8877691, columns so far: 2143056
  Processing partition 890000/8877691, columns so far: 2151532
  Processing partition 891000/8877691, columns so far: 2162196
  Processing partition 892000/8877691, columns so far: 2166472
  Processing partition 893000/8877691, columns so far: 2170198
  Processing partition 894000/8877691, columns so far: 2174892
  Processing partition 895000/8877691, columns so far: 2178084
  Processing partition 896000/8877691, columns so far: 2181772
  Processing partition 897000/8877691, columns so far: 2185594
  Processing partition 898000/8877691, columns so far: 2189364
  Processing partition 899000/8877691, columns so far: 2192424
  Processing partition 900000/8877691, columns so far: 2196844
  Processing partition 901000/8877691, columns so far: 2201884
  Processing partition 902000/8877691, columns so far: 2208944
  Processing partition 903000/8877691, columns so far: 2216010
  Processing partition 904000/8877691, columns so far: 2220750
  Processing partition 905000/8877691, columns so far: 2224246
  Processing partition 906000/8877691, columns so far: 2228062
  Processing partition 907000/8877691, columns so far: 2232626
  Processing partition 908000/8877691, columns so far: 2235716
  Processing partition 909000/8877691, columns so far: 2239550
  Processing partition 910000/8877691, columns so far: 2243362
  Processing partition 911000/8877691, columns so far: 2247188
  Processing partition 912000/8877691, columns so far: 2250882
  Processing partition 913000/8877691, columns so far: 2256764
  Processing partition 914000/8877691, columns so far: 2266348
  Processing partition 915000/8877691, columns so far: 2270048
  Processing partition 916000/8877691, columns so far: 2274684
  Processing partition 917000/8877691, columns so far: 2278408
  Processing partition 918000/8877691, columns so far: 2282110
  Processing partition 919000/8877691, columns so far: 2285672
  Processing partition 920000/8877691, columns so far: 2290470
  Processing partition 921000/8877691, columns so far: 2293578
  Processing partition 922000/8877691, columns so far: 2297280
  Processing partition 923000/8877691, columns so far: 2301458
  Processing partition 924000/8877691, columns so far: 2304988
  Processing partition 925000/8877691, columns so far: 2311684
  Processing partition 926000/8877691, columns so far: 2320624
  Processing partition 927000/8877691, columns so far: 2324152
  Processing partition 928000/8877691, columns so far: 2328640
  Processing partition 929000/8877691, columns so far: 2332466
  Processing partition 930000/8877691, columns so far: 2335852
  Processing partition 931000/8877691, columns so far: 2339736
  Processing partition 932000/8877691, columns so far: 2343446
  Processing partition 933000/8877691, columns so far: 2347452
  Processing partition 934000/8877691, columns so far: 2351276
  Processing partition 935000/8877691, columns so far: 2355508
  Processing partition 936000/8877691, columns so far: 2359512
  Processing partition 937000/8877691, columns so far: 2366952
  Processing partition 938000/8877691, columns so far: 2374674
  Processing partition 939000/8877691, columns so far: 2378676
  Processing partition 940000/8877691, columns so far: 2382558
  Processing partition 941000/8877691, columns so far: 2386372
  Processing partition 942000/8877691, columns so far: 2390206
  Processing partition 943000/8877691, columns so far: 2393308
  Processing partition 944000/8877691, columns so far: 2397540
  Processing partition 945000/8877691, columns so far: 2401186
  Processing partition 946000/8877691, columns so far: 2404960
  Processing partition 947000/8877691, columns so far: 2409534
  Processing partition 948000/8877691, columns so far: 2414716
  Processing partition 949000/8877691, columns so far: 2422240
  Processing partition 950000/8877691, columns so far: 2428700
  Processing partition 951000/8877691, columns so far: 2433552
  Processing partition 952000/8877691, columns so far: 2436604
  Processing partition 953000/8877691, columns so far: 2440420
  Processing partition 954000/8877691, columns so far: 2444236
  Processing partition 955000/8877691, columns so far: 2448056
  Processing partition 956000/8877691, columns so far: 2451114
  Processing partition 957000/8877691, columns so far: 2455264
  Processing partition 958000/8877691, columns so far: 2459212
  Processing partition 959000/8877691, columns so far: 2463460
  Processing partition 960000/8877691, columns so far: 2471156
  Processing partition 961000/8877691, columns so far: 2479324
  Processing partition 962000/8877691, columns so far: 2483708
  Processing partition 963000/8877691, columns so far: 2490162
  Processing partition 964000/8877691, columns so far: 2493694
  Processing partition 965000/8877691, columns so far: 2498590
  Processing partition 966000/8877691, columns so far: 2502380
  Processing partition 967000/8877691, columns so far: 2506896
  Processing partition 968000/8877691, columns so far: 2511716
  Processing partition 969000/8877691, columns so far: 2515428
  Processing partition 970000/8877691, columns so far: 2520192
  Processing partition 971000/8877691, columns so far: 2524680
  Processing partition 972000/8877691, columns so far: 2529440
  Processing partition 973000/8877691, columns so far: 2535016
  Processing partition 974000/8877691, columns so far: 2543532
  Processing partition 975000/8877691, columns so far: 2556256
  Processing partition 976000/8877691, columns so far: 2563296
  Processing partition 977000/8877691, columns so far: 2572960
  Processing partition 978000/8877691, columns so far: 2582512
  Processing partition 979000/8877691, columns so far: 2589780
  Processing partition 980000/8877691, columns so far: 2599368
  Processing partition 981000/8877691, columns so far: 2607072
  Processing partition 982000/8877691, columns so far: 2616044
  Processing partition 983000/8877691, columns so far: 2626132
  Processing partition 984000/8877691, columns so far: 2635020
  Processing partition 985000/8877691, columns so far: 2648864
  Processing partition 986000/8877691, columns so far: 2665952
  Processing partition 987000/8877691, columns so far: 2682627
  Processing partition 988000/8877691, columns so far: 2684688
  Processing partition 989000/8877691, columns so far: 2687740
  Processing partition 990000/8877691, columns so far: 2690065
  Processing partition 991000/8877691, columns so far: 2691917
  Processing partition 992000/8877691, columns so far: 2694306
  Processing partition 993000/8877691, columns so far: 2696096
  Processing partition 994000/8877691, columns so far: 2698506
  Processing partition 995000/8877691, columns so far: 2700893
  Processing partition 996000/8877691, columns so far: 2702663
  Processing partition 997000/8877691, columns so far: 2705402
  Processing partition 998000/8877691, columns so far: 2707522
  Processing partition 999000/8877691, columns so far: 2711664
  Processing partition 1000000/8877691, columns so far: 2716720
  Processing partition 1001000/8877691, columns so far: 2720424
  Processing partition 1002000/8877691, columns so far: 2722500
  Processing partition 1003000/8877691, columns so far: 2724283
  Processing partition 1004000/8877691, columns so far: 2726534
  Processing partition 1005000/8877691, columns so far: 2728420
  Processing partition 1006000/8877691, columns so far: 2730056
  Processing partition 1007000/8877691, columns so far: 2731823
  Processing partition 1008000/8877691, columns so far: 2733775
  Processing partition 1009000/8877691, columns so far: 2735750
  Processing partition 1010000/8877691, columns so far: 2737538
  Processing partition 1011000/8877691, columns so far: 2740892
  Processing partition 1012000/8877691, columns so far: 2745332
  Processing partition 1013000/8877691, columns so far: 2747120
  Processing partition 1014000/8877691, columns so far: 2749596
  Processing partition 1015000/8877691, columns so far: 2751307
  Processing partition 1016000/8877691, columns so far: 2753142
  Processing partition 1017000/8877691, columns so far: 2755412
  Processing partition 1018000/8877691, columns so far: 2757292
  Processing partition 1019000/8877691, columns so far: 2758842
  Processing partition 1020000/8877691, columns so far: 2760754
  Processing partition 1021000/8877691, columns so far: 2762833
  Processing partition 1022000/8877691, columns so far: 2764658
  Processing partition 1023000/8877691, columns so far: 2768310
  Processing partition 1024000/8877691, columns so far: 2772415
  Processing partition 1025000/8877691, columns so far: 2774238
  Processing partition 1026000/8877691, columns so far: 2776400
  Processing partition 1027000/8877691, columns so far: 2778446
  Processing partition 1028000/8877691, columns so far: 2780193
  Processing partition 1029000/8877691, columns so far: 2782033
  Processing partition 1030000/8877691, columns so far: 2784307
  Processing partition 1031000/8877691, columns so far: 2786214
  Processing partition 1032000/8877691, columns so far: 2787744
  Processing partition 1033000/8877691, columns so far: 2789862
  Processing partition 1034000/8877691, columns so far: 2792300
  Processing partition 1035000/8877691, columns so far: 2795820
  Processing partition 1036000/8877691, columns so far: 2799445
  Processing partition 1037000/8877691, columns so far: 2801836
  Processing partition 1038000/8877691, columns so far: 2803393
  Processing partition 1039000/8877691, columns so far: 2805300
  Processing partition 1040000/8877691, columns so far: 2807330
  Processing partition 1041000/8877691, columns so far: 2809091
  Processing partition 1042000/8877691, columns so far: 2810856
  Processing partition 1043000/8877691, columns so far: 2813224
  Processing partition 1044000/8877691, columns so far: 2814980
  Processing partition 1045000/8877691, columns so far: 2816886
  Processing partition 1046000/8877691, columns so far: 2819722
  Processing partition 1047000/8877691, columns so far: 2823864
  Processing partition 1048000/8877691, columns so far: 2826469
  Processing partition 1049000/8877691, columns so far: 2828860
  Processing partition 1050000/8877691, columns so far: 2830524
  Processing partition 1051000/8877691, columns so far: 2832258
  Processing partition 1052000/8877691, columns so far: 2834174
  Processing partition 1053000/8877691, columns so far: 2836138
  Processing partition 1054000/8877691, columns so far: 2837994
  Processing partition 1055000/8877691, columns so far: 2839721
  Processing partition 1056000/8877691, columns so far: 2842152
  Processing partition 1057000/8877691, columns so far: 2843985
  Processing partition 1058000/8877691, columns so far: 2847152
  Processing partition 1059000/8877691, columns so far: 2851734
  Processing partition 1060000/8877691, columns so far: 2853568
  Processing partition 1061000/8877691, columns so far: 2855850
  Processing partition 1062000/8877691, columns so far: 2857727
  Processing partition 1063000/8877691, columns so far: 2859300
  Processing partition 1064000/8877691, columns so far: 2861190
  Processing partition 1065000/8877691, columns so far: 2863093
  Processing partition 1066000/8877691, columns so far: 2865036
  Processing partition 1067000/8877691, columns so far: 2866784
  Processing partition 1068000/8877691, columns so far: 2868992
  Processing partition 1069000/8877691, columns so far: 2871240
  Processing partition 1070000/8877691, columns so far: 2875560
  Processing partition 1071000/8877691, columns so far: 2879129
  Processing partition 1072000/8877691, columns so far: 2881212
  Processing partition 1073000/8877691, columns so far: 2884250
  Processing partition 1074000/8877691, columns so far: 2886224
  Processing partition 1075000/8877691, columns so far: 2888487
  Processing partition 1076000/8877691, columns so far: 2890816
  Processing partition 1077000/8877691, columns so far: 2892690
  Processing partition 1078000/8877691, columns so far: 2895054
  Processing partition 1079000/8877691, columns so far: 2897198
  Processing partition 1080000/8877691, columns so far: 2899257
  Processing partition 1081000/8877691, columns so far: 2901900
  Processing partition 1082000/8877691, columns so far: 2903949
  Processing partition 1083000/8877691, columns so far: 2906250
  Processing partition 1084000/8877691, columns so far: 2908464
  Processing partition 1085000/8877691, columns so far: 2911372
  Processing partition 1086000/8877691, columns so far: 2913707
  Processing partition 1087000/8877691, columns so far: 2915507
  Processing partition 1088000/8877691, columns so far: 2917950
  Processing partition 1089000/8877691, columns so far: 2919886
  Processing partition 1090000/8877691, columns so far: 2922107
  Processing partition 1091000/8877691, columns so far: 2924521
  Processing partition 1092000/8877691, columns so far: 2926338
  Processing partition 1093000/8877691, columns so far: 2929064
  Processing partition 1094000/8877691, columns so far: 2931172
  Processing partition 1095000/8877691, columns so far: 2933388
  Processing partition 1096000/8877691, columns so far: 2935466
  Processing partition 1097000/8877691, columns so far: 2937224
  Processing partition 1098000/8877691, columns so far: 2939497
  Processing partition 1099000/8877691, columns so far: 2941359
  Processing partition 1100000/8877691, columns so far: 2943074
  Processing partition 1101000/8877691, columns so far: 2944764
  Processing partition 1102000/8877691, columns so far: 2946706
  Processing partition 1103000/8877691, columns so far: 2948718
  Processing partition 1104000/8877691, columns so far: 2950518
  Processing partition 1105000/8877691, columns so far: 2953912
  Processing partition 1106000/8877691, columns so far: 2958298
  Processing partition 1107000/8877691, columns so far: 2960101
  Processing partition 1108000/8877691, columns so far: 2961930
  Processing partition 1109000/8877691, columns so far: 2963608
  Processing partition 1110000/8877691, columns so far: 2965460
  Processing partition 1111000/8877691, columns so far: 2966876
  Processing partition 1112000/8877691, columns so far: 2968344
  Processing partition 1113000/8877691, columns so far: 2969896
  Processing partition 1114000/8877691, columns so far: 2971648
  Processing partition 1115000/8877691, columns so far: 2973948
  Processing partition 1116000/8877691, columns so far: 2977548
  Processing partition 1117000/8877691, columns so far: 2979362
  Processing partition 1118000/8877691, columns so far: 2981030
  Processing partition 1119000/8877691, columns so far: 2982946
  Processing partition 1120000/8877691, columns so far: 2984451
  Processing partition 1121000/8877691, columns so far: 2986006
  Processing partition 1122000/8877691, columns so far: 2987692
  Processing partition 1123000/8877691, columns so far: 2989268
  Processing partition 1124000/8877691, columns so far: 2990984
  Processing partition 1125000/8877691, columns so far: 2993020
  Processing partition 1126000/8877691, columns so far: 2996608
  Processing partition 1127000/8877691, columns so far: 2998712
  Processing partition 1128000/8877691, columns so far: 3000336
  Processing partition 1129000/8877691, columns so far: 3002192
  Processing partition 1130000/8877691, columns so far: 3003771
  Processing partition 1131000/8877691, columns so far: 3005304
  Processing partition 1132000/8877691, columns so far: 3006798
  Processing partition 1133000/8877691, columns so far: 3008608
  Processing partition 1134000/8877691, columns so far: 3010276
  Processing partition 1135000/8877691, columns so far: 3012212
  Processing partition 1136000/8877691, columns so far: 3015448
  Processing partition 1137000/8877691, columns so far: 3017945
  Processing partition 1138000/8877691, columns so far: 3019671
  Processing partition 1139000/8877691, columns so far: 3021532
  Processing partition 1140000/8877691, columns so far: 3022988
  Processing partition 1141000/8877691, columns so far: 3024412
  Processing partition 1142000/8877691, columns so far: 3026152
  Processing partition 1143000/8877691, columns so far: 3027692
  Processing partition 1144000/8877691, columns so far: 3029616
  Processing partition 1145000/8877691, columns so far: 3031348
  Processing partition 1146000/8877691, columns so far: 3034396
  Processing partition 1147000/8877691, columns so far: 3037237
  Processing partition 1148000/8877691, columns so far: 3038974
  Processing partition 1149000/8877691, columns so far: 3040885
  Processing partition 1150000/8877691, columns so far: 3042232
  Processing partition 1151000/8877691, columns so far: 3043762
  Processing partition 1152000/8877691, columns so far: 3045317
  Processing partition 1153000/8877691, columns so far: 3047031
  Processing partition 1154000/8877691, columns so far: 3048716
  Processing partition 1155000/8877691, columns so far: 3050488
  Processing partition 1156000/8877691, columns so far: 3054180
  Processing partition 1157000/8877691, columns so far: 3056919
  Processing partition 1158000/8877691, columns so far: 3058978
  Processing partition 1159000/8877691, columns so far: 3060824
  Processing partition 1160000/8877691, columns so far: 3063146
  Processing partition 1161000/8877691, columns so far: 3065009
  Processing partition 1162000/8877691, columns so far: 3066565
  Processing partition 1163000/8877691, columns so far: 3068477
  Processing partition 1164000/8877691, columns so far: 3070384
  Processing partition 1165000/8877691, columns so far: 3072132
  Processing partition 1166000/8877691, columns so far: 3074086
  Processing partition 1167000/8877691, columns so far: 3077340
  Processing partition 1168000/8877691, columns so far: 3081616
  Processing partition 1169000/8877691, columns so far: 3085322
  Processing partition 1170000/8877691, columns so far: 3090032
  Processing partition 1171000/8877691, columns so far: 3093296
  Processing partition 1172000/8877691, columns so far: 3096874
  Processing partition 1173000/8877691, columns so far: 3100692
  Processing partition 1174000/8877691, columns so far: 3104506
  Processing partition 1175000/8877691, columns so far: 3107552
  Processing partition 1176000/8877691, columns so far: 3111960
  Processing partition 1177000/8877691, columns so far: 3117124
  Processing partition 1178000/8877691, columns so far: 3124568
  Processing partition 1179000/8877691, columns so far: 3129869
  Processing partition 1180000/8877691, columns so far: 3132006
  Processing partition 1181000/8877691, columns so far: 3133804
  Processing partition 1182000/8877691, columns so far: 3136079
  Processing partition 1183000/8877691, columns so far: 3137974
  Processing partition 1184000/8877691, columns so far: 3139484
  Processing partition 1185000/8877691, columns so far: 3141396
  Processing partition 1186000/8877691, columns so far: 3143334
  Processing partition 1187000/8877691, columns so far: 3145238
  Processing partition 1188000/8877691, columns so far: 3147063
  Processing partition 1189000/8877691, columns so far: 3149189
  Processing partition 1190000/8877691, columns so far: 3151269
  Processing partition 1191000/8877691, columns so far: 3153094
  Processing partition 1192000/8877691, columns so far: 3155425
  Processing partition 1193000/8877691, columns so far: 3157292
  Processing partition 1194000/8877691, columns so far: 3158833
  Processing partition 1195000/8877691, columns so far: 3160750
  Processing partition 1196000/8877691, columns so far: 3162655
  Processing partition 1197000/8877691, columns so far: 3164454
  Processing partition 1198000/8877691, columns so far: 3166380
  Processing partition 1199000/8877691, columns so far: 3168268
  Processing partition 1200000/8877691, columns so far: 3170010
  Processing partition 1201000/8877691, columns so far: 3171810
  Processing partition 1202000/8877691, columns so far: 3173407
  Processing partition 1203000/8877691, columns so far: 3175203
  Processing partition 1204000/8877691, columns so far: 3176758
  Processing partition 1205000/8877691, columns so far: 3178313
  Processing partition 1206000/8877691, columns so far: 3179854
  Processing partition 1207000/8877691, columns so far: 3181430
  Processing partition 1208000/8877691, columns so far: 3184298
  Processing partition 1209000/8877691, columns so far: 3187385
  Processing partition 1210000/8877691, columns so far: 3188909
  Processing partition 1211000/8877691, columns so far: 3190428
  Processing partition 1212000/8877691, columns so far: 3191941
  Processing partition 1213000/8877691, columns so far: 3193257
  Processing partition 1214000/8877691, columns so far: 3194683
  Processing partition 1215000/8877691, columns so far: 3195995
  Processing partition 1216000/8877691, columns so far: 3197478
  Processing partition 1217000/8877691, columns so far: 3199954
  Processing partition 1218000/8877691, columns so far: 3202282
  Processing partition 1219000/8877691, columns so far: 3203845
  Processing partition 1220000/8877691, columns so far: 3205284
  Processing partition 1221000/8877691, columns so far: 3206845
  Processing partition 1222000/8877691, columns so far: 3208161
  Processing partition 1223000/8877691, columns so far: 3209691
  Processing partition 1224000/8877691, columns so far: 3211032
  Processing partition 1225000/8877691, columns so far: 3212518
  Processing partition 1226000/8877691, columns so far: 3215428
  Processing partition 1227000/8877691, columns so far: 3217216
  Processing partition 1228000/8877691, columns so far: 3218743
  Processing partition 1229000/8877691, columns so far: 3220153
  Processing partition 1230000/8877691, columns so far: 3221633
  Processing partition 1231000/8877691, columns so far: 3223042
  Processing partition 1232000/8877691, columns so far: 3224371
  Processing partition 1233000/8877691, columns so far: 3225927
  Processing partition 1234000/8877691, columns so far: 3227764
  Processing partition 1235000/8877691, columns so far: 3230644
  Processing partition 1236000/8877691, columns so far: 3232162
  Processing partition 1237000/8877691, columns so far: 3233684
  Processing partition 1238000/8877691, columns so far: 3235020
  Processing partition 1239000/8877691, columns so far: 3236459
  Processing partition 1240000/8877691, columns so far: 3237771
  Processing partition 1241000/8877691, columns so far: 3239216
  Processing partition 1242000/8877691, columns so far: 3240750
  Processing partition 1243000/8877691, columns so far: 3243388
  Processing partition 1244000/8877691, columns so far: 3245738
  Processing partition 1245000/8877691, columns so far: 3247548
  Processing partition 1246000/8877691, columns so far: 3249303
  Processing partition 1247000/8877691, columns so far: 3250957
  Processing partition 1248000/8877691, columns so far: 3252775
  Processing partition 1249000/8877691, columns so far: 3254332
  Processing partition 1250000/8877691, columns so far: 3255887
  Processing partition 1251000/8877691, columns so far: 3257320
  Processing partition 1252000/8877691, columns so far: 3258986
  Processing partition 1253000/8877691, columns so far: 3262226
  Processing partition 1254000/8877691, columns so far: 3265790
  Processing partition 1255000/8877691, columns so far: 3269282
  Processing partition 1256000/8877691, columns so far: 3272404
  Processing partition 1257000/8877691, columns so far: 3275934
  Processing partition 1258000/8877691, columns so far: 3279050
  Processing partition 1259000/8877691, columns so far: 3282212
  Processing partition 1260000/8877691, columns so far: 3285426
  Processing partition 1261000/8877691, columns so far: 3288446
  Processing partition 1262000/8877691, columns so far: 3294684
  Processing partition 1263000/8877691, columns so far: 3299590
  Processing partition 1264000/8877691, columns so far: 3301914
  Processing partition 1265000/8877691, columns so far: 3303768
  Processing partition 1266000/8877691, columns so far: 3305550
  Processing partition 1267000/8877691, columns so far: 3307888
  Processing partition 1268000/8877691, columns so far: 3309504
  Processing partition 1269000/8877691, columns so far: 3311411
  Processing partition 1270000/8877691, columns so far: 3313329
  Processing partition 1271000/8877691, columns so far: 3315022
  Processing partition 1272000/8877691, columns so far: 3317031
  Processing partition 1273000/8877691, columns so far: 3318904
  Processing partition 1274000/8877691, columns so far: 3320662
  Processing partition 1275000/8877691, columns so far: 3322450
  Processing partition 1276000/8877691, columns so far: 3324053
  Processing partition 1277000/8877691, columns so far: 3325880
  Processing partition 1278000/8877691, columns so far: 3327438
  Processing partition 1279000/8877691, columns so far: 3328991
  Processing partition 1280000/8877691, columns so far: 3330460
  Processing partition 1281000/8877691, columns so far: 3332079
  Processing partition 1282000/8877691, columns so far: 3335384
  Processing partition 1283000/8877691, columns so far: 3338162
  Processing partition 1284000/8877691, columns so far: 3339922
  Processing partition 1285000/8877691, columns so far: 3341757
  Processing partition 1286000/8877691, columns so far: 3343427
  Processing partition 1287000/8877691, columns so far: 3345231
  Processing partition 1288000/8877691, columns so far: 3346778
  Processing partition 1289000/8877691, columns so far: 3348268
  Processing partition 1290000/8877691, columns so far: 3349659
  Processing partition 1291000/8877691, columns so far: 3351453
  Processing partition 1292000/8877691, columns so far: 3353128
  Processing partition 1293000/8877691, columns so far: 3354893
  Processing partition 1294000/8877691, columns so far: 3356648
  Processing partition 1295000/8877691, columns so far: 3358307
  Processing partition 1296000/8877691, columns so far: 3359831
  Processing partition 1297000/8877691, columns so far: 3361673
  Processing partition 1298000/8877691, columns so far: 3363227
  Processing partition 1299000/8877691, columns so far: 3364826
  Processing partition 1300000/8877691, columns so far: 3366359
  Processing partition 1301000/8877691, columns so far: 3369312
  Processing partition 1302000/8877691, columns so far: 3372291
  Processing partition 1303000/8877691, columns so far: 3373748
  Processing partition 1304000/8877691, columns so far: 3375309
  Processing partition 1305000/8877691, columns so far: 3376681
  Processing partition 1306000/8877691, columns so far: 3378175
  Processing partition 1307000/8877691, columns so far: 3379596
  Processing partition 1308000/8877691, columns so far: 3381002
  Processing partition 1309000/8877691, columns so far: 3382376
  Processing partition 1310000/8877691, columns so far: 3384966
  Processing partition 1311000/8877691, columns so far: 3387206
  Processing partition 1312000/8877691, columns so far: 3388617
  Processing partition 1313000/8877691, columns so far: 3390170
  Processing partition 1314000/8877691, columns so far: 3391490
  Processing partition 1315000/8877691, columns so far: 3393076
  Processing partition 1316000/8877691, columns so far: 3394391
  Processing partition 1317000/8877691, columns so far: 3395946
  Processing partition 1318000/8877691, columns so far: 3397562
  Processing partition 1319000/8877691, columns so far: 3400603
  Processing partition 1320000/8877691, columns so far: 3402135
  Processing partition 1321000/8877691, columns so far: 3403484
  Processing partition 1322000/8877691, columns so far: 3405050
  Processing partition 1323000/8877691, columns so far: 3406365
  Processing partition 1324000/8877691, columns so far: 3407826
  Processing partition 1325000/8877691, columns so far: 3409235
  Processing partition 1326000/8877691, columns so far: 3410734
  Processing partition 1327000/8877691, columns so far: 3413088
  Processing partition 1328000/8877691, columns so far: 3415707
  Processing partition 1329000/8877691, columns so far: 3417462
  Processing partition 1330000/8877691, columns so far: 3419002
  Processing partition 1331000/8877691, columns so far: 3420945
  Processing partition 1332000/8877691, columns so far: 3422500
  Processing partition 1333000/8877691, columns so far: 3424351
  Processing partition 1334000/8877691, columns so far: 3425738
  Processing partition 1335000/8877691, columns so far: 3427232
  Processing partition 1336000/8877691, columns so far: 3428970
  Processing partition 1337000/8877691, columns so far: 3431738
  Processing partition 1338000/8877691, columns so far: 3435266
  Processing partition 1339000/8877691, columns so far: 3438524
  Processing partition 1340000/8877691, columns so far: 3442192
  Processing partition 1341000/8877691, columns so far: 3445212
  Processing partition 1342000/8877691, columns so far: 3448842
  Processing partition 1343000/8877691, columns so far: 3452012
  Processing partition 1344000/8877691, columns so far: 3455132
  Processing partition 1345000/8877691, columns so far: 3458254
  Processing partition 1346000/8877691, columns so far: 3464020
  Processing partition 1347000/8877691, columns so far: 3469494
  Processing partition 1348000/8877691, columns so far: 3471464
  Processing partition 1349000/8877691, columns so far: 3473492
  Processing partition 1350000/8877691, columns so far: 3475524
  Processing partition 1351000/8877691, columns so far: 3477289
  Processing partition 1352000/8877691, columns so far: 3479106
  Processing partition 1353000/8877691, columns so far: 3481379
  Processing partition 1354000/8877691, columns so far: 3483282
  Processing partition 1355000/8877691, columns so far: 3484819
  Processing partition 1356000/8877691, columns so far: 3486944
  Processing partition 1357000/8877691, columns so far: 3488832
  Processing partition 1358000/8877691, columns so far: 3490574
  Processing partition 1359000/8877691, columns so far: 3492138
  Processing partition 1360000/8877691, columns so far: 3494066
  Processing partition 1361000/8877691, columns so far: 3495607
  Processing partition 1362000/8877691, columns so far: 3497453
  Processing partition 1363000/8877691, columns so far: 3498870
  Processing partition 1364000/8877691, columns so far: 3500329
  Processing partition 1365000/8877691, columns so far: 3502072
  Processing partition 1366000/8877691, columns so far: 3504636
  Processing partition 1367000/8877691, columns so far: 3508034
  Processing partition 1368000/8877691, columns so far: 3509546
  Processing partition 1369000/8877691, columns so far: 3511075
  Processing partition 1370000/8877691, columns so far: 3512605
  Processing partition 1371000/8877691, columns so far: 3513981
  Processing partition 1372000/8877691, columns so far: 3515431
  Processing partition 1373000/8877691, columns so far: 3516743
  Processing partition 1374000/8877691, columns so far: 3518181
  Processing partition 1375000/8877691, columns so far: 3520786
  Processing partition 1376000/8877691, columns so far: 3523097
  Processing partition 1377000/8877691, columns so far: 3524876
  Processing partition 1378000/8877691, columns so far: 3526389
  Processing partition 1379000/8877691, columns so far: 3528329
  Processing partition 1380000/8877691, columns so far: 3529852
  Processing partition 1381000/8877691, columns so far: 3531692
  Processing partition 1382000/8877691, columns so far: 3533257
  Processing partition 1383000/8877691, columns so far: 3534718
  Processing partition 1384000/8877691, columns so far: 3536352
  Processing partition 1385000/8877691, columns so far: 3538071
  Processing partition 1386000/8877691, columns so far: 3539800
  Processing partition 1387000/8877691, columns so far: 3541701
  Processing partition 1388000/8877691, columns so far: 3543074
  Processing partition 1389000/8877691, columns so far: 3544798
  Processing partition 1390000/8877691, columns so far: 3546312
  Processing partition 1391000/8877691, columns so far: 3548142
  Processing partition 1392000/8877691, columns so far: 3549774
  Processing partition 1393000/8877691, columns so far: 3551308
  Processing partition 1394000/8877691, columns so far: 3554430
  Processing partition 1395000/8877691, columns so far: 3557193
  Processing partition 1396000/8877691, columns so far: 3558633
  Processing partition 1397000/8877691, columns so far: 3560153
  Processing partition 1398000/8877691, columns so far: 3561540
  Processing partition 1399000/8877691, columns so far: 3562921
  Processing partition 1400000/8877691, columns so far: 3564409
  Processing partition 1401000/8877691, columns so far: 3565973
  Processing partition 1402000/8877691, columns so far: 3567380
  Processing partition 1403000/8877691, columns so far: 3570268
  Processing partition 1404000/8877691, columns so far: 3572121
  Processing partition 1405000/8877691, columns so far: 3573513
  Processing partition 1406000/8877691, columns so far: 3574993
  Processing partition 1407000/8877691, columns so far: 3576384
  Processing partition 1408000/8877691, columns so far: 3577699
  Processing partition 1409000/8877691, columns so far: 3579271
  Processing partition 1410000/8877691, columns so far: 3580743
  Processing partition 1411000/8877691, columns so far: 3582762
  Processing partition 1412000/8877691, columns so far: 3585574
  Processing partition 1413000/8877691, columns so far: 3587436
  Processing partition 1414000/8877691, columns so far: 3589020
  Processing partition 1415000/8877691, columns so far: 3590852
  Processing partition 1416000/8877691, columns so far: 3592468
  Processing partition 1417000/8877691, columns so far: 3593990
  Processing partition 1418000/8877691, columns so far: 3595517
  Processing partition 1419000/8877691, columns so far: 3597250
  Processing partition 1420000/8877691, columns so far: 3598974
  Processing partition 1421000/8877691, columns so far: 3601368
  Processing partition 1422000/8877691, columns so far: 3605006
  Processing partition 1423000/8877691, columns so far: 3608072
  Processing partition 1424000/8877691, columns so far: 3611612
  Processing partition 1425000/8877691, columns so far: 3615010
  Processing partition 1426000/8877691, columns so far: 3618006
  Processing partition 1427000/8877691, columns so far: 3621816
  Processing partition 1428000/8877691, columns so far: 3624504
  Processing partition 1429000/8877691, columns so far: 3627932
  Processing partition 1430000/8877691, columns so far: 3633196
  Processing partition 1431000/8877691, columns so far: 3639462
  Processing partition 1432000/8877691, columns so far: 3641222
  Processing partition 1433000/8877691, columns so far: 3643466
  Processing partition 1434000/8877691, columns so far: 3645374
  Processing partition 1435000/8877691, columns so far: 3647178
  Processing partition 1436000/8877691, columns so far: 3649112
  Processing partition 1437000/8877691, columns so far: 3650867
  Processing partition 1438000/8877691, columns so far: 3652990
  Processing partition 1439000/8877691, columns so far: 3654809
  Processing partition 1440000/8877691, columns so far: 3656898
  Processing partition 1441000/8877691, columns so far: 3658686
  Processing partition 1442000/8877691, columns so far: 3660548
  Processing partition 1443000/8877691, columns so far: 3662153
  Processing partition 1444000/8877691, columns so far: 3663956
  Processing partition 1445000/8877691, columns so far: 3665571
  Processing partition 1446000/8877691, columns so far: 3667097
  Processing partition 1447000/8877691, columns so far: 3668623
  Processing partition 1448000/8877691, columns so far: 3670348
  Processing partition 1449000/8877691, columns so far: 3672092
  Processing partition 1450000/8877691, columns so far: 3674408
  Processing partition 1451000/8877691, columns so far: 3678007
  Processing partition 1452000/8877691, columns so far: 3679539
  Processing partition 1453000/8877691, columns so far: 3681069
  Processing partition 1454000/8877691, columns so far: 3682445
  Processing partition 1455000/8877691, columns so far: 3684015
  Processing partition 1456000/8877691, columns so far: 3685327
  Processing partition 1457000/8877691, columns so far: 3686801
  Processing partition 1458000/8877691, columns so far: 3688197
  Processing partition 1459000/8877691, columns so far: 3690248
  Processing partition 1460000/8877691, columns so far: 3692941
  Processing partition 1461000/8877691, columns so far: 3694439
  Processing partition 1462000/8877691, columns so far: 3695999
  Processing partition 1463000/8877691, columns so far: 3697334
  Processing partition 1464000/8877691, columns so far: 3698871
  Processing partition 1465000/8877691, columns so far: 3700207
  Processing partition 1466000/8877691, columns so far: 3701633
  Processing partition 1467000/8877691, columns so far: 3703077
  Processing partition 1468000/8877691, columns so far: 3705738
  Processing partition 1469000/8877691, columns so far: 3708054
  Processing partition 1470000/8877691, columns so far: 3709813
  Processing partition 1471000/8877691, columns so far: 3711426
  Processing partition 1472000/8877691, columns so far: 3713063
  Processing partition 1473000/8877691, columns so far: 3714776
  Processing partition 1474000/8877691, columns so far: 3716309
  Processing partition 1475000/8877691, columns so far: 3718181
  Processing partition 1476000/8877691, columns so far: 3719742
  Processing partition 1477000/8877691, columns so far: 3721303
  Processing partition 1478000/8877691, columns so far: 3723029
  Processing partition 1479000/8877691, columns so far: 3724755
  Processing partition 1480000/8877691, columns so far: 3726617
  Processing partition 1481000/8877691, columns so far: 3728070
  Processing partition 1482000/8877691, columns so far: 3729497
  Processing partition 1483000/8877691, columns so far: 3731236
  Processing partition 1484000/8877691, columns so far: 3732777
  Processing partition 1485000/8877691, columns so far: 3734699
  Processing partition 1486000/8877691, columns so far: 3736420
  Processing partition 1487000/8877691, columns so far: 3739474
  Processing partition 1488000/8877691, columns so far: 3742088
  Processing partition 1489000/8877691, columns so far: 3743533
  Processing partition 1490000/8877691, columns so far: 3745051
  Processing partition 1491000/8877691, columns so far: 3746345
  Processing partition 1492000/8877691, columns so far: 3747735
  Processing partition 1493000/8877691, columns so far: 3749207
  Processing partition 1494000/8877691, columns so far: 3750717
  Processing partition 1495000/8877691, columns so far: 3752516
  Processing partition 1496000/8877691, columns so far: 3755548
  Processing partition 1497000/8877691, columns so far: 3757306
  Processing partition 1498000/8877691, columns so far: 3759020
  Processing partition 1499000/8877691, columns so far: 3760871
  Processing partition 1500000/8877691, columns so far: 3762425
  Processing partition 1501000/8877691, columns so far: 3763914
  Processing partition 1502000/8877691, columns so far: 3765496
  Processing partition 1503000/8877691, columns so far: 3767041
  Processing partition 1504000/8877691, columns so far: 3769009
  Processing partition 1505000/8877691, columns so far: 3771168
  Processing partition 1506000/8877691, columns so far: 3774684
  Processing partition 1507000/8877691, columns so far: 3777750
  Processing partition 1508000/8877691, columns so far: 3781452
  Processing partition 1509000/8877691, columns so far: 3784562
  Processing partition 1510000/8877691, columns so far: 3787806
  Processing partition 1511000/8877691, columns so far: 3790850
  Processing partition 1512000/8877691, columns so far: 3793894
  Processing partition 1513000/8877691, columns so far: 3797698
  Processing partition 1514000/8877691, columns so far: 3802460
  Processing partition 1515000/8877691, columns so far: 3809334
  Processing partition 1516000/8877691, columns so far: 3811208
  Processing partition 1517000/8877691, columns so far: 3813462
  Processing partition 1518000/8877691, columns so far: 3815336
  Processing partition 1519000/8877691, columns so far: 3816891
  Processing partition 1520000/8877691, columns so far: 3818798
  Processing partition 1521000/8877691, columns so far: 3820831
  Processing partition 1522000/8877691, columns so far: 3822630
  Processing partition 1523000/8877691, columns so far: 3824388
  Processing partition 1524000/8877691, columns so far: 3826856
  Processing partition 1525000/8877691, columns so far: 3828660
  Processing partition 1526000/8877691, columns so far: 3830418
  Processing partition 1527000/8877691, columns so far: 3832126
  Processing partition 1528000/8877691, columns so far: 3833967
  Processing partition 1529000/8877691, columns so far: 3835533
  Processing partition 1530000/8877691, columns so far: 3837074
  Processing partition 1531000/8877691, columns so far: 3838644
  Processing partition 1532000/8877691, columns so far: 3840143
  Processing partition 1533000/8877691, columns so far: 3842106
  Processing partition 1534000/8877691, columns so far: 3844096
  Processing partition 1535000/8877691, columns so far: 3847496
  Processing partition 1536000/8877691, columns so far: 3849501
  Processing partition 1537000/8877691, columns so far: 3851057
  Processing partition 1538000/8877691, columns so far: 3852479
  Processing partition 1539000/8877691, columns so far: 3853959
  Processing partition 1540000/8877691, columns so far: 3855349
  Processing partition 1541000/8877691, columns so far: 3856661
  Processing partition 1542000/8877691, columns so far: 3858248
  Processing partition 1543000/8877691, columns so far: 3860046
  Processing partition 1544000/8877691, columns so far: 3862926
  Processing partition 1545000/8877691, columns so far: 3864463
  Processing partition 1546000/8877691, columns so far: 3865846
  Processing partition 1547000/8877691, columns so far: 3867360
  Processing partition 1548000/8877691, columns so far: 3868671
  Processing partition 1549000/8877691, columns so far: 3870229
  Processing partition 1550000/8877691, columns so far: 3871541
  Processing partition 1551000/8877691, columns so far: 3873095
  Processing partition 1552000/8877691, columns so far: 3875242
  Processing partition 1553000/8877691, columns so far: 3877860
  Processing partition 1554000/8877691, columns so far: 3879334
  Processing partition 1555000/8877691, columns so far: 3880891
  Processing partition 1556000/8877691, columns so far: 3882239
  Processing partition 1557000/8877691, columns so far: 3883588
  Processing partition 1558000/8877691, columns so far: 3885109
  Processing partition 1559000/8877691, columns so far: 3886460
  Processing partition 1560000/8877691, columns so far: 3887991
  Processing partition 1561000/8877691, columns so far: 3890798
  Processing partition 1562000/8877691, columns so far: 3892997
  Processing partition 1563000/8877691, columns so far: 3894729
  Processing partition 1564000/8877691, columns so far: 3896480
  Processing partition 1565000/8877691, columns so far: 3897962
  Processing partition 1566000/8877691, columns so far: 3899516
  Processing partition 1567000/8877691, columns so far: 3901256
  Processing partition 1568000/8877691, columns so far: 3902799
  Processing partition 1569000/8877691, columns so far: 3904690
  Processing partition 1570000/8877691, columns so far: 3906217
  Processing partition 1571000/8877691, columns so far: 3907977
  Processing partition 1572000/8877691, columns so far: 3909676
  Processing partition 1573000/8877691, columns so far: 3911541
  Processing partition 1574000/8877691, columns so far: 3913096
  Processing partition 1575000/8877691, columns so far: 3914490
  Processing partition 1576000/8877691, columns so far: 3915973
  Processing partition 1577000/8877691, columns so far: 3917690
  Processing partition 1578000/8877691, columns so far: 3919511
  Processing partition 1579000/8877691, columns so far: 3921734
  Processing partition 1580000/8877691, columns so far: 3925300
  Processing partition 1581000/8877691, columns so far: 3927242
  Processing partition 1582000/8877691, columns so far: 3929028
  Processing partition 1583000/8877691, columns so far: 3930890
  Processing partition 1584000/8877691, columns so far: 3932328
  Processing partition 1585000/8877691, columns so far: 3933770
  Processing partition 1586000/8877691, columns so far: 3935325
  Processing partition 1587000/8877691, columns so far: 3937053
  Processing partition 1588000/8877691, columns so far: 3938750
  Processing partition 1589000/8877691, columns so far: 3940668
  Processing partition 1590000/8877691, columns so far: 3944208
  Processing partition 1591000/8877691, columns so far: 3947496
  Processing partition 1592000/8877691, columns so far: 3951250
  Processing partition 1593000/8877691, columns so far: 3954362
  Processing partition 1594000/8877691, columns so far: 3957486
  Processing partition 1595000/8877691, columns so far: 3960312
  Processing partition 1596000/8877691, columns so far: 3963602
  Processing partition 1597000/8877691, columns so far: 3967304
  Processing partition 1598000/8877691, columns so far: 3972328
  Processing partition 1599000/8877691, columns so far: 3979312
  Processing partition 1600000/8877691, columns so far: 3981083
  Processing partition 1601000/8877691, columns so far: 3983443
  Processing partition 1602000/8877691, columns so far: 3985312
  Processing partition 1603000/8877691, columns so far: 3986877
  Processing partition 1604000/8877691, columns so far: 3988760
  Processing partition 1605000/8877691, columns so far: 3990722
  Processing partition 1606000/8877691, columns so far: 3992418
  Processing partition 1607000/8877691, columns so far: 3994356
  Processing partition 1608000/8877691, columns so far: 3996472
  Processing partition 1609000/8877691, columns so far: 3998604
  Processing partition 1610000/8877691, columns so far: 4000386
  Processing partition 1611000/8877691, columns so far: 4002125
  Processing partition 1612000/8877691, columns so far: 4003991
  Processing partition 1613000/8877691, columns so far: 4005492
  Processing partition 1614000/8877691, columns so far: 4006870
  Processing partition 1615000/8877691, columns so far: 4008428
  Processing partition 1616000/8877691, columns so far: 4010149
  Processing partition 1617000/8877691, columns so far: 4011908
  Processing partition 1618000/8877691, columns so far: 4013836
  Processing partition 1619000/8877691, columns so far: 4016890
  Processing partition 1620000/8877691, columns so far: 4019521
  Processing partition 1621000/8877691, columns so far: 4021076
  Processing partition 1622000/8877691, columns so far: 4022495
  Processing partition 1623000/8877691, columns so far: 4024013
  Processing partition 1624000/8877691, columns so far: 4025323
  Processing partition 1625000/8877691, columns so far: 4026712
  Processing partition 1626000/8877691, columns so far: 4028140
  Processing partition 1627000/8877691, columns so far: 4029852
  Processing partition 1628000/8877691, columns so far: 4032924
  Processing partition 1629000/8877691, columns so far: 4034450
  Processing partition 1630000/8877691, columns so far: 4035807
  Processing partition 1631000/8877691, columns so far: 4037379
  Processing partition 1632000/8877691, columns so far: 4038693
  Processing partition 1633000/8877691, columns so far: 4040153
  Processing partition 1634000/8877691, columns so far: 4041559
  Processing partition 1635000/8877691, columns so far: 4043049
  Processing partition 1636000/8877691, columns so far: 4045066
  Processing partition 1637000/8877691, columns so far: 4047865
  Processing partition 1638000/8877691, columns so far: 4049378
  Processing partition 1639000/8877691, columns so far: 4050848
  Processing partition 1640000/8877691, columns so far: 4052246
  Processing partition 1641000/8877691, columns so far: 4053573
  Processing partition 1642000/8877691, columns so far: 4054924
  Processing partition 1643000/8877691, columns so far: 4056455
  Processing partition 1644000/8877691, columns so far: 4057951
  Processing partition 1645000/8877691, columns so far: 4060236
  Processing partition 1646000/8877691, columns so far: 4062768
  Processing partition 1647000/8877691, columns so far: 4064265
  Processing partition 1648000/8877691, columns so far: 4065788
  Processing partition 1649000/8877691, columns so far: 4067087
  Processing partition 1650000/8877691, columns so far: 4068454
  Processing partition 1651000/8877691, columns so far: 4069851
  Processing partition 1652000/8877691, columns so far: 4071378
  Processing partition 1653000/8877691, columns so far: 4072905
  Processing partition 1654000/8877691, columns so far: 4075886
  Processing partition 1655000/8877691, columns so far: 4077912
  Processing partition 1656000/8877691, columns so far: 4079709
  Processing partition 1657000/8877691, columns so far: 4081560
  Processing partition 1658000/8877691, columns so far: 4082954
  Processing partition 1659000/8877691, columns so far: 4084441
  Processing partition 1660000/8877691, columns so far: 4085997
  Processing partition 1661000/8877691, columns so far: 4087718
  Processing partition 1662000/8877691, columns so far: 4089404
  Processing partition 1663000/8877691, columns so far: 4091200
  Processing partition 1664000/8877691, columns so far: 4093360
  Processing partition 1665000/8877691, columns so far: 4095432
  Processing partition 1666000/8877691, columns so far: 4097314
  Processing partition 1667000/8877691, columns so far: 4099426
  Processing partition 1668000/8877691, columns so far: 4101356
  Processing partition 1669000/8877691, columns so far: 4103227
  Processing partition 1670000/8877691, columns so far: 4104769
  Processing partition 1671000/8877691, columns so far: 4106651
  Processing partition 1672000/8877691, columns so far: 4108726
  Processing partition 1673000/8877691, columns so far: 4110480
  Processing partition 1674000/8877691, columns so far: 4114792
  Processing partition 1675000/8877691, columns so far: 4118954
  Processing partition 1676000/8877691, columns so far: 4122462
  Processing partition 1677000/8877691, columns so far: 4127008
  Processing partition 1678000/8877691, columns so far: 4130732
  Processing partition 1679000/8877691, columns so far: 4134180
  Processing partition 1680000/8877691, columns so far: 4137552
  Processing partition 1681000/8877691, columns so far: 4141436
  Processing partition 1682000/8877691, columns so far: 4145480
  Processing partition 1683000/8877691, columns so far: 4149054
  Processing partition 1684000/8877691, columns so far: 4151448
  Processing partition 1685000/8877691, columns so far: 4153984
  Processing partition 1686000/8877691, columns so far: 4156497
  Processing partition 1687000/8877691, columns so far: 4158918
  Processing partition 1688000/8877691, columns so far: 4160700
  Processing partition 1689000/8877691, columns so far: 4163109
  Processing partition 1690000/8877691, columns so far: 4165376
  Processing partition 1691000/8877691, columns so far: 4167265
  Processing partition 1692000/8877691, columns so far: 4169741
  Processing partition 1693000/8877691, columns so far: 4171532
  Processing partition 1694000/8877691, columns so far: 4174276
  Processing partition 1695000/8877691, columns so far: 4176391
  Processing partition 1696000/8877691, columns so far: 4178578
  Processing partition 1697000/8877691, columns so far: 4180606
  Processing partition 1698000/8877691, columns so far: 4182544
  Processing partition 1699000/8877691, columns so far: 4184605
  Processing partition 1700000/8877691, columns so far: 4186523
  Processing partition 1701000/8877691, columns so far: 4188397
  Processing partition 1702000/8877691, columns so far: 4189929
  Processing partition 1703000/8877691, columns so far: 4191810
  Processing partition 1704000/8877691, columns so far: 4193900
  Processing partition 1705000/8877691, columns so far: 4195660
  Processing partition 1706000/8877691, columns so far: 4199344
  Processing partition 1707000/8877691, columns so far: 4203480
  Processing partition 1708000/8877691, columns so far: 4205240
  Processing partition 1709000/8877691, columns so far: 4207095
  Processing partition 1710000/8877691, columns so far: 4208726
  Processing partition 1711000/8877691, columns so far: 4210567
  Processing partition 1712000/8877691, columns so far: 4212123
  Processing partition 1713000/8877691, columns so far: 4213534
  Processing partition 1714000/8877691, columns so far: 4215003
  Processing partition 1715000/8877691, columns so far: 4216765
  Processing partition 1716000/8877691, columns so far: 4219280
  Processing partition 1717000/8877691, columns so far: 4222756
  Processing partition 1718000/8877691, columns so far: 4224559
  Processing partition 1719000/8877691, columns so far: 4226137
  Processing partition 1720000/8877691, columns so far: 4228065
  Processing partition 1721000/8877691, columns so far: 4229561
  Processing partition 1722000/8877691, columns so far: 4231332
  Processing partition 1723000/8877691, columns so far: 4232787
  Processing partition 1724000/8877691, columns so far: 4234342
  Processing partition 1725000/8877691, columns so far: 4236081
  Processing partition 1726000/8877691, columns so far: 4238462
  Processing partition 1727000/8877691, columns so far: 4242006
  Processing partition 1728000/8877691, columns so far: 4243832
  Processing partition 1729000/8877691, columns so far: 4245441
  Processing partition 1730000/8877691, columns so far: 4247292
  Processing partition 1731000/8877691, columns so far: 4248908
  Processing partition 1732000/8877691, columns so far: 4250426
  Processing partition 1733000/8877691, columns so far: 4251965
  Processing partition 1734000/8877691, columns so far: 4253691
  Processing partition 1735000/8877691, columns so far: 4255409
  Processing partition 1736000/8877691, columns so far: 4257524
  Processing partition 1737000/8877691, columns so far: 4261322
  Processing partition 1738000/8877691, columns so far: 4263080
  Processing partition 1739000/8877691, columns so far: 4264790
  Processing partition 1740000/8877691, columns so far: 4266641
  Processing partition 1741000/8877691, columns so far: 4268195
  Processing partition 1742000/8877691, columns so far: 4269694
  Processing partition 1743000/8877691, columns so far: 4271278
  Processing partition 1744000/8877691, columns so far: 4272812
  Processing partition 1745000/8877691, columns so far: 4274779
  Processing partition 1746000/8877691, columns so far: 4276716
  Processing partition 1747000/8877691, columns so far: 4280220
  Processing partition 1748000/8877691, columns so far: 4282402
  Processing partition 1749000/8877691, columns so far: 4284113
  Processing partition 1750000/8877691, columns so far: 4285988
  Processing partition 1751000/8877691, columns so far: 4287545
  Processing partition 1752000/8877691, columns so far: 4288886
  Processing partition 1753000/8877691, columns so far: 4290425
  Processing partition 1754000/8877691, columns so far: 4292139
  Processing partition 1755000/8877691, columns so far: 4293954
  Processing partition 1756000/8877691, columns so far: 4296048
  Processing partition 1757000/8877691, columns so far: 4299620
  Processing partition 1758000/8877691, columns so far: 4302056
  Processing partition 1759000/8877691, columns so far: 4304204
  Processing partition 1760000/8877691, columns so far: 4305990
  Processing partition 1761000/8877691, columns so far: 4308262
  Processing partition 1762000/8877691, columns so far: 4310158
  Processing partition 1763000/8877691, columns so far: 4311672
  Processing partition 1764000/8877691, columns so far: 4313580
  Processing partition 1765000/8877691, columns so far: 4315532
  Processing partition 1766000/8877691, columns so far: 4317426
  Processing partition 1767000/8877691, columns so far: 4319250
  Processing partition 1768000/8877691, columns so far: 4322938
  Processing partition 1769000/8877691, columns so far: 4327288
  Processing partition 1770000/8877691, columns so far: 4333160
  Processing partition 1771000/8877691, columns so far: 4337832
  Processing partition 1772000/8877691, columns so far: 4341460
  Processing partition 1773000/8877691, columns so far: 4346324
  Processing partition 1774000/8877691, columns so far: 4350184
  Processing partition 1775000/8877691, columns so far: 4354660
  Processing partition 1776000/8877691, columns so far: 4359480
  Processing partition 1777000/8877691, columns so far: 4363120
  Processing partition 1778000/8877691, columns so far: 4368556
  Processing partition 1779000/8877691, columns so far: 4372762
  Processing partition 1780000/8877691, columns so far: 4377216
  Processing partition 1781000/8877691, columns so far: 4381376
  Processing partition 1782000/8877691, columns so far: 4384894
  Processing partition 1783000/8877691, columns so far: 4389442
  Processing partition 1784000/8877691, columns so far: 4393164
  Processing partition 1785000/8877691, columns so far: 4396580
  Processing partition 1786000/8877691, columns so far: 4399972
  Processing partition 1787000/8877691, columns so far: 4403852
  Processing partition 1788000/8877691, columns so far: 4407874
  Processing partition 1789000/8877691, columns so far: 4411476
  Processing partition 1790000/8877691, columns so far: 4418256
  Processing partition 1791000/8877691, columns so far: 4427040
  Processing partition 1792000/8877691, columns so far: 4430640
  Processing partition 1793000/8877691, columns so far: 4434310
  Processing partition 1794000/8877691, columns so far: 4437662
  Processing partition 1795000/8877691, columns so far: 4441366
  Processing partition 1796000/8877691, columns so far: 4444188
  Processing partition 1797000/8877691, columns so far: 4447132
  Processing partition 1798000/8877691, columns so far: 4450242
  Processing partition 1799000/8877691, columns so far: 4453728
  Processing partition 1800000/8877691, columns so far: 4458320
  Processing partition 1801000/8877691, columns so far: 4465534
  Processing partition 1802000/8877691, columns so far: 4469170
  Processing partition 1803000/8877691, columns so far: 4472506
  Processing partition 1804000/8877691, columns so far: 4476324
  Processing partition 1805000/8877691, columns so far: 4479348
  Processing partition 1806000/8877691, columns so far: 4482424
  Processing partition 1807000/8877691, columns so far: 4485816
  Processing partition 1808000/8877691, columns so far: 4488964
  Processing partition 1809000/8877691, columns so far: 4492414
  Processing partition 1810000/8877691, columns so far: 4496476
  Processing partition 1811000/8877691, columns so far: 4503536
  Processing partition 1812000/8877691, columns so far: 4507868
  Processing partition 1813000/8877691, columns so far: 4511112
  Processing partition 1814000/8877691, columns so far: 4514824
  Processing partition 1815000/8877691, columns so far: 4517988
  Processing partition 1816000/8877691, columns so far: 4521056
  Processing partition 1817000/8877691, columns so far: 4524040
  Processing partition 1818000/8877691, columns so far: 4527654
  Processing partition 1819000/8877691, columns so far: 4530980
  Processing partition 1820000/8877691, columns so far: 4534856
  Processing partition 1821000/8877691, columns so far: 4541232
  Processing partition 1822000/8877691, columns so far: 4546336
  Processing partition 1823000/8877691, columns so far: 4549788
  Processing partition 1824000/8877691, columns so far: 4553510
  Processing partition 1825000/8877691, columns so far: 4556412
  Processing partition 1826000/8877691, columns so far: 4559274
  Processing partition 1827000/8877691, columns so far: 4562744
  Processing partition 1828000/8877691, columns so far: 4565834
  Processing partition 1829000/8877691, columns so far: 4569676
  Processing partition 1830000/8877691, columns so far: 4573088
  Processing partition 1831000/8877691, columns so far: 4579200
  Processing partition 1832000/8877691, columns so far: 4584912
  Processing partition 1833000/8877691, columns so far: 4588392
  Processing partition 1834000/8877691, columns so far: 4592210
  Processing partition 1835000/8877691, columns so far: 4594892
  Processing partition 1836000/8877691, columns so far: 4597970
  Processing partition 1837000/8877691, columns so far: 4601082
  Processing partition 1838000/8877691, columns so far: 4604510
  Processing partition 1839000/8877691, columns so far: 4607880
  Processing partition 1840000/8877691, columns so far: 4611400
  Processing partition 1841000/8877691, columns so far: 4618788
  Processing partition 1842000/8877691, columns so far: 4624276
  Processing partition 1843000/8877691, columns so far: 4628396
  Processing partition 1844000/8877691, columns so far: 4632096
  Processing partition 1845000/8877691, columns so far: 4636732
  Processing partition 1846000/8877691, columns so far: 4640456
  Processing partition 1847000/8877691, columns so far: 4643576
  Processing partition 1848000/8877691, columns so far: 4647400
  Processing partition 1849000/8877691, columns so far: 4651214
  Processing partition 1850000/8877691, columns so far: 4654692
  Processing partition 1851000/8877691, columns so far: 4658620
  Processing partition 1852000/8877691, columns so far: 4665108
  Processing partition 1853000/8877691, columns so far: 4673624
  Processing partition 1854000/8877691, columns so far: 4681072
  Processing partition 1855000/8877691, columns so far: 4690480
  Processing partition 1856000/8877691, columns so far: 4696968
  Processing partition 1857000/8877691, columns so far: 4704180
  Processing partition 1858000/8877691, columns so far: 4711820
  Processing partition 1859000/8877691, columns so far: 4719428
  Processing partition 1860000/8877691, columns so far: 4725532
  Processing partition 1861000/8877691, columns so far: 4734348
  Processing partition 1862000/8877691, columns so far: 4744640
  Processing partition 1863000/8877691, columns so far: 4759392
  Processing partition 1864000/8877691, columns so far: 4768452
  Processing partition 1865000/8877691, columns so far: 4770896
  Processing partition 1866000/8877691, columns so far: 4773568
  Processing partition 1867000/8877691, columns so far: 4775891
  Processing partition 1868000/8877691, columns so far: 4777747
  Processing partition 1869000/8877691, columns so far: 4780157
  Processing partition 1870000/8877691, columns so far: 4782240
  Processing partition 1871000/8877691, columns so far: 4784313
  Processing partition 1872000/8877691, columns so far: 4786816
  Processing partition 1873000/8877691, columns so far: 4788558
  Processing partition 1874000/8877691, columns so far: 4791325
  Processing partition 1875000/8877691, columns so far: 4793400
  Processing partition 1876000/8877691, columns so far: 4795590
  Processing partition 1877000/8877691, columns so far: 4797667
  Processing partition 1878000/8877691, columns so far: 4799496
  Processing partition 1879000/8877691, columns so far: 4801651
  Processing partition 1880000/8877691, columns so far: 4803560
  Processing partition 1881000/8877691, columns so far: 4805444
  Processing partition 1882000/8877691, columns so far: 4806999
  Processing partition 1883000/8877691, columns so far: 4808895
  Processing partition 1884000/8877691, columns so far: 4810953
  Processing partition 1885000/8877691, columns so far: 4812721
  Processing partition 1886000/8877691, columns so far: 4816244
  Processing partition 1887000/8877691, columns so far: 4820535
  Processing partition 1888000/8877691, columns so far: 4822304
  Processing partition 1889000/8877691, columns so far: 4824120
  Processing partition 1890000/8877691, columns so far: 4825784
  Processing partition 1891000/8877691, columns so far: 4827633
  Processing partition 1892000/8877691, columns so far: 4829189
  Processing partition 1893000/8877691, columns so far: 4830548
  Processing partition 1894000/8877691, columns so far: 4832070
  Processing partition 1895000/8877691, columns so far: 4833850
  Processing partition 1896000/8877691, columns so far: 4836252
  Processing partition 1897000/8877691, columns so far: 4839750
  Processing partition 1898000/8877691, columns so far: 4841606
  Processing partition 1899000/8877691, columns so far: 4843218
  Processing partition 1900000/8877691, columns so far: 4845131
  Processing partition 1901000/8877691, columns so far: 4846635
  Processing partition 1902000/8877691, columns so far: 4848296
  Processing partition 1903000/8877691, columns so far: 4849870
  Processing partition 1904000/8877691, columns so far: 4851423
  Processing partition 1905000/8877691, columns so far: 4853152
  Processing partition 1906000/8877691, columns so far: 4855440
  Processing partition 1907000/8877691, columns so far: 4859068
  Processing partition 1908000/8877691, columns so far: 4860885
  Processing partition 1909000/8877691, columns so far: 4862512
  Processing partition 1910000/8877691, columns so far: 4864363
  Processing partition 1911000/8877691, columns so far: 4865970
  Processing partition 1912000/8877691, columns so far: 4867478
  Processing partition 1913000/8877691, columns so far: 4869034
  Processing partition 1914000/8877691, columns so far: 4870762
  Processing partition 1915000/8877691, columns so far: 4872491
  Processing partition 1916000/8877691, columns so far: 4874512
  Processing partition 1917000/8877691, columns so far: 4877980
  Processing partition 1918000/8877691, columns so far: 4880146
  Processing partition 1919000/8877691, columns so far: 4881848
  Processing partition 1920000/8877691, columns so far: 4883712
  Processing partition 1921000/8877691, columns so far: 4885266
  Processing partition 1922000/8877691, columns so far: 4886704
  Processing partition 1923000/8877691, columns so far: 4888321
  Processing partition 1924000/8877691, columns so far: 4889852
  Processing partition 1925000/8877691, columns so far: 4891792
  Processing partition 1926000/8877691, columns so far: 4893706
  Processing partition 1927000/8877691, columns so far: 4896972
  Processing partition 1928000/8877691, columns so far: 4899411
  Processing partition 1929000/8877691, columns so far: 4901198
  Processing partition 1930000/8877691, columns so far: 4903060
  Processing partition 1931000/8877691, columns so far: 4904492
  Processing partition 1932000/8877691, columns so far: 4905934
  Processing partition 1933000/8877691, columns so far: 4907491
  Processing partition 1934000/8877691, columns so far: 4909224
  Processing partition 1935000/8877691, columns so far: 4910906
  Processing partition 1936000/8877691, columns so far: 4912948
  Processing partition 1937000/8877691, columns so far: 4916488
  Processing partition 1938000/8877691, columns so far: 4919117
  Processing partition 1939000/8877691, columns so far: 4921232
  Processing partition 1940000/8877691, columns so far: 4923000
  Processing partition 1941000/8877691, columns so far: 4925337
  Processing partition 1942000/8877691, columns so far: 4927211
  Processing partition 1943000/8877691, columns so far: 4928738
  Processing partition 1944000/8877691, columns so far: 4930646
  Processing partition 1945000/8877691, columns so far: 4932558
  Processing partition 1946000/8877691, columns so far: 4934460
  Processing partition 1947000/8877691, columns so far: 4936322
  Processing partition 1948000/8877691, columns so far: 4939880
  Processing partition 1949000/8877691, columns so far: 4944034
  Processing partition 1950000/8877691, columns so far: 4950100
  Processing partition 1951000/8877691, columns so far: 4954786
  Processing partition 1952000/8877691, columns so far: 4958438
  Processing partition 1953000/8877691, columns so far: 4963232
  Processing partition 1954000/8877691, columns so far: 4966920
  Processing partition 1955000/8877691, columns so far: 4971640
  Processing partition 1956000/8877691, columns so far: 4976422
  Processing partition 1957000/8877691, columns so far: 4979980
  Processing partition 1958000/8877691, columns so far: 4985442
  Processing partition 1959000/8877691, columns so far: 4989698
  Processing partition 1960000/8877691, columns so far: 4992167
  Processing partition 1961000/8877691, columns so far: 4994752
  Processing partition 1962000/8877691, columns so far: 4997168
  Processing partition 1963000/8877691, columns so far: 4999620
  Processing partition 1964000/8877691, columns so far: 5001376
  Processing partition 1965000/8877691, columns so far: 5003781
  Processing partition 1966000/8877691, columns so far: 5006172
  Processing partition 1967000/8877691, columns so far: 5007933
  Processing partition 1968000/8877691, columns so far: 5010401
  Processing partition 1969000/8877691, columns so far: 5012274
  Processing partition 1970000/8877691, columns so far: 5014944
  Processing partition 1971000/8877691, columns so far: 5017076
  Processing partition 1972000/8877691, columns so far: 5019302
  Processing partition 1973000/8877691, columns so far: 5021322
  Processing partition 1974000/8877691, columns so far: 5023288
  Processing partition 1975000/8877691, columns so far: 5025260
  Processing partition 1976000/8877691, columns so far: 5027189
  Processing partition 1977000/8877691, columns so far: 5029064
  Processing partition 1978000/8877691, columns so far: 5030590
  Processing partition 1979000/8877691, columns so far: 5032492
  Processing partition 1980000/8877691, columns so far: 5034574
  Processing partition 1981000/8877691, columns so far: 5036384
  Processing partition 1982000/8877691, columns so far: 5040068
  Processing partition 1983000/8877691, columns so far: 5044156
  Processing partition 1984000/8877691, columns so far: 5045919
  Processing partition 1985000/8877691, columns so far: 5047761
  Processing partition 1986000/8877691, columns so far: 5049429
  Processing partition 1987000/8877691, columns so far: 5051226
  Processing partition 1988000/8877691, columns so far: 5052779
  Processing partition 1989000/8877691, columns so far: 5054234
  Processing partition 1990000/8877691, columns so far: 5055660
  Processing partition 1991000/8877691, columns so far: 5057452
  Processing partition 1992000/8877691, columns so far: 5060086
  Processing partition 1993000/8877691, columns so far: 5063475
  Processing partition 1994000/8877691, columns so far: 5065225
  Processing partition 1995000/8877691, columns so far: 5066791
  Processing partition 1996000/8877691, columns so far: 5068731
  Processing partition 1997000/8877691, columns so far: 5070221
  Processing partition 1998000/8877691, columns so far: 5072128
  Processing partition 1999000/8877691, columns so far: 5073478
  Processing partition 2000000/8877691, columns so far: 5075009
  Processing partition 2001000/8877691, columns so far: 5076748
  Processing partition 2002000/8877691, columns so far: 5079186
  Processing partition 2003000/8877691, columns so far: 5082684
  Processing partition 2004000/8877691, columns so far: 5084546
  Processing partition 2005000/8877691, columns so far: 5086128
  Processing partition 2006000/8877691, columns so far: 5087958
  Processing partition 2007000/8877691, columns so far: 5089576
  Processing partition 2008000/8877691, columns so far: 5091097
  Processing partition 2009000/8877691, columns so far: 5092623
  Processing partition 2010000/8877691, columns so far: 5094357
  Processing partition 2011000/8877691, columns so far: 5096082
  Processing partition 2012000/8877691, columns so far: 5098360
  Processing partition 2013000/8877691, columns so far: 5102006
  Processing partition 2014000/8877691, columns so far: 5103752
  Processing partition 2015000/8877691, columns so far: 5105456
  Processing partition 2016000/8877691, columns so far: 5107306
  Processing partition 2017000/8877691, columns so far: 5108861
  Processing partition 2018000/8877691, columns so far: 5110417
  Processing partition 2019000/8877691, columns so far: 5111976
  Processing partition 2020000/8877691, columns so far: 5113474
  Processing partition 2021000/8877691, columns so far: 5115435
  Processing partition 2022000/8877691, columns so far: 5117436
  Processing partition 2023000/8877691, columns so far: 5121060
  Processing partition 2024000/8877691, columns so far: 5123084
  Processing partition 2025000/8877691, columns so far: 5124774
  Processing partition 2026000/8877691, columns so far: 5126652
  Processing partition 2027000/8877691, columns so far: 5128211
  Processing partition 2028000/8877691, columns so far: 5129590
  Processing partition 2029000/8877691, columns so far: 5131091
  Processing partition 2030000/8877691, columns so far: 5132795
  Processing partition 2031000/8877691, columns so far: 5134621
  Processing partition 2032000/8877691, columns so far: 5136780
  Processing partition 2033000/8877691, columns so far: 5140380
  Processing partition 2034000/8877691, columns so far: 5142774
  Processing partition 2035000/8877691, columns so far: 5144874
  Processing partition 2036000/8877691, columns so far: 5146677
  Processing partition 2037000/8877691, columns so far: 5148928
  Processing partition 2038000/8877691, columns so far: 5150830
  Processing partition 2039000/8877691, columns so far: 5152396
  Processing partition 2040000/8877691, columns so far: 5154241
  Processing partition 2041000/8877691, columns so far: 5156205
  Processing partition 2042000/8877691, columns so far: 5158144
  Processing partition 2043000/8877691, columns so far: 5159911
  Processing partition 2044000/8877691, columns so far: 5162052
  Processing partition 2045000/8877691, columns so far: 5164175
  Processing partition 2046000/8877691, columns so far: 5165942
  Processing partition 2047000/8877691, columns so far: 5168276
  Processing partition 2048000/8877691, columns so far: 5170151
  Processing partition 2049000/8877691, columns so far: 5171683
  Processing partition 2050000/8877691, columns so far: 5173590
  Processing partition 2051000/8877691, columns so far: 5175497
  Processing partition 2052000/8877691, columns so far: 5177380
  Processing partition 2053000/8877691, columns so far: 5179265
  Processing partition 2054000/8877691, columns so far: 5182808
  Processing partition 2055000/8877691, columns so far: 5186952
  Processing partition 2056000/8877691, columns so far: 5189178
  Processing partition 2057000/8877691, columns so far: 5191259
  Processing partition 2058000/8877691, columns so far: 5193023
  Processing partition 2059000/8877691, columns so far: 5195280
  Processing partition 2060000/8877691, columns so far: 5197148
  Processing partition 2061000/8877691, columns so far: 5198928
  Processing partition 2062000/8877691, columns so far: 5200604
  Processing partition 2063000/8877691, columns so far: 5202522
  Processing partition 2064000/8877691, columns so far: 5204540
  Processing partition 2065000/8877691, columns so far: 5206312
  Processing partition 2066000/8877691, columns so far: 5208131
  Processing partition 2067000/8877691, columns so far: 5210571
  Processing partition 2068000/8877691, columns so far: 5212342
  Processing partition 2069000/8877691, columns so far: 5214162
  Processing partition 2070000/8877691, columns so far: 5216500
  Processing partition 2071000/8877691, columns so far: 5218092
  Processing partition 2072000/8877691, columns so far: 5219896
  Processing partition 2073000/8877691, columns so far: 5221814
  Processing partition 2074000/8877691, columns so far: 5223768
  Processing partition 2075000/8877691, columns so far: 5225578
  Processing partition 2076000/8877691, columns so far: 5228928
  Processing partition 2077000/8877691, columns so far: 5233351
  Processing partition 2078000/8877691, columns so far: 5234866
  Processing partition 2079000/8877691, columns so far: 5236810
  Processing partition 2080000/8877691, columns so far: 5238480
  Processing partition 2081000/8877691, columns so far: 5240245
  Processing partition 2082000/8877691, columns so far: 5241830
  Processing partition 2083000/8877691, columns so far: 5243495
  Processing partition 2084000/8877691, columns so far: 5245053
  Processing partition 2085000/8877691, columns so far: 5246756
  Processing partition 2086000/8877691, columns so far: 5248854
  Processing partition 2087000/8877691, columns so far: 5252658
  Processing partition 2088000/8877691, columns so far: 5254214
  Processing partition 2089000/8877691, columns so far: 5256126
  Processing partition 2090000/8877691, columns so far: 5257652
  Processing partition 2091000/8877691, columns so far: 5259540
  Processing partition 2092000/8877691, columns so far: 5261087
  Processing partition 2093000/8877691, columns so far: 5262600
  Processing partition 2094000/8877691, columns so far: 5264387
  Processing partition 2095000/8877691, columns so far: 5266060
  Processing partition 2096000/8877691, columns so far: 5268046
  Processing partition 2097000/8877691, columns so far: 5271348
  Processing partition 2098000/8877691, columns so far: 5273501
  Processing partition 2099000/8877691, columns so far: 5275451
  Processing partition 2100000/8877691, columns so far: 5276974
  Processing partition 2101000/8877691, columns so far: 5278881
  Processing partition 2102000/8877691, columns so far: 5280218
  Processing partition 2103000/8877691, columns so far: 5281935
  Processing partition 2104000/8877691, columns so far: 5283475
  Processing partition 2105000/8877691, columns so far: 5285406
  Processing partition 2106000/8877691, columns so far: 5287120
  Processing partition 2107000/8877691, columns so far: 5290238
  Processing partition 2108000/8877691, columns so far: 5292854
  Processing partition 2109000/8877691, columns so far: 5294796
  Processing partition 2110000/8877691, columns so far: 5296323
  Processing partition 2111000/8877691, columns so far: 5297952
  Processing partition 2112000/8877691, columns so far: 5299550
  Processing partition 2113000/8877691, columns so far: 5301100
  Processing partition 2114000/8877691, columns so far: 5302798
  Processing partition 2115000/8877691, columns so far: 5304510
  Processing partition 2116000/8877691, columns so far: 5306364
  Processing partition 2117000/8877691, columns so far: 5310004
  Processing partition 2118000/8877691, columns so far: 5312439
  Processing partition 2119000/8877691, columns so far: 5314789
  Processing partition 2120000/8877691, columns so far: 5316614
  Processing partition 2121000/8877691, columns so far: 5318406
  Processing partition 2122000/8877691, columns so far: 5320802
  Processing partition 2123000/8877691, columns so far: 5322353
  Processing partition 2124000/8877691, columns so far: 5324261
  Processing partition 2125000/8877691, columns so far: 5326175
  Processing partition 2126000/8877691, columns so far: 5327974
  Processing partition 2127000/8877691, columns so far: 5329900
  Processing partition 2128000/8877691, columns so far: 5332920
  Processing partition 2129000/8877691, columns so far: 5337192
  Processing partition 2130000/8877691, columns so far: 5341204
  Processing partition 2131000/8877691, columns so far: 5344798
  Processing partition 2132000/8877691, columns so far: 5348972
  Processing partition 2133000/8877691, columns so far: 5352696
  Processing partition 2134000/8877691, columns so far: 5356452
  Processing partition 2135000/8877691, columns so far: 5360320
  Processing partition 2136000/8877691, columns so far: 5363496
  Processing partition 2137000/8877691, columns so far: 5367792
  Processing partition 2138000/8877691, columns so far: 5373088
  Processing partition 2139000/8877691, columns so far: 5380712
  Processing partition 2140000/8877691, columns so far: 5385421
  Processing partition 2141000/8877691, columns so far: 5387207
  Processing partition 2142000/8877691, columns so far: 5388971
  Processing partition 2143000/8877691, columns so far: 5390504
  Processing partition 2144000/8877691, columns so far: 5392286
  Processing partition 2145000/8877691, columns so far: 5393844
  Processing partition 2146000/8877691, columns so far: 5395400
  Processing partition 2147000/8877691, columns so far: 5397040
  Processing partition 2148000/8877691, columns so far: 5398794
  Processing partition 2149000/8877691, columns so far: 5402326
  Processing partition 2150000/8877691, columns so far: 5404718
  Processing partition 2151000/8877691, columns so far: 5406526
  Processing partition 2152000/8877691, columns so far: 5408291
  Processing partition 2153000/8877691, columns so far: 5409836
  Processing partition 2154000/8877691, columns so far: 5411628
  Processing partition 2155000/8877691, columns so far: 5413182
  Processing partition 2156000/8877691, columns so far: 5414758
  Processing partition 2157000/8877691, columns so far: 5416360
  Processing partition 2158000/8877691, columns so far: 5417876
  Processing partition 2159000/8877691, columns so far: 5419725
  Processing partition 2160000/8877691, columns so far: 5422139
  Processing partition 2161000/8877691, columns so far: 5423900
  Processing partition 2162000/8877691, columns so far: 5425751
  Processing partition 2163000/8877691, columns so far: 5428032
  Processing partition 2164000/8877691, columns so far: 5429768
  Processing partition 2165000/8877691, columns so far: 5431462
  Processing partition 2166000/8877691, columns so far: 5433388
  Processing partition 2167000/8877691, columns so far: 5435336
  Processing partition 2168000/8877691, columns so far: 5437190
  Processing partition 2169000/8877691, columns so far: 5438772
  Processing partition 2170000/8877691, columns so far: 5440700
  Processing partition 2171000/8877691, columns so far: 5442332
  Processing partition 2172000/8877691, columns so far: 5444088
  Processing partition 2173000/8877691, columns so far: 5445628
  Processing partition 2174000/8877691, columns so far: 5447417
  Processing partition 2175000/8877691, columns so far: 5448976
  Processing partition 2176000/8877691, columns so far: 5450630
  Processing partition 2177000/8877691, columns so far: 5452288
  Processing partition 2178000/8877691, columns so far: 5455388
  Processing partition 2179000/8877691, columns so far: 5457934
  Processing partition 2180000/8877691, columns so far: 5459499
  Processing partition 2181000/8877691, columns so far: 5460947
  Processing partition 2182000/8877691, columns so far: 5462472
  Processing partition 2183000/8877691, columns so far: 5463920
  Processing partition 2184000/8877691, columns so far: 5465460
  Processing partition 2185000/8877691, columns so far: 5466790
  Processing partition 2186000/8877691, columns so far: 5468328
  Processing partition 2187000/8877691, columns so far: 5471472
  Processing partition 2188000/8877691, columns so far: 5472816
  Processing partition 2189000/8877691, columns so far: 5474378
  Processing partition 2190000/8877691, columns so far: 5475841
  Processing partition 2191000/8877691, columns so far: 5477248
  Processing partition 2192000/8877691, columns so far: 5478815
  Processing partition 2193000/8877691, columns so far: 5480114
  Processing partition 2194000/8877691, columns so far: 5481684
  Processing partition 2195000/8877691, columns so far: 5483536
  Processing partition 2196000/8877691, columns so far: 5486376
  Processing partition 2197000/8877691, columns so far: 5487928
  Processing partition 2198000/8877691, columns so far: 5489248
  Processing partition 2199000/8877691, columns so far: 5490798
  Processing partition 2200000/8877691, columns so far: 5492128
  Processing partition 2201000/8877691, columns so far: 5493551
  Processing partition 2202000/8877691, columns so far: 5495000
  Processing partition 2203000/8877691, columns so far: 5496550
  Processing partition 2204000/8877691, columns so far: 5499100
  Processing partition 2205000/8877691, columns so far: 5501396
  Processing partition 2206000/8877691, columns so far: 5503292
  Processing partition 2207000/8877691, columns so far: 5504802
  Processing partition 2208000/8877691, columns so far: 5506653
  Processing partition 2209000/8877691, columns so far: 5508264
  Processing partition 2210000/8877691, columns so far: 5510106
  Processing partition 2211000/8877691, columns so far: 5511660
  Processing partition 2212000/8877691, columns so far: 5513144
  Processing partition 2213000/8877691, columns so far: 5514766
  Processing partition 2214000/8877691, columns so far: 5517540
  Processing partition 2215000/8877691, columns so far: 5521414
  Processing partition 2216000/8877691, columns so far: 5524580
  Processing partition 2217000/8877691, columns so far: 5528170
  Processing partition 2218000/8877691, columns so far: 5531316
  Processing partition 2219000/8877691, columns so far: 5534868
  Processing partition 2220000/8877691, columns so far: 5537976
  Processing partition 2221000/8877691, columns so far: 5541216
  Processing partition 2222000/8877691, columns so far: 5544388
  Processing partition 2223000/8877691, columns so far: 5550612
  Processing partition 2224000/8877691, columns so far: 5555319
  Processing partition 2225000/8877691, columns so far: 5557083
  Processing partition 2226000/8877691, columns so far: 5558832
  Processing partition 2227000/8877691, columns so far: 5560498
  Processing partition 2228000/8877691, columns so far: 5562022
  Processing partition 2229000/8877691, columns so far: 5563864
  Processing partition 2230000/8877691, columns so far: 5565418
  Processing partition 2231000/8877691, columns so far: 5567016
  Processing partition 2232000/8877691, columns so far: 5568550
  Processing partition 2233000/8877691, columns so far: 5572040
  Processing partition 2234000/8877691, columns so far: 5574638
  Processing partition 2235000/8877691, columns so far: 5576403
  Processing partition 2236000/8877691, columns so far: 5577964
  Processing partition 2237000/8877691, columns so far: 5579872
  Processing partition 2238000/8877691, columns so far: 5581372
  Processing partition 2239000/8877691, columns so far: 5583198
  Processing partition 2240000/8877691, columns so far: 5584777
  Processing partition 2241000/8877691, columns so far: 5586292
  Processing partition 2242000/8877691, columns so far: 5587876
  Processing partition 2243000/8877691, columns so far: 5589448
  Processing partition 2244000/8877691, columns so far: 5591366
  Processing partition 2245000/8877691, columns so far: 5592994
  Processing partition 2246000/8877691, columns so far: 5594744
  Processing partition 2247000/8877691, columns so far: 5596306
  Processing partition 2248000/8877691, columns so far: 5598093
  Processing partition 2249000/8877691, columns so far: 5599647
  Processing partition 2250000/8877691, columns so far: 5601299
  Processing partition 2251000/8877691, columns so far: 5602940
  Processing partition 2252000/8877691, columns so far: 5606584
  Processing partition 2253000/8877691, columns so far: 5608792
  Processing partition 2254000/8877691, columns so far: 5610700
  Processing partition 2255000/8877691, columns so far: 5612202
  Processing partition 2256000/8877691, columns so far: 5614065
  Processing partition 2257000/8877691, columns so far: 5615646
  Processing partition 2258000/8877691, columns so far: 5617440
  Processing partition 2259000/8877691, columns so far: 5619010
  Processing partition 2260000/8877691, columns so far: 5620592
  Processing partition 2261000/8877691, columns so far: 5622142
  Processing partition 2262000/8877691, columns so far: 5623672
  Processing partition 2263000/8877691, columns so far: 5625616
  Processing partition 2264000/8877691, columns so far: 5627118
  Processing partition 2265000/8877691, columns so far: 5629027
  Processing partition 2266000/8877691, columns so far: 5630577
  Processing partition 2267000/8877691, columns so far: 5632075
  Processing partition 2268000/8877691, columns so far: 5633890
  Processing partition 2269000/8877691, columns so far: 5635548
  Processing partition 2270000/8877691, columns so far: 5637456
  Processing partition 2271000/8877691, columns so far: 5640608
  Processing partition 2272000/8877691, columns so far: 5642842
  Processing partition 2273000/8877691, columns so far: 5644397
  Processing partition 2274000/8877691, columns so far: 5645712
  Processing partition 2275000/8877691, columns so far: 5647279
  Processing partition 2276000/8877691, columns so far: 5648685
  Processing partition 2277000/8877691, columns so far: 5650133
  Processing partition 2278000/8877691, columns so far: 5651728
  Processing partition 2279000/8877691, columns so far: 5653376
  Processing partition 2280000/8877691, columns so far: 5656388
  Processing partition 2281000/8877691, columns so far: 5657872
  Processing partition 2282000/8877691, columns so far: 5659267
  Processing partition 2283000/8877691, columns so far: 5660592
  Processing partition 2284000/8877691, columns so far: 5662147
  Processing partition 2285000/8877691, columns so far: 5663463
  Processing partition 2286000/8877691, columns so far: 5665018
  Processing partition 2287000/8877691, columns so far: 5666518
  Processing partition 2288000/8877691, columns so far: 5668784
  Processing partition 2289000/8877691, columns so far: 5671359
  Processing partition 2290000/8877691, columns so far: 5673242
  Processing partition 2291000/8877691, columns so far: 5674821
  Processing partition 2292000/8877691, columns so far: 5676372
  Processing partition 2293000/8877691, columns so far: 5678259
  Processing partition 2294000/8877691, columns so far: 5679794
  Processing partition 2295000/8877691, columns so far: 5681476
  Processing partition 2296000/8877691, columns so far: 5683014
  Processing partition 2297000/8877691, columns so far: 5684754
  Processing partition 2298000/8877691, columns so far: 5687286
  Processing partition 2299000/8877691, columns so far: 5691110
  Processing partition 2300000/8877691, columns so far: 5694110
  Processing partition 2301000/8877691, columns so far: 5697218
  Processing partition 2302000/8877691, columns so far: 5701032
  Processing partition 2303000/8877691, columns so far: 5704032
  Processing partition 2304000/8877691, columns so far: 5707844
  Processing partition 2305000/8877691, columns so far: 5710976
  Processing partition 2306000/8877691, columns so far: 5714088
  Processing partition 2307000/8877691, columns so far: 5719720
  Processing partition 2308000/8877691, columns so far: 5725287
  Processing partition 2309000/8877691, columns so far: 5727060
  Processing partition 2310000/8877691, columns so far: 5728579
  Processing partition 2311000/8877691, columns so far: 5730340
  Processing partition 2312000/8877691, columns so far: 5732042
  Processing partition 2313000/8877691, columns so far: 5733598
  Processing partition 2314000/8877691, columns so far: 5735448
  Processing partition 2315000/8877691, columns so far: 5736900
  Processing partition 2316000/8877691, columns so far: 5738507
  Processing partition 2317000/8877691, columns so far: 5741628
  Processing partition 2318000/8877691, columns so far: 5744577
  Processing partition 2319000/8877691, columns so far: 5746372
  Processing partition 2320000/8877691, columns so far: 5747928
  Processing partition 2321000/8877691, columns so far: 5749690
  Processing partition 2322000/8877691, columns so far: 5751401
  Processing partition 2323000/8877691, columns so far: 5752890
  Processing partition 2324000/8877691, columns so far: 5754648
  Processing partition 2325000/8877691, columns so far: 5756118
  Processing partition 2326000/8877691, columns so far: 5757861
  Processing partition 2327000/8877691, columns so far: 5759418
  Processing partition 2328000/8877691, columns so far: 5761334
  Processing partition 2329000/8877691, columns so far: 5762832
  Processing partition 2330000/8877691, columns so far: 5764380
  Processing partition 2331000/8877691, columns so far: 5766296
  Processing partition 2332000/8877691, columns so far: 5767846
  Processing partition 2333000/8877691, columns so far: 5769688
  Processing partition 2334000/8877691, columns so far: 5771258
  Processing partition 2335000/8877691, columns so far: 5772812
  Processing partition 2336000/8877691, columns so far: 5775760
  Processing partition 2337000/8877691, columns so far: 5778644
  Processing partition 2338000/8877691, columns so far: 5780209
  Processing partition 2339000/8877691, columns so far: 5781585
  Processing partition 2340000/8877691, columns so far: 5783144
  Processing partition 2341000/8877691, columns so far: 5784624
  Processing partition 2342000/8877691, columns so far: 5786044
  Processing partition 2343000/8877691, columns so far: 5787450
  Processing partition 2344000/8877691, columns so far: 5788840
  Processing partition 2345000/8877691, columns so far: 5791824
  Processing partition 2346000/8877691, columns so far: 5793690
  Processing partition 2347000/8877691, columns so far: 5795635
  Processing partition 2348000/8877691, columns so far: 5797139
  Processing partition 2349000/8877691, columns so far: 5798842
  Processing partition 2350000/8877691, columns so far: 5800580
  Processing partition 2351000/8877691, columns so far: 5802102
  Processing partition 2352000/8877691, columns so far: 5803906
  Processing partition 2353000/8877691, columns so far: 5805568
  Processing partition 2354000/8877691, columns so far: 5807090
  Processing partition 2355000/8877691, columns so far: 5808624
  Processing partition 2356000/8877691, columns so far: 5810541
  Processing partition 2357000/8877691, columns so far: 5812034
  Processing partition 2358000/8877691, columns so far: 5813926
  Processing partition 2359000/8877691, columns so far: 5815498
  Processing partition 2360000/8877691, columns so far: 5817056
  Processing partition 2361000/8877691, columns so far: 5818556
  Processing partition 2362000/8877691, columns so far: 5820462
  Processing partition 2363000/8877691, columns so far: 5822512
  Processing partition 2364000/8877691, columns so far: 5826132
  Processing partition 2365000/8877691, columns so far: 5827731
  Processing partition 2366000/8877691, columns so far: 5829291
  Processing partition 2367000/8877691, columns so far: 5830608
  Processing partition 2368000/8877691, columns so far: 5832070
  Processing partition 2369000/8877691, columns so far: 5833482
  Processing partition 2370000/8877691, columns so far: 5834966
  Processing partition 2371000/8877691, columns so far: 5836480
  Processing partition 2372000/8877691, columns so far: 5838594
  Processing partition 2373000/8877691, columns so far: 5841373
  Processing partition 2374000/8877691, columns so far: 5842948
  Processing partition 2375000/8877691, columns so far: 5844784
  Processing partition 2376000/8877691, columns so far: 5846340
  Processing partition 2377000/8877691, columns so far: 5848168
  Processing partition 2378000/8877691, columns so far: 5849756
  Processing partition 2379000/8877691, columns so far: 5851306
  Processing partition 2380000/8877691, columns so far: 5852814
  Processing partition 2381000/8877691, columns so far: 5854770
  Processing partition 2382000/8877691, columns so far: 5857074
  Processing partition 2383000/8877691, columns so far: 5860842
  Processing partition 2384000/8877691, columns so far: 5863904
  Processing partition 2385000/8877691, columns so far: 5866896
  Processing partition 2386000/8877691, columns so far: 5870536
  Processing partition 2387000/8877691, columns so far: 5873832
  Processing partition 2388000/8877691, columns so far: 5876960
  Processing partition 2389000/8877691, columns so far: 5880300
  Processing partition 2390000/8877691, columns so far: 5883764
  Processing partition 2391000/8877691, columns so far: 5888992
  Processing partition 2392000/8877691, columns so far: 5895251
  Processing partition 2393000/8877691, columns so far: 5897030
  Processing partition 2394000/8877691, columns so far: 5898588
  Processing partition 2395000/8877691, columns so far: 5900374
  Processing partition 2396000/8877691, columns so far: 5901926
  Processing partition 2397000/8877691, columns so far: 5903571
  Processing partition 2398000/8877691, columns so far: 5905093
  Processing partition 2399000/8877691, columns so far: 5906619
  Processing partition 2400000/8877691, columns so far: 5908520
  Processing partition 2401000/8877691, columns so far: 5911268
  Processing partition 2402000/8877691, columns so far: 5914512
  Processing partition 2403000/8877691, columns so far: 5916348
  Processing partition 2404000/8877691, columns so far: 5917888
  Processing partition 2405000/8877691, columns so far: 5919710
  Processing partition 2406000/8877691, columns so far: 5921284
  Processing partition 2407000/8877691, columns so far: 5922909
  Processing partition 2408000/8877691, columns so far: 5924413
  Processing partition 2409000/8877691, columns so far: 5925939
  Processing partition 2410000/8877691, columns so far: 5927866
  Processing partition 2411000/8877691, columns so far: 5929426
  Processing partition 2412000/8877691, columns so far: 5931320
  Processing partition 2413000/8877691, columns so far: 5932843
  Processing partition 2414000/8877691, columns so far: 5934374
  Processing partition 2415000/8877691, columns so far: 5936167
  Processing partition 2416000/8877691, columns so far: 5937815
  Processing partition 2417000/8877691, columns so far: 5939370
  Processing partition 2418000/8877691, columns so far: 5941100
  Processing partition 2419000/8877691, columns so far: 5942776
  Processing partition 2420000/8877691, columns so far: 5945500
  Processing partition 2421000/8877691, columns so far: 5948663
  Processing partition 2422000/8877691, columns so far: 5950229
  Processing partition 2423000/8877691, columns so far: 5951605
  Processing partition 2424000/8877691, columns so far: 5953088
  Processing partition 2425000/8877691, columns so far: 5954552
  Processing partition 2426000/8877691, columns so far: 5955989
  Processing partition 2427000/8877691, columns so far: 5957294
  Processing partition 2428000/8877691, columns so far: 5958860
  Processing partition 2429000/8877691, columns so far: 5961212
  Processing partition 2430000/8877691, columns so far: 5963542
  Processing partition 2431000/8877691, columns so far: 5965100
  Processing partition 2432000/8877691, columns so far: 5966413
  Processing partition 2433000/8877691, columns so far: 5967968
  Processing partition 2434000/8877691, columns so far: 5969384
  Processing partition 2435000/8877691, columns so far: 5970874
  Processing partition 2436000/8877691, columns so far: 5972428
  Processing partition 2437000/8877691, columns so far: 5973832
  Processing partition 2438000/8877691, columns so far: 5976940
  Processing partition 2439000/8877691, columns so far: 5978586
  Processing partition 2440000/8877691, columns so far: 5980536
  Processing partition 2441000/8877691, columns so far: 5982058
  Processing partition 2442000/8877691, columns so far: 5983956
  Processing partition 2443000/8877691, columns so far: 5985300
  Processing partition 2444000/8877691, columns so far: 5987020
  Processing partition 2445000/8877691, columns so far: 5988560
  Processing partition 2446000/8877691, columns so far: 5990488
  Processing partition 2447000/8877691, columns so far: 5992021
  Processing partition 2448000/8877691, columns so far: 5993547
  Processing partition 2449000/8877691, columns so far: 5995459
  Processing partition 2450000/8877691, columns so far: 5997008
  Processing partition 2451000/8877691, columns so far: 5998846
  Processing partition 2452000/8877691, columns so far: 6000400
  Processing partition 2453000/8877691, columns so far: 6001900
  Processing partition 2454000/8877691, columns so far: 6003480
  Processing partition 2455000/8877691, columns so far: 6005333
  Processing partition 2456000/8877691, columns so far: 6007908
  Processing partition 2457000/8877691, columns so far: 6011346
  Processing partition 2458000/8877691, columns so far: 6012876
  Processing partition 2459000/8877691, columns so far: 6014790
  Processing partition 2460000/8877691, columns so far: 6016302
  Processing partition 2461000/8877691, columns so far: 6018184
  Processing partition 2462000/8877691, columns so far: 6019720
  Processing partition 2463000/8877691, columns so far: 6021092
  Processing partition 2464000/8877691, columns so far: 6022830
  Processing partition 2465000/8877691, columns so far: 6024561
  Processing partition 2466000/8877691, columns so far: 6026776
  Processing partition 2467000/8877691, columns so far: 6030288
  Processing partition 2468000/8877691, columns so far: 6033592
  Processing partition 2469000/8877691, columns so far: 6036704
  Processing partition 2470000/8877691, columns so far: 6040332
  Processing partition 2471000/8877691, columns so far: 6043492
  Processing partition 2472000/8877691, columns so far: 6046644
  Processing partition 2473000/8877691, columns so far: 6049736
  Processing partition 2474000/8877691, columns so far: 6053372
  Processing partition 2475000/8877691, columns so far: 6059048
  Processing partition 2476000/8877691, columns so far: 6065142
  Processing partition 2477000/8877691, columns so far: 6066966
  Processing partition 2478000/8877691, columns so far: 6068562
  Processing partition 2479000/8877691, columns so far: 6070390
  Processing partition 2480000/8877691, columns so far: 6071943
  Processing partition 2481000/8877691, columns so far: 6073522
  Processing partition 2482000/8877691, columns so far: 6075046
  Processing partition 2483000/8877691, columns so far: 6076601
  Processing partition 2484000/8877691, columns so far: 6078440
  Processing partition 2485000/8877691, columns so far: 6080980
  Processing partition 2486000/8877691, columns so far: 6084460
  Processing partition 2487000/8877691, columns so far: 6086226
  Processing partition 2488000/8877691, columns so far: 6087885
  Processing partition 2489000/8877691, columns so far: 6089760
  Processing partition 2490000/8877691, columns so far: 6091317
  Processing partition 2491000/8877691, columns so far: 6092871
  Processing partition 2492000/8877691, columns so far: 6094250
  Processing partition 2493000/8877691, columns so far: 6095934
  Processing partition 2494000/8877691, columns so far: 6097732
  Processing partition 2495000/8877691, columns so far: 6099400
  Processing partition 2496000/8877691, columns so far: 6101224
  Processing partition 2497000/8877691, columns so far: 6102825
  Processing partition 2498000/8877691, columns so far: 6104366
  Processing partition 2499000/8877691, columns so far: 6106186
  Processing partition 2500000/8877691, columns so far: 6107752
  Processing partition 2501000/8877691, columns so far: 6109332
  Processing partition 2502000/8877691, columns so far: 6110888
  Processing partition 2503000/8877691, columns so far: 6112740
  Processing partition 2504000/8877691, columns so far: 6115248
  Processing partition 2505000/8877691, columns so far: 6118692
  Processing partition 2506000/8877691, columns so far: 6120247
  Processing partition 2507000/8877691, columns so far: 6121572
  Processing partition 2508000/8877691, columns so far: 6123108
  Processing partition 2509000/8877691, columns so far: 6124442
  Processing partition 2510000/8877691, columns so far: 6125876
  Processing partition 2511000/8877691, columns so far: 6127324
  Processing partition 2512000/8877691, columns so far: 6128840
  Processing partition 2513000/8877691, columns so far: 6131016
  Processing partition 2514000/8877691, columns so far: 6133562
  Processing partition 2515000/8877691, columns so far: 6135122
  Processing partition 2516000/8877691, columns so far: 6136432
  Processing partition 2517000/8877691, columns so far: 6138023
  Processing partition 2518000/8877691, columns so far: 6139338
  Processing partition 2519000/8877691, columns so far: 6140892
  Processing partition 2520000/8877691, columns so far: 6142220
  Processing partition 2521000/8877691, columns so far: 6143774
  Processing partition 2522000/8877691, columns so far: 6146258
  Processing partition 2523000/8877691, columns so far: 6148428
  Processing partition 2524000/8877691, columns so far: 6149997
  Processing partition 2525000/8877691, columns so far: 6151311
  Processing partition 2526000/8877691, columns so far: 6152812
  Processing partition 2527000/8877691, columns so far: 6154182
  Processing partition 2528000/8877691, columns so far: 6155614
  Processing partition 2529000/8877691, columns so far: 6157176
  Processing partition 2530000/8877691, columns so far: 6158886
  Processing partition 2531000/8877691, columns so far: 6162006
  Processing partition 2532000/8877691, columns so far: 6163533
  Processing partition 2533000/8877691, columns so far: 6165473
  Processing partition 2534000/8877691, columns so far: 6166972
  Processing partition 2535000/8877691, columns so far: 6168868
  Processing partition 2536000/8877691, columns so far: 6170312
  Processing partition 2537000/8877691, columns so far: 6171760
  Processing partition 2538000/8877691, columns so far: 6173500
  Processing partition 2539000/8877691, columns so far: 6175225
  Processing partition 2540000/8877691, columns so far: 6177084
  Processing partition 2541000/8877691, columns so far: 6178860
  Processing partition 2542000/8877691, columns so far: 6181327
  Processing partition 2543000/8877691, columns so far: 6183100
  Processing partition 2544000/8877691, columns so far: 6184878
  Processing partition 2545000/8877691, columns so far: 6187118
  Processing partition 2546000/8877691, columns so far: 6189035
  Processing partition 2547000/8877691, columns so far: 6190646
  Processing partition 2548000/8877691, columns so far: 6192440
  Processing partition 2549000/8877691, columns so far: 6194530
  Processing partition 2550000/8877691, columns so far: 6196664
  Processing partition 2551000/8877691, columns so far: 6200240
  Processing partition 2552000/8877691, columns so far: 6205168
  Processing partition 2553000/8877691, columns so far: 6208620
  Processing partition 2554000/8877691, columns so far: 6212280
  Processing partition 2555000/8877691, columns so far: 6216822
  Processing partition 2556000/8877691, columns so far: 6220580
  Processing partition 2557000/8877691, columns so far: 6223690
  Processing partition 2558000/8877691, columns so far: 6227508
  Processing partition 2559000/8877691, columns so far: 6231672
  Processing partition 2560000/8877691, columns so far: 6235132
  Processing partition 2561000/8877691, columns so far: 6237322
  Processing partition 2562000/8877691, columns so far: 6239402
  Processing partition 2563000/8877691, columns so far: 6241220
  Processing partition 2564000/8877691, columns so far: 6243388
  Processing partition 2565000/8877691, columns so far: 6245286
  Processing partition 2566000/8877691, columns so far: 6247176
  Processing partition 2567000/8877691, columns so far: 6248735
  Processing partition 2568000/8877691, columns so far: 6250632
  Processing partition 2569000/8877691, columns so far: 6252688
  Processing partition 2570000/8877691, columns so far: 6254448
  Processing partition 2571000/8877691, columns so far: 6258698
  Processing partition 2572000/8877691, columns so far: 6262320
  Processing partition 2573000/8877691, columns so far: 6264450
  Processing partition 2574000/8877691, columns so far: 6266492
  Processing partition 2575000/8877691, columns so far: 6268834
  Processing partition 2576000/8877691, columns so far: 6270380
  Processing partition 2577000/8877691, columns so far: 6272287
  Processing partition 2578000/8877691, columns so far: 6274200
  Processing partition 2579000/8877691, columns so far: 6275866
  Processing partition 2580000/8877691, columns so far: 6277604
  Processing partition 2581000/8877691, columns so far: 6279813
  Processing partition 2582000/8877691, columns so far: 6281555
  Processing partition 2583000/8877691, columns so far: 6283351
  Processing partition 2584000/8877691, columns so far: 6285844
  Processing partition 2585000/8877691, columns so far: 6287512
  Processing partition 2586000/8877691, columns so far: 6289368
  Processing partition 2587000/8877691, columns so far: 6291625
  Processing partition 2588000/8877691, columns so far: 6293487
  Processing partition 2589000/8877691, columns so far: 6295060
  Processing partition 2590000/8877691, columns so far: 6296950
  Processing partition 2591000/8877691, columns so far: 6299036
  Processing partition 2592000/8877691, columns so far: 6300916
  Processing partition 2593000/8877691, columns so far: 6304562
  Processing partition 2594000/8877691, columns so far: 6308510
  Processing partition 2595000/8877691, columns so far: 6310385
  Processing partition 2596000/8877691, columns so far: 6311923
  Processing partition 2597000/8877691, columns so far: 6313707
  Processing partition 2598000/8877691, columns so far: 6315374
  Processing partition 2599000/8877691, columns so far: 6317224
  Processing partition 2600000/8877691, columns so far: 6318791
  Processing partition 2601000/8877691, columns so far: 6320132
  Processing partition 2602000/8877691, columns so far: 6321900
  Processing partition 2603000/8877691, columns so far: 6324476
  Processing partition 2604000/8877691, columns so far: 6327800
  Processing partition 2605000/8877691, columns so far: 6329614
  Processing partition 2606000/8877691, columns so far: 6331235
  Processing partition 2607000/8877691, columns so far: 6332782
  Processing partition 2608000/8877691, columns so far: 6334678
  Processing partition 2609000/8877691, columns so far: 6336234
  Processing partition 2610000/8877691, columns so far: 6337880
  Processing partition 2611000/8877691, columns so far: 6339454
  Processing partition 2612000/8877691, columns so far: 6341196
  Processing partition 2613000/8877691, columns so far: 6343612
  Processing partition 2614000/8877691, columns so far: 6347146
  Processing partition 2615000/8877691, columns so far: 6348762
  Processing partition 2616000/8877691, columns so far: 6350554
  Processing partition 2617000/8877691, columns so far: 6352114
  Processing partition 2618000/8877691, columns so far: 6353936
  Processing partition 2619000/8877691, columns so far: 6355526
  Processing partition 2620000/8877691, columns so far: 6357080
  Processing partition 2621000/8877691, columns so far: 6358602
  Processing partition 2622000/8877691, columns so far: 6360540
  Processing partition 2623000/8877691, columns so far: 6362740
  Processing partition 2624000/8877691, columns so far: 6366463
  Processing partition 2625000/8877691, columns so far: 6367984
  Processing partition 2626000/8877691, columns so far: 6369876
  Processing partition 2627000/8877691, columns so far: 6371412
  Processing partition 2628000/8877691, columns so far: 6373309
  Processing partition 2629000/8877691, columns so far: 6374862
  Processing partition 2630000/8877691, columns so far: 6376268
  Processing partition 2631000/8877691, columns so far: 6377928
  Processing partition 2632000/8877691, columns so far: 6379724
  Processing partition 2633000/8877691, columns so far: 6382248
  Processing partition 2634000/8877691, columns so far: 6385760
  Processing partition 2635000/8877691, columns so far: 6387640
  Processing partition 2636000/8877691, columns so far: 6390056
  Processing partition 2637000/8877691, columns so far: 6391816
  Processing partition 2638000/8877691, columns so far: 6393670
  Processing partition 2639000/8877691, columns so far: 6395940
  Processing partition 2640000/8877691, columns so far: 6397740
  Processing partition 2641000/8877691, columns so far: 6399402
  Processing partition 2642000/8877691, columns so far: 6401310
  Processing partition 2643000/8877691, columns so far: 6403304
  Processing partition 2644000/8877691, columns so far: 6405104
  Processing partition 2645000/8877691, columns so far: 6409268
  Processing partition 2646000/8877691, columns so far: 6413420
  Processing partition 2647000/8877691, columns so far: 6416958
  Processing partition 2648000/8877691, columns so far: 6421468
  Processing partition 2649000/8877691, columns so far: 6425268
  Processing partition 2650000/8877691, columns so far: 6428512
  Processing partition 2651000/8877691, columns so far: 6432076
  Processing partition 2652000/8877691, columns so far: 6435984
  Processing partition 2653000/8877691, columns so far: 6439928
  Processing partition 2654000/8877691, columns so far: 6443460
  Processing partition 2655000/8877691, columns so far: 6451128
  Processing partition 2656000/8877691, columns so far: 6459094
  Processing partition 2657000/8877691, columns so far: 6463546
  Processing partition 2658000/8877691, columns so far: 6467564
  Processing partition 2659000/8877691, columns so far: 6471472
  Processing partition 2660000/8877691, columns so far: 6475464
  Processing partition 2661000/8877691, columns so far: 6479320
  Processing partition 2662000/8877691, columns so far: 6483068
  Processing partition 2663000/8877691, columns so far: 6486120
  Processing partition 2664000/8877691, columns so far: 6489912
  Processing partition 2665000/8877691, columns so far: 6494084
  Processing partition 2666000/8877691, columns so far: 6497614
  Processing partition 2667000/8877691, columns so far: 6501284
  Processing partition 2668000/8877691, columns so far: 6506146
  Processing partition 2669000/8877691, columns so far: 6509676
  Processing partition 2670000/8877691, columns so far: 6513340
  Processing partition 2671000/8877691, columns so far: 6517886
  Processing partition 2672000/8877691, columns so far: 6521710
  Processing partition 2673000/8877691, columns so far: 6524812
  Processing partition 2674000/8877691, columns so far: 6528618
  Processing partition 2675000/8877691, columns so far: 6532708
  Processing partition 2676000/8877691, columns so far: 6536228
  Processing partition 2677000/8877691, columns so far: 6543184
  Processing partition 2678000/8877691, columns so far: 6551682
  Processing partition 2679000/8877691, columns so far: 6555128
  Processing partition 2680000/8877691, columns so far: 6558528
  Processing partition 2681000/8877691, columns so far: 6562142
  Processing partition 2682000/8877691, columns so far: 6565384
  Processing partition 2683000/8877691, columns so far: 6569200
  Processing partition 2684000/8877691, columns so far: 6571864
  Processing partition 2685000/8877691, columns so far: 6574960
  Processing partition 2686000/8877691, columns so far: 6578428
  Processing partition 2687000/8877691, columns so far: 6583216
  Processing partition 2688000/8877691, columns so far: 6590302
  Processing partition 2689000/8877691, columns so far: 6593336
  Processing partition 2690000/8877691, columns so far: 6597184
  Processing partition 2691000/8877691, columns so far: 6600264
  Processing partition 2692000/8877691, columns so far: 6604092
  Processing partition 2693000/8877691, columns so far: 6607080
  Processing partition 2694000/8877691, columns so far: 6610188
  Processing partition 2695000/8877691, columns so far: 6613640
  Processing partition 2696000/8877691, columns so far: 6617068
  Processing partition 2697000/8877691, columns so far: 6621400
  Processing partition 2698000/8877691, columns so far: 6628954
  Processing partition 2699000/8877691, columns so far: 6632020
  Processing partition 2700000/8877691, columns so far: 6635856
  Processing partition 2701000/8877691, columns so far: 6638832
  Processing partition 2702000/8877691, columns so far: 6642616
  Processing partition 2703000/8877691, columns so far: 6645760
  Processing partition 2704000/8877691, columns so far: 6648888
  Processing partition 2705000/8877691, columns so far: 6651886
  Processing partition 2706000/8877691, columns so far: 6655700
  Processing partition 2707000/8877691, columns so far: 6659792
  Processing partition 2708000/8877691, columns so far: 6667008
  Processing partition 2709000/8877691, columns so far: 6670604
  Processing partition 2710000/8877691, columns so far: 6674480
  Processing partition 2711000/8877691, columns so far: 6677530
  Processing partition 2712000/8877691, columns so far: 6681344
  Processing partition 2713000/8877691, columns so far: 6684088
  Processing partition 2714000/8877691, columns so far: 6687104
  Processing partition 2715000/8877691, columns so far: 6690532
  Processing partition 2716000/8877691, columns so far: 6693992
  Processing partition 2717000/8877691, columns so far: 6698192
  Processing partition 2718000/8877691, columns so far: 6705600
  Processing partition 2719000/8877691, columns so far: 6709896
  Processing partition 2720000/8877691, columns so far: 6714688
  Processing partition 2721000/8877691, columns so far: 6718288
  Processing partition 2722000/8877691, columns so far: 6721946
  Processing partition 2723000/8877691, columns so far: 6726552
  Processing partition 2724000/8877691, columns so far: 6729712
  Processing partition 2725000/8877691, columns so far: 6733424
  Processing partition 2726000/8877691, columns so far: 6737240
  Processing partition 2727000/8877691, columns so far: 6741120
  Processing partition 2728000/8877691, columns so far: 6744758
  Processing partition 2729000/8877691, columns so far: 6751216
  Processing partition 2730000/8877691, columns so far: 6760780
  Processing partition 2731000/8877691, columns so far: 6767844
  Processing partition 2732000/8877691, columns so far: 6775200
  Processing partition 2733000/8877691, columns so far: 6784608
  Processing partition 2734000/8877691, columns so far: 6790824
  Processing partition 2735000/8877691, columns so far: 6798456
  Processing partition 2736000/8877691, columns so far: 6806084
  Processing partition 2737000/8877691, columns so far: 6813568
  Processing partition 2738000/8877691, columns so far: 6821116
  Processing partition 2739000/8877691, columns so far: 6832624
  Processing partition 2740000/8877691, columns so far: 6850208
  Processing partition 2741000/8877691, columns so far: 6854369
  Processing partition 2742000/8877691, columns so far: 6856450
  Processing partition 2743000/8877691, columns so far: 6858214
  Processing partition 2744000/8877691, columns so far: 6860472
  Processing partition 2745000/8877691, columns so far: 6862341
  Processing partition 2746000/8877691, columns so far: 6864100
  Processing partition 2747000/8877691, columns so far: 6865786
  Processing partition 2748000/8877691, columns so far: 6867713
  Processing partition 2749000/8877691, columns so far: 6869731
  Processing partition 2750000/8877691, columns so far: 6871504
  Processing partition 2751000/8877691, columns so far: 6875652
  Processing partition 2752000/8877691, columns so far: 6879314
  Processing partition 2753000/8877691, columns so far: 6881500
  Processing partition 2754000/8877691, columns so far: 6883567
  Processing partition 2755000/8877691, columns so far: 6885660
  Processing partition 2756000/8877691, columns so far: 6887430
  Processing partition 2757000/8877691, columns so far: 6889358
  Processing partition 2758000/8877691, columns so far: 6891270
  Processing partition 2759000/8877691, columns so far: 6892856
  Processing partition 2760000/8877691, columns so far: 6894680
  Processing partition 2761000/8877691, columns so far: 6896786
  Processing partition 2762000/8877691, columns so far: 6898599
  Processing partition 2763000/8877691, columns so far: 6900347
  Processing partition 2764000/8877691, columns so far: 6902814
  Processing partition 2765000/8877691, columns so far: 6904573
  Processing partition 2766000/8877691, columns so far: 6906378
  Processing partition 2767000/8877691, columns so far: 6908678
  Processing partition 2768000/8877691, columns so far: 6910558
  Processing partition 2769000/8877691, columns so far: 6912112
  Processing partition 2770000/8877691, columns so far: 6913996
  Processing partition 2771000/8877691, columns so far: 6916099
  Processing partition 2772000/8877691, columns so far: 6917852
  Processing partition 2773000/8877691, columns so far: 6921552
  Processing partition 2774000/8877691, columns so far: 6925566
  Processing partition 2775000/8877691, columns so far: 6927428
  Processing partition 2776000/8877691, columns so far: 6928988
  Processing partition 2777000/8877691, columns so far: 6930777
  Processing partition 2778000/8877691, columns so far: 6932423
  Processing partition 2779000/8877691, columns so far: 6934283
  Processing partition 2780000/8877691, columns so far: 6935736
  Processing partition 2781000/8877691, columns so far: 6937178
  Processing partition 2782000/8877691, columns so far: 6938936
  Processing partition 2783000/8877691, columns so far: 6941464
  Processing partition 2784000/8877691, columns so far: 6944874
  Processing partition 2785000/8877691, columns so far: 6946568
  Processing partition 2786000/8877691, columns so far: 6948317
  Processing partition 2787000/8877691, columns so far: 6949831
  Processing partition 2788000/8877691, columns so far: 6951749
  Processing partition 2789000/8877691, columns so far: 6953294
  Processing partition 2790000/8877691, columns so far: 6954870
  Processing partition 2791000/8877691, columns so far: 6956526
  Processing partition 2792000/8877691, columns so far: 6958270
  Processing partition 2793000/8877691, columns so far: 6960536
  Processing partition 2794000/8877691, columns so far: 6964190
  Processing partition 2795000/8877691, columns so far: 6965716
  Processing partition 2796000/8877691, columns so far: 6967625
  Processing partition 2797000/8877691, columns so far: 6969180
  Processing partition 2798000/8877691, columns so far: 6971021
  Processing partition 2799000/8877691, columns so far: 6972597
  Processing partition 2800000/8877691, columns so far: 6974151
  Processing partition 2801000/8877691, columns so far: 6975646
  Processing partition 2802000/8877691, columns so far: 6977562
  Processing partition 2803000/8877691, columns so far: 6979730
  Processing partition 2804000/8877691, columns so far: 6983511
  Processing partition 2805000/8877691, columns so far: 6985038
  Processing partition 2806000/8877691, columns so far: 6986961
  Processing partition 2807000/8877691, columns so far: 6988472
  Processing partition 2808000/8877691, columns so far: 6990355
  Processing partition 2809000/8877691, columns so far: 6991876
  Processing partition 2810000/8877691, columns so far: 6993260
  Processing partition 2811000/8877691, columns so far: 6994999
  Processing partition 2812000/8877691, columns so far: 6996731
  Processing partition 2813000/8877691, columns so far: 6999202
  Processing partition 2814000/8877691, columns so far: 7002738
  Processing partition 2815000/8877691, columns so far: 7004666
  Processing partition 2816000/8877691, columns so far: 7007111
  Processing partition 2817000/8877691, columns so far: 7008880
  Processing partition 2818000/8877691, columns so far: 7010692
  Processing partition 2819000/8877691, columns so far: 7013014
  Processing partition 2820000/8877691, columns so far: 7014686
  Processing partition 2821000/8877691, columns so far: 7016415
  Processing partition 2822000/8877691, columns so far: 7018327
  Processing partition 2823000/8877691, columns so far: 7020295
  Processing partition 2824000/8877691, columns so far: 7022151
  Processing partition 2825000/8877691, columns so far: 7026072
  Processing partition 2826000/8877691, columns so far: 7030328
  Processing partition 2827000/8877691, columns so far: 7033920
  Processing partition 2828000/8877691, columns so far: 7038442
  Processing partition 2829000/8877691, columns so far: 7042242
  Processing partition 2830000/8877691, columns so far: 7045316
  Processing partition 2831000/8877691, columns so far: 7049074
  Processing partition 2832000/8877691, columns so far: 7053002
  Processing partition 2833000/8877691, columns so far: 7056870
  Processing partition 2834000/8877691, columns so far: 7060406
  Processing partition 2835000/8877691, columns so far: 7067848
  Processing partition 2836000/8877691, columns so far: 7075858
  Processing partition 2837000/8877691, columns so far: 7078004
  Processing partition 2838000/8877691, columns so far: 7080070
  Processing partition 2839000/8877691, columns so far: 7081956
  Processing partition 2840000/8877691, columns so far: 7084072
  Processing partition 2841000/8877691, columns so far: 7085990
  Processing partition 2842000/8877691, columns so far: 7087859
  Processing partition 2843000/8877691, columns so far: 7089400
  Processing partition 2844000/8877691, columns so far: 7091284
  Processing partition 2845000/8877691, columns so far: 7093359
  Processing partition 2846000/8877691, columns so far: 7095118
  Processing partition 2847000/8877691, columns so far: 7097309
  Processing partition 2848000/8877691, columns so far: 7099390
  Processing partition 2849000/8877691, columns so far: 7101148
  Processing partition 2850000/8877691, columns so far: 7103416
  Processing partition 2851000/8877691, columns so far: 7105288
  Processing partition 2852000/8877691, columns so far: 7107010
  Processing partition 2853000/8877691, columns so far: 7108706
  Processing partition 2854000/8877691, columns so far: 7110636
  Processing partition 2855000/8877691, columns so far: 7112658
  Processing partition 2856000/8877691, columns so far: 7114443
  Processing partition 2857000/8877691, columns so far: 7116267
  Processing partition 2858000/8877691, columns so far: 7118064
  Processing partition 2859000/8877691, columns so far: 7119842
  Processing partition 2860000/8877691, columns so far: 7121360
  Processing partition 2861000/8877691, columns so far: 7123128
  Processing partition 2862000/8877691, columns so far: 7124692
  Processing partition 2863000/8877691, columns so far: 7126244
  Processing partition 2864000/8877691, columns so far: 7127901
  Processing partition 2865000/8877691, columns so far: 7129616
  Processing partition 2866000/8877691, columns so far: 7132652
  Processing partition 2867000/8877691, columns so far: 7135364
  Processing partition 2868000/8877691, columns so far: 7136886
  Processing partition 2869000/8877691, columns so far: 7138441
  Processing partition 2870000/8877691, columns so far: 7139885
  Processing partition 2871000/8877691, columns so far: 7141416
  Processing partition 2872000/8877691, columns so far: 7142729
  Processing partition 2873000/8877691, columns so far: 7144076
  Processing partition 2874000/8877691, columns so far: 7145608
  Processing partition 2875000/8877691, columns so far: 7148624
  Processing partition 2876000/8877691, columns so far: 7150282
  Processing partition 2877000/8877691, columns so far: 7151836
  Processing partition 2878000/8877691, columns so far: 7153196
  Processing partition 2879000/8877691, columns so far: 7154780
  Processing partition 2880000/8877691, columns so far: 7156095
  Processing partition 2881000/8877691, columns so far: 7157560
  Processing partition 2882000/8877691, columns so far: 7158966
  Processing partition 2883000/8877691, columns so far: 7160832
  Processing partition 2884000/8877691, columns so far: 7163688
  Processing partition 2885000/8877691, columns so far: 7165210
  Processing partition 2886000/8877691, columns so far: 7166742
  Processing partition 2887000/8877691, columns so far: 7168072
  Processing partition 2888000/8877691, columns so far: 7169504
  Processing partition 2889000/8877691, columns so far: 7170939
  Processing partition 2890000/8877691, columns so far: 7172254
  Processing partition 2891000/8877691, columns so far: 7173832
  Processing partition 2892000/8877691, columns so far: 7176048
  Processing partition 2893000/8877691, columns so far: 7178624
  Processing partition 2894000/8877691, columns so far: 7180139
  Processing partition 2895000/8877691, columns so far: 7181642
  Processing partition 2896000/8877691, columns so far: 7183193
  Processing partition 2897000/8877691, columns so far: 7184504
  Processing partition 2898000/8877691, columns so far: 7185834
  Processing partition 2899000/8877691, columns so far: 7187182
  Processing partition 2900000/8877691, columns so far: 7188714
  Processing partition 2901000/8877691, columns so far: 7191672
  Processing partition 2902000/8877691, columns so far: 7193840
  Processing partition 2903000/8877691, columns so far: 7195620
  Processing partition 2904000/8877691, columns so far: 7197380
  Processing partition 2905000/8877691, columns so far: 7198926
  Processing partition 2906000/8877691, columns so far: 7200686
  Processing partition 2907000/8877691, columns so far: 7202248
  Processing partition 2908000/8877691, columns so far: 7203830
  Processing partition 2909000/8877691, columns so far: 7205446
  Processing partition 2910000/8877691, columns so far: 7207008
  Processing partition 2911000/8877691, columns so far: 7211396
  Processing partition 2912000/8877691, columns so far: 7215544
  Processing partition 2913000/8877691, columns so far: 7219164
  Processing partition 2914000/8877691, columns so far: 7223532
  Processing partition 2915000/8877691, columns so far: 7227308
  Processing partition 2916000/8877691, columns so far: 7231104
  Processing partition 2917000/8877691, columns so far: 7234224
  Processing partition 2918000/8877691, columns so far: 7238008
  Processing partition 2919000/8877691, columns so far: 7242120
  Processing partition 2920000/8877691, columns so far: 7245648
  Processing partition 2921000/8877691, columns so far: 7247975
  Processing partition 2922000/8877691, columns so far: 7250051
  Processing partition 2923000/8877691, columns so far: 7251815
  Processing partition 2924000/8877691, columns so far: 7254098
  Processing partition 2925000/8877691, columns so far: 7255958
  Processing partition 2926000/8877691, columns so far: 7257616
  Processing partition 2927000/8877691, columns so far: 7259355
  Processing partition 2928000/8877691, columns so far: 7261303
  Processing partition 2929000/8877691, columns so far: 7263305
  Processing partition 2930000/8877691, columns so far: 7265092
  Processing partition 2931000/8877691, columns so far: 7268948
  Processing partition 2932000/8877691, columns so far: 7272887
  Processing partition 2933000/8877691, columns so far: 7275113
  Processing partition 2934000/8877691, columns so far: 7277176
  Processing partition 2935000/8877691, columns so far: 7279124
  Processing partition 2936000/8877691, columns so far: 7281043
  Processing partition 2937000/8877691, columns so far: 7282980
  Processing partition 2938000/8877691, columns so far: 7284864
  Processing partition 2939000/8877691, columns so far: 7286392
  Processing partition 2940000/8877691, columns so far: 7288291
  Processing partition 2941000/8877691, columns so far: 7290364
  Processing partition 2942000/8877691, columns so far: 7292152
  Processing partition 2943000/8877691, columns so far: 7293962
  Processing partition 2944000/8877691, columns so far: 7296395
  Processing partition 2945000/8877691, columns so far: 7298168
  Processing partition 2946000/8877691, columns so far: 7299992
  Processing partition 2947000/8877691, columns so far: 7302266
  Processing partition 2948000/8877691, columns so far: 7304173
  Processing partition 2949000/8877691, columns so far: 7305727
  Processing partition 2950000/8877691, columns so far: 7307619
  Processing partition 2951000/8877691, columns so far: 7309694
  Processing partition 2952000/8877691, columns so far: 7311449
  Processing partition 2953000/8877691, columns so far: 7315080
  Processing partition 2954000/8877691, columns so far: 7319181
  Processing partition 2955000/8877691, columns so far: 7320944
  Processing partition 2956000/8877691, columns so far: 7322572
  Processing partition 2957000/8877691, columns so far: 7324394
  Processing partition 2958000/8877691, columns so far: 7326014
  Processing partition 2959000/8877691, columns so far: 7327912
  Processing partition 2960000/8877691, columns so far: 7329292
  Processing partition 2961000/8877691, columns so far: 7330796
  Processing partition 2962000/8877691, columns so far: 7332531
  Processing partition 2963000/8877691, columns so far: 7334998
  Processing partition 2964000/8877691, columns so far: 7338480
  Processing partition 2965000/8877691, columns so far: 7340076
  Processing partition 2966000/8877691, columns so far: 7341946
  Processing partition 2967000/8877691, columns so far: 7343446
  Processing partition 2968000/8877691, columns so far: 7345364
  Processing partition 2969000/8877691, columns so far: 7346862
  Processing partition 2970000/8877691, columns so far: 7348413
  Processing partition 2971000/8877691, columns so far: 7350141
  Processing partition 2972000/8877691, columns so far: 7351880
  Processing partition 2973000/8877691, columns so far: 7354072
  Processing partition 2974000/8877691, columns so far: 7357800
  Processing partition 2975000/8877691, columns so far: 7359332
  Processing partition 2976000/8877691, columns so far: 7361240
  Processing partition 2977000/8877691, columns so far: 7362742
  Processing partition 2978000/8877691, columns so far: 7364646
  Processing partition 2979000/8877691, columns so far: 7366211
  Processing partition 2980000/8877691, columns so far: 7367766
  Processing partition 2981000/8877691, columns so far: 7369262
  Processing partition 2982000/8877691, columns so far: 7371172
  Processing partition 2983000/8877691, columns so far: 7373264
  Processing partition 2984000/8877691, columns so far: 7377024
  Processing partition 2985000/8877691, columns so far: 7378638
  Processing partition 2986000/8877691, columns so far: 7380588
  Processing partition 2987000/8877691, columns so far: 7382087
  Processing partition 2988000/8877691, columns so far: 7383980
  Processing partition 2989000/8877691, columns so far: 7385404
  Processing partition 2990000/8877691, columns so far: 7386874
  Processing partition 2991000/8877691, columns so far: 7388604
  Processing partition 2992000/8877691, columns so far: 7390328
  Processing partition 2993000/8877691, columns so far: 7392592
  Processing partition 2994000/8877691, columns so far: 7396224
  Processing partition 2995000/8877691, columns so far: 7398259
  Processing partition 2996000/8877691, columns so far: 7400699
  Processing partition 2997000/8877691, columns so far: 7402470
  Processing partition 2998000/8877691, columns so far: 7404290
  Processing partition 2999000/8877691, columns so far: 7406628
  Processing partition 3000000/8877691, columns so far: 7408220
  Processing partition 3001000/8877691, columns so far: 7410024
  Processing partition 3002000/8877691, columns so far: 7411942
  Processing partition 3003000/8877691, columns so far: 7413896
  Processing partition 3004000/8877691, columns so far: 7415706
  Processing partition 3005000/8877691, columns so far: 7417613
  Processing partition 3006000/8877691, columns so far: 7419984
  Processing partition 3007000/8877691, columns so far: 7421736
  Processing partition 3008000/8877691, columns so far: 7423639
  Processing partition 3009000/8877691, columns so far: 7425920
  Processing partition 3010000/8877691, columns so far: 7427468
  Processing partition 3011000/8877691, columns so far: 7429384
  Processing partition 3012000/8877691, columns so far: 7431291
  Processing partition 3013000/8877691, columns so far: 7433204
  Processing partition 3014000/8877691, columns so far: 7435050
  Processing partition 3015000/8877691, columns so far: 7438156
  Processing partition 3016000/8877691, columns so far: 7442786
  Processing partition 3017000/8877691, columns so far: 7444632
  Processing partition 3018000/8877691, columns so far: 7446493
  Processing partition 3019000/8877691, columns so far: 7448189
  Processing partition 3020000/8877691, columns so far: 7449832
  Processing partition 3021000/8877691, columns so far: 7451409
  Processing partition 3022000/8877691, columns so far: 7452961
  Processing partition 3023000/8877691, columns so far: 7454543
  Processing partition 3024000/8877691, columns so far: 7456244
  Processing partition 3025000/8877691, columns so far: 7458412
  Processing partition 3026000/8877691, columns so far: 7461968
  Processing partition 3027000/8877691, columns so far: 7463925
  Processing partition 3028000/8877691, columns so far: 7466372
  Processing partition 3029000/8877691, columns so far: 7468151
  Processing partition 3030000/8877691, columns so far: 7469955
  Processing partition 3031000/8877691, columns so far: 7472290
  Processing partition 3032000/8877691, columns so far: 7473934
  Processing partition 3033000/8877691, columns so far: 7475690
  Processing partition 3034000/8877691, columns so far: 7477598
  Processing partition 3035000/8877691, columns so far: 7479561
  Processing partition 3036000/8877691, columns so far: 7481422
  Processing partition 3037000/8877691, columns so far: 7483275
  Processing partition 3038000/8877691, columns so far: 7485592
  Processing partition 3039000/8877691, columns so far: 7487102
  Processing partition 3040000/8877691, columns so far: 7489306
  Processing partition 3041000/8877691, columns so far: 7491042
  Processing partition 3042000/8877691, columns so far: 7492920
  Processing partition 3043000/8877691, columns so far: 7495039
  Processing partition 3044000/8877691, columns so far: 7496947
  Processing partition 3045000/8877691, columns so far: 7498880
  Processing partition 3046000/8877691, columns so far: 7500705
  Processing partition 3047000/8877691, columns so far: 7503728
  Processing partition 3048000/8877691, columns so far: 7508451
  Processing partition 3049000/8877691, columns so far: 7510002
  Processing partition 3050000/8877691, columns so far: 7511768
  Processing partition 3051000/8877691, columns so far: 7513448
  Processing partition 3052000/8877691, columns so far: 7515089
  Processing partition 3053000/8877691, columns so far: 7516877
  Processing partition 3054000/8877691, columns so far: 7518436
  Processing partition 3055000/8877691, columns so far: 7520165
  Processing partition 3056000/8877691, columns so far: 7521844
  Processing partition 3057000/8877691, columns so far: 7523848
  Processing partition 3058000/8877691, columns so far: 7527256
  Processing partition 3059000/8877691, columns so far: 7529290
  Processing partition 3060000/8877691, columns so far: 7531137
  Processing partition 3061000/8877691, columns so far: 7532758
  Processing partition 3062000/8877691, columns so far: 7534313
  Processing partition 3063000/8877691, columns so far: 7535994
  Processing partition 3064000/8877691, columns so far: 7537719
  Processing partition 3065000/8877691, columns so far: 7539224
  Processing partition 3066000/8877691, columns so far: 7541166
  Processing partition 3067000/8877691, columns so far: 7542992
  Processing partition 3068000/8877691, columns so far: 7546176
  Processing partition 3069000/8877691, columns so far: 7548644
  Processing partition 3070000/8877691, columns so far: 7550472
  Processing partition 3071000/8877691, columns so far: 7552116
  Processing partition 3072000/8877691, columns so far: 7553605
  Processing partition 3073000/8877691, columns so far: 7555165
  Processing partition 3074000/8877691, columns so far: 7556890
  Processing partition 3075000/8877691, columns so far: 7558576
  Processing partition 3076000/8877691, columns so far: 7560274
  Processing partition 3077000/8877691, columns so far: 7562208
  Processing partition 3078000/8877691, columns so far: 7565844
  Processing partition 3079000/8877691, columns so far: 7568202
  Processing partition 3080000/8877691, columns so far: 7570582
  Processing partition 3081000/8877691, columns so far: 7572117
  Processing partition 3082000/8877691, columns so far: 7574232
  Processing partition 3083000/8877691, columns so far: 7576056
  Processing partition 3084000/8877691, columns so far: 7577838
  Processing partition 3085000/8877691, columns so far: 7580026
  Processing partition 3086000/8877691, columns so far: 7581937
  Processing partition 3087000/8877691, columns so far: 7583818
  Processing partition 3088000/8877691, columns so far: 7585719
  Processing partition 3089000/8877691, columns so far: 7588578
  Processing partition 3090000/8877691, columns so far: 7592976
  Processing partition 3091000/8877691, columns so far: 7596488
  Processing partition 3092000/8877691, columns so far: 7600640
  Processing partition 3093000/8877691, columns so far: 7604212
  Processing partition 3094000/8877691, columns so far: 7607908
  Processing partition 3095000/8877691, columns so far: 7612294
  Processing partition 3096000/8877691, columns so far: 7616220
  Processing partition 3097000/8877691, columns so far: 7619492
  Processing partition 3098000/8877691, columns so far: 7623492
  Processing partition 3099000/8877691, columns so far: 7629032
  Processing partition 3100000/8877691, columns so far: 7636816
  Processing partition 3101000/8877691, columns so far: 7640963
  Processing partition 3102000/8877691, columns so far: 7642888
  Processing partition 3103000/8877691, columns so far: 7644523
  Processing partition 3104000/8877691, columns so far: 7646278
  Processing partition 3105000/8877691, columns so far: 7647818
  Processing partition 3106000/8877691, columns so far: 7649607
  Processing partition 3107000/8877691, columns so far: 7651167
  Processing partition 3108000/8877691, columns so far: 7652820
  Processing partition 3109000/8877691, columns so far: 7654560
  Processing partition 3110000/8877691, columns so far: 7657594
  Processing partition 3111000/8877691, columns so far: 7660299
  Processing partition 3112000/8877691, columns so far: 7661823
  Processing partition 3113000/8877691, columns so far: 7663377
  Processing partition 3114000/8877691, columns so far: 7664821
  Processing partition 3115000/8877691, columns so far: 7666351
  Processing partition 3116000/8877691, columns so far: 7667666
  Processing partition 3117000/8877691, columns so far: 7669014
  Processing partition 3118000/8877691, columns so far: 7670642
  Processing partition 3119000/8877691, columns so far: 7673662
  Processing partition 3120000/8877691, columns so far: 7675223
  Processing partition 3121000/8877691, columns so far: 7677164
  Processing partition 3122000/8877691, columns so far: 7678806
  Processing partition 3123000/8877691, columns so far: 7680543
  Processing partition 3124000/8877691, columns so far: 7682097
  Processing partition 3125000/8877691, columns so far: 7683841
  Processing partition 3126000/8877691, columns so far: 7685396
  Processing partition 3127000/8877691, columns so far: 7687068
  Processing partition 3128000/8877691, columns so far: 7688732
  Processing partition 3129000/8877691, columns so far: 7690503
  Processing partition 3130000/8877691, columns so far: 7692772
  Processing partition 3131000/8877691, columns so far: 7694762
  Processing partition 3132000/8877691, columns so far: 7696534
  Processing partition 3133000/8877691, columns so far: 7698294
  Processing partition 3134000/8877691, columns so far: 7700676
  Processing partition 3135000/8877691, columns so far: 7702302
  Processing partition 3136000/8877691, columns so far: 7704086
  Processing partition 3137000/8877691, columns so far: 7706188
  Processing partition 3138000/8877691, columns so far: 7707917
  Processing partition 3139000/8877691, columns so far: 7709472
  Processing partition 3140000/8877691, columns so far: 7711231
  Processing partition 3141000/8877691, columns so far: 7712935
  Processing partition 3142000/8877691, columns so far: 7714596
  Processing partition 3143000/8877691, columns so far: 7716346
  Processing partition 3144000/8877691, columns so far: 7717897
  Processing partition 3145000/8877691, columns so far: 7719629
  Processing partition 3146000/8877691, columns so far: 7721313
  Processing partition 3147000/8877691, columns so far: 7723482
  Processing partition 3148000/8877691, columns so far: 7727256
  Processing partition 3149000/8877691, columns so far: 7728630
  Processing partition 3150000/8877691, columns so far: 7730036
  Processing partition 3151000/8877691, columns so far: 7731473
  Processing partition 3152000/8877691, columns so far: 7732951
  Processing partition 3153000/8877691, columns so far: 7734510
  Processing partition 3154000/8877691, columns so far: 7735884
  Processing partition 3155000/8877691, columns so far: 7737453
  Processing partition 3156000/8877691, columns so far: 7739328
  Processing partition 3157000/8877691, columns so far: 7742136
  Processing partition 3158000/8877691, columns so far: 7743691
  Processing partition 3159000/8877691, columns so far: 7745012
  Processing partition 3160000/8877691, columns so far: 7746356
  Processing partition 3161000/8877691, columns so far: 7747911
  Processing partition 3162000/8877691, columns so far: 7749254
  Processing partition 3163000/8877691, columns so far: 7750793
  Processing partition 3164000/8877691, columns so far: 7752282
  Processing partition 3165000/8877691, columns so far: 7754888
  Processing partition 3166000/8877691, columns so far: 7757168
  Processing partition 3167000/8877691, columns so far: 7759034
  Processing partition 3168000/8877691, columns so far: 7760592
  Processing partition 3169000/8877691, columns so far: 7762150
  Processing partition 3170000/8877691, columns so far: 7763877
  Processing partition 3171000/8877691, columns so far: 7765557
  Processing partition 3172000/8877691, columns so far: 7767439
  Processing partition 3173000/8877691, columns so far: 7768968
  Processing partition 3174000/8877691, columns so far: 7770552
  Processing partition 3175000/8877691, columns so far: 7773408
  Processing partition 3176000/8877691, columns so far: 7777024
  Processing partition 3177000/8877691, columns so far: 7780264
  Processing partition 3178000/8877691, columns so far: 7783310
  Processing partition 3179000/8877691, columns so far: 7786948
  Processing partition 3180000/8877691, columns so far: 7790176
  Processing partition 3181000/8877691, columns so far: 7793790
  Processing partition 3182000/8877691, columns so far: 7797116
  Processing partition 3183000/8877691, columns so far: 7800292
  Processing partition 3184000/8877691, columns so far: 7806508
  Processing partition 3185000/8877691, columns so far: 7810937
  Processing partition 3186000/8877691, columns so far: 7812852
  Processing partition 3187000/8877691, columns so far: 7814344
  Processing partition 3188000/8877691, columns so far: 7815918
  Processing partition 3189000/8877691, columns so far: 7817836
  Processing partition 3190000/8877691, columns so far: 7819372
  Processing partition 3191000/8877691, columns so far: 7821197
  Processing partition 3192000/8877691, columns so far: 7822778
  Processing partition 3193000/8877691, columns so far: 7824333
  Processing partition 3194000/8877691, columns so far: 7827326
  Processing partition 3195000/8877691, columns so far: 7830287
  Processing partition 3196000/8877691, columns so far: 7831841
  Processing partition 3197000/8877691, columns so far: 7833285
  Processing partition 3198000/8877691, columns so far: 7834842
  Processing partition 3199000/8877691, columns so far: 7836155
  Processing partition 3200000/8877691, columns so far: 7837610
  Processing partition 3201000/8877691, columns so far: 7839016
  Processing partition 3202000/8877691, columns so far: 7840351
  Processing partition 3203000/8877691, columns so far: 7843470
  Processing partition 3204000/8877691, columns so far: 7845237
  Processing partition 3205000/8877691, columns so far: 7847159
  Processing partition 3206000/8877691, columns so far: 7848655
  Processing partition 3207000/8877691, columns so far: 7850460
  Processing partition 3208000/8877691, columns so far: 7852090
  Processing partition 3209000/8877691, columns so far: 7853615
  Processing partition 3210000/8877691, columns so far: 7855415
  Processing partition 3211000/8877691, columns so far: 7857089
  Processing partition 3212000/8877691, columns so far: 7858588
  Processing partition 3213000/8877691, columns so far: 7860143
  Processing partition 3214000/8877691, columns so far: 7861921
  Processing partition 3215000/8877691, columns so far: 7863610
  Processing partition 3216000/8877691, columns so far: 7865230
  Processing partition 3217000/8877691, columns so far: 7867022
  Processing partition 3218000/8877691, columns so far: 7868573
  Processing partition 3219000/8877691, columns so far: 7870308
  Processing partition 3220000/8877691, columns so far: 7871983
  Processing partition 3221000/8877691, columns so far: 7874336
  Processing partition 3222000/8877691, columns so far: 7877910
  Processing partition 3223000/8877691, columns so far: 7879492
  Processing partition 3224000/8877691, columns so far: 7881265
  Processing partition 3225000/8877691, columns so far: 7882930
  Processing partition 3226000/8877691, columns so far: 7884579
  Processing partition 3227000/8877691, columns so far: 7886342
  Processing partition 3228000/8877691, columns so far: 7887865
  Processing partition 3229000/8877691, columns so far: 7889649
  Processing partition 3230000/8877691, columns so far: 7891333
  Processing partition 3231000/8877691, columns so far: 7892898
  Processing partition 3232000/8877691, columns so far: 7894524
  Processing partition 3233000/8877691, columns so far: 7896146
  Processing partition 3234000/8877691, columns so far: 7897859
  Processing partition 3235000/8877691, columns so far: 7899359
  Processing partition 3236000/8877691, columns so far: 7901286
  Processing partition 3237000/8877691, columns so far: 7902822
  Processing partition 3238000/8877691, columns so far: 7904352
  Processing partition 3239000/8877691, columns so far: 7906228
  Processing partition 3240000/8877691, columns so far: 7908546
  Processing partition 3241000/8877691, columns so far: 7912155
  Processing partition 3242000/8877691, columns so far: 7913652
  Processing partition 3243000/8877691, columns so far: 7915050
  Processing partition 3244000/8877691, columns so far: 7916375
  Processing partition 3245000/8877691, columns so far: 7917718
  Processing partition 3246000/8877691, columns so far: 7919257
  Processing partition 3247000/8877691, columns so far: 7920746
  Processing partition 3248000/8877691, columns so far: 7922250
  Processing partition 3249000/8877691, columns so far: 7924620
  Processing partition 3250000/8877691, columns so far: 7927142
  Processing partition 3251000/8877691, columns so far: 7929054
  Processing partition 3252000/8877691, columns so far: 7930430
  Processing partition 3253000/8877691, columns so far: 7932103
  Processing partition 3254000/8877691, columns so far: 7933641
  Processing partition 3255000/8877691, columns so far: 7935555
  Processing partition 3256000/8877691, columns so far: 7937080
  Processing partition 3257000/8877691, columns so far: 7938664
  Processing partition 3258000/8877691, columns so far: 7940542
  Processing partition 3259000/8877691, columns so far: 7943120
  Processing partition 3260000/8877691, columns so far: 7946822
  Processing partition 3261000/8877691, columns so far: 7949932
  Processing partition 3262000/8877691, columns so far: 7953042
  Processing partition 3263000/8877691, columns so far: 7956096
  Processing partition 3264000/8877691, columns so far: 7959876
  Processing partition 3265000/8877691, columns so far: 7962986
  Processing partition 3266000/8877691, columns so far: 7966800
  Processing partition 3267000/8877691, columns so far: 7969864
  Processing partition 3268000/8877691, columns so far: 7975644
  Processing partition 3269000/8877691, columns so far: 7980931
  Processing partition 3270000/8877691, columns so far: 7982848
  Processing partition 3271000/8877691, columns so far: 7984364
  Processing partition 3272000/8877691, columns so far: 7985918
  Processing partition 3273000/8877691, columns so far: 7987687
  Processing partition 3274000/8877691, columns so far: 7989330
  Processing partition 3275000/8877691, columns so far: 7990890
  Processing partition 3276000/8877691, columns so far: 7992710
  Processing partition 3277000/8877691, columns so far: 7994300
  Processing partition 3278000/8877691, columns so far: 7997074
  Processing partition 3279000/8877691, columns so far: 8000305
  Processing partition 3280000/8877691, columns so far: 8001805
  Processing partition 3281000/8877691, columns so far: 8003304
  Processing partition 3282000/8877691, columns so far: 8004746
  Processing partition 3283000/8877691, columns so far: 8006146
  Processing partition 3284000/8877691, columns so far: 8007500
  Processing partition 3285000/8877691, columns so far: 8008815
  Processing partition 3286000/8877691, columns so far: 8010375
  Processing partition 3287000/8877691, columns so far: 8013148
  Processing partition 3288000/8877691, columns so far: 8015211
  Processing partition 3289000/8877691, columns so far: 8017119
  Processing partition 3290000/8877691, columns so far: 8018617
  Processing partition 3291000/8877691, columns so far: 8020172
  Processing partition 3292000/8877691, columns so far: 8021905
  Processing partition 3293000/8877691, columns so far: 8023635
  Processing partition 3294000/8877691, columns so far: 8025133
  Processing partition 3295000/8877691, columns so far: 8027047
  Processing partition 3296000/8877691, columns so far: 8028596
  Processing partition 3297000/8877691, columns so far: 8030106
  Processing partition 3298000/8877691, columns so far: 8031947
  Processing partition 3299000/8877691, columns so far: 8033569
  Processing partition 3300000/8877691, columns so far: 8035124
  Processing partition 3301000/8877691, columns so far: 8036824
  Processing partition 3302000/8877691, columns so far: 8038534
  Processing partition 3303000/8877691, columns so far: 8040036
  Processing partition 3304000/8877691, columns so far: 8041978
  Processing partition 3305000/8877691, columns so far: 8043836
  Processing partition 3306000/8877691, columns so far: 8047040
  Processing partition 3307000/8877691, columns so far: 8049292
  Processing partition 3308000/8877691, columns so far: 8050735
  Processing partition 3309000/8877691, columns so far: 8052173
  Processing partition 3310000/8877691, columns so far: 8053622
  Processing partition 3311000/8877691, columns so far: 8055149
  Processing partition 3312000/8877691, columns so far: 8056597
  Processing partition 3313000/8877691, columns so far: 8058183
  Processing partition 3314000/8877691, columns so far: 8059968
  Processing partition 3315000/8877691, columns so far: 8062862
  Processing partition 3316000/8877691, columns so far: 8064412
  Processing partition 3317000/8877691, columns so far: 8066165
  Processing partition 3318000/8877691, columns so far: 8067823
  Processing partition 3319000/8877691, columns so far: 8069379
  Processing partition 3320000/8877691, columns so far: 8071286
  Processing partition 3321000/8877691, columns so far: 8072849
  Processing partition 3322000/8877691, columns so far: 8074340
  Processing partition 3323000/8877691, columns so far: 8076257
  Processing partition 3324000/8877691, columns so far: 8077812
  Processing partition 3325000/8877691, columns so far: 8079616
  Processing partition 3326000/8877691, columns so far: 8081045
  Processing partition 3327000/8877691, columns so far: 8082785
  Processing partition 3328000/8877691, columns so far: 8084273
  Processing partition 3329000/8877691, columns so far: 8086147
  Processing partition 3330000/8877691, columns so far: 8087746
  Processing partition 3331000/8877691, columns so far: 8089306
  Processing partition 3332000/8877691, columns so far: 8091152
  Processing partition 3333000/8877691, columns so far: 8094032
  Processing partition 3334000/8877691, columns so far: 8097166
  Processing partition 3335000/8877691, columns so far: 8098776
  Processing partition 3336000/8877691, columns so far: 8100399
  Processing partition 3337000/8877691, columns so far: 8102107
  Processing partition 3338000/8877691, columns so far: 8103627
  Processing partition 3339000/8877691, columns so far: 8105539
  Processing partition 3340000/8877691, columns so far: 8107095
  Processing partition 3341000/8877691, columns so far: 8108618
  Processing partition 3342000/8877691, columns so far: 8110386
  Processing partition 3343000/8877691, columns so far: 8112804
  Processing partition 3344000/8877691, columns so far: 8116620
  Processing partition 3345000/8877691, columns so far: 8119620
  Processing partition 3346000/8877691, columns so far: 8122740
  Processing partition 3347000/8877691, columns so far: 8125844
  Processing partition 3348000/8877691, columns so far: 8129438
  Processing partition 3349000/8877691, columns so far: 8132762
  Processing partition 3350000/8877691, columns so far: 8135848
  Processing partition 3351000/8877691, columns so far: 8139486
  Processing partition 3352000/8877691, columns so far: 8145820
  Processing partition 3353000/8877691, columns so far: 8150919
  Processing partition 3354000/8877691, columns so far: 8152828
  Processing partition 3355000/8877691, columns so far: 8154354
  Processing partition 3356000/8877691, columns so far: 8155881
  Processing partition 3357000/8877691, columns so far: 8157702
  Processing partition 3358000/8877691, columns so far: 8159261
  Processing partition 3359000/8877691, columns so far: 8160852
  Processing partition 3360000/8877691, columns so far: 8162412
  Processing partition 3361000/8877691, columns so far: 8164259
  Processing partition 3362000/8877691, columns so far: 8166858
  Processing partition 3363000/8877691, columns so far: 8170269
  Processing partition 3364000/8877691, columns so far: 8171790
  Processing partition 3365000/8877691, columns so far: 8173312
  Processing partition 3366000/8877691, columns so far: 8174646
  Processing partition 3367000/8877691, columns so far: 8176075
  Processing partition 3368000/8877691, columns so far: 8177387
  Processing partition 3369000/8877691, columns so far: 8178839
  Processing partition 3370000/8877691, columns so far: 8180389
  Processing partition 3371000/8877691, columns so far: 8182914
  Processing partition 3372000/8877691, columns so far: 8185207
  Processing partition 3373000/8877691, columns so far: 8187110
  Processing partition 3374000/8877691, columns so far: 8188636
  Processing partition 3375000/8877691, columns so far: 8190159
  Processing partition 3376000/8877691, columns so far: 8191925
  Processing partition 3377000/8877691, columns so far: 8193488
  Processing partition 3378000/8877691, columns so far: 8195159
  Processing partition 3379000/8877691, columns so far: 8196709
  Processing partition 3380000/8877691, columns so far: 8198564
  Processing partition 3381000/8877691, columns so far: 8200125
  Processing partition 3382000/8877691, columns so far: 8201965
  Processing partition 3383000/8877691, columns so far: 8203598
  Processing partition 3384000/8877691, columns so far: 8205087
  Processing partition 3385000/8877691, columns so far: 8206625
  Processing partition 3386000/8877691, columns so far: 8208375
  Processing partition 3387000/8877691, columns so far: 8210059
  Processing partition 3388000/8877691, columns so far: 8211740
  Processing partition 3389000/8877691, columns so far: 8213592
  Processing partition 3390000/8877691, columns so far: 8216636
  Processing partition 3391000/8877691, columns so far: 8219325
  Processing partition 3392000/8877691, columns so far: 8220793
  Processing partition 3393000/8877691, columns so far: 8222195
  Processing partition 3394000/8877691, columns so far: 8223609
  Processing partition 3395000/8877691, columns so far: 8225061
  Processing partition 3396000/8877691, columns so far: 8226647
  Processing partition 3397000/8877691, columns so far: 8228040
  Processing partition 3398000/8877691, columns so far: 8229622
  Processing partition 3399000/8877691, columns so far: 8232552
  Processing partition 3400000/8877691, columns so far: 8234195
  Processing partition 3401000/8877691, columns so far: 8235631
  Processing partition 3402000/8877691, columns so far: 8237071
  Processing partition 3403000/8877691, columns so far: 8238388
  Processing partition 3404000/8877691, columns so far: 8239947
  Processing partition 3405000/8877691, columns so far: 8241380
  Processing partition 3406000/8877691, columns so far: 8242945
  Processing partition 3407000/8877691, columns so far: 8244982
  Processing partition 3408000/8877691, columns so far: 8247800
  Processing partition 3409000/8877691, columns so far: 8249378
  Processing partition 3410000/8877691, columns so far: 8251068
  Processing partition 3411000/8877691, columns so far: 8252788
  Processing partition 3412000/8877691, columns so far: 8254303
  Processing partition 3413000/8877691, columns so far: 8256184
  Processing partition 3414000/8877691, columns so far: 8257732
  Processing partition 3415000/8877691, columns so far: 8259270
  Processing partition 3416000/8877691, columns so far: 8261034
  Processing partition 3417000/8877691, columns so far: 8262913
  Processing partition 3418000/8877691, columns so far: 8264808
  Processing partition 3419000/8877691, columns so far: 8266917
  Processing partition 3420000/8877691, columns so far: 8268943
  Processing partition 3421000/8877691, columns so far: 8270707
  Processing partition 3422000/8877691, columns so far: 8272522
  Processing partition 3423000/8877691, columns so far: 8274799
  Processing partition 3424000/8877691, columns so far: 8276705
  Processing partition 3425000/8877691, columns so far: 8278238
  Processing partition 3426000/8877691, columns so far: 8280355
  Processing partition 3427000/8877691, columns so far: 8282898
  Processing partition 3428000/8877691, columns so far: 8286418
  Processing partition 3429000/8877691, columns so far: 8290944
  Processing partition 3430000/8877691, columns so far: 8294960
  Processing partition 3431000/8877691, columns so far: 8298480
  Processing partition 3432000/8877691, columns so far: 8302180
  Processing partition 3433000/8877691, columns so far: 8306684
  Processing partition 3434000/8877691, columns so far: 8310204
  Processing partition 3435000/8877691, columns so far: 8313550
  Processing partition 3436000/8877691, columns so far: 8317782
  Processing partition 3437000/8877691, columns so far: 8321035
  Processing partition 3438000/8877691, columns so far: 8322818
  Processing partition 3439000/8877691, columns so far: 8325302
  Processing partition 3440000/8877691, columns so far: 8326988
  Processing partition 3441000/8877691, columns so far: 8328849
  Processing partition 3442000/8877691, columns so far: 8331092
  Processing partition 3443000/8877691, columns so far: 8333001
  Processing partition 3444000/8877691, columns so far: 8334582
  Processing partition 3445000/8877691, columns so far: 8336407
  Processing partition 3446000/8877691, columns so far: 8338499
  Processing partition 3447000/8877691, columns so far: 8340560
  Processing partition 3448000/8877691, columns so far: 8344082
  Processing partition 3449000/8877691, columns so far: 8348092
  Processing partition 3450000/8877691, columns so far: 8349900
  Processing partition 3451000/8877691, columns so far: 8351664
  Processing partition 3452000/8877691, columns so far: 8353320
  Processing partition 3453000/8877691, columns so far: 8355134
  Processing partition 3454000/8877691, columns so far: 8356693
  Processing partition 3455000/8877691, columns so far: 8358248
  Processing partition 3456000/8877691, columns so far: 8359676
  Processing partition 3457000/8877691, columns so far: 8361344
  Processing partition 3458000/8877691, columns so far: 8364582
  Processing partition 3459000/8877691, columns so far: 8367417
  Processing partition 3460000/8877691, columns so far: 8369163
  Processing partition 3461000/8877691, columns so far: 8371665
  Processing partition 3462000/8877691, columns so far: 8373448
  Processing partition 3463000/8877691, columns so far: 8375194
  Processing partition 3464000/8877691, columns so far: 8377400
  Processing partition 3465000/8877691, columns so far: 8379318
  Processing partition 3466000/8877691, columns so far: 8381200
  Processing partition 3467000/8877691, columns so far: 8382746
  Processing partition 3468000/8877691, columns so far: 8384857
  Processing partition 3469000/8877691, columns so far: 8386704
  Processing partition 3470000/8877691, columns so far: 8388480
  Processing partition 3471000/8877691, columns so far: 8390750
  Processing partition 3472000/8877691, columns so far: 8392732
  Processing partition 3473000/8877691, columns so far: 8394510
  Processing partition 3474000/8877691, columns so far: 8396274
  Processing partition 3475000/8877691, columns so far: 8398657
  Processing partition 3476000/8877691, columns so far: 8400278
  Processing partition 3477000/8877691, columns so far: 8402067
  Processing partition 3478000/8877691, columns so far: 8404162
  Processing partition 3479000/8877691, columns so far: 8406188
  Processing partition 3480000/8877691, columns so far: 8409856
  Processing partition 3481000/8877691, columns so far: 8413596
  Processing partition 3482000/8877691, columns so far: 8415478
  Processing partition 3483000/8877691, columns so far: 8417016
  Processing partition 3484000/8877691, columns so far: 8418590
  Processing partition 3485000/8877691, columns so far: 8420298
  Processing partition 3486000/8877691, columns so far: 8421997
  Processing partition 3487000/8877691, columns so far: 8423889
  Processing partition 3488000/8877691, columns so far: 8425352
  Processing partition 3489000/8877691, columns so far: 8426964
  Processing partition 3490000/8877691, columns so far: 8429704
  Processing partition 3491000/8877691, columns so far: 8432912
  Processing partition 3492000/8877691, columns so far: 8434828
  Processing partition 3493000/8877691, columns so far: 8436210
  Processing partition 3494000/8877691, columns so far: 8437874
  Processing partition 3495000/8877691, columns so far: 8439411
  Processing partition 3496000/8877691, columns so far: 8441323
  Processing partition 3497000/8877691, columns so far: 8442858
  Processing partition 3498000/8877691, columns so far: 8444444
  Processing partition 3499000/8877691, columns so far: 8446317
  Processing partition 3500000/8877691, columns so far: 8448766
  Processing partition 3501000/8877691, columns so far: 8452268
  Processing partition 3502000/8877691, columns so far: 8453934
  Processing partition 3503000/8877691, columns so far: 8455494
  Processing partition 3504000/8877691, columns so far: 8457216
  Processing partition 3505000/8877691, columns so far: 8458731
  Processing partition 3506000/8877691, columns so far: 8460617
  Processing partition 3507000/8877691, columns so far: 8462193
  Processing partition 3508000/8877691, columns so far: 8463726
  Processing partition 3509000/8877691, columns so far: 8465516
  Processing partition 3510000/8877691, columns so far: 8468386
  Processing partition 3511000/8877691, columns so far: 8471609
  Processing partition 3512000/8877691, columns so far: 8473466
  Processing partition 3513000/8877691, columns so far: 8475742
  Processing partition 3514000/8877691, columns so far: 8477640
  Processing partition 3515000/8877691, columns so far: 8479496
  Processing partition 3516000/8877691, columns so far: 8481260
  Processing partition 3517000/8877691, columns so far: 8483615
  Processing partition 3518000/8877691, columns so far: 8485186
  Processing partition 3519000/8877691, columns so far: 8487078
  Processing partition 3520000/8877691, columns so far: 8489110
  Processing partition 3521000/8877691, columns so far: 8491104
  Processing partition 3522000/8877691, columns so far: 8494690
  Processing partition 3523000/8877691, columns so far: 8499568
  Processing partition 3524000/8877691, columns so far: 8503106
  Processing partition 3525000/8877691, columns so far: 8506752
  Processing partition 3526000/8877691, columns so far: 8511328
  Processing partition 3527000/8877691, columns so far: 8515112
  Processing partition 3528000/8877691, columns so far: 8518222
  Processing partition 3529000/8877691, columns so far: 8522006
  Processing partition 3530000/8877691, columns so far: 8526156
  Processing partition 3531000/8877691, columns so far: 8529664
  Processing partition 3532000/8877691, columns so far: 8536952
  Processing partition 3533000/8877691, columns so far: 8545322
  Processing partition 3534000/8877691, columns so far: 8548830
  Processing partition 3535000/8877691, columns so far: 8552554
  Processing partition 3536000/8877691, columns so far: 8555798
  Processing partition 3537000/8877691, columns so far: 8559500
  Processing partition 3538000/8877691, columns so far: 8562612
  Processing partition 3539000/8877691, columns so far: 8565376
  Processing partition 3540000/8877691, columns so far: 8568372
  Processing partition 3541000/8877691, columns so far: 8571916
  Processing partition 3542000/8877691, columns so far: 8577740
  Processing partition 3543000/8877691, columns so far: 8583904
  Processing partition 3544000/8877691, columns so far: 8587482
  Processing partition 3545000/8877691, columns so far: 8592452
  Processing partition 3546000/8877691, columns so far: 8595796
  Processing partition 3547000/8877691, columns so far: 8599544
  Processing partition 3548000/8877691, columns so far: 8604032
  Processing partition 3549000/8877691, columns so far: 8607840
  Processing partition 3550000/8877691, columns so far: 8610992
  Processing partition 3551000/8877691, columns so far: 8614670
  Processing partition 3552000/8877691, columns so far: 8618846
  Processing partition 3553000/8877691, columns so far: 8622392
  Processing partition 3554000/8877691, columns so far: 8626012
  Processing partition 3555000/8877691, columns so far: 8630680
  Processing partition 3556000/8877691, columns so far: 8634448
  Processing partition 3557000/8877691, columns so far: 8638074
  Processing partition 3558000/8877691, columns so far: 8641676
  Processing partition 3559000/8877691, columns so far: 8646434
  Processing partition 3560000/8877691, columns so far: 8649542
  Processing partition 3561000/8877691, columns so far: 8653246
  Processing partition 3562000/8877691, columns so far: 8657434
  Processing partition 3563000/8877691, columns so far: 8661008
  Processing partition 3564000/8877691, columns so far: 8668384
  Processing partition 3565000/8877691, columns so far: 8676364
  Processing partition 3566000/8877691, columns so far: 8680032
  Processing partition 3567000/8877691, columns so far: 8682814
  Processing partition 3568000/8877691, columns so far: 8686398
  Processing partition 3569000/8877691, columns so far: 8689754
  Processing partition 3570000/8877691, columns so far: 8693198
  Processing partition 3571000/8877691, columns so far: 8696592
  Processing partition 3572000/8877691, columns so far: 8699672
  Processing partition 3573000/8877691, columns so far: 8703160
  Processing partition 3574000/8877691, columns so far: 8708060
  Processing partition 3575000/8877691, columns so far: 8715064
  Processing partition 3576000/8877691, columns so far: 8718308
  Processing partition 3577000/8877691, columns so far: 8721562
  Processing partition 3578000/8877691, columns so far: 8724990
  Processing partition 3579000/8877691, columns so far: 8727988
  Processing partition 3580000/8877691, columns so far: 8731832
  Processing partition 3581000/8877691, columns so far: 8734912
  Processing partition 3582000/8877691, columns so far: 8737964
  Processing partition 3583000/8877691, columns so far: 8741726
  Processing partition 3584000/8877691, columns so far: 8746352
  Processing partition 3585000/8877691, columns so far: 8753630
  Processing partition 3586000/8877691, columns so far: 8756744
  Processing partition 3587000/8877691, columns so far: 8760238
  Processing partition 3588000/8877691, columns so far: 8763686
  Processing partition 3589000/8877691, columns so far: 8766686
  Processing partition 3590000/8877691, columns so far: 8770468
  Processing partition 3591000/8877691, columns so far: 8773364
  Processing partition 3592000/8877691, columns so far: 8776610
  Processing partition 3593000/8877691, columns so far: 8780128
  Processing partition 3594000/8877691, columns so far: 8785232
  Processing partition 3595000/8877691, columns so far: 8792366
  Processing partition 3596000/8877691, columns so far: 8796030
  Processing partition 3597000/8877691, columns so far: 8800688
  Processing partition 3598000/8877691, columns so far: 8804428
  Processing partition 3599000/8877691, columns so far: 8808092
  Processing partition 3600000/8877691, columns so far: 8811676
  Processing partition 3601000/8877691, columns so far: 8816454
  Processing partition 3602000/8877691, columns so far: 8819564
  Processing partition 3603000/8877691, columns so far: 8823264
  Processing partition 3604000/8877691, columns so far: 8827452
  Processing partition 3605000/8877691, columns so far: 8830980
  Processing partition 3606000/8877691, columns so far: 8837936
  Processing partition 3607000/8877691, columns so far: 8847364
  Processing partition 3608000/8877691, columns so far: 8854256
  Processing partition 3609000/8877691, columns so far: 8862060
  Processing partition 3610000/8877691, columns so far: 8869340
  Processing partition 3611000/8877691, columns so far: 8877360
  Processing partition 3612000/8877691, columns so far: 8884996
  Processing partition 3613000/8877691, columns so far: 8892648
  Processing partition 3614000/8877691, columns so far: 8900480
  Processing partition 3615000/8877691, columns so far: 8907928
  Processing partition 3616000/8877691, columns so far: 8920656
  Processing partition 3617000/8877691, columns so far: 8938076
  Processing partition 3618000/8877691, columns so far: 8939862
  Processing partition 3619000/8877691, columns so far: 8942367
  Processing partition 3620000/8877691, columns so far: 8944030
  Processing partition 3621000/8877691, columns so far: 8945892
  Processing partition 3622000/8877691, columns so far: 8948154
  Processing partition 3623000/8877691, columns so far: 8950016
  Processing partition 3624000/8877691, columns so far: 8951572
  Processing partition 3625000/8877691, columns so far: 8953478
  Processing partition 3626000/8877691, columns so far: 8955555
  Processing partition 3627000/8877691, columns so far: 8957420
  Processing partition 3628000/8877691, columns so far: 8961072
  Processing partition 3629000/8877691, columns so far: 8965138
  Processing partition 3630000/8877691, columns so far: 8966908
  Processing partition 3631000/8877691, columns so far: 8968734
  Processing partition 3632000/8877691, columns so far: 8970404
  Processing partition 3633000/8877691, columns so far: 8972205
  Processing partition 3634000/8877691, columns so far: 8973765
  Processing partition 3635000/8877691, columns so far: 8975296
  Processing partition 3636000/8877691, columns so far: 8976654
  Processing partition 3637000/8877691, columns so far: 8978430
  Processing partition 3638000/8877691, columns so far: 8981460
  Processing partition 3639000/8877691, columns so far: 8984464
  Processing partition 3640000/8877691, columns so far: 8986223
  Processing partition 3641000/8877691, columns so far: 8988681
  Processing partition 3642000/8877691, columns so far: 8990494
  Processing partition 3643000/8877691, columns so far: 8992254
  Processing partition 3644000/8877691, columns so far: 8994472
  Processing partition 3645000/8877691, columns so far: 8996389
  Processing partition 3646000/8877691, columns so far: 8998084
  Processing partition 3647000/8877691, columns so far: 8999790
  Processing partition 3648000/8877691, columns so far: 9001906
  Processing partition 3649000/8877691, columns so far: 9003672
  Processing partition 3650000/8877691, columns so far: 9005527
  Processing partition 3651000/8877691, columns so far: 9007796
  Processing partition 3652000/8877691, columns so far: 9009702
  Processing partition 3653000/8877691, columns so far: 9011558
  Processing partition 3654000/8877691, columns so far: 9013321
  Processing partition 3655000/8877691, columns so far: 9015694
  Processing partition 3656000/8877691, columns so far: 9017276
  Processing partition 3657000/8877691, columns so far: 9019141
  Processing partition 3658000/8877691, columns so far: 9021198
  Processing partition 3659000/8877691, columns so far: 9023134
  Processing partition 3660000/8877691, columns so far: 9026770
  Processing partition 3661000/8877691, columns so far: 9030662
  Processing partition 3662000/8877691, columns so far: 9032552
  Processing partition 3663000/8877691, columns so far: 9034004
  Processing partition 3664000/8877691, columns so far: 9035636
  Processing partition 3665000/8877691, columns so far: 9037358
  Processing partition 3666000/8877691, columns so far: 9039069
  Processing partition 3667000/8877691, columns so far: 9040972
  Processing partition 3668000/8877691, columns so far: 9042360
  Processing partition 3669000/8877691, columns so far: 9044029
  Processing partition 3670000/8877691, columns so far: 9046638
  Processing partition 3671000/8877691, columns so far: 9049982
  Processing partition 3672000/8877691, columns so far: 9051752
  Processing partition 3673000/8877691, columns so far: 9053216
  Processing partition 3674000/8877691, columns so far: 9054954
  Processing partition 3675000/8877691, columns so far: 9056477
  Processing partition 3676000/8877691, columns so far: 9058407
  Processing partition 3677000/8877691, columns so far: 9059915
  Processing partition 3678000/8877691, columns so far: 9061471
  Processing partition 3679000/8877691, columns so far: 9063360
  Processing partition 3680000/8877691, columns so far: 9065776
  Processing partition 3681000/8877691, columns so far: 9069335
  Processing partition 3682000/8877691, columns so far: 9070928
  Processing partition 3683000/8877691, columns so far: 9072569
  Processing partition 3684000/8877691, columns so far: 9074277
  Processing partition 3685000/8877691, columns so far: 9075797
  Processing partition 3686000/8877691, columns so far: 9077704
  Processing partition 3687000/8877691, columns so far: 9079264
  Processing partition 3688000/8877691, columns so far: 9080787
  Processing partition 3689000/8877691, columns so far: 9082552
  Processing partition 3690000/8877691, columns so far: 9085322
  Processing partition 3691000/8877691, columns so far: 9088670
  Processing partition 3692000/8877691, columns so far: 9090475
  Processing partition 3693000/8877691, columns so far: 9092813
  Processing partition 3694000/8877691, columns so far: 9094701
  Processing partition 3695000/8877691, columns so far: 9096506
  Processing partition 3696000/8877691, columns so far: 9098322
  Processing partition 3697000/8877691, columns so far: 9100686
  Processing partition 3698000/8877691, columns so far: 9102240
  Processing partition 3699000/8877691, columns so far: 9104108
  Processing partition 3700000/8877691, columns so far: 9106188
  Processing partition 3701000/8877691, columns so far: 9107980
  Processing partition 3702000/8877691, columns so far: 9111680
  Processing partition 3703000/8877691, columns so far: 9116548
  Processing partition 3704000/8877691, columns so far: 9120040
  Processing partition 3705000/8877691, columns so far: 9123742
  Processing partition 3706000/8877691, columns so far: 9128288
  Processing partition 3707000/8877691, columns so far: 9132102
  Processing partition 3708000/8877691, columns so far: 9135212
  Processing partition 3709000/8877691, columns so far: 9139024
  Processing partition 3710000/8877691, columns so far: 9143090
  Processing partition 3711000/8877691, columns so far: 9146620
  Processing partition 3712000/8877691, columns so far: 9153552
  Processing partition 3713000/8877691, columns so far: 9161720
  Processing partition 3714000/8877691, columns so far: 9163502
  Processing partition 3715000/8877691, columns so far: 9165960
  Processing partition 3716000/8877691, columns so far: 9167750
  Processing partition 3717000/8877691, columns so far: 9169515
  Processing partition 3718000/8877691, columns so far: 9171750
  Processing partition 3719000/8877691, columns so far: 9173667
  Processing partition 3720000/8877691, columns so far: 9175296
  Processing partition 3721000/8877691, columns so far: 9177073
  Processing partition 3722000/8877691, columns so far: 9179180
  Processing partition 3723000/8877691, columns so far: 9181000
  Processing partition 3724000/8877691, columns so far: 9182792
  Processing partition 3725000/8877691, columns so far: 9184657
  Processing partition 3726000/8877691, columns so far: 9186333
  Processing partition 3727000/8877691, columns so far: 9188185
  Processing partition 3728000/8877691, columns so far: 9189558
  Processing partition 3729000/8877691, columns so far: 9191081
  Processing partition 3730000/8877691, columns so far: 9192636
  Processing partition 3731000/8877691, columns so far: 9194358
  Processing partition 3732000/8877691, columns so far: 9196808
  Processing partition 3733000/8877691, columns so far: 9200264
  Processing partition 3734000/8877691, columns so far: 9202095
  Processing partition 3735000/8877691, columns so far: 9203949
  Processing partition 3736000/8877691, columns so far: 9205650
  Processing partition 3737000/8877691, columns so far: 9207316
  Processing partition 3738000/8877691, columns so far: 9208865
  Processing partition 3739000/8877691, columns so far: 9210417
  Processing partition 3740000/8877691, columns so far: 9211993
  Processing partition 3741000/8877691, columns so far: 9213708
  Processing partition 3742000/8877691, columns so far: 9215337
  Processing partition 3743000/8877691, columns so far: 9217105
  Processing partition 3744000/8877691, columns so far: 9218645
  Processing partition 3745000/8877691, columns so far: 9220585
  Processing partition 3746000/8877691, columns so far: 9222100
  Processing partition 3747000/8877691, columns so far: 9223985
  Processing partition 3748000/8877691, columns so far: 9225346
  Processing partition 3749000/8877691, columns so far: 9226865
  Processing partition 3750000/8877691, columns so far: 9228605
  Processing partition 3751000/8877691, columns so far: 9231054
  Processing partition 3752000/8877691, columns so far: 9234510
  Processing partition 3753000/8877691, columns so far: 9236055
  Processing partition 3754000/8877691, columns so far: 9237432
  Processing partition 3755000/8877691, columns so far: 9238953
  Processing partition 3756000/8877691, columns so far: 9240469
  Processing partition 3757000/8877691, columns so far: 9241822
  Processing partition 3758000/8877691, columns so far: 9243281
  Processing partition 3759000/8877691, columns so far: 9244715
  Processing partition 3760000/8877691, columns so far: 9246826
  Processing partition 3761000/8877691, columns so far: 9249453
  Processing partition 3762000/8877691, columns so far: 9250952
  Processing partition 3763000/8877691, columns so far: 9252507
  Processing partition 3764000/8877691, columns so far: 9253828
  Processing partition 3765000/8877691, columns so far: 9255366
  Processing partition 3766000/8877691, columns so far: 9256703
  Processing partition 3767000/8877691, columns so far: 9258046
  Processing partition 3768000/8877691, columns so far: 9259583
  Processing partition 3769000/8877691, columns so far: 9262022
  Processing partition 3770000/8877691, columns so far: 9264388
  Processing partition 3771000/8877691, columns so far: 9265843
  Processing partition 3772000/8877691, columns so far: 9267402
  Processing partition 3773000/8877691, columns so far: 9268717
  Processing partition 3774000/8877691, columns so far: 9270217
  Processing partition 3775000/8877691, columns so far: 9271583
  Processing partition 3776000/8877691, columns so far: 9272989
  Processing partition 3777000/8877691, columns so far: 9274696
  Processing partition 3778000/8877691, columns so far: 9277748
  Processing partition 3779000/8877691, columns so far: 9279661
  Processing partition 3780000/8877691, columns so far: 9281283
  Processing partition 3781000/8877691, columns so far: 9283194
  Processing partition 3782000/8877691, columns so far: 9284717
  Processing partition 3783000/8877691, columns so far: 9286254
  Processing partition 3784000/8877691, columns so far: 9288003
  Processing partition 3785000/8877691, columns so far: 9289557
  Processing partition 3786000/8877691, columns so far: 9291217
  Processing partition 3787000/8877691, columns so far: 9293312
  Processing partition 3788000/8877691, columns so far: 9296884
  Processing partition 3789000/8877691, columns so far: 9300532
  Processing partition 3790000/8877691, columns so far: 9303898
  Processing partition 3791000/8877691, columns so far: 9307590
  Processing partition 3792000/8877691, columns so far: 9310468
  Processing partition 3793000/8877691, columns so far: 9313354
  Processing partition 3794000/8877691, columns so far: 9316462
  Processing partition 3795000/8877691, columns so far: 9320008
  Processing partition 3796000/8877691, columns so far: 9325056
  Processing partition 3797000/8877691, columns so far: 9331648
  Processing partition 3798000/8877691, columns so far: 9333416
  Processing partition 3799000/8877691, columns so far: 9335320
  Processing partition 3800000/8877691, columns so far: 9336994
  Processing partition 3801000/8877691, columns so far: 9338792
  Processing partition 3802000/8877691, columns so far: 9340182
  Processing partition 3803000/8877691, columns so far: 9341758
  Processing partition 3804000/8877691, columns so far: 9343317
  Processing partition 3805000/8877691, columns so far: 9345031
  Processing partition 3806000/8877691, columns so far: 9347414
  Processing partition 3807000/8877691, columns so far: 9350904
  Processing partition 3808000/8877691, columns so far: 9352769
  Processing partition 3809000/8877691, columns so far: 9354620
  Processing partition 3810000/8877691, columns so far: 9356315
  Processing partition 3811000/8877691, columns so far: 9357930
  Processing partition 3812000/8877691, columns so far: 9359546
  Processing partition 3813000/8877691, columns so far: 9361100
  Processing partition 3814000/8877691, columns so far: 9362683
  Processing partition 3815000/8877691, columns so far: 9364376
  Processing partition 3816000/8877691, columns so far: 9365988
  Processing partition 3817000/8877691, columns so far: 9367758
  Processing partition 3818000/8877691, columns so far: 9370232
  Processing partition 3819000/8877691, columns so far: 9371992
  Processing partition 3820000/8877691, columns so far: 9373784
  Processing partition 3821000/8877691, columns so far: 9376023
  Processing partition 3822000/8877691, columns so far: 9377940
  Processing partition 3823000/8877691, columns so far: 9379546
  Processing partition 3824000/8877691, columns so far: 9381346
  Processing partition 3825000/8877691, columns so far: 9383435
  Processing partition 3826000/8877691, columns so far: 9385217
  Processing partition 3827000/8877691, columns so far: 9386727
  Processing partition 3828000/8877691, columns so far: 9388667
  Processing partition 3829000/8877691, columns so far: 9390360
  Processing partition 3830000/8877691, columns so far: 9392105
  Processing partition 3831000/8877691, columns so far: 9393714
  Processing partition 3832000/8877691, columns so far: 9395354
  Processing partition 3833000/8877691, columns so far: 9396907
  Processing partition 3834000/8877691, columns so far: 9398614
  Processing partition 3835000/8877691, columns so far: 9400734
  Processing partition 3836000/8877691, columns so far: 9404519
  Processing partition 3837000/8877691, columns so far: 9405896
  Processing partition 3838000/8877691, columns so far: 9407417
  Processing partition 3839000/8877691, columns so far: 9408930
  Processing partition 3840000/8877691, columns so far: 9410445
  Processing partition 3841000/8877691, columns so far: 9411853
  Processing partition 3842000/8877691, columns so far: 9413337
  Processing partition 3843000/8877691, columns so far: 9414733
  Processing partition 3844000/8877691, columns so far: 9416624
  Processing partition 3845000/8877691, columns so far: 9419416
  Processing partition 3846000/8877691, columns so far: 9420971
  Processing partition 3847000/8877691, columns so far: 9422292
  Processing partition 3848000/8877691, columns so far: 9423846
  Processing partition 3849000/8877691, columns so far: 9425167
  Processing partition 3850000/8877691, columns so far: 9426738
  Processing partition 3851000/8877691, columns so far: 9428038
  Processing partition 3852000/8877691, columns so far: 9429625
  Processing partition 3853000/8877691, columns so far: 9431870
  Processing partition 3854000/8877691, columns so far: 9434307
  Processing partition 3855000/8877691, columns so far: 9435866
  Processing partition 3856000/8877691, columns so far: 9437247
  Processing partition 3857000/8877691, columns so far: 9438735
  Processing partition 3858000/8877691, columns so far: 9440275
  Processing partition 3859000/8877691, columns so far: 9441605
  Processing partition 3860000/8877691, columns so far: 9442953
  Processing partition 3861000/8877691, columns so far: 9444498
  Processing partition 3862000/8877691, columns so far: 9447500
  Processing partition 3863000/8877691, columns so far: 9449374
  Processing partition 3864000/8877691, columns so far: 9451306
  Processing partition 3865000/8877691, columns so far: 9452921
  Processing partition 3866000/8877691, columns so far: 9454681
  Processing partition 3867000/8877691, columns so far: 9456248
  Processing partition 3868000/8877691, columns so far: 9458033
  Processing partition 3869000/8877691, columns so far: 9459589
  Processing partition 3870000/8877691, columns so far: 9461236
  Processing partition 3871000/8877691, columns so far: 9462896
  Processing partition 3872000/8877691, columns so far: 9466516
  Processing partition 3873000/8877691, columns so far: 9471382
  Processing partition 3874000/8877691, columns so far: 9474928
  Processing partition 3875000/8877691, columns so far: 9478576
  Processing partition 3876000/8877691, columns so far: 9483124
  Processing partition 3877000/8877691, columns so far: 9486938
  Processing partition 3878000/8877691, columns so far: 9490046
  Processing partition 3879000/8877691, columns so far: 9493830
  Processing partition 3880000/8877691, columns so far: 9497980
  Processing partition 3881000/8877691, columns so far: 9501490
  Processing partition 3882000/8877691, columns so far: 9503436
  Processing partition 3883000/8877691, columns so far: 9505850
  Processing partition 3884000/8877691, columns so far: 9507608
  Processing partition 3885000/8877691, columns so far: 9509460
  Processing partition 3886000/8877691, columns so far: 9511743
  Processing partition 3887000/8877691, columns so far: 9513458
  Processing partition 3888000/8877691, columns so far: 9515148
  Processing partition 3889000/8877691, columns so far: 9517070
  Processing partition 3890000/8877691, columns so far: 9519028
  Processing partition 3891000/8877691, columns so far: 9520896
  Processing partition 3892000/8877691, columns so far: 9524296
  Processing partition 3893000/8877691, columns so far: 9528682
  Processing partition 3894000/8877691, columns so far: 9530485
  Processing partition 3895000/8877691, columns so far: 9532314
  Processing partition 3896000/8877691, columns so far: 9533992
  Processing partition 3897000/8877691, columns so far: 9535844
  Processing partition 3898000/8877691, columns so far: 9537260
  Processing partition 3899000/8877691, columns so far: 9538728
  Processing partition 3900000/8877691, columns so far: 9540280
  Processing partition 3901000/8877691, columns so far: 9542032
  Processing partition 3902000/8877691, columns so far: 9544558
  Processing partition 3903000/8877691, columns so far: 9547983
  Processing partition 3904000/8877691, columns so far: 9549750
  Processing partition 3905000/8877691, columns so far: 9552198
  Processing partition 3906000/8877691, columns so far: 9553962
  Processing partition 3907000/8877691, columns so far: 9555777
  Processing partition 3908000/8877691, columns so far: 9558081
  Processing partition 3909000/8877691, columns so far: 9559967
  Processing partition 3910000/8877691, columns so far: 9561518
  Processing partition 3911000/8877691, columns so far: 9563402
  Processing partition 3912000/8877691, columns so far: 9565484
  Processing partition 3913000/8877691, columns so far: 9567248
  Processing partition 3914000/8877691, columns so far: 9569096
  Processing partition 3915000/8877691, columns so far: 9571420
  Processing partition 3916000/8877691, columns so far: 9573246
  Processing partition 3917000/8877691, columns so far: 9575126
  Processing partition 3918000/8877691, columns so far: 9576908
  Processing partition 3919000/8877691, columns so far: 9579116
  Processing partition 3920000/8877691, columns so far: 9580852
  Processing partition 3921000/8877691, columns so far: 9582720
  Processing partition 3922000/8877691, columns so far: 9584732
  Processing partition 3923000/8877691, columns so far: 9586559
  Processing partition 3924000/8877691, columns so far: 9589874
  Processing partition 3925000/8877691, columns so far: 9594277
  Processing partition 3926000/8877691, columns so far: 9595890
  Processing partition 3927000/8877691, columns so far: 9597527
  Processing partition 3928000/8877691, columns so far: 9599239
  Processing partition 3929000/8877691, columns so far: 9600941
  Processing partition 3930000/8877691, columns so far: 9602652
  Processing partition 3931000/8877691, columns so far: 9604226
  Processing partition 3932000/8877691, columns so far: 9605935
  Processing partition 3933000/8877691, columns so far: 9607641
  Processing partition 3934000/8877691, columns so far: 9609914
  Processing partition 3935000/8877691, columns so far: 9613561
  Processing partition 3936000/8877691, columns so far: 9615116
  Processing partition 3937000/8877691, columns so far: 9616862
  Processing partition 3938000/8877691, columns so far: 9618584
  Processing partition 3939000/8877691, columns so far: 9620088
  Processing partition 3940000/8877691, columns so far: 9621995
  Processing partition 3941000/8877691, columns so far: 9623549
  Processing partition 3942000/8877691, columns so far: 9625049
  Processing partition 3943000/8877691, columns so far: 9626962
  Processing partition 3944000/8877691, columns so far: 9629096
  Processing partition 3945000/8877691, columns so far: 9632914
  Processing partition 3946000/8877691, columns so far: 9634436
  Processing partition 3947000/8877691, columns so far: 9636215
  Processing partition 3948000/8877691, columns so far: 9637871
  Processing partition 3949000/8877691, columns so far: 9639411
  Processing partition 3950000/8877691, columns so far: 9641160
  Processing partition 3951000/8877691, columns so far: 9642660
  Processing partition 3952000/8877691, columns so far: 9644398
  Processing partition 3953000/8877691, columns so far: 9646124
  Processing partition 3954000/8877691, columns so far: 9648540
  Processing partition 3955000/8877691, columns so far: 9652060
  Processing partition 3956000/8877691, columns so far: 9654053
  Processing partition 3957000/8877691, columns so far: 9656408
  Processing partition 3958000/8877691, columns so far: 9658126
  Processing partition 3959000/8877691, columns so far: 9660083
  Processing partition 3960000/8877691, columns so far: 9661903
  Processing partition 3961000/8877691, columns so far: 9663898
  Processing partition 3962000/8877691, columns so far: 9665814
  Processing partition 3963000/8877691, columns so far: 9667726
  Processing partition 3964000/8877691, columns so far: 9669689
  Processing partition 3965000/8877691, columns so far: 9671550
  Processing partition 3966000/8877691, columns so far: 9673403
  Processing partition 3967000/8877691, columns so far: 9675720
  Processing partition 3968000/8877691, columns so far: 9677230
  Processing partition 3969000/8877691, columns so far: 9679434
  Processing partition 3970000/8877691, columns so far: 9681170
  Processing partition 3971000/8877691, columns so far: 9683048
  Processing partition 3972000/8877691, columns so far: 9685167
  Processing partition 3973000/8877691, columns so far: 9687075
  Processing partition 3974000/8877691, columns so far: 9689008
  Processing partition 3975000/8877691, columns so far: 9690833
  Processing partition 3976000/8877691, columns so far: 9693856
  Processing partition 3977000/8877691, columns so far: 9698597
  Processing partition 3978000/8877691, columns so far: 9700416
  Processing partition 3979000/8877691, columns so far: 9702094
  Processing partition 3980000/8877691, columns so far: 9703984
  Processing partition 3981000/8877691, columns so far: 9705500
  Processing partition 3982000/8877691, columns so far: 9707010
  Processing partition 3983000/8877691, columns so far: 9708743
  Processing partition 3984000/8877691, columns so far: 9710298
  Processing partition 3985000/8877691, columns so far: 9712038
  Processing partition 3986000/8877691, columns so far: 9714072
  Processing partition 3987000/8877691, columns so far: 9717608
  Processing partition 3988000/8877691, columns so far: 9719454
  Processing partition 3989000/8877691, columns so far: 9721392
  Processing partition 3990000/8877691, columns so far: 9723057
  Processing partition 3991000/8877691, columns so far: 9724803
  Processing partition 3992000/8877691, columns so far: 9726359
  Processing partition 3993000/8877691, columns so far: 9728117
  Processing partition 3994000/8877691, columns so far: 9729670
  Processing partition 3995000/8877691, columns so far: 9731326
  Processing partition 3996000/8877691, columns so far: 9733200
  Processing partition 3997000/8877691, columns so far: 9736914
  Processing partition 3998000/8877691, columns so far: 9739063
  Processing partition 3999000/8877691, columns so far: 9741391
  Processing partition 4000000/8877691, columns so far: 9742970
  Processing partition 4001000/8877691, columns so far: 9745094
  Processing partition 4002000/8877691, columns so far: 9746852
  Processing partition 4003000/8877691, columns so far: 9748768
  Processing partition 4004000/8877691, columns so far: 9750832
  Processing partition 4005000/8877691, columns so far: 9752741
  Processing partition 4006000/8877691, columns so far: 9754680
  Processing partition 4007000/8877691, columns so far: 9756498
  Processing partition 4008000/8877691, columns so far: 9758297
  Processing partition 4009000/8877691, columns so far: 9760710
  Processing partition 4010000/8877691, columns so far: 9762245
  Processing partition 4011000/8877691, columns so far: 9764151
  Processing partition 4012000/8877691, columns so far: 9766184
  Processing partition 4013000/8877691, columns so far: 9767966
  Processing partition 4014000/8877691, columns so far: 9769725
  Processing partition 4015000/8877691, columns so far: 9772064
  Processing partition 4016000/8877691, columns so far: 9773924
  Processing partition 4017000/8877691, columns so far: 9775756
  Processing partition 4018000/8877691, columns so far: 9778640
  Processing partition 4019000/8877691, columns so far: 9783104
  Processing partition 4020000/8877691, columns so far: 9785112
  Processing partition 4021000/8877691, columns so far: 9786905
  Processing partition 4022000/8877691, columns so far: 9788459
  Processing partition 4023000/8877691, columns so far: 9790097
  Processing partition 4024000/8877691, columns so far: 9791639
  Processing partition 4025000/8877691, columns so far: 9793424
  Processing partition 4026000/8877691, columns so far: 9795016
  Processing partition 4027000/8877691, columns so far: 9796972
  Processing partition 4028000/8877691, columns so far: 9798906
  Processing partition 4029000/8877691, columns so far: 9802176
  Processing partition 4030000/8877691, columns so far: 9804427
  Processing partition 4031000/8877691, columns so far: 9806253
  Processing partition 4032000/8877691, columns so far: 9807809
  Processing partition 4033000/8877691, columns so far: 9809399
  Processing partition 4034000/8877691, columns so far: 9810955
  Processing partition 4035000/8877691, columns so far: 9812476
  Processing partition 4036000/8877691, columns so far: 9814361
  Processing partition 4037000/8877691, columns so far: 9816098
  Processing partition 4038000/8877691, columns so far: 9818044
  Processing partition 4039000/8877691, columns so far: 9821580
  Processing partition 4040000/8877691, columns so far: 9823981
  Processing partition 4041000/8877691, columns so far: 9826373
  Processing partition 4042000/8877691, columns so far: 9827900
  Processing partition 4043000/8877691, columns so far: 9829814
  Processing partition 4044000/8877691, columns so far: 9831842
  Processing partition 4045000/8877691, columns so far: 9833632
  Processing partition 4046000/8877691, columns so far: 9835390
  Processing partition 4047000/8877691, columns so far: 9837730
  Processing partition 4048000/8877691, columns so far: 9839662
  Processing partition 4049000/8877691, columns so far: 9841421
  Processing partition 4050000/8877691, columns so far: 9844446
  Processing partition 4051000/8877691, columns so far: 9849200
  Processing partition 4052000/8877691, columns so far: 9852364
  Processing partition 4053000/8877691, columns so far: 9856168
  Processing partition 4054000/8877691, columns so far: 9860208
  Processing partition 4055000/8877691, columns so far: 9863762
  Processing partition 4056000/8877691, columns so far: 9867282
  Processing partition 4057000/8877691, columns so far: 9872038
  Processing partition 4058000/8877691, columns so far: 9875432
  Processing partition 4059000/8877691, columns so far: 9879342
  Processing partition 4060000/8877691, columns so far: 9884960
  Processing partition 4061000/8877691, columns so far: 9892960
  Processing partition 4062000/8877691, columns so far: 9896742
  Processing partition 4063000/8877691, columns so far: 9898554
  Processing partition 4064000/8877691, columns so far: 9900175
  Processing partition 4065000/8877691, columns so far: 9901725
  Processing partition 4066000/8877691, columns so far: 9903586
  Processing partition 4067000/8877691, columns so far: 9905132
  Processing partition 4068000/8877691, columns so far: 9906925
  Processing partition 4069000/8877691, columns so far: 9908588
  Processing partition 4070000/8877691, columns so far: 9910312
  Processing partition 4071000/8877691, columns so far: 9913420
  Processing partition 4072000/8877691, columns so far: 9916052
  Processing partition 4073000/8877691, columns so far: 9917472
  Processing partition 4074000/8877691, columns so far: 9919052
  Processing partition 4075000/8877691, columns so far: 9920491
  Processing partition 4076000/8877691, columns so far: 9921894
  Processing partition 4077000/8877691, columns so far: 9923446
  Processing partition 4078000/8877691, columns so far: 9924800
  Processing partition 4079000/8877691, columns so far: 9926384
  Processing partition 4080000/8877691, columns so far: 9929457
  Processing partition 4081000/8877691, columns so far: 9930850
  Processing partition 4082000/8877691, columns so far: 9932353
  Processing partition 4083000/8877691, columns so far: 9933867
  Processing partition 4084000/8877691, columns so far: 9935381
  Processing partition 4085000/8877691, columns so far: 9936794
  Processing partition 4086000/8877691, columns so far: 9938272
  Processing partition 4087000/8877691, columns so far: 9939670
  Processing partition 4088000/8877691, columns so far: 9941810
  Processing partition 4089000/8877691, columns so far: 9944419
  Processing partition 4090000/8877691, columns so far: 9946100
  Processing partition 4091000/8877691, columns so far: 9947656
  Processing partition 4092000/8877691, columns so far: 9949379
  Processing partition 4093000/8877691, columns so far: 9951090
  Processing partition 4094000/8877691, columns so far: 9952842
  Processing partition 4095000/8877691, columns so far: 9954444
  Processing partition 4096000/8877691, columns so far: 9956072
  Processing partition 4097000/8877691, columns so far: 9957786
  Processing partition 4098000/8877691, columns so far: 9959516
  Processing partition 4099000/8877691, columns so far: 9961578
  Processing partition 4100000/8877691, columns so far: 9963467
  Processing partition 4101000/8877691, columns so far: 9965390
  Processing partition 4102000/8877691, columns so far: 9967308
  Processing partition 4103000/8877691, columns so far: 9969164
  Processing partition 4104000/8877691, columns so far: 9970928
  Processing partition 4105000/8877691, columns so far: 9973284
  Processing partition 4106000/8877691, columns so far: 9974868
  Processing partition 4107000/8877691, columns so far: 9976959
  Processing partition 4108000/8877691, columns so far: 9978663
  Processing partition 4109000/8877691, columns so far: 9980570
  Processing partition 4110000/8877691, columns so far: 9981972
  Processing partition 4111000/8877691, columns so far: 9983460
  Processing partition 4112000/8877691, columns so far: 9985183
  Processing partition 4113000/8877691, columns so far: 9986859
  Processing partition 4114000/8877691, columns so far: 9988652
  Processing partition 4115000/8877691, columns so far: 9990284
  Processing partition 4116000/8877691, columns so far: 9992026
  Processing partition 4117000/8877691, columns so far: 9994570
  Processing partition 4118000/8877691, columns so far: 9997918
  Processing partition 4119000/8877691, columns so far: 9999470
  Processing partition 4120000/8877691, columns so far: 10000782
  Processing partition 4121000/8877691, columns so far: 10002136
  Processing partition 4122000/8877691, columns so far: 10003522
  Processing partition 4123000/8877691, columns so far: 10005018
  Processing partition 4124000/8877691, columns so far: 10006543
  Processing partition 4125000/8877691, columns so far: 10008053
  Processing partition 4126000/8877691, columns so far: 10010654
  Processing partition 4127000/8877691, columns so far: 10012912
  Processing partition 4128000/8877691, columns so far: 10014814
  Processing partition 4129000/8877691, columns so far: 10016370
  Processing partition 4130000/8877691, columns so far: 10017790
  Processing partition 4131000/8877691, columns so far: 10019429
  Processing partition 4132000/8877691, columns so far: 10021193
  Processing partition 4133000/8877691, columns so far: 10022880
  Processing partition 4134000/8877691, columns so far: 10024810
  Processing partition 4135000/8877691, columns so far: 10026336
  Processing partition 4136000/8877691, columns so far: 10029144
  Processing partition 4137000/8877691, columns so far: 10032804
  Processing partition 4138000/8877691, columns so far: 10035908
  Processing partition 4139000/8877691, columns so far: 10039088
  Processing partition 4140000/8877691, columns so far: 10042196
  Processing partition 4141000/8877691, columns so far: 10045716
  Processing partition 4142000/8877691, columns so far: 10049008
  Processing partition 4143000/8877691, columns so far: 10052932
  Processing partition 4144000/8877691, columns so far: 10056192
  Processing partition 4145000/8877691, columns so far: 10062344
  Processing partition 4146000/8877691, columns so far: 10066720
  Processing partition 4147000/8877691, columns so far: 10068573
  Processing partition 4148000/8877691, columns so far: 10070170
  Processing partition 4149000/8877691, columns so far: 10071693
  Processing partition 4150000/8877691, columns so far: 10073244
  Processing partition 4151000/8877691, columns so far: 10075127
  Processing partition 4152000/8877691, columns so far: 10076654
  Processing partition 4153000/8877691, columns so far: 10078562
  Processing partition 4154000/8877691, columns so far: 10080122
  Processing partition 4155000/8877691, columns so far: 10083220
  Processing partition 4156000/8877691, columns so far: 10086070
  Processing partition 4157000/8877691, columns so far: 10087488
  Processing partition 4158000/8877691, columns so far: 10089068
  Processing partition 4159000/8877691, columns so far: 10090358
  Processing partition 4160000/8877691, columns so far: 10091948
  Processing partition 4161000/8877691, columns so far: 10093264
  Processing partition 4162000/8877691, columns so far: 10094820
  Processing partition 4163000/8877691, columns so far: 10096192
  Processing partition 4164000/8877691, columns so far: 10098964
  Processing partition 4165000/8877691, columns so far: 10100817
  Processing partition 4166000/8877691, columns so far: 10102372
  Processing partition 4167000/8877691, columns so far: 10103845
  Processing partition 4168000/8877691, columns so far: 10105258
  Processing partition 4169000/8877691, columns so far: 10106818
  Processing partition 4170000/8877691, columns so far: 10108134
  Processing partition 4171000/8877691, columns so far: 10109702
  Processing partition 4172000/8877691, columns so far: 10111574
  Processing partition 4173000/8877691, columns so far: 10114371
  Processing partition 4174000/8877691, columns so far: 10115931
  Processing partition 4175000/8877691, columns so far: 10117674
  Processing partition 4176000/8877691, columns so far: 10119400
  Processing partition 4177000/8877691, columns so far: 10120898
  Processing partition 4178000/8877691, columns so far: 10122806
  Processing partition 4179000/8877691, columns so far: 10124360
  Processing partition 4180000/8877691, columns so far: 10125862
  Processing partition 4181000/8877691, columns so far: 10127773
  Processing partition 4182000/8877691, columns so far: 10129333
  Processing partition 4183000/8877691, columns so far: 10131240
  Processing partition 4184000/8877691, columns so far: 10132600
  Processing partition 4185000/8877691, columns so far: 10134142
  Processing partition 4186000/8877691, columns so far: 10135832
  Processing partition 4187000/8877691, columns so far: 10137530
  Processing partition 4188000/8877691, columns so far: 10139268
  Processing partition 4189000/8877691, columns so far: 10140852
  Processing partition 4190000/8877691, columns so far: 10142695
  Processing partition 4191000/8877691, columns so far: 10145540
  Processing partition 4192000/8877691, columns so far: 10148672
  Processing partition 4193000/8877691, columns so far: 10150344
  Processing partition 4194000/8877691, columns so far: 10151928
  Processing partition 4195000/8877691, columns so far: 10153480
  Processing partition 4196000/8877691, columns so far: 10155152
  Processing partition 4197000/8877691, columns so far: 10156823
  Processing partition 4198000/8877691, columns so far: 10158612
  Processing partition 4199000/8877691, columns so far: 10160138
  Processing partition 4200000/8877691, columns so far: 10162021
  Processing partition 4201000/8877691, columns so far: 10163582
  Processing partition 4202000/8877691, columns so far: 10165494
  Processing partition 4203000/8877691, columns so far: 10167050
  Processing partition 4204000/8877691, columns so far: 10168394
  Processing partition 4205000/8877691, columns so far: 10170104
  Processing partition 4206000/8877691, columns so far: 10171602
  Processing partition 4207000/8877691, columns so far: 10173551
  Processing partition 4208000/8877691, columns so far: 10175110
  Processing partition 4209000/8877691, columns so far: 10176983
  Processing partition 4210000/8877691, columns so far: 10180168
  Processing partition 4211000/8877691, columns so far: 10182936
  Processing partition 4212000/8877691, columns so far: 10184844
  Processing partition 4213000/8877691, columns so far: 10186228
  Processing partition 4214000/8877691, columns so far: 10187719
  Processing partition 4215000/8877691, columns so far: 10189402
  Processing partition 4216000/8877691, columns so far: 10190951
  Processing partition 4217000/8877691, columns so far: 10192912
  Processing partition 4218000/8877691, columns so far: 10194448
  Processing partition 4219000/8877691, columns so far: 10196190
  Processing partition 4220000/8877691, columns so far: 10198820
  Processing partition 4221000/8877691, columns so far: 10202596
  Processing partition 4222000/8877691, columns so far: 10205728
  Processing partition 4223000/8877691, columns so far: 10208876
  Processing partition 4224000/8877691, columns so far: 10211930
  Processing partition 4225000/8877691, columns so far: 10214928
  Processing partition 4226000/8877691, columns so far: 10218778
  Processing partition 4227000/8877691, columns so far: 10222172
  Processing partition 4228000/8877691, columns so far: 10225700
  Processing partition 4229000/8877691, columns so far: 10232560
  Processing partition 4230000/8877691, columns so far: 10236696
  Processing partition 4231000/8877691, columns so far: 10238597
  Processing partition 4232000/8877691, columns so far: 10240157
  Processing partition 4233000/8877691, columns so far: 10241680
  Processing partition 4234000/8877691, columns so far: 10243205
  Processing partition 4235000/8877691, columns so far: 10244998
  Processing partition 4236000/8877691, columns so far: 10246648
  Processing partition 4237000/8877691, columns so far: 10248234
  Processing partition 4238000/8877691, columns so far: 10250094
  Processing partition 4239000/8877691, columns so far: 10252908
  Processing partition 4240000/8877691, columns so far: 10256032
  Processing partition 4241000/8877691, columns so far: 10257532
  Processing partition 4242000/8877691, columns so far: 10259091
  Processing partition 4243000/8877691, columns so far: 10260408
  Processing partition 4244000/8877691, columns so far: 10261968
  Processing partition 4245000/8877691, columns so far: 10263284
  Processing partition 4246000/8877691, columns so far: 10264609
  Processing partition 4247000/8877691, columns so far: 10266165
  Processing partition 4248000/8877691, columns so far: 10268640
  Processing partition 4249000/8877691, columns so far: 10270836
  Processing partition 4250000/8877691, columns so far: 10272420
  Processing partition 4251000/8877691, columns so far: 10273824
  Processing partition 4252000/8877691, columns so far: 10275272
  Processing partition 4253000/8877691, columns so far: 10276794
  Processing partition 4254000/8877691, columns so far: 10278166
  Processing partition 4255000/8877691, columns so far: 10279571
  Processing partition 4256000/8877691, columns so far: 10281238
  Processing partition 4257000/8877691, columns so far: 10284358
  Processing partition 4258000/8877691, columns so far: 10285898
  Processing partition 4259000/8877691, columns so far: 10287714
  Processing partition 4260000/8877691, columns so far: 10289362
  Processing partition 4261000/8877691, columns so far: 10290904
  Processing partition 4262000/8877691, columns so far: 10292592
  Processing partition 4263000/8877691, columns so far: 10294142
  Processing partition 4264000/8877691, columns so far: 10295866
  Processing partition 4265000/8877691, columns so far: 10297598
  Processing partition 4266000/8877691, columns so far: 10299352
  Processing partition 4267000/8877691, columns so far: 10300948
  Processing partition 4268000/8877691, columns so far: 10302586
  Processing partition 4269000/8877691, columns so far: 10304164
  Processing partition 4270000/8877691, columns so far: 10305818
  Processing partition 4271000/8877691, columns so far: 10307378
  Processing partition 4272000/8877691, columns so far: 10309285
  Processing partition 4273000/8877691, columns so far: 10310807
  Processing partition 4274000/8877691, columns so far: 10312577
  Processing partition 4275000/8877691, columns so far: 10314942
  Processing partition 4276000/8877691, columns so far: 10318618
  Processing partition 4277000/8877691, columns so far: 10320092
  Processing partition 4278000/8877691, columns so far: 10321464
  Processing partition 4279000/8877691, columns so far: 10322832
  Processing partition 4280000/8877691, columns so far: 10324156
  Processing partition 4281000/8877691, columns so far: 10325678
  Processing partition 4282000/8877691, columns so far: 10327178
  Processing partition 4283000/8877691, columns so far: 10328709
  Processing partition 4284000/8877691, columns so far: 10331016
  Processing partition 4285000/8877691, columns so far: 10333596
  Processing partition 4286000/8877691, columns so far: 10335514
  Processing partition 4287000/8877691, columns so far: 10336858
  Processing partition 4288000/8877691, columns so far: 10338395
  Processing partition 4289000/8877691, columns so far: 10340066
  Processing partition 4290000/8877691, columns so far: 10341600
  Processing partition 4291000/8877691, columns so far: 10343535
  Processing partition 4292000/8877691, columns so far: 10345096
  Processing partition 4293000/8877691, columns so far: 10346854
  Processing partition 4294000/8877691, columns so far: 10348728
  Processing partition 4295000/8877691, columns so far: 10351130
  Processing partition 4296000/8877691, columns so far: 10352686
  Processing partition 4297000/8877691, columns so far: 10354598
  Processing partition 4298000/8877691, columns so far: 10356622
  Processing partition 4299000/8877691, columns so far: 10358385
  Processing partition 4300000/8877691, columns so far: 10360149
  Processing partition 4301000/8877691, columns so far: 10362522
  Processing partition 4302000/8877691, columns so far: 10364228
  Processing partition 4303000/8877691, columns so far: 10366180
  Processing partition 4304000/8877691, columns so far: 10369038
  Processing partition 4305000/8877691, columns so far: 10373076
  Processing partition 4306000/8877691, columns so far: 10376958
  Processing partition 4307000/8877691, columns so far: 10380802
  Processing partition 4308000/8877691, columns so far: 10384616
  Processing partition 4309000/8877691, columns so far: 10388324
  Processing partition 4310000/8877691, columns so far: 10391868
  Processing partition 4311000/8877691, columns so far: 10396574
  Processing partition 4312000/8877691, columns so far: 10399696
  Processing partition 4313000/8877691, columns so far: 10403928
  Processing partition 4314000/8877691, columns so far: 10406874
  Processing partition 4315000/8877691, columns so far: 10408720
  Processing partition 4316000/8877691, columns so far: 10410858
  Processing partition 4317000/8877691, columns so far: 10412904
  Processing partition 4318000/8877691, columns so far: 10414656
  Processing partition 4319000/8877691, columns so far: 10416492
  Processing partition 4320000/8877691, columns so far: 10418766
  Processing partition 4321000/8877691, columns so far: 10420682
  Processing partition 4322000/8877691, columns so far: 10422205
  Processing partition 4323000/8877691, columns so far: 10424321
  Processing partition 4324000/8877691, columns so far: 10426806
  Processing partition 4325000/8877691, columns so far: 10430332
  Processing partition 4326000/8877691, columns so far: 10433904
  Processing partition 4327000/8877691, columns so far: 10435668
  Processing partition 4328000/8877691, columns so far: 10437436
  Processing partition 4329000/8877691, columns so far: 10439082
  Processing partition 4330000/8877691, columns so far: 10440607
  Processing partition 4331000/8877691, columns so far: 10442448
  Processing partition 4332000/8877691, columns so far: 10444001
  Processing partition 4333000/8877691, columns so far: 10445602
  Processing partition 4334000/8877691, columns so far: 10447135
  Processing partition 4335000/8877691, columns so far: 10450096
  Processing partition 4336000/8877691, columns so far: 10453083
  Processing partition 4337000/8877691, columns so far: 10454989
  Processing partition 4338000/8877691, columns so far: 10456506
  Processing partition 4339000/8877691, columns so far: 10458333
  Processing partition 4340000/8877691, columns so far: 10459956
  Processing partition 4341000/8877691, columns so far: 10461782
  Processing partition 4342000/8877691, columns so far: 10463337
  Processing partition 4343000/8877691, columns so far: 10464894
  Processing partition 4344000/8877691, columns so far: 10466468
  Processing partition 4345000/8877691, columns so far: 10469810
  Processing partition 4346000/8877691, columns so far: 10472545
  Processing partition 4347000/8877691, columns so far: 10474440
  Processing partition 4348000/8877691, columns so far: 10476549
  Processing partition 4349000/8877691, columns so far: 10478575
  Processing partition 4350000/8877691, columns so far: 10480339
  Processing partition 4351000/8877691, columns so far: 10482154
  Processing partition 4352000/8877691, columns so far: 10484431
  Processing partition 4353000/8877691, columns so far: 10486337
  Processing partition 4354000/8877691, columns so far: 10487870
  Processing partition 4355000/8877691, columns so far: 10489987
  Processing partition 4356000/8877691, columns so far: 10491843
  Processing partition 4357000/8877691, columns so far: 10493625
  Processing partition 4358000/8877691, columns so far: 10495842
  Processing partition 4359000/8877691, columns so far: 10497758
  Processing partition 4360000/8877691, columns so far: 10499600
  Processing partition 4361000/8877691, columns so far: 10501506
  Processing partition 4362000/8877691, columns so far: 10503243
  Processing partition 4363000/8877691, columns so far: 10505444
  Processing partition 4364000/8877691, columns so far: 10507190
  Processing partition 4365000/8877691, columns so far: 10509274
  Processing partition 4366000/8877691, columns so far: 10511456
  Processing partition 4367000/8877691, columns so far: 10515176
  Processing partition 4368000/8877691, columns so far: 10518686
  Processing partition 4369000/8877691, columns so far: 10520584
  Processing partition 4370000/8877691, columns so far: 10522139
  Processing partition 4371000/8877691, columns so far: 10523576
  Processing partition 4372000/8877691, columns so far: 10525202
  Processing partition 4373000/8877691, columns so far: 10526963
  Processing partition 4374000/8877691, columns so far: 10528656
  Processing partition 4375000/8877691, columns so far: 10530582
  Processing partition 4376000/8877691, columns so far: 10532105
  Processing partition 4377000/8877691, columns so far: 10534856
  Processing partition 4378000/8877691, columns so far: 10538024
  Processing partition 4379000/8877691, columns so far: 10539942
  Processing partition 4380000/8877691, columns so far: 10541378
  Processing partition 4381000/8877691, columns so far: 10542818
  Processing partition 4382000/8877691, columns so far: 10544551
  Processing partition 4383000/8877691, columns so far: 10546050
  Processing partition 4384000/8877691, columns so far: 10548010
  Processing partition 4385000/8877691, columns so far: 10549552
  Processing partition 4386000/8877691, columns so far: 10551316
  Processing partition 4387000/8877691, columns so far: 10554526
  Processing partition 4388000/8877691, columns so far: 10557499
  Processing partition 4389000/8877691, columns so far: 10559290
  Processing partition 4390000/8877691, columns so far: 10561498
  Processing partition 4391000/8877691, columns so far: 10563415
  Processing partition 4392000/8877691, columns so far: 10565316
  Processing partition 4393000/8877691, columns so far: 10567171
  Processing partition 4394000/8877691, columns so far: 10568910
  Processing partition 4395000/8877691, columns so far: 10571328
  Processing partition 4396000/8877691, columns so far: 10572868
  Processing partition 4397000/8877691, columns so far: 10574940
  Processing partition 4398000/8877691, columns so far: 10577344
  Processing partition 4399000/8877691, columns so far: 10580896
  Processing partition 4400000/8877691, columns so far: 10585436
  Processing partition 4401000/8877691, columns so far: 10589400
  Processing partition 4402000/8877691, columns so far: 10592956
  Processing partition 4403000/8877691, columns so far: 10596484
  Processing partition 4404000/8877691, columns so far: 10601250
  Processing partition 4405000/8877691, columns so far: 10604492
  Processing partition 4406000/8877691, columns so far: 10608070
  Processing partition 4407000/8877691, columns so far: 10612260
  Processing partition 4408000/8877691, columns so far: 10616316
  Processing partition 4409000/8877691, columns so far: 10623648
  Processing partition 4410000/8877691, columns so far: 10631424
  Processing partition 4411000/8877691, columns so far: 10634988
  Processing partition 4412000/8877691, columns so far: 10638008
  Processing partition 4413000/8877691, columns so far: 10641886
  Processing partition 4414000/8877691, columns so far: 10644942
  Processing partition 4415000/8877691, columns so far: 10648614
  Processing partition 4416000/8877691, columns so far: 10651744
  Processing partition 4417000/8877691, columns so far: 10654684
  Processing partition 4418000/8877691, columns so far: 10657936
  Processing partition 4419000/8877691, columns so far: 10663476
  Processing partition 4420000/8877691, columns so far: 10669882
  Processing partition 4421000/8877691, columns so far: 10673620
  Processing partition 4422000/8877691, columns so far: 10676712
  Processing partition 4423000/8877691, columns so far: 10680276
  Processing partition 4424000/8877691, columns so far: 10683576
  Processing partition 4425000/8877691, columns so far: 10687286
  Processing partition 4426000/8877691, columns so far: 10690264
  Processing partition 4427000/8877691, columns so far: 10693092
  Processing partition 4428000/8877691, columns so far: 10696682
  Processing partition 4429000/8877691, columns so far: 10702432
  Processing partition 4430000/8877691, columns so far: 10708728
  Processing partition 4431000/8877691, columns so far: 10712236
  Processing partition 4432000/8877691, columns so far: 10716816
  Processing partition 4433000/8877691, columns so far: 10720788
  Processing partition 4434000/8877691, columns so far: 10724296
  Processing partition 4435000/8877691, columns so far: 10727872
  Processing partition 4436000/8877691, columns so far: 10732560
  Processing partition 4437000/8877691, columns so far: 10735908
  Processing partition 4438000/8877691, columns so far: 10739394
  Processing partition 4439000/8877691, columns so far: 10743634
  Processing partition 4440000/8877691, columns so far: 10747154
  Processing partition 4441000/8877691, columns so far: 10750868
  Processing partition 4442000/8877691, columns so far: 10755420
  Processing partition 4443000/8877691, columns so far: 10759104
  Processing partition 4444000/8877691, columns so far: 10762272
  Processing partition 4445000/8877691, columns so far: 10766456
  Processing partition 4446000/8877691, columns so far: 10770094
  Processing partition 4447000/8877691, columns so far: 10773944
  Processing partition 4448000/8877691, columns so far: 10778024
  Processing partition 4449000/8877691, columns so far: 10782156
  Processing partition 4450000/8877691, columns so far: 10786008
  Processing partition 4451000/8877691, columns so far: 10792992
  Processing partition 4452000/8877691, columns so far: 10801092
  Processing partition 4453000/8877691, columns so far: 10804908
  Processing partition 4454000/8877691, columns so far: 10807704
  Processing partition 4455000/8877691, columns so far: 10810688
  Processing partition 4456000/8877691, columns so far: 10814134
  Processing partition 4457000/8877691, columns so far: 10817486
  Processing partition 4458000/8877691, columns so far: 10821068
  Processing partition 4459000/8877691, columns so far: 10824324
  Processing partition 4460000/8877691, columns so far: 10827816
  Processing partition 4461000/8877691, columns so far: 10832896
  Processing partition 4462000/8877691, columns so far: 10839740
  Processing partition 4463000/8877691, columns so far: 10843220
  Processing partition 4464000/8877691, columns so far: 10846244
  Processing partition 4465000/8877691, columns so far: 10849364
  Processing partition 4466000/8877691, columns so far: 10852708
  Processing partition 4467000/8877691, columns so far: 10855788
  Processing partition 4468000/8877691, columns so far: 10859636
  Processing partition 4469000/8877691, columns so far: 10862720
  Processing partition 4470000/8877691, columns so far: 10866284
  Processing partition 4471000/8877691, columns so far: 10872012
  Processing partition 4472000/8877691, columns so far: 10878486
  Processing partition 4473000/8877691, columns so far: 10882234
  Processing partition 4474000/8877691, columns so far: 10886734
  Processing partition 4475000/8877691, columns so far: 10890536
  Processing partition 4476000/8877691, columns so far: 10893776
  Processing partition 4477000/8877691, columns so far: 10897780
  Processing partition 4478000/8877691, columns so far: 10901496
  Processing partition 4479000/8877691, columns so far: 10905376
  Processing partition 4480000/8877691, columns so far: 10909354
  Processing partition 4481000/8877691, columns so far: 10913544
  Processing partition 4482000/8877691, columns so far: 10917440
  Processing partition 4483000/8877691, columns so far: 10924724
  Processing partition 4484000/8877691, columns so far: 10934064
  Processing partition 4485000/8877691, columns so far: 10941468
  Processing partition 4486000/8877691, columns so far: 10947684
  Processing partition 4487000/8877691, columns so far: 10956056
  Processing partition 4488000/8877691, columns so far: 10963448
  Processing partition 4489000/8877691, columns so far: 10970580
  Processing partition 4490000/8877691, columns so far: 10979196
  Processing partition 4491000/8877691, columns so far: 10987572
  Processing partition 4492000/8877691, columns so far: 10994700
  Processing partition 4493000/8877691, columns so far: 11008736
  Processing partition 4494000/8877691, columns so far: 11023928
  Processing partition 4495000/8877691, columns so far: 11025686
  Processing partition 4496000/8877691, columns so far: 11027944
  Processing partition 4497000/8877691, columns so far: 11029958
  Processing partition 4498000/8877691, columns so far: 11031717
  Processing partition 4499000/8877691, columns so far: 11033568
  Processing partition 4500000/8877691, columns so far: 11035811
  Processing partition 4501000/8877691, columns so far: 11037664
  Processing partition 4502000/8877691, columns so far: 11039252
  Processing partition 4503000/8877691, columns so far: 11041386
  Processing partition 4504000/8877691, columns so far: 11043672
  Processing partition 4505000/8877691, columns so far: 11047278
  Processing partition 4506000/8877691, columns so far: 11050969
  Processing partition 4507000/8877691, columns so far: 11052729
  Processing partition 4508000/8877691, columns so far: 11054380
  Processing partition 4509000/8877691, columns so far: 11056168
  Processing partition 4510000/8877691, columns so far: 11057678
  Processing partition 4511000/8877691, columns so far: 11059524
  Processing partition 4512000/8877691, columns so far: 11061084
  Processing partition 4513000/8877691, columns so far: 11062648
  Processing partition 4514000/8877691, columns so far: 11064205
  Processing partition 4515000/8877691, columns so far: 11067116
  Processing partition 4516000/8877691, columns so far: 11070158
  Processing partition 4517000/8877691, columns so far: 11072044
  Processing partition 4518000/8877691, columns so far: 11073564
  Processing partition 4519000/8877691, columns so far: 11075405
  Processing partition 4520000/8877691, columns so far: 11077027
  Processing partition 4521000/8877691, columns so far: 11078868
  Processing partition 4522000/8877691, columns so far: 11080420
  Processing partition 4523000/8877691, columns so far: 11081874
  Processing partition 4524000/8877691, columns so far: 11083527
  Processing partition 4525000/8877691, columns so far: 11086788
  Processing partition 4526000/8877691, columns so far: 11089601
  Processing partition 4527000/8877691, columns so far: 11091404
  Processing partition 4528000/8877691, columns so far: 11093598
  Processing partition 4529000/8877691, columns so far: 11095632
  Processing partition 4530000/8877691, columns so far: 11097383
  Processing partition 4531000/8877691, columns so far: 11099229
  Processing partition 4532000/8877691, columns so far: 11101500
  Processing partition 4533000/8877691, columns so far: 11103408
  Processing partition 4534000/8877691, columns so far: 11104931
  Processing partition 4535000/8877691, columns so far: 11107048
  Processing partition 4536000/8877691, columns so far: 11108909
  Processing partition 4537000/8877691, columns so far: 11110672
  Processing partition 4538000/8877691, columns so far: 11112913
  Processing partition 4539000/8877691, columns so far: 11114829
  Processing partition 4540000/8877691, columns so far: 11116536
  Processing partition 4541000/8877691, columns so far: 11118470
  Processing partition 4542000/8877691, columns so far: 11120314
  Processing partition 4543000/8877691, columns so far: 11122344
  Processing partition 4544000/8877691, columns so far: 11124238
  Processing partition 4545000/8877691, columns so far: 11126345
  Processing partition 4546000/8877691, columns so far: 11128374
  Processing partition 4547000/8877691, columns so far: 11132122
  Processing partition 4548000/8877691, columns so far: 11135757
  Processing partition 4549000/8877691, columns so far: 11137664
  Processing partition 4550000/8877691, columns so far: 11139220
  Processing partition 4551000/8877691, columns so far: 11140558
  Processing partition 4552000/8877691, columns so far: 11142273
  Processing partition 4553000/8877691, columns so far: 11144011
  Processing partition 4554000/8877691, columns so far: 11145721
  Processing partition 4555000/8877691, columns so far: 11147532
  Processing partition 4556000/8877691, columns so far: 11149153
  Processing partition 4557000/8877691, columns so far: 11151846
  Processing partition 4558000/8877691, columns so far: 11155100
  Processing partition 4559000/8877691, columns so far: 11157013
  Processing partition 4560000/8877691, columns so far: 11158394
  Processing partition 4561000/8877691, columns so far: 11159889
  Processing partition 4562000/8877691, columns so far: 11161567
  Processing partition 4563000/8877691, columns so far: 11163121
  Processing partition 4564000/8877691, columns so far: 11165068
  Processing partition 4565000/8877691, columns so far: 11166608
  Processing partition 4566000/8877691, columns so far: 11168359
  Processing partition 4567000/8877691, columns so far: 11171448
  Processing partition 4568000/8877691, columns so far: 11174574
  Processing partition 4569000/8877691, columns so far: 11176334
  Processing partition 4570000/8877691, columns so far: 11178579
  Processing partition 4571000/8877691, columns so far: 11180486
  Processing partition 4572000/8877691, columns so far: 11182284
  Processing partition 4573000/8877691, columns so far: 11184188
  Processing partition 4574000/8877691, columns so far: 11185975
  Processing partition 4575000/8877691, columns so far: 11188086
  Processing partition 4576000/8877691, columns so far: 11189918
  Processing partition 4577000/8877691, columns so far: 11192006
  Processing partition 4578000/8877691, columns so far: 11194128
  Processing partition 4579000/8877691, columns so far: 11197838
  Processing partition 4580000/8877691, columns so far: 11202376
  Processing partition 4581000/8877691, columns so far: 11206188
  Processing partition 4582000/8877691, columns so far: 11209900
  Processing partition 4583000/8877691, columns so far: 11213426
  Processing partition 4584000/8877691, columns so far: 11218172
  Processing partition 4585000/8877691, columns so far: 11221336
  Processing partition 4586000/8877691, columns so far: 11225066
  Processing partition 4587000/8877691, columns so far: 11229180
  Processing partition 4588000/8877691, columns so far: 11233052
  Processing partition 4589000/8877691, columns so far: 11240324
  Processing partition 4590000/8877691, columns so far: 11247546
  Processing partition 4591000/8877691, columns so far: 11249452
  Processing partition 4592000/8877691, columns so far: 11251549
  Processing partition 4593000/8877691, columns so far: 11253576
  Processing partition 4594000/8877691, columns so far: 11255341
  Processing partition 4595000/8877691, columns so far: 11257159
  Processing partition 4596000/8877691, columns so far: 11259432
  Processing partition 4597000/8877691, columns so far: 11261338
  Processing partition 4598000/8877691, columns so far: 11262872
  Processing partition 4599000/8877691, columns so far: 11264987
  Processing partition 4600000/8877691, columns so far: 11266866
  Processing partition 4601000/8877691, columns so far: 11268626
  Processing partition 4602000/8877691, columns so far: 11270176
  Processing partition 4603000/8877691, columns so far: 11272102
  Processing partition 4604000/8877691, columns so far: 11273659
  Processing partition 4605000/8877691, columns so far: 11275505
  Processing partition 4606000/8877691, columns so far: 11276906
  Processing partition 4607000/8877691, columns so far: 11278386
  Processing partition 4608000/8877691, columns so far: 11280124
  Processing partition 4609000/8877691, columns so far: 11282624
  Processing partition 4610000/8877691, columns so far: 11286086
  Processing partition 4611000/8877691, columns so far: 11287596
  Processing partition 4612000/8877691, columns so far: 11289133
  Processing partition 4613000/8877691, columns so far: 11290664
  Processing partition 4614000/8877691, columns so far: 11292042
  Processing partition 4615000/8877691, columns so far: 11293492
  Processing partition 4616000/8877691, columns so far: 11294804
  Processing partition 4617000/8877691, columns so far: 11296236
  Processing partition 4618000/8877691, columns so far: 11298820
  Processing partition 4619000/8877691, columns so far: 11301149
  Processing partition 4620000/8877691, columns so far: 11302926
  Processing partition 4621000/8877691, columns so far: 11304442
  Processing partition 4622000/8877691, columns so far: 11306384
  Processing partition 4623000/8877691, columns so far: 11307908
  Processing partition 4624000/8877691, columns so far: 11309750
  Processing partition 4625000/8877691, columns so far: 11311314
  Processing partition 4626000/8877691, columns so far: 11312752
  Processing partition 4627000/8877691, columns so far: 11314410
  Processing partition 4628000/8877691, columns so far: 11316129
  Processing partition 4629000/8877691, columns so far: 11317842
  Processing partition 4630000/8877691, columns so far: 11319750
  Processing partition 4631000/8877691, columns so far: 11321100
  Processing partition 4632000/8877691, columns so far: 11322858
  Processing partition 4633000/8877691, columns so far: 11324370
  Processing partition 4634000/8877691, columns so far: 11326184
  Processing partition 4635000/8877691, columns so far: 11327808
  Processing partition 4636000/8877691, columns so far: 11329334
  Processing partition 4637000/8877691, columns so far: 11332452
  Processing partition 4638000/8877691, columns so far: 11335240
  Processing partition 4639000/8877691, columns so far: 11336694
  Processing partition 4640000/8877691, columns so far: 11338210
  Processing partition 4641000/8877691, columns so far: 11339580
  Processing partition 4642000/8877691, columns so far: 11340968
  Processing partition 4643000/8877691, columns so far: 11342466
  Processing partition 4644000/8877691, columns so far: 11344024
  Processing partition 4645000/8877691, columns so far: 11345412
  Processing partition 4646000/8877691, columns so far: 11348220
  Processing partition 4647000/8877691, columns so far: 11350173
  Processing partition 4648000/8877691, columns so far: 11351574
  Processing partition 4649000/8877691, columns so far: 11353052
  Processing partition 4650000/8877691, columns so far: 11354440
  Processing partition 4651000/8877691, columns so far: 11355756
  Processing partition 4652000/8877691, columns so far: 11357332
  Processing partition 4653000/8877691, columns so far: 11358801
  Processing partition 4654000/8877691, columns so far: 11360796
  Processing partition 4655000/8877691, columns so far: 11363630
  Processing partition 4656000/8877691, columns so far: 11365470
  Processing partition 4657000/8877691, columns so far: 11367054
  Processing partition 4658000/8877691, columns so far: 11368908
  Processing partition 4659000/8877691, columns so far: 11370520
  Processing partition 4660000/8877691, columns so far: 11372042
  Processing partition 4661000/8877691, columns so far: 11373574
  Processing partition 4662000/8877691, columns so far: 11375306
  Processing partition 4663000/8877691, columns so far: 11377012
  Processing partition 4664000/8877691, columns so far: 11379494
  Processing partition 4665000/8877691, columns so far: 11383016
  Processing partition 4666000/8877691, columns so far: 11386108
  Processing partition 4667000/8877691, columns so far: 11390024
  Processing partition 4668000/8877691, columns so far: 11393044
  Processing partition 4669000/8877691, columns so far: 11396728
  Processing partition 4670000/8877691, columns so far: 11399712
  Processing partition 4671000/8877691, columns so far: 11402486
  Processing partition 4672000/8877691, columns so far: 11406076
  Processing partition 4673000/8877691, columns so far: 11411368
  Processing partition 4674000/8877691, columns so far: 11417527
  Processing partition 4675000/8877691, columns so far: 11419296
  Processing partition 4676000/8877691, columns so far: 11420836
  Processing partition 4677000/8877691, columns so far: 11422776
  Processing partition 4678000/8877691, columns so far: 11424290
  Processing partition 4679000/8877691, columns so far: 11426176
  Processing partition 4680000/8877691, columns so far: 11427536
  Processing partition 4681000/8877691, columns so far: 11429056
  Processing partition 4682000/8877691, columns so far: 11430795
  Processing partition 4683000/8877691, columns so far: 11433524
  Processing partition 4684000/8877691, columns so far: 11436742
  Processing partition 4685000/8877691, columns so far: 11438598
  Processing partition 4686000/8877691, columns so far: 11440210
  Processing partition 4687000/8877691, columns so far: 11442123
  Processing partition 4688000/8877691, columns so far: 11443627
  Processing partition 4689000/8877691, columns so far: 11445288
  Processing partition 4690000/8877691, columns so far: 11446862
  Processing partition 4691000/8877691, columns so far: 11448415
  Processing partition 4692000/8877691, columns so far: 11450144
  Processing partition 4693000/8877691, columns so far: 11451704
  Processing partition 4694000/8877691, columns so far: 11453580
  Processing partition 4695000/8877691, columns so far: 11455117
  Processing partition 4696000/8877691, columns so far: 11456904
  Processing partition 4697000/8877691, columns so far: 11458567
  Processing partition 4698000/8877691, columns so far: 11460428
  Processing partition 4699000/8877691, columns so far: 11461984
  Processing partition 4700000/8877691, columns so far: 11463336
  Processing partition 4701000/8877691, columns so far: 11465092
  Processing partition 4702000/8877691, columns so far: 11468084
  Processing partition 4703000/8877691, columns so far: 11471038
  Processing partition 4704000/8877691, columns so far: 11472828
  Processing partition 4705000/8877691, columns so far: 11474434
  Processing partition 4706000/8877691, columns so far: 11476250
  Processing partition 4707000/8877691, columns so far: 11477886
  Processing partition 4708000/8877691, columns so far: 11479768
  Processing partition 4709000/8877691, columns so far: 11481164
  Processing partition 4710000/8877691, columns so far: 11482654
  Processing partition 4711000/8877691, columns so far: 11484398
  Processing partition 4712000/8877691, columns so far: 11485954
  Processing partition 4713000/8877691, columns so far: 11487862
  Processing partition 4714000/8877691, columns so far: 11489366
  Processing partition 4715000/8877691, columns so far: 11490916
  Processing partition 4716000/8877691, columns so far: 11492828
  Processing partition 4717000/8877691, columns so far: 11494332
  Processing partition 4718000/8877691, columns so far: 11496220
  Processing partition 4719000/8877691, columns so far: 11497795
  Processing partition 4720000/8877691, columns so far: 11499350
  Processing partition 4721000/8877691, columns so far: 11502128
  Processing partition 4722000/8877691, columns so far: 11505158
  Processing partition 4723000/8877691, columns so far: 11506710
  Processing partition 4724000/8877691, columns so far: 11508026
  Processing partition 4725000/8877691, columns so far: 11509616
  Processing partition 4726000/8877691, columns so far: 11510960
  Processing partition 4727000/8877691, columns so far: 11512486
  Processing partition 4728000/8877691, columns so far: 11513880
  Processing partition 4729000/8877691, columns so far: 11515367
  Processing partition 4730000/8877691, columns so far: 11517844
  Processing partition 4731000/8877691, columns so far: 11520038
  Processing partition 4732000/8877691, columns so far: 11521590
  Processing partition 4733000/8877691, columns so far: 11522904
  Processing partition 4734000/8877691, columns so far: 11524486
  Processing partition 4735000/8877691, columns so far: 11525774
  Processing partition 4736000/8877691, columns so far: 11527366
  Processing partition 4737000/8877691, columns so far: 11528774
  Processing partition 4738000/8877691, columns so far: 11530482
  Processing partition 4739000/8877691, columns so far: 11533584
  Processing partition 4740000/8877691, columns so far: 11535160
  Processing partition 4741000/8877691, columns so far: 11537072
  Processing partition 4742000/8877691, columns so far: 11538597
  Processing partition 4743000/8877691, columns so far: 11540484
  Processing partition 4744000/8877691, columns so far: 11542038
  Processing partition 4745000/8877691, columns so far: 11543533
  Processing partition 4746000/8877691, columns so far: 11545337
  Processing partition 4747000/8877691, columns so far: 11547000
  Processing partition 4748000/8877691, columns so far: 11549000
  Processing partition 4749000/8877691, columns so far: 11552336
  Processing partition 4750000/8877691, columns so far: 11555872
  Processing partition 4751000/8877691, columns so far: 11559360
  Processing partition 4752000/8877691, columns so far: 11562720
  Processing partition 4753000/8877691, columns so far: 11566312
  Processing partition 4754000/8877691, columns so far: 11569174
  Processing partition 4755000/8877691, columns so far: 11572286
  Processing partition 4756000/8877691, columns so far: 11575764
  Processing partition 4757000/8877691, columns so far: 11581000
  Processing partition 4758000/8877691, columns so far: 11587408
  Processing partition 4759000/8877691, columns so far: 11588918
  Processing partition 4760000/8877691, columns so far: 11590858
  Processing partition 4761000/8877691, columns so far: 11592548
  Processing partition 4762000/8877691, columns so far: 11594296
  Processing partition 4763000/8877691, columns so far: 11595902
  Processing partition 4764000/8877691, columns so far: 11597544
  Processing partition 4765000/8877691, columns so far: 11599098
  Processing partition 4766000/8877691, columns so far: 11600804
  Processing partition 4767000/8877691, columns so far: 11603036
  Processing partition 4768000/8877691, columns so far: 11606720
  Processing partition 4769000/8877691, columns so far: 11608267
  Processing partition 4770000/8877691, columns so far: 11609811
  Processing partition 4771000/8877691, columns so far: 11611367
  Processing partition 4772000/8877691, columns so far: 11612754
  Processing partition 4773000/8877691, columns so far: 11614234
  Processing partition 4774000/8877691, columns so far: 11615548
  Processing partition 4775000/8877691, columns so far: 11616960
  Processing partition 4776000/8877691, columns so far: 11619120
  Processing partition 4777000/8877691, columns so far: 11621692
  Processing partition 4778000/8877691, columns so far: 11623424
  Processing partition 4779000/8877691, columns so far: 11625112
  Processing partition 4780000/8877691, columns so far: 11626920
  Processing partition 4781000/8877691, columns so far: 11628542
  Processing partition 4782000/8877691, columns so far: 11630450
  Processing partition 4783000/8877691, columns so far: 11631800
  Processing partition 4784000/8877691, columns so far: 11633330
  Processing partition 4785000/8877691, columns so far: 11635068
  Processing partition 4786000/8877691, columns so far: 11636767
  Processing partition 4787000/8877691, columns so far: 11638812
  Processing partition 4788000/8877691, columns so far: 11640725
  Processing partition 4789000/8877691, columns so far: 11642798
  Processing partition 4790000/8877691, columns so far: 11644556
  Processing partition 4791000/8877691, columns so far: 11646418
  Processing partition 4792000/8877691, columns so far: 11648630
  Processing partition 4793000/8877691, columns so far: 11650536
  Processing partition 4794000/8877691, columns so far: 11652112
  Processing partition 4795000/8877691, columns so far: 11654209
  Processing partition 4796000/8877691, columns so far: 11655924
  Processing partition 4797000/8877691, columns so far: 11657830
  Processing partition 4798000/8877691, columns so far: 11659260
  Processing partition 4799000/8877691, columns so far: 11660918
  Processing partition 4800000/8877691, columns so far: 11662638
  Processing partition 4801000/8877691, columns so far: 11664336
  Processing partition 4802000/8877691, columns so far: 11666258
  Processing partition 4803000/8877691, columns so far: 11667594
  Processing partition 4804000/8877691, columns so far: 11669312
  Processing partition 4805000/8877691, columns so far: 11671882
  Processing partition 4806000/8877691, columns so far: 11675174
  Processing partition 4807000/8877691, columns so far: 11676730
  Processing partition 4808000/8877691, columns so far: 11678080
  Processing partition 4809000/8877691, columns so far: 11679416
  Processing partition 4810000/8877691, columns so far: 11680954
  Processing partition 4811000/8877691, columns so far: 11682514
  Processing partition 4812000/8877691, columns so far: 11683828
  Processing partition 4813000/8877691, columns so far: 11685386
  Processing partition 4814000/8877691, columns so far: 11687642
  Processing partition 4815000/8877691, columns so far: 11690053
  Processing partition 4816000/8877691, columns so far: 11691574
  Processing partition 4817000/8877691, columns so far: 11692950
  Processing partition 4818000/8877691, columns so far: 11694357
  Processing partition 4819000/8877691, columns so far: 11695812
  Processing partition 4820000/8877691, columns so far: 11697385
  Processing partition 4821000/8877691, columns so far: 11698736
  Processing partition 4822000/8877691, columns so far: 11700287
  Processing partition 4823000/8877691, columns so far: 11703388
  Processing partition 4824000/8877691, columns so far: 11705174
  Processing partition 4825000/8877691, columns so far: 11706984
  Processing partition 4826000/8877691, columns so far: 11708596
  Processing partition 4827000/8877691, columns so far: 11710140
  Processing partition 4828000/8877691, columns so far: 11711978
  Processing partition 4829000/8877691, columns so far: 11713556
  Processing partition 4830000/8877691, columns so far: 11715356
  Processing partition 4831000/8877691, columns so far: 11717020
  Processing partition 4832000/8877691, columns so far: 11718712
  Processing partition 4833000/8877691, columns so far: 11722340
  Processing partition 4834000/8877691, columns so far: 11727016
  Processing partition 4835000/8877691, columns so far: 11730772
  Processing partition 4836000/8877691, columns so far: 11734402
  Processing partition 4837000/8877691, columns so far: 11738006
  Processing partition 4838000/8877691, columns so far: 11742770
  Processing partition 4839000/8877691, columns so far: 11745870
  Processing partition 4840000/8877691, columns so far: 11749584
  Processing partition 4841000/8877691, columns so far: 11753772
  Processing partition 4842000/8877691, columns so far: 11757342
  Processing partition 4843000/8877691, columns so far: 11759224
  Processing partition 4844000/8877691, columns so far: 11761548
  Processing partition 4845000/8877691, columns so far: 11763374
  Processing partition 4846000/8877691, columns so far: 11765254
  Processing partition 4847000/8877691, columns so far: 11767036
  Processing partition 4848000/8877691, columns so far: 11769244
  Processing partition 4849000/8877691, columns so far: 11770980
  Processing partition 4850000/8877691, columns so far: 11772848
  Processing partition 4851000/8877691, columns so far: 11774860
  Processing partition 4852000/8877691, columns so far: 11776687
  Processing partition 4853000/8877691, columns so far: 11780118
  Processing partition 4854000/8877691, columns so far: 11784462
  Processing partition 4855000/8877691, columns so far: 11786278
  Processing partition 4856000/8877691, columns so far: 11787858
  Processing partition 4857000/8877691, columns so far: 11789786
  Processing partition 4858000/8877691, columns so far: 11791283
  Processing partition 4859000/8877691, columns so far: 11793032
  Processing partition 4860000/8877691, columns so far: 11794507
  Processing partition 4861000/8877691, columns so far: 11796063
  Processing partition 4862000/8877691, columns so far: 11797803
  Processing partition 4863000/8877691, columns so far: 11800174
  Processing partition 4864000/8877691, columns so far: 11803735
  Processing partition 4865000/8877691, columns so far: 11805250
  Processing partition 4866000/8877691, columns so far: 11807194
  Processing partition 4867000/8877691, columns so far: 11808864
  Processing partition 4868000/8877691, columns so far: 11810629
  Processing partition 4869000/8877691, columns so far: 11812214
  Processing partition 4870000/8877691, columns so far: 11813879
  Processing partition 4871000/8877691, columns so far: 11815437
  Processing partition 4872000/8877691, columns so far: 11817140
  Processing partition 4873000/8877691, columns so far: 11819556
  Processing partition 4874000/8877691, columns so far: 11823042
  Processing partition 4875000/8877691, columns so far: 11824888
  Processing partition 4876000/8877691, columns so far: 11827210
  Processing partition 4877000/8877691, columns so far: 11829073
  Processing partition 4878000/8877691, columns so far: 11830919
  Processing partition 4879000/8877691, columns so far: 11832702
  Processing partition 4880000/8877691, columns so far: 11835099
  Processing partition 4881000/8877691, columns so far: 11836654
  Processing partition 4882000/8877691, columns so far: 11838505
  Processing partition 4883000/8877691, columns so far: 11840598
  Processing partition 4884000/8877691, columns so far: 11842358
  Processing partition 4885000/8877691, columns so far: 11844124
  Processing partition 4886000/8877691, columns so far: 11846515
  Processing partition 4887000/8877691, columns so far: 11848168
  Processing partition 4888000/8877691, columns so far: 11849956
  Processing partition 4889000/8877691, columns so far: 11852031
  Processing partition 4890000/8877691, columns so far: 11853773
  Processing partition 4891000/8877691, columns so far: 11855648
  Processing partition 4892000/8877691, columns so far: 11857828
  Processing partition 4893000/8877691, columns so far: 11859804
  Processing partition 4894000/8877691, columns so far: 11861678
  Processing partition 4895000/8877691, columns so far: 11864854
  Processing partition 4896000/8877691, columns so far: 11869354
  Processing partition 4897000/8877691, columns so far: 11870909
  Processing partition 4898000/8877691, columns so far: 11872643
  Processing partition 4899000/8877691, columns so far: 11874224
  Processing partition 4900000/8877691, columns so far: 11875876
  Processing partition 4901000/8877691, columns so far: 11877552
  Processing partition 4902000/8877691, columns so far: 11879317
  Processing partition 4903000/8877691, columns so far: 11880842
  Processing partition 4904000/8877691, columns so far: 11882750
  Processing partition 4905000/8877691, columns so far: 11884928
  Processing partition 4906000/8877691, columns so far: 11888703
  Processing partition 4907000/8877691, columns so far: 11890230
  Processing partition 4908000/8877691, columns so far: 11892018
  Processing partition 4909000/8877691, columns so far: 11893568
  Processing partition 4910000/8877691, columns so far: 11895196
  Processing partition 4911000/8877691, columns so far: 11896750
  Processing partition 4912000/8877691, columns so far: 11898356
  Processing partition 4913000/8877691, columns so far: 11900159
  Processing partition 4914000/8877691, columns so far: 11901902
  Processing partition 4915000/8877691, columns so far: 11904376
  Processing partition 4916000/8877691, columns so far: 11907904
  Processing partition 4917000/8877691, columns so far: 11909840
  Processing partition 4918000/8877691, columns so far: 11912176
  Processing partition 4919000/8877691, columns so far: 11913876
  Processing partition 4920000/8877691, columns so far: 11915612
  Processing partition 4921000/8877691, columns so far: 11917693
  Processing partition 4922000/8877691, columns so far: 11919456
  Processing partition 4923000/8877691, columns so far: 11921313
  Processing partition 4924000/8877691, columns so far: 11923520
  Processing partition 4925000/8877691, columns so far: 11925487
  Processing partition 4926000/8877691, columns so far: 11927344
  Processing partition 4927000/8877691, columns so far: 11929106
  Processing partition 4928000/8877691, columns so far: 11931519
  Processing partition 4929000/8877691, columns so far: 11933070
  Processing partition 4930000/8877691, columns so far: 11934985
  Processing partition 4931000/8877691, columns so far: 11936980
  Processing partition 4932000/8877691, columns so far: 11938768
  Processing partition 4933000/8877691, columns so far: 11940534
  Processing partition 4934000/8877691, columns so far: 11942854
  Processing partition 4935000/8877691, columns so far: 11944799
  Processing partition 4936000/8877691, columns so far: 11946565
  Processing partition 4937000/8877691, columns so far: 11949698
  Processing partition 4938000/8877691, columns so far: 11954390
  Processing partition 4939000/8877691, columns so far: 11956209
  Processing partition 4940000/8877691, columns so far: 11957832
  Processing partition 4941000/8877691, columns so far: 11959683
  Processing partition 4942000/8877691, columns so far: 11961294
  Processing partition 4943000/8877691, columns so far: 11962798
  Processing partition 4944000/8877691, columns so far: 11964359
  Processing partition 4945000/8877691, columns so far: 11966086
  Processing partition 4946000/8877691, columns so far: 11967811
  Processing partition 4947000/8877691, columns so far: 11969858
  Processing partition 4948000/8877691, columns so far: 11973344
  Processing partition 4949000/8877691, columns so far: 11975250
  Processing partition 4950000/8877691, columns so far: 11977181
  Processing partition 4951000/8877691, columns so far: 11978703
  Processing partition 4952000/8877691, columns so far: 11980596
  Processing partition 4953000/8877691, columns so far: 11982147
  Processing partition 4954000/8877691, columns so far: 11983641
  Processing partition 4955000/8877691, columns so far: 11985453
  Processing partition 4956000/8877691, columns so far: 11987114
  Processing partition 4957000/8877691, columns so far: 11989044
  Processing partition 4958000/8877691, columns so far: 11992320
  Processing partition 4959000/8877691, columns so far: 11994609
  Processing partition 4960000/8877691, columns so far: 11996413
  Processing partition 4961000/8877691, columns so far: 11998036
  Processing partition 4962000/8877691, columns so far: 11999574
  Processing partition 4963000/8877691, columns so far: 12001436
  Processing partition 4964000/8877691, columns so far: 12002990
  Processing partition 4965000/8877691, columns so far: 12004790
  Processing partition 4966000/8877691, columns so far: 12006453
  Processing partition 4967000/8877691, columns so far: 12008172
  Processing partition 4968000/8877691, columns so far: 12011810
  Processing partition 4969000/8877691, columns so far: 12014109
  Processing partition 4970000/8877691, columns so far: 12016501
  Processing partition 4971000/8877691, columns so far: 12018028
  Processing partition 4972000/8877691, columns so far: 12019942
  Processing partition 4973000/8877691, columns so far: 12021970
  Processing partition 4974000/8877691, columns so far: 12023760
  Processing partition 4975000/8877691, columns so far: 12025518
  Processing partition 4976000/8877691, columns so far: 12027858
  Processing partition 4977000/8877691, columns so far: 12029790
  Processing partition 4978000/8877691, columns so far: 12031549
  Processing partition 4979000/8877691, columns so far: 12033378
  Processing partition 4980000/8877691, columns so far: 12035776
  Processing partition 4981000/8877691, columns so far: 12037381
  Processing partition 4982000/8877691, columns so far: 12039284
  Processing partition 4983000/8877691, columns so far: 12041192
  Processing partition 4984000/8877691, columns so far: 12042898
  Processing partition 4985000/8877691, columns so far: 12044841
  Processing partition 4986000/8877691, columns so far: 12046697
  Processing partition 4987000/8877691, columns so far: 12048846
  Processing partition 4988000/8877691, columns so far: 12050854
  Processing partition 4989000/8877691, columns so far: 12053678
  Processing partition 4990000/8877691, columns so far: 12057976
  Processing partition 4991000/8877691, columns so far: 12060194
  Processing partition 4992000/8877691, columns so far: 12062036
  Processing partition 4993000/8877691, columns so far: 12063590
  Processing partition 4994000/8877691, columns so far: 12065178
  Processing partition 4995000/8877691, columns so far: 12066748
  Processing partition 4996000/8877691, columns so far: 12068271
  Processing partition 4997000/8877691, columns so far: 12070014
  Processing partition 4998000/8877691, columns so far: 12071892
  Processing partition 4999000/8877691, columns so far: 12073888
  Processing partition 5000000/8877691, columns so far: 12077444
  Processing partition 5001000/8877691, columns so far: 12079775
  Processing partition 5002000/8877691, columns so far: 12082166
  Processing partition 5003000/8877691, columns so far: 12083693
  Processing partition 5004000/8877691, columns so far: 12085601
  Processing partition 5005000/8877691, columns so far: 12087509
  Processing partition 5006000/8877691, columns so far: 12089426
  Processing partition 5007000/8877691, columns so far: 12091190
  Processing partition 5008000/8877691, columns so far: 12093020
  Processing partition 5009000/8877691, columns so far: 12095456
  Processing partition 5010000/8877691, columns so far: 12097218
  Processing partition 5011000/8877691, columns so far: 12100236
  Processing partition 5012000/8877691, columns so far: 12105086
  Processing partition 5013000/8877691, columns so far: 12108198
  Processing partition 5014000/8877691, columns so far: 12112014
  Processing partition 5015000/8877691, columns so far: 12115806
  Processing partition 5016000/8877691, columns so far: 12119320
  Processing partition 5017000/8877691, columns so far: 12123124
  Processing partition 5018000/8877691, columns so far: 12126816
  Processing partition 5019000/8877691, columns so far: 12131304
  Processing partition 5020000/8877691, columns so far: 12135186
  Processing partition 5021000/8877691, columns so far: 12140860
  Processing partition 5022000/8877691, columns so far: 12149824
  Processing partition 5023000/8877691, columns so far: 12152490
  Processing partition 5024000/8877691, columns so far: 12154311
  Processing partition 5025000/8877691, columns so far: 12155866
  Processing partition 5026000/8877691, columns so far: 12157513
  Processing partition 5027000/8877691, columns so far: 12159036
  Processing partition 5028000/8877691, columns so far: 12160794
  Processing partition 5029000/8877691, columns so far: 12162420
  Processing partition 5030000/8877691, columns so far: 12164367
  Processing partition 5031000/8877691, columns so far: 12166144
  Processing partition 5032000/8877691, columns so far: 12169292
  Processing partition 5033000/8877691, columns so far: 12171838
  Processing partition 5034000/8877691, columns so far: 12173251
  Processing partition 5035000/8877691, columns so far: 12174735
  Processing partition 5036000/8877691, columns so far: 12176127
  Processing partition 5037000/8877691, columns so far: 12177573
  Processing partition 5038000/8877691, columns so far: 12179025
  Processing partition 5039000/8877691, columns so far: 12180583
  Processing partition 5040000/8877691, columns so far: 12182198
  Processing partition 5041000/8877691, columns so far: 12185241
  Processing partition 5042000/8877691, columns so far: 12186674
  Processing partition 5043000/8877691, columns so far: 12188135
  Processing partition 5044000/8877691, columns so far: 12189447
  Processing partition 5045000/8877691, columns so far: 12191001
  Processing partition 5046000/8877691, columns so far: 12192491
  Processing partition 5047000/8877691, columns so far: 12193872
  Processing partition 5048000/8877691, columns so far: 12195430
  Processing partition 5049000/8877691, columns so far: 12197412
  Processing partition 5050000/8877691, columns so far: 12200110
  Processing partition 5051000/8877691, columns so far: 12201665
  Processing partition 5052000/8877691, columns so far: 12203017
  Processing partition 5053000/8877691, columns so far: 12204360
  Processing partition 5054000/8877691, columns so far: 12205897
  Processing partition 5055000/8877691, columns so far: 12207449
  Processing partition 5056000/8877691, columns so far: 12208767
  Processing partition 5057000/8877691, columns so far: 12210322
  Processing partition 5058000/8877691, columns so far: 12212956
  Processing partition 5059000/8877691, columns so far: 12215102
  Processing partition 5060000/8877691, columns so far: 12217005
  Processing partition 5061000/8877691, columns so far: 12218560
  Processing partition 5062000/8877691, columns so far: 12219978
  Processing partition 5063000/8877691, columns so far: 12221619
  Processing partition 5064000/8877691, columns so far: 12223384
  Processing partition 5065000/8877691, columns so far: 12225070
  Processing partition 5066000/8877691, columns so far: 12227000
  Processing partition 5067000/8877691, columns so far: 12228526
  Processing partition 5068000/8877691, columns so far: 12230269
  Processing partition 5069000/8877691, columns so far: 12232682
  Processing partition 5070000/8877691, columns so far: 12234254
  Processing partition 5071000/8877691, columns so far: 12236090
  Processing partition 5072000/8877691, columns so far: 12238002
  Processing partition 5073000/8877691, columns so far: 12239942
  Processing partition 5074000/8877691, columns so far: 12241702
  Processing partition 5075000/8877691, columns so far: 12243557
  Processing partition 5076000/8877691, columns so far: 12245968
  Processing partition 5077000/8877691, columns so far: 12247732
  Processing partition 5078000/8877691, columns so far: 12249348
  Processing partition 5079000/8877691, columns so far: 12251257
  Processing partition 5080000/8877691, columns so far: 12252814
  Processing partition 5081000/8877691, columns so far: 12254367
  Processing partition 5082000/8877691, columns so far: 12255766
  Processing partition 5083000/8877691, columns so far: 12257406
  Processing partition 5084000/8877691, columns so far: 12259170
  Processing partition 5085000/8877691, columns so far: 12261018
  Processing partition 5086000/8877691, columns so far: 12262805
  Processing partition 5087000/8877691, columns so far: 12266314
  Processing partition 5088000/8877691, columns so far: 12268697
  Processing partition 5089000/8877691, columns so far: 12270595
  Processing partition 5090000/8877691, columns so far: 12272148
  Processing partition 5091000/8877691, columns so far: 12273580
  Processing partition 5092000/8877691, columns so far: 12275038
  Processing partition 5093000/8877691, columns so far: 12276727
  Processing partition 5094000/8877691, columns so far: 12278453
  Processing partition 5095000/8877691, columns so far: 12280296
  Processing partition 5096000/8877691, columns so far: 12282089
  Processing partition 5097000/8877691, columns so far: 12284930
  Processing partition 5098000/8877691, columns so far: 12288618
  Processing partition 5099000/8877691, columns so far: 12291724
  Processing partition 5100000/8877691, columns so far: 12294906
  Processing partition 5101000/8877691, columns so far: 12298022
  Processing partition 5102000/8877691, columns so far: 12301072
  Processing partition 5103000/8877691, columns so far: 12304540
  Processing partition 5104000/8877691, columns so far: 12308308
  Processing partition 5105000/8877691, columns so far: 12312268
  Processing partition 5106000/8877691, columns so far: 12319384
  Processing partition 5107000/8877691, columns so far: 12322492
  Processing partition 5108000/8877691, columns so far: 12324355
  Processing partition 5109000/8877691, columns so far: 12325911
  Processing partition 5110000/8877691, columns so far: 12327476
  Processing partition 5111000/8877691, columns so far: 12329009
  Processing partition 5112000/8877691, columns so far: 12330527
  Processing partition 5113000/8877691, columns so far: 12332432
  Processing partition 5114000/8877691, columns so far: 12334118
  Processing partition 5115000/8877691, columns so far: 12335934
  Processing partition 5116000/8877691, columns so far: 12338980
  Processing partition 5117000/8877691, columns so far: 12341797
  Processing partition 5118000/8877691, columns so far: 12343271
  Processing partition 5119000/8877691, columns so far: 12344790
  Processing partition 5120000/8877691, columns so far: 12346177
  Processing partition 5121000/8877691, columns so far: 12347489
  Processing partition 5122000/8877691, columns so far: 12349047
  Processing partition 5123000/8877691, columns so far: 12350434
  Processing partition 5124000/8877691, columns so far: 12352016
  Processing partition 5125000/8877691, columns so far: 12354804
  Processing partition 5126000/8877691, columns so far: 12356585
  Processing partition 5127000/8877691, columns so far: 12358151
  Processing partition 5128000/8877691, columns so far: 12359465
  Processing partition 5129000/8877691, columns so far: 12361021
  Processing partition 5130000/8877691, columns so far: 12362336
  Processing partition 5131000/8877691, columns so far: 12363894
  Processing partition 5132000/8877691, columns so far: 12365330
  Processing partition 5133000/8877691, columns so far: 12367212
  Processing partition 5134000/8877691, columns so far: 12370154
  Processing partition 5135000/8877691, columns so far: 12371721
  Processing partition 5136000/8877691, columns so far: 12373035
  Processing partition 5137000/8877691, columns so far: 12374361
  Processing partition 5138000/8877691, columns so far: 12375884
  Processing partition 5139000/8877691, columns so far: 12377231
  Processing partition 5140000/8877691, columns so far: 12378786
  Processing partition 5141000/8877691, columns so far: 12380286
  Processing partition 5142000/8877691, columns so far: 12382642
  Processing partition 5143000/8877691, columns so far: 12385126
  Processing partition 5144000/8877691, columns so far: 12387034
  Processing partition 5145000/8877691, columns so far: 12388418
  Processing partition 5146000/8877691, columns so far: 12389910
  Processing partition 5147000/8877691, columns so far: 12391592
  Processing partition 5148000/8877691, columns so far: 12393142
  Processing partition 5149000/8877691, columns so far: 12395100
  Processing partition 5150000/8877691, columns so far: 12396639
  Processing partition 5151000/8877691, columns so far: 12398381
  Processing partition 5152000/8877691, columns so far: 12400017
  Processing partition 5153000/8877691, columns so far: 12401903
  Processing partition 5154000/8877691, columns so far: 12403470
  Processing partition 5155000/8877691, columns so far: 12405032
  Processing partition 5156000/8877691, columns so far: 12406378
  Processing partition 5157000/8877691, columns so far: 12408070
  Processing partition 5158000/8877691, columns so far: 12409816
  Processing partition 5159000/8877691, columns so far: 12411692
  Processing partition 5160000/8877691, columns so far: 12413439
  Processing partition 5161000/8877691, columns so far: 12416884
  Processing partition 5162000/8877691, columns so far: 12419371
  Processing partition 5163000/8877691, columns so far: 12421278
  Processing partition 5164000/8877691, columns so far: 12422831
  Processing partition 5165000/8877691, columns so far: 12424206
  Processing partition 5166000/8877691, columns so far: 12425713
  Processing partition 5167000/8877691, columns so far: 12427393
  Processing partition 5168000/8877691, columns so far: 12429123
  Processing partition 5169000/8877691, columns so far: 12430917
  Processing partition 5170000/8877691, columns so far: 12432741
  Processing partition 5171000/8877691, columns so far: 12434540
  Processing partition 5172000/8877691, columns so far: 12436952
  Processing partition 5173000/8877691, columns so far: 12438512
  Processing partition 5174000/8877691, columns so far: 12440364
  Processing partition 5175000/8877691, columns so far: 12442271
  Processing partition 5176000/8877691, columns so far: 12444210
  Processing partition 5177000/8877691, columns so far: 12445968
  Processing partition 5178000/8877691, columns so far: 12447822
  Processing partition 5179000/8877691, columns so far: 12450236
  Processing partition 5180000/8877691, columns so far: 12451998
  Processing partition 5181000/8877691, columns so far: 12455148
  Processing partition 5182000/8877691, columns so far: 12459960
  Processing partition 5183000/8877691, columns so far: 12463024
  Processing partition 5184000/8877691, columns so far: 12466848
  Processing partition 5185000/8877691, columns so far: 12470616
  Processing partition 5186000/8877691, columns so far: 12474412
  Processing partition 5187000/8877691, columns so far: 12477996
  Processing partition 5188000/8877691, columns so far: 12481652
  Processing partition 5189000/8877691, columns so far: 12486440
  Processing partition 5190000/8877691, columns so far: 12490056
  Processing partition 5191000/8877691, columns so far: 12492688
  Processing partition 5192000/8877691, columns so far: 12494896
  Processing partition 5193000/8877691, columns so far: 12496644
  Processing partition 5194000/8877691, columns so far: 12498565
  Processing partition 5195000/8877691, columns so far: 12500508
  Processing partition 5196000/8877691, columns so far: 12502347
  Processing partition 5197000/8877691, columns so far: 12504116
  Processing partition 5198000/8877691, columns so far: 12506502
  Processing partition 5199000/8877691, columns so far: 12508146
  Processing partition 5200000/8877691, columns so far: 12510146
  Processing partition 5201000/8877691, columns so far: 12512918
  Processing partition 5202000/8877691, columns so far: 12516844
  Processing partition 5203000/8877691, columns so far: 12519729
  Processing partition 5204000/8877691, columns so far: 12521474
  Processing partition 5205000/8877691, columns so far: 12523326
  Processing partition 5206000/8877691, columns so far: 12524828
  Processing partition 5207000/8877691, columns so far: 12526412
  Processing partition 5208000/8877691, columns so far: 12527936
  Processing partition 5209000/8877691, columns so far: 12529750
  Processing partition 5210000/8877691, columns so far: 12531400
  Processing partition 5211000/8877691, columns so far: 12533126
  Processing partition 5212000/8877691, columns so far: 12536172
  Processing partition 5213000/8877691, columns so far: 12538851
  Processing partition 5214000/8877691, columns so far: 12540758
  Processing partition 5215000/8877691, columns so far: 12542318
  Processing partition 5216000/8877691, columns so far: 12543954
  Processing partition 5217000/8877691, columns so far: 12545774
  Processing partition 5218000/8877691, columns so far: 12547281
  Processing partition 5219000/8877691, columns so far: 12549100
  Processing partition 5220000/8877691, columns so far: 12550692
  Processing partition 5221000/8877691, columns so far: 12552262
  Processing partition 5222000/8877691, columns so far: 12555364
  Processing partition 5223000/8877691, columns so far: 12558200
  Processing partition 5224000/8877691, columns so far: 12560052
  Processing partition 5225000/8877691, columns so far: 12561608
  Processing partition 5226000/8877691, columns so far: 12563161
  Processing partition 5227000/8877691, columns so far: 12565012
  Processing partition 5228000/8877691, columns so far: 12566573
  Processing partition 5229000/8877691, columns so far: 12568468
  Processing partition 5230000/8877691, columns so far: 12570042
  Processing partition 5231000/8877691, columns so far: 12571596
  Processing partition 5232000/8877691, columns so far: 12574920
  Processing partition 5233000/8877691, columns so far: 12577687
  Processing partition 5234000/8877691, columns so far: 12579706
  Processing partition 5235000/8877691, columns so far: 12581647
  Processing partition 5236000/8877691, columns so far: 12583569
  Processing partition 5237000/8877691, columns so far: 12585476
  Processing partition 5238000/8877691, columns so far: 12587330
  Processing partition 5239000/8877691, columns so far: 12589102
  Processing partition 5240000/8877691, columns so far: 12591455
  Processing partition 5241000/8877691, columns so far: 12593016
  Processing partition 5242000/8877691, columns so far: 12595132
  Processing partition 5243000/8877691, columns so far: 12596957
  Processing partition 5244000/8877691, columns so far: 12598820
  Processing partition 5245000/8877691, columns so far: 12600956
  Processing partition 5246000/8877691, columns so far: 12602863
  Processing partition 5247000/8877691, columns so far: 12604780
  Processing partition 5248000/8877691, columns so far: 12606331
  Processing partition 5249000/8877691, columns so far: 12608396
  Processing partition 5250000/8877691, columns so far: 12610274
  Processing partition 5251000/8877691, columns so far: 12612017
  Processing partition 5252000/8877691, columns so far: 12614414
  Processing partition 5253000/8877691, columns so far: 12616898
  Processing partition 5254000/8877691, columns so far: 12620382
  Processing partition 5255000/8877691, columns so far: 12623794
  Processing partition 5256000/8877691, columns so far: 12625681
  Processing partition 5257000/8877691, columns so far: 12627236
  Processing partition 5258000/8877691, columns so far: 12628764
  Processing partition 5259000/8877691, columns so far: 12630143
  Processing partition 5260000/8877691, columns so far: 12631848
  Processing partition 5261000/8877691, columns so far: 12633574
  Processing partition 5262000/8877691, columns so far: 12635469
  Processing partition 5263000/8877691, columns so far: 12637211
  Processing partition 5264000/8877691, columns so far: 12640628
  Processing partition 5265000/8877691, columns so far: 12643324
  Processing partition 5266000/8877691, columns so far: 12645432
  Processing partition 5267000/8877691, columns so far: 12647267
  Processing partition 5268000/8877691, columns so far: 12649179
  Processing partition 5269000/8877691, columns so far: 12651102
  Processing partition 5270000/8877691, columns so far: 12652688
  Processing partition 5271000/8877691, columns so far: 12654763
  Processing partition 5272000/8877691, columns so far: 12656594
  Processing partition 5273000/8877691, columns so far: 12658644
  Processing partition 5274000/8877691, columns so far: 12660760
  Processing partition 5275000/8877691, columns so far: 12663444
  Processing partition 5276000/8877691, columns so far: 12667312
  Processing partition 5277000/8877691, columns so far: 12671528
  Processing partition 5278000/8877691, columns so far: 12675286
  Processing partition 5279000/8877691, columns so far: 12679110
  Processing partition 5280000/8877691, columns so far: 12682740
  Processing partition 5281000/8877691, columns so far: 12686344
  Processing partition 5282000/8877691, columns so far: 12691106
  Processing partition 5283000/8877691, columns so far: 12694172
  Processing partition 5284000/8877691, columns so far: 12698406
  Processing partition 5285000/8877691, columns so far: 12703404
  Processing partition 5286000/8877691, columns so far: 12710532
  Processing partition 5287000/8877691, columns so far: 12717572
  Processing partition 5288000/8877691, columns so far: 12721052
  Processing partition 5289000/8877691, columns so far: 12724512
  Processing partition 5290000/8877691, columns so far: 12727508
  Processing partition 5291000/8877691, columns so far: 12731048
  Processing partition 5292000/8877691, columns so far: 12734090
  Processing partition 5293000/8877691, columns so far: 12737740
  Processing partition 5294000/8877691, columns so far: 12740966
  Processing partition 5295000/8877691, columns so far: 12744012
  Processing partition 5296000/8877691, columns so far: 12750040
  Processing partition 5297000/8877691, columns so far: 12755916
  Processing partition 5298000/8877691, columns so far: 12759740
  Processing partition 5299000/8877691, columns so far: 12762748
  Processing partition 5300000/8877691, columns so far: 12765848
  Processing partition 5301000/8877691, columns so far: 12769666
  Processing partition 5302000/8877691, columns so far: 12772672
  Processing partition 5303000/8877691, columns so far: 12776460
  Processing partition 5304000/8877691, columns so far: 12779600
  Processing partition 5305000/8877691, columns so far: 12782708
  Processing partition 5306000/8877691, columns so far: 12788496
  Processing partition 5307000/8877691, columns so far: 12794548
  Processing partition 5308000/8877691, columns so far: 12798320
  Processing partition 5309000/8877691, columns so far: 12801320
  Processing partition 5310000/8877691, columns so far: 12804486
  Processing partition 5311000/8877691, columns so far: 12807954
  Processing partition 5312000/8877691, columns so far: 12811368
  Processing partition 5313000/8877691, columns so far: 12815156
  Processing partition 5314000/8877691, columns so far: 12818000
  Processing partition 5315000/8877691, columns so far: 12821284
  Processing partition 5316000/8877691, columns so far: 12827484
  Processing partition 5317000/8877691, columns so far: 12833430
  Processing partition 5318000/8877691, columns so far: 12837012
  Processing partition 5319000/8877691, columns so far: 12841428
  Processing partition 5320000/8877691, columns so far: 12845262
  Processing partition 5321000/8877691, columns so far: 12849064
  Processing partition 5322000/8877691, columns so far: 12852774
  Processing partition 5323000/8877691, columns so far: 12856252
  Processing partition 5324000/8877691, columns so far: 12861088
  Processing partition 5325000/8877691, columns so far: 12864168
  Processing partition 5326000/8877691, columns so far: 12868312
  Processing partition 5327000/8877691, columns so far: 12872040
  Processing partition 5328000/8877691, columns so far: 12875646
  Processing partition 5329000/8877691, columns so far: 12880134
  Processing partition 5330000/8877691, columns so far: 12883960
  Processing partition 5331000/8877691, columns so far: 12887208
  Processing partition 5332000/8877691, columns so far: 12890760
  Processing partition 5333000/8877691, columns so far: 12894950
  Processing partition 5334000/8877691, columns so far: 12898476
  Processing partition 5335000/8877691, columns so far: 12902034
  Processing partition 5336000/8877691, columns so far: 12907010
  Processing partition 5337000/8877691, columns so far: 12910992
  Processing partition 5338000/8877691, columns so far: 12918108
  Processing partition 5339000/8877691, columns so far: 12925762
  Processing partition 5340000/8877691, columns so far: 12929628
  Processing partition 5341000/8877691, columns so far: 12932616
  Processing partition 5342000/8877691, columns so far: 12935390
  Processing partition 5343000/8877691, columns so far: 12938498
  Processing partition 5344000/8877691, columns so far: 12941848
  Processing partition 5345000/8877691, columns so far: 12945332
  Processing partition 5346000/8877691, columns so far: 12948866
  Processing partition 5347000/8877691, columns so far: 12952424
  Processing partition 5348000/8877691, columns so far: 12958776
  Processing partition 5349000/8877691, columns so far: 12964748
  Processing partition 5350000/8877691, columns so far: 12968432
  Processing partition 5351000/8877691, columns so far: 12972758
  Processing partition 5352000/8877691, columns so far: 12976574
  Processing partition 5353000/8877691, columns so far: 12980388
  Processing partition 5354000/8877691, columns so far: 12983516
  Processing partition 5355000/8877691, columns so far: 12987608
  Processing partition 5356000/8877691, columns so far: 12991388
  Processing partition 5357000/8877691, columns so far: 12994878
  Processing partition 5358000/8877691, columns so far: 12999648
  Processing partition 5359000/8877691, columns so far: 13004596
  Processing partition 5360000/8877691, columns so far: 13011652
  Processing partition 5361000/8877691, columns so far: 13020608
  Processing partition 5362000/8877691, columns so far: 13028272
  Processing partition 5363000/8877691, columns so far: 13034928
  Processing partition 5364000/8877691, columns so far: 13041864
  Processing partition 5365000/8877691, columns so far: 13050216
  Processing partition 5366000/8877691, columns so far: 13057328
  Processing partition 5367000/8877691, columns so far: 13064652
  Processing partition 5368000/8877691, columns so far: 13074336
  Processing partition 5369000/8877691, columns so far: 13082560
  Processing partition 5370000/8877691, columns so far: 13097224
  Processing partition 5371000/8877691, columns so far: 13109752
  Processing partition 5372000/8877691, columns so far: 13111808
  Processing partition 5373000/8877691, columns so far: 13113703
  Processing partition 5374000/8877691, columns so far: 13115625
  Processing partition 5375000/8877691, columns so far: 13117542
  Processing partition 5376000/8877691, columns so far: 13119399
  Processing partition 5377000/8877691, columns so far: 13121163
  Processing partition 5378000/8877691, columns so far: 13123517
  Processing partition 5379000/8877691, columns so far: 13125098
  Processing partition 5380000/8877691, columns so far: 13127194
  Processing partition 5381000/8877691, columns so far: 13129786
  Processing partition 5382000/8877691, columns so far: 13133652
  Processing partition 5383000/8877691, columns so far: 13136776
  Processing partition 5384000/8877691, columns so far: 13138540
  Processing partition 5385000/8877691, columns so far: 13140397
  Processing partition 5386000/8877691, columns so far: 13141826
  Processing partition 5387000/8877691, columns so far: 13143483
  Processing partition 5388000/8877691, columns so far: 13145008
  Processing partition 5389000/8877691, columns so far: 13146843
  Processing partition 5390000/8877691, columns so far: 13148470
  Processing partition 5391000/8877691, columns so far: 13150106
  Processing partition 5392000/8877691, columns so far: 13153180
  Processing partition 5393000/8877691, columns so far: 13155923
  Processing partition 5394000/8877691, columns so far: 13157830
  Processing partition 5395000/8877691, columns so far: 13159329
  Processing partition 5396000/8877691, columns so far: 13160888
  Processing partition 5397000/8877691, columns so far: 13162812
  Processing partition 5398000/8877691, columns so far: 13164352
  Processing partition 5399000/8877691, columns so far: 13166182
  Processing partition 5400000/8877691, columns so far: 13167763
  Processing partition 5401000/8877691, columns so far: 13169317
  Processing partition 5402000/8877691, columns so far: 13172302
  Processing partition 5403000/8877691, columns so far: 13175266
  Processing partition 5404000/8877691, columns so far: 13177122
  Processing partition 5405000/8877691, columns so far: 13178682
  Processing partition 5406000/8877691, columns so far: 13180233
  Processing partition 5407000/8877691, columns so far: 13181968
  Processing partition 5408000/8877691, columns so far: 13183639
  Processing partition 5409000/8877691, columns so far: 13185526
  Processing partition 5410000/8877691, columns so far: 13187096
  Processing partition 5411000/8877691, columns so far: 13188667
  Processing partition 5412000/8877691, columns so far: 13191854
  Processing partition 5413000/8877691, columns so far: 13194724
  Processing partition 5414000/8877691, columns so far: 13196652
  Processing partition 5415000/8877691, columns so far: 13198732
  Processing partition 5416000/8877691, columns so far: 13200616
  Processing partition 5417000/8877691, columns so far: 13202525
  Processing partition 5418000/8877691, columns so far: 13204347
  Processing partition 5419000/8877691, columns so far: 13206146
  Processing partition 5420000/8877691, columns so far: 13208522
  Processing partition 5421000/8877691, columns so far: 13210060
  Processing partition 5422000/8877691, columns so far: 13212176
  Processing partition 5423000/8877691, columns so far: 13214028
  Processing partition 5424000/8877691, columns so far: 13215810
  Processing partition 5425000/8877691, columns so far: 13218026
  Processing partition 5426000/8877691, columns so far: 13219938
  Processing partition 5427000/8877691, columns so far: 13221764
  Processing partition 5428000/8877691, columns so far: 13223402
  Processing partition 5429000/8877691, columns so far: 13225432
  Processing partition 5430000/8877691, columns so far: 13227268
  Processing partition 5431000/8877691, columns so far: 13229064
  Processing partition 5432000/8877691, columns so far: 13231459
  Processing partition 5433000/8877691, columns so far: 13233732
  Processing partition 5434000/8877691, columns so far: 13237326
  Processing partition 5435000/8877691, columns so far: 13240868
  Processing partition 5436000/8877691, columns so far: 13242766
  Processing partition 5437000/8877691, columns so far: 13244318
  Processing partition 5438000/8877691, columns so far: 13245744
  Processing partition 5439000/8877691, columns so far: 13247207
  Processing partition 5440000/8877691, columns so far: 13248896
  Processing partition 5441000/8877691, columns so far: 13250623
  Processing partition 5442000/8877691, columns so far: 13252458
  Processing partition 5443000/8877691, columns so far: 13254259
  Processing partition 5444000/8877691, columns so far: 13257520
  Processing partition 5445000/8877691, columns so far: 13260391
  Processing partition 5446000/8877691, columns so far: 13262368
  Processing partition 5447000/8877691, columns so far: 13264339
  Processing partition 5448000/8877691, columns so far: 13266249
  Processing partition 5449000/8877691, columns so far: 13268157
  Processing partition 5450000/8877691, columns so far: 13269713
  Processing partition 5451000/8877691, columns so far: 13271824
  Processing partition 5452000/8877691, columns so far: 13273652
  Processing partition 5453000/8877691, columns so far: 13275502
  Processing partition 5454000/8877691, columns so far: 13277831
  Processing partition 5455000/8877691, columns so far: 13280406
  Processing partition 5456000/8877691, columns so far: 13284032
  Processing partition 5457000/8877691, columns so far: 13288406
  Processing partition 5458000/8877691, columns so far: 13292222
  Processing partition 5459000/8877691, columns so far: 13296046
  Processing partition 5460000/8877691, columns so far: 13299738
  Processing partition 5461000/8877691, columns so far: 13303210
  Processing partition 5462000/8877691, columns so far: 13308096
  Processing partition 5463000/8877691, columns so far: 13311142
  Processing partition 5464000/8877691, columns so far: 13315272
  Processing partition 5465000/8877691, columns so far: 13320212
  Processing partition 5466000/8877691, columns so far: 13327264
  Processing partition 5467000/8877691, columns so far: 13333366
  Processing partition 5468000/8877691, columns so far: 13335763
  Processing partition 5469000/8877691, columns so far: 13337320
  Processing partition 5470000/8877691, columns so far: 13339232
  Processing partition 5471000/8877691, columns so far: 13341258
  Processing partition 5472000/8877691, columns so far: 13343018
  Processing partition 5473000/8877691, columns so far: 13344782
  Processing partition 5474000/8877691, columns so far: 13347158
  Processing partition 5475000/8877691, columns so far: 13348870
  Processing partition 5476000/8877691, columns so far: 13350813
  Processing partition 5477000/8877691, columns so far: 13352691
  Processing partition 5478000/8877691, columns so far: 13354446
  Processing partition 5479000/8877691, columns so far: 13355960
  Processing partition 5480000/8877691, columns so far: 13357711
  Processing partition 5481000/8877691, columns so far: 13359428
  Processing partition 5482000/8877691, columns so far: 13360973
  Processing partition 5483000/8877691, columns so far: 13362825
  Processing partition 5484000/8877691, columns so far: 13364316
  Processing partition 5485000/8877691, columns so far: 13365890
  Processing partition 5486000/8877691, columns so far: 13368692
  Processing partition 5487000/8877691, columns so far: 13371892
  Processing partition 5488000/8877691, columns so far: 13373402
  Processing partition 5489000/8877691, columns so far: 13374897
  Processing partition 5490000/8877691, columns so far: 13376394
  Processing partition 5491000/8877691, columns so far: 13377779
  Processing partition 5492000/8877691, columns so far: 13379093
  Processing partition 5493000/8877691, columns so far: 13380517
  Processing partition 5494000/8877691, columns so far: 13381974
  Processing partition 5495000/8877691, columns so far: 13384428
  Processing partition 5496000/8877691, columns so far: 13386798
  Processing partition 5497000/8877691, columns so far: 13388237
  Processing partition 5498000/8877691, columns so far: 13389797
  Processing partition 5499000/8877691, columns so far: 13391173
  Processing partition 5500000/8877691, columns so far: 13392663
  Processing partition 5501000/8877691, columns so far: 13394212
  Processing partition 5502000/8877691, columns so far: 13395544
  Processing partition 5503000/8877691, columns so far: 13397048
  Processing partition 5504000/8877691, columns so far: 13400112
  Processing partition 5505000/8877691, columns so far: 13401992
  Processing partition 5506000/8877691, columns so far: 13403670
  Processing partition 5507000/8877691, columns so far: 13405520
  Processing partition 5508000/8877691, columns so far: 13407079
  Processing partition 5509000/8877691, columns so far: 13408635
  Processing partition 5510000/8877691, columns so far: 13410133
  Processing partition 5511000/8877691, columns so far: 13411948
  Processing partition 5512000/8877691, columns so far: 13413600
  Processing partition 5513000/8877691, columns so far: 13415156
  Processing partition 5514000/8877691, columns so far: 13417012
  Processing partition 5515000/8877691, columns so far: 13418567
  Processing partition 5516000/8877691, columns so far: 13420395
  Processing partition 5517000/8877691, columns so far: 13421953
  Processing partition 5518000/8877691, columns so far: 13423567
  Processing partition 5519000/8877691, columns so far: 13425090
  Processing partition 5520000/8877691, columns so far: 13426607
  Processing partition 5521000/8877691, columns so far: 13428557
  Processing partition 5522000/8877691, columns so far: 13430848
  Processing partition 5523000/8877691, columns so far: 13434443
  Processing partition 5524000/8877691, columns so far: 13435978
  Processing partition 5525000/8877691, columns so far: 13437325
  Processing partition 5526000/8877691, columns so far: 13438761
  Processing partition 5527000/8877691, columns so far: 13440073
  Processing partition 5528000/8877691, columns so far: 13441519
  Processing partition 5529000/8877691, columns so far: 13443020
  Processing partition 5530000/8877691, columns so far: 13444562
  Processing partition 5531000/8877691, columns so far: 13446906
  Processing partition 5532000/8877691, columns so far: 13449531
  Processing partition 5533000/8877691, columns so far: 13451309
  Processing partition 5534000/8877691, columns so far: 13452858
  Processing partition 5535000/8877691, columns so far: 13454653
  Processing partition 5536000/8877691, columns so far: 13456207
  Processing partition 5537000/8877691, columns so far: 13457844
  Processing partition 5538000/8877691, columns so far: 13459372
  Processing partition 5539000/8877691, columns so far: 13460898
  Processing partition 5540000/8877691, columns so far: 13462790
  Processing partition 5541000/8877691, columns so far: 13465606
  Processing partition 5542000/8877691, columns so far: 13469134
  Processing partition 5543000/8877691, columns so far: 13472348
  Processing partition 5544000/8877691, columns so far: 13475642
  Processing partition 5545000/8877691, columns so far: 13479070
  Processing partition 5546000/8877691, columns so far: 13482132
  Processing partition 5547000/8877691, columns so far: 13485880
  Processing partition 5548000/8877691, columns so far: 13489002
  Processing partition 5549000/8877691, columns so far: 13492114
  Processing partition 5550000/8877691, columns so far: 13497900
  Processing partition 5551000/8877691, columns so far: 13503339
  Processing partition 5552000/8877691, columns so far: 13505100
  Processing partition 5553000/8877691, columns so far: 13506626
  Processing partition 5554000/8877691, columns so far: 13508401
  Processing partition 5555000/8877691, columns so far: 13510099
  Processing partition 5556000/8877691, columns so far: 13511654
  Processing partition 5557000/8877691, columns so far: 13513501
  Processing partition 5558000/8877691, columns so far: 13514936
  Processing partition 5559000/8877691, columns so far: 13516559
  Processing partition 5560000/8877691, columns so far: 13519662
  Processing partition 5561000/8877691, columns so far: 13522632
  Processing partition 5562000/8877691, columns so far: 13524420
  Processing partition 5563000/8877691, columns so far: 13525980
  Processing partition 5564000/8877691, columns so far: 13527745
  Processing partition 5565000/8877691, columns so far: 13529453
  Processing partition 5566000/8877691, columns so far: 13530947
  Processing partition 5567000/8877691, columns so far: 13532666
  Processing partition 5568000/8877691, columns so far: 13534169
  Processing partition 5569000/8877691, columns so far: 13535912
  Processing partition 5570000/8877691, columns so far: 13537474
  Processing partition 5571000/8877691, columns so far: 13539386
  Processing partition 5572000/8877691, columns so far: 13540881
  Processing partition 5573000/8877691, columns so far: 13542435
  Processing partition 5574000/8877691, columns so far: 13544343
  Processing partition 5575000/8877691, columns so far: 13545870
  Processing partition 5576000/8877691, columns so far: 13547749
  Processing partition 5577000/8877691, columns so far: 13549315
  Processing partition 5578000/8877691, columns so far: 13550870
  Processing partition 5579000/8877691, columns so far: 13553796
  Processing partition 5580000/8877691, columns so far: 13556701
  Processing partition 5581000/8877691, columns so far: 13558261
  Processing partition 5582000/8877691, columns so far: 13559637
  Processing partition 5583000/8877691, columns so far: 13561196
  Processing partition 5584000/8877691, columns so far: 13562681
  Processing partition 5585000/8877691, columns so far: 13564078
  Processing partition 5586000/8877691, columns so far: 13565486
  Processing partition 5587000/8877691, columns so far: 13566898
  Processing partition 5588000/8877691, columns so far: 13569858
  Processing partition 5589000/8877691, columns so far: 13571724
  Processing partition 5590000/8877691, columns so far: 13573664
  Processing partition 5591000/8877691, columns so far: 13575191
  Processing partition 5592000/8877691, columns so far: 13576866
  Processing partition 5593000/8877691, columns so far: 13578637
  Processing partition 5594000/8877691, columns so far: 13580152
  Processing partition 5595000/8877691, columns so far: 13581967
  Processing partition 5596000/8877691, columns so far: 13583592
  Processing partition 5597000/8877691, columns so far: 13585124
  Processing partition 5598000/8877691, columns so far: 13586679
  Processing partition 5599000/8877691, columns so far: 13588587
  Processing partition 5600000/8877691, columns so far: 13590085
  Processing partition 5601000/8877691, columns so far: 13591969
  Processing partition 5602000/8877691, columns so far: 13593534
  Processing partition 5603000/8877691, columns so far: 13595108
  Processing partition 5604000/8877691, columns so far: 13596613
  Processing partition 5605000/8877691, columns so far: 13598520
  Processing partition 5606000/8877691, columns so far: 13600554
  Processing partition 5607000/8877691, columns so far: 13604112
  Processing partition 5608000/8877691, columns so far: 13605789
  Processing partition 5609000/8877691, columns so far: 13607343
  Processing partition 5610000/8877691, columns so far: 13608660
  Processing partition 5611000/8877691, columns so far: 13610128
  Processing partition 5612000/8877691, columns so far: 13611540
  Processing partition 5613000/8877691, columns so far: 13613023
  Processing partition 5614000/8877691, columns so far: 13614537
  Processing partition 5615000/8877691, columns so far: 13616618
  Processing partition 5616000/8877691, columns so far: 13619425
  Processing partition 5617000/8877691, columns so far: 13620962
  Processing partition 5618000/8877691, columns so far: 13622841
  Processing partition 5619000/8877691, columns so far: 13624397
  Processing partition 5620000/8877691, columns so far: 13626223
  Processing partition 5621000/8877691, columns so far: 13627803
  Processing partition 5622000/8877691, columns so far: 13629358
  Processing partition 5623000/8877691, columns so far: 13630864
  Processing partition 5624000/8877691, columns so far: 13632828
  Processing partition 5625000/8877691, columns so far: 13635118
  Processing partition 5626000/8877691, columns so far: 13638868
  Processing partition 5627000/8877691, columns so far: 13641942
  Processing partition 5628000/8877691, columns so far: 13645000
  Processing partition 5629000/8877691, columns so far: 13648844
  Processing partition 5630000/8877691, columns so far: 13651864
  Processing partition 5631000/8877691, columns so far: 13655678
  Processing partition 5632000/8877691, columns so far: 13658380
  Processing partition 5633000/8877691, columns so far: 13661786
  Processing partition 5634000/8877691, columns so far: 13667084
  Processing partition 5635000/8877691, columns so far: 13673193
  Processing partition 5636000/8877691, columns so far: 13675016
  Processing partition 5637000/8877691, columns so far: 13676624
  Processing partition 5638000/8877691, columns so far: 13678176
  Processing partition 5639000/8877691, columns so far: 13680076
  Processing partition 5640000/8877691, columns so far: 13681617
  Processing partition 5641000/8877691, columns so far: 13683272
  Processing partition 5642000/8877691, columns so far: 13684839
  Processing partition 5643000/8877691, columns so far: 13686589
  Processing partition 5644000/8877691, columns so far: 13689074
  Processing partition 5645000/8877691, columns so far: 13692532
  Processing partition 5646000/8877691, columns so far: 13694058
  Processing partition 5647000/8877691, columns so far: 13695592
  Processing partition 5648000/8877691, columns so far: 13696927
  Processing partition 5649000/8877691, columns so far: 13698509
  Processing partition 5650000/8877691, columns so far: 13699797
  Processing partition 5651000/8877691, columns so far: 13701257
  Processing partition 5652000/8877691, columns so far: 13702703
  Processing partition 5653000/8877691, columns so far: 13705156
  Processing partition 5654000/8877691, columns so far: 13707498
  Processing partition 5655000/8877691, columns so far: 13709372
  Processing partition 5656000/8877691, columns so far: 13710899
  Processing partition 5657000/8877691, columns so far: 13712429
  Processing partition 5658000/8877691, columns so far: 13714367
  Processing partition 5659000/8877691, columns so far: 13715862
  Processing partition 5660000/8877691, columns so far: 13717765
  Processing partition 5661000/8877691, columns so far: 13719180
  Processing partition 5662000/8877691, columns so far: 13720833
  Processing partition 5663000/8877691, columns so far: 13722388
  Processing partition 5664000/8877691, columns so far: 13724245
  Processing partition 5665000/8877691, columns so far: 13725848
  Processing partition 5666000/8877691, columns so far: 13727376
  Processing partition 5667000/8877691, columns so far: 13729201
  Processing partition 5668000/8877691, columns so far: 13730796
  Processing partition 5669000/8877691, columns so far: 13732638
  Processing partition 5670000/8877691, columns so far: 13734239
  Processing partition 5671000/8877691, columns so far: 13735790
  Processing partition 5672000/8877691, columns so far: 13739482
  Processing partition 5673000/8877691, columns so far: 13741737
  Processing partition 5674000/8877691, columns so far: 13743599
  Processing partition 5675000/8877691, columns so far: 13745155
  Processing partition 5676000/8877691, columns so far: 13746709
  Processing partition 5677000/8877691, columns so far: 13748498
  Processing partition 5678000/8877691, columns so far: 13750116
  Processing partition 5679000/8877691, columns so far: 13752019
  Processing partition 5680000/8877691, columns so far: 13753584
  Processing partition 5681000/8877691, columns so far: 13755141
  Processing partition 5682000/8877691, columns so far: 13756642
  Processing partition 5683000/8877691, columns so far: 13758478
  Processing partition 5684000/8877691, columns so far: 13760106
  Processing partition 5685000/8877691, columns so far: 13761626
  Processing partition 5686000/8877691, columns so far: 13763220
  Processing partition 5687000/8877691, columns so far: 13765075
  Processing partition 5688000/8877691, columns so far: 13766566
  Processing partition 5689000/8877691, columns so far: 13768525
  Processing partition 5690000/8877691, columns so far: 13770222
  Processing partition 5691000/8877691, columns so far: 13773340
  Processing partition 5692000/8877691, columns so far: 13775807
  Processing partition 5693000/8877691, columns so far: 13777282
  Processing partition 5694000/8877691, columns so far: 13778688
  Processing partition 5695000/8877691, columns so far: 13780003
  Processing partition 5696000/8877691, columns so far: 13781558
  Processing partition 5697000/8877691, columns so far: 13783001
  Processing partition 5698000/8877691, columns so far: 13784532
  Processing partition 5699000/8877691, columns so far: 13786324
  Processing partition 5700000/8877691, columns so far: 13789393
  Processing partition 5701000/8877691, columns so far: 13790953
  Processing partition 5702000/8877691, columns so far: 13792715
  Processing partition 5703000/8877691, columns so far: 13794359
  Processing partition 5704000/8877691, columns so far: 13795893
  Processing partition 5705000/8877691, columns so far: 13797772
  Processing partition 5706000/8877691, columns so far: 13799356
  Processing partition 5707000/8877691, columns so far: 13800884
  Processing partition 5708000/8877691, columns so far: 13802794
  Processing partition 5709000/8877691, columns so far: 13804814
  Processing partition 5710000/8877691, columns so far: 13808164
  Processing partition 5711000/8877691, columns so far: 13811292
  Processing partition 5712000/8877691, columns so far: 13814738
  Processing partition 5713000/8877691, columns so far: 13818144
  Processing partition 5714000/8877691, columns so far: 13821664
  Processing partition 5715000/8877691, columns so far: 13824840
  Processing partition 5716000/8877691, columns so far: 13828126
  Processing partition 5717000/8877691, columns so far: 13831550
  Processing partition 5718000/8877691, columns so far: 13837016
  Processing partition 5719000/8877691, columns so far: 13843147
  Processing partition 5720000/8877691, columns so far: 13844724
  Processing partition 5721000/8877691, columns so far: 13846455
  Processing partition 5722000/8877691, columns so far: 13848174
  Processing partition 5723000/8877691, columns so far: 13849849
  Processing partition 5724000/8877691, columns so far: 13851580
  Processing partition 5725000/8877691, columns so far: 13853132
  Processing partition 5726000/8877691, columns so far: 13854860
  Processing partition 5727000/8877691, columns so far: 13856547
  Processing partition 5728000/8877691, columns so far: 13858768
  Processing partition 5729000/8877691, columns so far: 13862500
  Processing partition 5730000/8877691, columns so far: 13864050
  Processing partition 5731000/8877691, columns so far: 13865391
  Processing partition 5732000/8877691, columns so far: 13866973
  Processing partition 5733000/8877691, columns so far: 13868430
  Processing partition 5734000/8877691, columns so far: 13869837
  Processing partition 5735000/8877691, columns so far: 13871311
  Processing partition 5736000/8877691, columns so far: 13872719
  Processing partition 5737000/8877691, columns so far: 13874726
  Processing partition 5738000/8877691, columns so far: 13877398
  Processing partition 5739000/8877691, columns so far: 13878956
  Processing partition 5740000/8877691, columns so far: 13880271
  Processing partition 5741000/8877691, columns so far: 13881831
  Processing partition 5742000/8877691, columns so far: 13883382
  Processing partition 5743000/8877691, columns so far: 13884729
  Processing partition 5744000/8877691, columns so far: 13886155
  Processing partition 5745000/8877691, columns so far: 13887599
  Processing partition 5746000/8877691, columns so far: 13890200
  Processing partition 5747000/8877691, columns so far: 13892413
  Processing partition 5748000/8877691, columns so far: 13894268
  Processing partition 5749000/8877691, columns so far: 13895828
  Processing partition 5750000/8877691, columns so far: 13897380
  Processing partition 5751000/8877691, columns so far: 13899111
  Processing partition 5752000/8877691, columns so far: 13900786
  Processing partition 5753000/8877691, columns so far: 13902670
  Processing partition 5754000/8877691, columns so far: 13904236
  Processing partition 5755000/8877691, columns so far: 13905813
  Processing partition 5756000/8877691, columns so far: 13907522
  Processing partition 5757000/8877691, columns so far: 13909933
  Processing partition 5758000/8877691, columns so far: 13911500
  Processing partition 5759000/8877691, columns so far: 13913396
  Processing partition 5760000/8877691, columns so far: 13915414
  Processing partition 5761000/8877691, columns so far: 13917192
  Processing partition 5762000/8877691, columns so far: 13918952
  Processing partition 5763000/8877691, columns so far: 13921266
  Processing partition 5764000/8877691, columns so far: 13923223
  Processing partition 5765000/8877691, columns so far: 13924982
  Processing partition 5766000/8877691, columns so far: 13926638
  Processing partition 5767000/8877691, columns so far: 13928513
  Processing partition 5768000/8877691, columns so far: 13930069
  Processing partition 5769000/8877691, columns so far: 13931628
  Processing partition 5770000/8877691, columns so far: 13933187
  Processing partition 5771000/8877691, columns so far: 13934919
  Processing partition 5772000/8877691, columns so far: 13936569
  Processing partition 5773000/8877691, columns so far: 13938503
  Processing partition 5774000/8877691, columns so far: 13940056
  Processing partition 5775000/8877691, columns so far: 13943032
  Processing partition 5776000/8877691, columns so far: 13945828
  Processing partition 5777000/8877691, columns so far: 13947335
  Processing partition 5778000/8877691, columns so far: 13948647
  Processing partition 5779000/8877691, columns so far: 13950022
  Processing partition 5780000/8877691, columns so far: 13951440
  Processing partition 5781000/8877691, columns so far: 13952995
  Processing partition 5782000/8877691, columns so far: 13954528
  Processing partition 5783000/8877691, columns so far: 13956102
  Processing partition 5784000/8877691, columns so far: 13959148
  Processing partition 5785000/8877691, columns so far: 13960906
  Processing partition 5786000/8877691, columns so far: 13962732
  Processing partition 5787000/8877691, columns so far: 13964287
  Processing partition 5788000/8877691, columns so far: 13965884
  Processing partition 5789000/8877691, columns so far: 13967438
  Processing partition 5790000/8877691, columns so far: 13969202
  Processing partition 5791000/8877691, columns so far: 13970839
  Processing partition 5792000/8877691, columns so far: 13972801
  Processing partition 5793000/8877691, columns so far: 13974546
  Processing partition 5794000/8877691, columns so far: 13978192
  Processing partition 5795000/8877691, columns so far: 13982860
  Processing partition 5796000/8877691, columns so far: 13986560
  Processing partition 5797000/8877691, columns so far: 13989656
  Processing partition 5798000/8877691, columns so far: 13993876
  Processing partition 5799000/8877691, columns so far: 13997532
  Processing partition 5800000/8877691, columns so far: 14001164
  Processing partition 5801000/8877691, columns so far: 14005424
  Processing partition 5802000/8877691, columns so far: 14009592
  Processing partition 5803000/8877691, columns so far: 14013170
  Processing partition 5804000/8877691, columns so far: 14015014
  Processing partition 5805000/8877691, columns so far: 14017290
  Processing partition 5806000/8877691, columns so far: 14019201
  Processing partition 5807000/8877691, columns so far: 14020752
  Processing partition 5808000/8877691, columns so far: 14022830
  Processing partition 5809000/8877691, columns so far: 14024692
  Processing partition 5810000/8877691, columns so far: 14026450
  Processing partition 5811000/8877691, columns so far: 14028633
  Processing partition 5812000/8877691, columns so far: 14030722
  Processing partition 5813000/8877691, columns so far: 14032480
  Processing partition 5814000/8877691, columns so far: 14035848
  Processing partition 5815000/8877691, columns so far: 14040308
  Processing partition 5816000/8877691, columns so far: 14042069
  Processing partition 5817000/8877691, columns so far: 14043637
  Processing partition 5818000/8877691, columns so far: 14045448
  Processing partition 5819000/8877691, columns so far: 14047070
  Processing partition 5820000/8877691, columns so far: 14048624
  Processing partition 5821000/8877691, columns so far: 14050200
  Processing partition 5822000/8877691, columns so far: 14051856
  Processing partition 5823000/8877691, columns so far: 14053597
  Processing partition 5824000/8877691, columns so far: 14056000
  Processing partition 5825000/8877691, columns so far: 14059527
  Processing partition 5826000/8877691, columns so far: 14061038
  Processing partition 5827000/8877691, columns so far: 14062960
  Processing partition 5828000/8877691, columns so far: 14064500
  Processing partition 5829000/8877691, columns so far: 14066422
  Processing partition 5830000/8877691, columns so far: 14067918
  Processing partition 5831000/8877691, columns so far: 14069472
  Processing partition 5832000/8877691, columns so far: 14071195
  Processing partition 5833000/8877691, columns so far: 14072902
  Processing partition 5834000/8877691, columns so far: 14075076
  Processing partition 5835000/8877691, columns so far: 14078835
  Processing partition 5836000/8877691, columns so far: 14080386
  Processing partition 5837000/8877691, columns so far: 14082152
  Processing partition 5838000/8877691, columns so far: 14083832
  Processing partition 5839000/8877691, columns so far: 14085473
  Processing partition 5840000/8877691, columns so far: 14087261
  Processing partition 5841000/8877691, columns so far: 14088820
  Processing partition 5842000/8877691, columns so far: 14090549
  Processing partition 5843000/8877691, columns so far: 14092228
  Processing partition 5844000/8877691, columns so far: 14094504
  Processing partition 5845000/8877691, columns so far: 14098032
  Processing partition 5846000/8877691, columns so far: 14099968
  Processing partition 5847000/8877691, columns so far: 14102304
  Processing partition 5848000/8877691, columns so far: 14104004
  Processing partition 5849000/8877691, columns so far: 14105740
  Processing partition 5850000/8877691, columns so far: 14107821
  Processing partition 5851000/8877691, columns so far: 14109584
  Processing partition 5852000/8877691, columns so far: 14111441
  Processing partition 5853000/8877691, columns so far: 14113648
  Processing partition 5854000/8877691, columns so far: 14115615
  Processing partition 5855000/8877691, columns so far: 14117472
  Processing partition 5856000/8877691, columns so far: 14119234
  Processing partition 5857000/8877691, columns so far: 14121646
  Processing partition 5858000/8877691, columns so far: 14123198
  Processing partition 5859000/8877691, columns so far: 14125059
  Processing partition 5860000/8877691, columns so far: 14126967
  Processing partition 5861000/8877691, columns so far: 14128896
  Processing partition 5862000/8877691, columns so far: 14130662
  Processing partition 5863000/8877691, columns so far: 14132516
  Processing partition 5864000/8877691, columns so far: 14134927
  Processing partition 5865000/8877691, columns so far: 14136693
  Processing partition 5866000/8877691, columns so far: 14139814
  Processing partition 5867000/8877691, columns so far: 14144487
  Processing partition 5868000/8877691, columns so far: 14146019
  Processing partition 5869000/8877691, columns so far: 14147778
  Processing partition 5870000/8877691, columns so far: 14149351
  Processing partition 5871000/8877691, columns so far: 14150906
  Processing partition 5872000/8877691, columns so far: 14152569
  Processing partition 5873000/8877691, columns so far: 14154091
  Processing partition 5874000/8877691, columns so far: 14155850
  Processing partition 5875000/8877691, columns so far: 14157711
  Processing partition 5876000/8877691, columns so far: 14160208
  Processing partition 5877000/8877691, columns so far: 14163756
  Processing partition 5878000/8877691, columns so far: 14165595
  Processing partition 5879000/8877691, columns so far: 14167960
  Processing partition 5880000/8877691, columns so far: 14169708
  Processing partition 5881000/8877691, columns so far: 14171398
  Processing partition 5882000/8877691, columns so far: 14173283
  Processing partition 5883000/8877691, columns so far: 14175270
  Processing partition 5884000/8877691, columns so far: 14177121
  Processing partition 5885000/8877691, columns so far: 14178833
  Processing partition 5886000/8877691, columns so far: 14181300
  Processing partition 5887000/8877691, columns so far: 14183116
  Processing partition 5888000/8877691, columns so far: 14184912
  Processing partition 5889000/8877691, columns so far: 14187312
  Processing partition 5890000/8877691, columns so far: 14188896
  Processing partition 5891000/8877691, columns so far: 14190714
  Processing partition 5892000/8877691, columns so far: 14192628
  Processing partition 5893000/8877691, columns so far: 14194567
  Processing partition 5894000/8877691, columns so far: 14196336
  Processing partition 5895000/8877691, columns so far: 14198179
  Processing partition 5896000/8877691, columns so far: 14200592
  Processing partition 5897000/8877691, columns so far: 14202363
  Processing partition 5898000/8877691, columns so far: 14205578
  Processing partition 5899000/8877691, columns so far: 14210181
  Processing partition 5900000/8877691, columns so far: 14211946
  Processing partition 5901000/8877691, columns so far: 14213624
  Processing partition 5902000/8877691, columns so far: 14215466
  Processing partition 5903000/8877691, columns so far: 14217022
  Processing partition 5904000/8877691, columns so far: 14218610
  Processing partition 5905000/8877691, columns so far: 14220144
  Processing partition 5906000/8877691, columns so far: 14221642
  Processing partition 5907000/8877691, columns so far: 14223592
  Processing partition 5908000/8877691, columns so far: 14225684
  Processing partition 5909000/8877691, columns so far: 14229472
  Processing partition 5910000/8877691, columns so far: 14231061
  Processing partition 5911000/8877691, columns so far: 14232974
  Processing partition 5912000/8877691, columns so far: 14234468
  Processing partition 5913000/8877691, columns so far: 14236358
  Processing partition 5914000/8877691, columns so far: 14237856
  Processing partition 5915000/8877691, columns so far: 14239435
  Processing partition 5916000/8877691, columns so far: 14240990
  Processing partition 5917000/8877691, columns so far: 14242898
  Processing partition 5918000/8877691, columns so far: 14244880
  Processing partition 5919000/8877691, columns so far: 14248152
  Processing partition 5920000/8877691, columns so far: 14250350
  Processing partition 5921000/8877691, columns so far: 14252196
  Processing partition 5922000/8877691, columns so far: 14253822
  Processing partition 5923000/8877691, columns so far: 14255344
  Processing partition 5924000/8877691, columns so far: 14256948
  Processing partition 5925000/8877691, columns so far: 14258780
  Processing partition 5926000/8877691, columns so far: 14260277
  Processing partition 5927000/8877691, columns so far: 14262236
  Processing partition 5928000/8877691, columns so far: 14263960
  Processing partition 5929000/8877691, columns so far: 14267060
  Processing partition 5930000/8877691, columns so far: 14269698
  Processing partition 5931000/8877691, columns so far: 14271540
  Processing partition 5932000/8877691, columns so far: 14273095
  Processing partition 5933000/8877691, columns so far: 14274665
  Processing partition 5934000/8877691, columns so far: 14276215
  Processing partition 5935000/8877691, columns so far: 14277961
  Processing partition 5936000/8877691, columns so far: 14279632
  Processing partition 5937000/8877691, columns so far: 14281556
  Processing partition 5938000/8877691, columns so far: 14283152
  Processing partition 5939000/8877691, columns so far: 14286676
  Processing partition 5940000/8877691, columns so far: 14289190
  Processing partition 5941000/8877691, columns so far: 14291615
  Processing partition 5942000/8877691, columns so far: 14293171
  Processing partition 5943000/8877691, columns so far: 14295079
  Processing partition 5944000/8877691, columns so far: 14296975
  Processing partition 5945000/8877691, columns so far: 14298732
  Processing partition 5946000/8877691, columns so far: 14300634
  Processing partition 5947000/8877691, columns so far: 14302480
  Processing partition 5948000/8877691, columns so far: 14304724
  Processing partition 5949000/8877691, columns so far: 14306665
  Processing partition 5950000/8877691, columns so far: 14308511
  Processing partition 5951000/8877691, columns so far: 14310598
  Processing partition 5952000/8877691, columns so far: 14312458
  Processing partition 5953000/8877691, columns so far: 14314366
  Processing partition 5954000/8877691, columns so far: 14316284
  Processing partition 5955000/8877691, columns so far: 14317858
  Processing partition 5956000/8877691, columns so far: 14319707
  Processing partition 5957000/8877691, columns so far: 14321778
  Processing partition 5958000/8877691, columns so far: 14323646
  Processing partition 5959000/8877691, columns so far: 14325792
  Processing partition 5960000/8877691, columns so far: 14329172
  Processing partition 5961000/8877691, columns so far: 14333400
  Processing partition 5962000/8877691, columns so far: 14335530
  Processing partition 5963000/8877691, columns so far: 14337964
  Processing partition 5964000/8877691, columns so far: 14339508
  Processing partition 5965000/8877691, columns so far: 14341390
  Processing partition 5966000/8877691, columns so far: 14343302
  Processing partition 5967000/8877691, columns so far: 14345208
  Processing partition 5968000/8877691, columns so far: 14346736
  Processing partition 5969000/8877691, columns so far: 14348853
  Processing partition 5970000/8877691, columns so far: 14350952
  Processing partition 5971000/8877691, columns so far: 14352932
  Processing partition 5972000/8877691, columns so far: 14356136
  Processing partition 5973000/8877691, columns so far: 14360956
  Processing partition 5974000/8877691, columns so far: 14364000
  Processing partition 5975000/8877691, columns so far: 14367804
  Processing partition 5976000/8877691, columns so far: 14371620
  Processing partition 5977000/8877691, columns so far: 14375112
  Processing partition 5978000/8877691, columns so far: 14378484
  Processing partition 5979000/8877691, columns so far: 14382658
  Processing partition 5980000/8877691, columns so far: 14386430
  Processing partition 5981000/8877691, columns so far: 14390834
  Processing partition 5982000/8877691, columns so far: 14398128
  Processing partition 5983000/8877691, columns so far: 14406484
  Processing partition 5984000/8877691, columns so far: 14408279
  Processing partition 5985000/8877691, columns so far: 14410079
  Processing partition 5986000/8877691, columns so far: 14411634
  Processing partition 5987000/8877691, columns so far: 14413212
  Processing partition 5988000/8877691, columns so far: 14414798
  Processing partition 5989000/8877691, columns so far: 14416339
  Processing partition 5990000/8877691, columns so far: 14418121
  Processing partition 5991000/8877691, columns so far: 14419949
  Processing partition 5992000/8877691, columns so far: 14422064
  Processing partition 5993000/8877691, columns so far: 14425224
  Processing partition 5994000/8877691, columns so far: 14427594
  Processing partition 5995000/8877691, columns so far: 14429010
  Processing partition 5996000/8877691, columns so far: 14430500
  Processing partition 5997000/8877691, columns so far: 14431810
  Processing partition 5998000/8877691, columns so far: 14433220
  Processing partition 5999000/8877691, columns so far: 14434672
  Processing partition 6000000/8877691, columns so far: 14436228
  Processing partition 6001000/8877691, columns so far: 14438012
  Processing partition 6002000/8877691, columns so far: 14441024
  Processing partition 6003000/8877691, columns so far: 14442494
  Processing partition 6004000/8877691, columns so far: 14443905
  Processing partition 6005000/8877691, columns so far: 14445224
  Processing partition 6006000/8877691, columns so far: 14446653
  Processing partition 6007000/8877691, columns so far: 14448101
  Processing partition 6008000/8877691, columns so far: 14449600
  Processing partition 6009000/8877691, columns so far: 14451139
  Processing partition 6010000/8877691, columns so far: 14453228
  Processing partition 6011000/8877691, columns so far: 14455892
  Processing partition 6012000/8877691, columns so far: 14457444
  Processing partition 6013000/8877691, columns so far: 14458798
  Processing partition 6014000/8877691, columns so far: 14460104
  Processing partition 6015000/8877691, columns so far: 14461665
  Processing partition 6016000/8877691, columns so far: 14462995
  Processing partition 6017000/8877691, columns so far: 14464532
  Processing partition 6018000/8877691, columns so far: 14466056
  Processing partition 6019000/8877691, columns so far: 14468432
  Processing partition 6020000/8877691, columns so far: 14470767
  Processing partition 6021000/8877691, columns so far: 14472270
  Processing partition 6022000/8877691, columns so far: 14473584
  Processing partition 6023000/8877691, columns so far: 14474959
  Processing partition 6024000/8877691, columns so far: 14476376
  Processing partition 6025000/8877691, columns so far: 14477932
  Processing partition 6026000/8877691, columns so far: 14479472
  Processing partition 6027000/8877691, columns so far: 14481048
  Processing partition 6028000/8877691, columns so far: 14484100
  Processing partition 6029000/8877691, columns so far: 14485824
  Processing partition 6030000/8877691, columns so far: 14487668
  Processing partition 6031000/8877691, columns so far: 14489220
  Processing partition 6032000/8877691, columns so far: 14490812
  Processing partition 6033000/8877691, columns so far: 14492369
  Processing partition 6034000/8877691, columns so far: 14493894
  Processing partition 6035000/8877691, columns so far: 14495628
  Processing partition 6036000/8877691, columns so far: 14497512
  Processing partition 6037000/8877691, columns so far: 14499282
  Processing partition 6038000/8877691, columns so far: 14501060
  Processing partition 6039000/8877691, columns so far: 14503415
  Processing partition 6040000/8877691, columns so far: 14505279
  Processing partition 6041000/8877691, columns so far: 14506836
  Processing partition 6042000/8877691, columns so far: 14508726
  Processing partition 6043000/8877691, columns so far: 14510659
  Processing partition 6044000/8877691, columns so far: 14512572
  Processing partition 6045000/8877691, columns so far: 14514332
  Processing partition 6046000/8877691, columns so far: 14516545
  Processing partition 6047000/8877691, columns so far: 14518602
  Processing partition 6048000/8877691, columns so far: 14520362
  Processing partition 6049000/8877691, columns so far: 14522722
  Processing partition 6050000/8877691, columns so far: 14524632
  Processing partition 6051000/8877691, columns so far: 14526160
  Processing partition 6052000/8877691, columns so far: 14528034
  Processing partition 6053000/8877691, columns so far: 14529997
  Processing partition 6054000/8877691, columns so far: 14531720
  Processing partition 6055000/8877691, columns so far: 14533654
  Processing partition 6056000/8877691, columns so far: 14535751
  Processing partition 6057000/8877691, columns so far: 14537901
  Processing partition 6058000/8877691, columns so far: 14541288
  Processing partition 6059000/8877691, columns so far: 14546060
  Processing partition 6060000/8877691, columns so far: 14549380
  Processing partition 6061000/8877691, columns so far: 14552872
  Processing partition 6062000/8877691, columns so far: 14556698
  Processing partition 6063000/8877691, columns so far: 14560514
  Processing partition 6064000/8877691, columns so far: 14563652
  Processing partition 6065000/8877691, columns so far: 14567798
  Processing partition 6066000/8877691, columns so far: 14572098
  Processing partition 6067000/8877691, columns so far: 14576244
  Processing partition 6068000/8877691, columns so far: 14578508
  Processing partition 6069000/8877691, columns so far: 14580900
  Processing partition 6070000/8877691, columns so far: 14582428
  Processing partition 6071000/8877691, columns so far: 14584329
  Processing partition 6072000/8877691, columns so far: 14586246
  Processing partition 6073000/8877691, columns so far: 14588177
  Processing partition 6074000/8877691, columns so far: 14589920
  Processing partition 6075000/8877691, columns so far: 14591788
  Processing partition 6076000/8877691, columns so far: 14594208
  Processing partition 6077000/8877691, columns so far: 14595950
  Processing partition 6078000/8877691, columns so far: 14599056
  Processing partition 6079000/8877691, columns so far: 14603791
  Processing partition 6080000/8877691, columns so far: 14605533
  Processing partition 6081000/8877691, columns so far: 14607241
  Processing partition 6082000/8877691, columns so far: 14609082
  Processing partition 6083000/8877691, columns so far: 14610647
  Processing partition 6084000/8877691, columns so far: 14612196
  Processing partition 6085000/8877691, columns so far: 14613762
  Processing partition 6086000/8877691, columns so far: 14615256
  Processing partition 6087000/8877691, columns so far: 14617219
  Processing partition 6088000/8877691, columns so far: 14619218
  Processing partition 6089000/8877691, columns so far: 14622644
  Processing partition 6090000/8877691, columns so far: 14624615
  Processing partition 6091000/8877691, columns so far: 14626554
  Processing partition 6092000/8877691, columns so far: 14628079
  Processing partition 6093000/8877691, columns so far: 14629986
  Processing partition 6094000/8877691, columns so far: 14631390
  Processing partition 6095000/8877691, columns so far: 14633049
  Processing partition 6096000/8877691, columns so far: 14634579
  Processing partition 6097000/8877691, columns so far: 14636516
  Processing partition 6098000/8877691, columns so far: 14638356
  Processing partition 6099000/8877691, columns so far: 14641524
  Processing partition 6100000/8877691, columns so far: 14643965
  Processing partition 6101000/8877691, columns so far: 14645791
  Processing partition 6102000/8877691, columns so far: 14647438
  Processing partition 6103000/8877691, columns so far: 14648932
  Processing partition 6104000/8877691, columns so far: 14650486
  Processing partition 6105000/8877691, columns so far: 14652399
  Processing partition 6106000/8877691, columns so far: 14653895
  Processing partition 6107000/8877691, columns so far: 14655861
  Processing partition 6108000/8877691, columns so far: 14657484
  Processing partition 6109000/8877691, columns so far: 14660584
  Processing partition 6110000/8877691, columns so far: 14663286
  Processing partition 6111000/8877691, columns so far: 14665162
  Processing partition 6112000/8877691, columns so far: 14666720
  Processing partition 6113000/8877691, columns so far: 14668275
  Processing partition 6114000/8877691, columns so far: 14669839
  Processing partition 6115000/8877691, columns so far: 14671571
  Processing partition 6116000/8877691, columns so far: 14673221
  Processing partition 6117000/8877691, columns so far: 14675153
  Processing partition 6118000/8877691, columns so far: 14676706
  Processing partition 6119000/8877691, columns so far: 14680184
  Processing partition 6120000/8877691, columns so far: 14682776
  Processing partition 6121000/8877691, columns so far: 14685016
  Processing partition 6122000/8877691, columns so far: 14686768
  Processing partition 6123000/8877691, columns so far: 14688693
  Processing partition 6124000/8877691, columns so far: 14690600
  Processing partition 6125000/8877691, columns so far: 14692246
  Processing partition 6126000/8877691, columns so far: 14694244
  Processing partition 6127000/8877691, columns so far: 14696095
  Processing partition 6128000/8877691, columns so far: 14698204
  Processing partition 6129000/8877691, columns so far: 14700220
  Processing partition 6130000/8877691, columns so far: 14702126
  Processing partition 6131000/8877691, columns so far: 14704084
  Processing partition 6132000/8877691, columns so far: 14706076
  Processing partition 6133000/8877691, columns so far: 14707982
  Processing partition 6134000/8877691, columns so far: 14709892
  Processing partition 6135000/8877691, columns so far: 14711448
  Processing partition 6136000/8877691, columns so far: 14713303
  Processing partition 6137000/8877691, columns so far: 14715387
  Processing partition 6138000/8877691, columns so far: 14717185
  Processing partition 6139000/8877691, columns so far: 14719371
  Processing partition 6140000/8877691, columns so far: 14722660
  Processing partition 6141000/8877691, columns so far: 14726782
  Processing partition 6142000/8877691, columns so far: 14729146
  Processing partition 6143000/8877691, columns so far: 14731560
  Processing partition 6144000/8877691, columns so far: 14733088
  Processing partition 6145000/8877691, columns so far: 14734978
  Processing partition 6146000/8877691, columns so far: 14736906
  Processing partition 6147000/8877691, columns so far: 14738824
  Processing partition 6148000/8877691, columns so far: 14740346
  Processing partition 6149000/8877691, columns so far: 14742408
  Processing partition 6150000/8877691, columns so far: 14744334
  Processing partition 6151000/8877691, columns so far: 14746509
  Processing partition 6152000/8877691, columns so far: 14749556
  Processing partition 6153000/8877691, columns so far: 14754444
  Processing partition 6154000/8877691, columns so far: 14757564
  Processing partition 6155000/8877691, columns so far: 14761388
  Processing partition 6156000/8877691, columns so far: 14765184
  Processing partition 6157000/8877691, columns so far: 14768612
  Processing partition 6158000/8877691, columns so far: 14772490
  Processing partition 6159000/8877691, columns so far: 14776192
  Processing partition 6160000/8877691, columns so far: 14780528
  Processing partition 6161000/8877691, columns so far: 14784544
  Processing partition 6162000/8877691, columns so far: 14790176
  Processing partition 6163000/8877691, columns so far: 14798216
  Processing partition 6164000/8877691, columns so far: 14803716
  Processing partition 6165000/8877691, columns so far: 14807146
  Processing partition 6166000/8877691, columns so far: 14810894
  Processing partition 6167000/8877691, columns so far: 14813976
  Processing partition 6168000/8877691, columns so far: 14816680
  Processing partition 6169000/8877691, columns so far: 14820112
  Processing partition 6170000/8877691, columns so far: 14823194
  Processing partition 6171000/8877691, columns so far: 14827050
  Processing partition 6172000/8877691, columns so far: 14830596
  Processing partition 6173000/8877691, columns so far: 14836700
  Processing partition 6174000/8877691, columns so far: 14841944
  Processing partition 6175000/8877691, columns so far: 14845820
  Processing partition 6176000/8877691, columns so far: 14848888
  Processing partition 6177000/8877691, columns so far: 14852136
  Processing partition 6178000/8877691, columns so far: 14855378
  Processing partition 6179000/8877691, columns so far: 14858810
  Processing partition 6180000/8877691, columns so far: 14861824
  Processing partition 6181000/8877691, columns so far: 14865700
  Processing partition 6182000/8877691, columns so far: 14868868
  Processing partition 6183000/8877691, columns so far: 14875092
  Processing partition 6184000/8877691, columns so far: 14880640
  Processing partition 6185000/8877691, columns so far: 14884342
  Processing partition 6186000/8877691, columns so far: 14887464
  Processing partition 6187000/8877691, columns so far: 14890572
  Processing partition 6188000/8877691, columns so far: 14893692
  Processing partition 6189000/8877691, columns so far: 14897442
  Processing partition 6190000/8877691, columns so far: 14900506
  Processing partition 6191000/8877691, columns so far: 14904320
  Processing partition 6192000/8877691, columns so far: 14907394
  Processing partition 6193000/8877691, columns so far: 14913232
  Processing partition 6194000/8877691, columns so far: 14919224
  Processing partition 6195000/8877691, columns so far: 14923040
  Processing partition 6196000/8877691, columns so far: 14926150
  Processing partition 6197000/8877691, columns so far: 14928932
  Processing partition 6198000/8877691, columns so far: 14932258
  Processing partition 6199000/8877691, columns so far: 14935744
  Processing partition 6200000/8877691, columns so far: 14939154
  Processing partition 6201000/8877691, columns so far: 14942920
  Processing partition 6202000/8877691, columns so far: 14946028
  Processing partition 6203000/8877691, columns so far: 14952456
  Processing partition 6204000/8877691, columns so far: 14958180
  Processing partition 6205000/8877691, columns so far: 14962032
  Processing partition 6206000/8877691, columns so far: 14966170
  Processing partition 6207000/8877691, columns so far: 14969984
  Processing partition 6208000/8877691, columns so far: 14973800
  Processing partition 6209000/8877691, columns so far: 14976908
  Processing partition 6210000/8877691, columns so far: 14981096
  Processing partition 6211000/8877691, columns so far: 14984796
  Processing partition 6212000/8877691, columns so far: 14988344
  Processing partition 6213000/8877691, columns so far: 14993146
  Processing partition 6214000/8877691, columns so far: 14996856
  Processing partition 6215000/8877691, columns so far: 15000400
  Processing partition 6216000/8877691, columns so far: 15004816
  Processing partition 6217000/8877691, columns so far: 15008680
  Processing partition 6218000/8877691, columns so far: 15012160
  Processing partition 6219000/8877691, columns so far: 15015504
  Processing partition 6220000/8877691, columns so far: 15019312
  Processing partition 6221000/8877691, columns so far: 15023288
  Processing partition 6222000/8877691, columns so far: 15026920
  Processing partition 6223000/8877691, columns so far: 15031386
  Processing partition 6224000/8877691, columns so far: 15036428
  Processing partition 6225000/8877691, columns so far: 15045224
  Processing partition 6226000/8877691, columns so far: 15050898
  Processing partition 6227000/8877691, columns so far: 15055248
  Processing partition 6228000/8877691, columns so far: 15058800
  Processing partition 6229000/8877691, columns so far: 15062668
  Processing partition 6230000/8877691, columns so far: 15066546
  Processing partition 6231000/8877691, columns so far: 15069692
  Processing partition 6232000/8877691, columns so far: 15073290
  Processing partition 6233000/8877691, columns so far: 15077534
  Processing partition 6234000/8877691, columns so far: 15081184
  Processing partition 6235000/8877691, columns so far: 15085664
  Processing partition 6236000/8877691, columns so far: 15091384
  Processing partition 6237000/8877691, columns so far: 15099112
  Processing partition 6238000/8877691, columns so far: 15107184
  Processing partition 6239000/8877691, columns so far: 15114780
  Processing partition 6240000/8877691, columns so far: 15122452
  Processing partition 6241000/8877691, columns so far: 15128580
  Processing partition 6242000/8877691, columns so far: 15136080
  Processing partition 6243000/8877691, columns so far: 15144432
  Processing partition 6244000/8877691, columns so far: 15151600
  Processing partition 6245000/8877691, columns so far: 15160344
  Processing partition 6246000/8877691, columns so far: 15173416
  Processing partition 6247000/8877691, columns so far: 15189856
  Processing partition 6248000/8877691, columns so far: 15195573
  Processing partition 6249000/8877691, columns so far: 15197966
  Processing partition 6250000/8877691, columns so far: 15199492
  Processing partition 6251000/8877691, columns so far: 15201400
  Processing partition 6252000/8877691, columns so far: 15203292
  Processing partition 6253000/8877691, columns so far: 15205216
  Processing partition 6254000/8877691, columns so far: 15206984
  Processing partition 6255000/8877691, columns so far: 15208807
  Processing partition 6256000/8877691, columns so far: 15211240
  Processing partition 6257000/8877691, columns so far: 15213015
  Processing partition 6258000/8877691, columns so far: 15215940
  Processing partition 6259000/8877691, columns so far: 15220624
  Processing partition 6260000/8877691, columns so far: 15222598
  Processing partition 6261000/8877691, columns so far: 15224306
  Processing partition 6262000/8877691, columns so far: 15226163
  Processing partition 6263000/8877691, columns so far: 15227713
  Processing partition 6264000/8877691, columns so far: 15229186
  Processing partition 6265000/8877691, columns so far: 15230770
  Processing partition 6266000/8877691, columns so far: 15232327
  Processing partition 6267000/8877691, columns so far: 15234260
  Processing partition 6268000/8877691, columns so far: 15236208
  Processing partition 6269000/8877691, columns so far: 15239472
  Processing partition 6270000/8877691, columns so far: 15241686
  Processing partition 6271000/8877691, columns so far: 15243640
  Processing partition 6272000/8877691, columns so far: 15245154
  Processing partition 6273000/8877691, columns so far: 15246980
  Processing partition 6274000/8877691, columns so far: 15248381
  Processing partition 6275000/8877691, columns so far: 15250120
  Processing partition 6276000/8877691, columns so far: 15251660
  Processing partition 6277000/8877691, columns so far: 15253592
  Processing partition 6278000/8877691, columns so far: 15255276
  Processing partition 6279000/8877691, columns so far: 15258390
  Processing partition 6280000/8877691, columns so far: 15261035
  Processing partition 6281000/8877691, columns so far: 15262876
  Processing partition 6282000/8877691, columns so far: 15264504
  Processing partition 6283000/8877691, columns so far: 15266002
  Processing partition 6284000/8877691, columns so far: 15267552
  Processing partition 6285000/8877691, columns so far: 15269442
  Processing partition 6286000/8877691, columns so far: 15270968
  Processing partition 6287000/8877691, columns so far: 15272888
  Processing partition 6288000/8877691, columns so far: 15274464
  Processing partition 6289000/8877691, columns so far: 15277592
  Processing partition 6290000/8877691, columns so far: 15280352
  Processing partition 6291000/8877691, columns so far: 15282210
  Processing partition 6292000/8877691, columns so far: 15283768
  Processing partition 6293000/8877691, columns so far: 15285320
  Processing partition 6294000/8877691, columns so far: 15286884
  Processing partition 6295000/8877691, columns so far: 15288614
  Processing partition 6296000/8877691, columns so far: 15290302
  Processing partition 6297000/8877691, columns so far: 15292224
  Processing partition 6298000/8877691, columns so far: 15293757
  Processing partition 6299000/8877691, columns so far: 15297136
  Processing partition 6300000/8877691, columns so far: 15299848
  Processing partition 6301000/8877691, columns so far: 15301936
  Processing partition 6302000/8877691, columns so far: 15303794
  Processing partition 6303000/8877691, columns so far: 15305707
  Processing partition 6304000/8877691, columns so far: 15307615
  Processing partition 6305000/8877691, columns so far: 15309198
  Processing partition 6306000/8877691, columns so far: 15311291
  Processing partition 6307000/8877691, columns so far: 15313110
  Processing partition 6308000/8877691, columns so far: 15315104
  Processing partition 6309000/8877691, columns so far: 15317284
  Processing partition 6310000/8877691, columns so far: 15319140
  Processing partition 6311000/8877691, columns so far: 15321062
  Processing partition 6312000/8877691, columns so far: 15323145
  Processing partition 6313000/8877691, columns so far: 15325057
  Processing partition 6314000/8877691, columns so far: 15326963
  Processing partition 6315000/8877691, columns so far: 15328492
  Processing partition 6316000/8877691, columns so far: 15330369
  Processing partition 6317000/8877691, columns so far: 15332458
  Processing partition 6318000/8877691, columns so far: 15334228
  Processing partition 6319000/8877691, columns so far: 15336436
  Processing partition 6320000/8877691, columns so far: 15339448
  Processing partition 6321000/8877691, columns so far: 15343534
  Processing partition 6322000/8877691, columns so far: 15346220
  Processing partition 6323000/8877691, columns so far: 15348631
  Processing partition 6324000/8877691, columns so far: 15350154
  Processing partition 6325000/8877691, columns so far: 15352054
  Processing partition 6326000/8877691, columns so far: 15353964
  Processing partition 6327000/8877691, columns so far: 15355700
  Processing partition 6328000/8877691, columns so far: 15357394
  Processing partition 6329000/8877691, columns so far: 15359482
  Processing partition 6330000/8877691, columns so far: 15361360
  Processing partition 6331000/8877691, columns so far: 15363570
  Processing partition 6332000/8877691, columns so far: 15366546
  Processing partition 6333000/8877691, columns so far: 15370820
  Processing partition 6334000/8877691, columns so far: 15374432
  Processing partition 6335000/8877691, columns so far: 15378304
  Processing partition 6336000/8877691, columns so far: 15382152
  Processing partition 6337000/8877691, columns so far: 15385408
  Processing partition 6338000/8877691, columns so far: 15389426
  Processing partition 6339000/8877691, columns so far: 15393128
  Processing partition 6340000/8877691, columns so far: 15397244
  Processing partition 6341000/8877691, columns so far: 15401418
  Processing partition 6342000/8877691, columns so far: 15406880
  Processing partition 6343000/8877691, columns so far: 15414672
  Processing partition 6344000/8877691, columns so far: 15419174
  Processing partition 6345000/8877691, columns so far: 15421585
  Processing partition 6346000/8877691, columns so far: 15423154
  Processing partition 6347000/8877691, columns so far: 15424995
  Processing partition 6348000/8877691, columns so far: 15426904
  Processing partition 6349000/8877691, columns so far: 15428844
  Processing partition 6350000/8877691, columns so far: 15430603
  Processing partition 6351000/8877691, columns so far: 15432464
  Processing partition 6352000/8877691, columns so far: 15434873
  Processing partition 6353000/8877691, columns so far: 15436634
  Processing partition 6354000/8877691, columns so far: 15438495
  Processing partition 6355000/8877691, columns so far: 15440226
  Processing partition 6356000/8877691, columns so far: 15442032
  Processing partition 6357000/8877691, columns so far: 15443454
  Processing partition 6358000/8877691, columns so far: 15445024
  Processing partition 6359000/8877691, columns so far: 15446748
  Processing partition 6360000/8877691, columns so far: 15448288
  Processing partition 6361000/8877691, columns so far: 15450192
  Processing partition 6362000/8877691, columns so far: 15451715
  Processing partition 6363000/8877691, columns so far: 15454796
  Processing partition 6364000/8877691, columns so far: 15457667
  Processing partition 6365000/8877691, columns so far: 15459218
  Processing partition 6366000/8877691, columns so far: 15460660
  Processing partition 6367000/8877691, columns so far: 15462192
  Processing partition 6368000/8877691, columns so far: 15463542
  Processing partition 6369000/8877691, columns so far: 15464857
  Processing partition 6370000/8877691, columns so far: 15466414
  Processing partition 6371000/8877691, columns so far: 15467770
  Processing partition 6372000/8877691, columns so far: 15470492
  Processing partition 6373000/8877691, columns so far: 15472557
  Processing partition 6374000/8877691, columns so far: 15473964
  Processing partition 6375000/8877691, columns so far: 15475556
  Processing partition 6376000/8877691, columns so far: 15476856
  Processing partition 6377000/8877691, columns so far: 15478427
  Processing partition 6378000/8877691, columns so far: 15479738
  Processing partition 6379000/8877691, columns so far: 15481296
  Processing partition 6380000/8877691, columns so far: 15482976
  Processing partition 6381000/8877691, columns so far: 15485963
  Processing partition 6382000/8877691, columns so far: 15487519
  Processing partition 6383000/8877691, columns so far: 15488844
  Processing partition 6384000/8877691, columns so far: 15490274
  Processing partition 6385000/8877691, columns so far: 15491736
  Processing partition 6386000/8877691, columns so far: 15493216
  Processing partition 6387000/8877691, columns so far: 15494596
  Processing partition 6388000/8877691, columns so far: 15496176
  Processing partition 6389000/8877691, columns so far: 15498472
  Processing partition 6390000/8877691, columns so far: 15501041
  Processing partition 6391000/8877691, columns so far: 15502838
  Processing partition 6392000/8877691, columns so far: 15504394
  Processing partition 6393000/8877691, columns so far: 15506162
  Processing partition 6394000/8877691, columns so far: 15507714
  Processing partition 6395000/8877691, columns so far: 15509360
  Processing partition 6396000/8877691, columns so far: 15510896
  Processing partition 6397000/8877691, columns so far: 15512440
  Processing partition 6398000/8877691, columns so far: 15514327
  Processing partition 6399000/8877691, columns so far: 15516002
  Processing partition 6400000/8877691, columns so far: 15517794
  Processing partition 6401000/8877691, columns so far: 15519452
  Processing partition 6402000/8877691, columns so far: 15521028
  Processing partition 6403000/8877691, columns so far: 15522594
  Processing partition 6404000/8877691, columns so far: 15524148
  Processing partition 6405000/8877691, columns so far: 15525877
  Processing partition 6406000/8877691, columns so far: 15527495
  Processing partition 6407000/8877691, columns so far: 15529274
  Processing partition 6408000/8877691, columns so far: 15532732
  Processing partition 6409000/8877691, columns so far: 15535351
  Processing partition 6410000/8877691, columns so far: 15537120
  Processing partition 6411000/8877691, columns so far: 15538644
  Processing partition 6412000/8877691, columns so far: 15540377
  Processing partition 6413000/8877691, columns so far: 15541931
  Processing partition 6414000/8877691, columns so far: 15543508
  Processing partition 6415000/8877691, columns so far: 15545168
  Processing partition 6416000/8877691, columns so far: 15546778
  Processing partition 6417000/8877691, columns so far: 15548576
  Processing partition 6418000/8877691, columns so far: 15551752
  Processing partition 6419000/8877691, columns so far: 15555240
  Processing partition 6420000/8877691, columns so far: 15558986
  Processing partition 6421000/8877691, columns so far: 15561748
  Processing partition 6422000/8877691, columns so far: 15564768
  Processing partition 6423000/8877691, columns so far: 15568204
  Processing partition 6424000/8877691, columns so far: 15571272
  Processing partition 6425000/8877691, columns so far: 15575140
  Processing partition 6426000/8877691, columns so far: 15578320
  Processing partition 6427000/8877691, columns so far: 15584500
  Processing partition 6428000/8877691, columns so far: 15589152
  Processing partition 6429000/8877691, columns so far: 15590902
  Processing partition 6430000/8877691, columns so far: 15592610
  Processing partition 6431000/8877691, columns so far: 15594138
  Processing partition 6432000/8877691, columns so far: 15595690
  Processing partition 6433000/8877691, columns so far: 15597424
  Processing partition 6434000/8877691, columns so far: 15598974
  Processing partition 6435000/8877691, columns so far: 15600857
  Processing partition 6436000/8877691, columns so far: 15602380
  Processing partition 6437000/8877691, columns so far: 15605774
  Processing partition 6438000/8877691, columns so far: 15608453
  Processing partition 6439000/8877691, columns so far: 15610245
  Processing partition 6440000/8877691, columns so far: 15611802
  Processing partition 6441000/8877691, columns so far: 15613492
  Processing partition 6442000/8877691, columns so far: 15615064
  Processing partition 6443000/8877691, columns so far: 15616758
  Processing partition 6444000/8877691, columns so far: 15618267
  Processing partition 6445000/8877691, columns so far: 15620150
  Processing partition 6446000/8877691, columns so far: 15621697
  Processing partition 6447000/8877691, columns so far: 15623238
  Processing partition 6448000/8877691, columns so far: 15625202
  Processing partition 6449000/8877691, columns so far: 15626712
  Processing partition 6450000/8877691, columns so far: 15628384
  Processing partition 6451000/8877691, columns so far: 15629944
  Processing partition 6452000/8877691, columns so far: 15631672
  Processing partition 6453000/8877691, columns so far: 15633226
  Processing partition 6454000/8877691, columns so far: 15635141
  Processing partition 6455000/8877691, columns so far: 15636762
  Processing partition 6456000/8877691, columns so far: 15639850
  Processing partition 6457000/8877691, columns so far: 15642428
  Processing partition 6458000/8877691, columns so far: 15644020
  Processing partition 6459000/8877691, columns so far: 15645412
  Processing partition 6460000/8877691, columns so far: 15646870
  Processing partition 6461000/8877691, columns so far: 15648446
  Processing partition 6462000/8877691, columns so far: 15649760
  Processing partition 6463000/8877691, columns so far: 15651312
  Processing partition 6464000/8877691, columns so far: 15652780
  Processing partition 6465000/8877691, columns so far: 15655864
  Processing partition 6466000/8877691, columns so far: 15657308
  Processing partition 6467000/8877691, columns so far: 15658864
  Processing partition 6468000/8877691, columns so far: 15660196
  Processing partition 6469000/8877691, columns so far: 15661770
  Processing partition 6470000/8877691, columns so far: 15663239
  Processing partition 6471000/8877691, columns so far: 15664640
  Processing partition 6472000/8877691, columns so far: 15666192
  Processing partition 6473000/8877691, columns so far: 15668204
  Processing partition 6474000/8877691, columns so far: 15670950
  Processing partition 6475000/8877691, columns so far: 15672582
  Processing partition 6476000/8877691, columns so far: 15674360
  Processing partition 6477000/8877691, columns so far: 15675916
  Processing partition 6478000/8877691, columns so far: 15677733
  Processing partition 6479000/8877691, columns so far: 15679323
  Processing partition 6480000/8877691, columns so far: 15680883
  Processing partition 6481000/8877691, columns so far: 15682406
  Processing partition 6482000/8877691, columns so far: 15684338
  Processing partition 6483000/8877691, columns so far: 15685896
  Processing partition 6484000/8877691, columns so far: 15687780
  Processing partition 6485000/8877691, columns so far: 15689306
  Processing partition 6486000/8877691, columns so far: 15690817
  Processing partition 6487000/8877691, columns so far: 15692612
  Processing partition 6488000/8877691, columns so far: 15694167
  Processing partition 6489000/8877691, columns so far: 15695840
  Processing partition 6490000/8877691, columns so far: 15697386
  Processing partition 6491000/8877691, columns so far: 15699190
  Processing partition 6492000/8877691, columns so far: 15702532
  Processing partition 6493000/8877691, columns so far: 15705198
  Processing partition 6494000/8877691, columns so far: 15707106
  Processing partition 6495000/8877691, columns so far: 15708632
  Processing partition 6496000/8877691, columns so far: 15710160
  Processing partition 6497000/8877691, columns so far: 15711981
  Processing partition 6498000/8877691, columns so far: 15713542
  Processing partition 6499000/8877691, columns so far: 15715132
  Processing partition 6500000/8877691, columns so far: 15716688
  Processing partition 6501000/8877691, columns so far: 15718540
  Processing partition 6502000/8877691, columns so far: 15721152
  Processing partition 6503000/8877691, columns so far: 15724970
  Processing partition 6504000/8877691, columns so far: 15727968
  Processing partition 6505000/8877691, columns so far: 15731076
  Processing partition 6506000/8877691, columns so far: 15734564
  Processing partition 6507000/8877691, columns so far: 15737944
  Processing partition 6508000/8877691, columns so far: 15741000
  Processing partition 6509000/8877691, columns so far: 15744836
  Processing partition 6510000/8877691, columns so far: 15747890
  Processing partition 6511000/8877691, columns so far: 15753632
  Processing partition 6512000/8877691, columns so far: 15758992
  Processing partition 6513000/8877691, columns so far: 15760893
  Processing partition 6514000/8877691, columns so far: 15762418
  Processing partition 6515000/8877691, columns so far: 15763975
  Processing partition 6516000/8877691, columns so far: 15765734
  Processing partition 6517000/8877691, columns so far: 15767382
  Processing partition 6518000/8877691, columns so far: 15768944
  Processing partition 6519000/8877691, columns so far: 15770744
  Processing partition 6520000/8877691, columns so far: 15772349
  Processing partition 6521000/8877691, columns so far: 15775098
  Processing partition 6522000/8877691, columns so far: 15778320
  Processing partition 6523000/8877691, columns so far: 15779861
  Processing partition 6524000/8877691, columns so far: 15781362
  Processing partition 6525000/8877691, columns so far: 15782776
  Processing partition 6526000/8877691, columns so far: 15784188
  Processing partition 6527000/8877691, columns so far: 15785558
  Processing partition 6528000/8877691, columns so far: 15786873
  Processing partition 6529000/8877691, columns so far: 15788428
  Processing partition 6530000/8877691, columns so far: 15791180
  Processing partition 6531000/8877691, columns so far: 15793258
  Processing partition 6532000/8877691, columns so far: 15795176
  Processing partition 6533000/8877691, columns so far: 15796664
  Processing partition 6534000/8877691, columns so far: 15798224
  Processing partition 6535000/8877691, columns so far: 15799962
  Processing partition 6536000/8877691, columns so far: 15801693
  Processing partition 6537000/8877691, columns so far: 15803191
  Processing partition 6538000/8877691, columns so far: 15805108
  Processing partition 6539000/8877691, columns so far: 15806644
  Processing partition 6540000/8877691, columns so far: 15808158
  Processing partition 6541000/8877691, columns so far: 15810004
  Processing partition 6542000/8877691, columns so far: 15811626
  Processing partition 6543000/8877691, columns so far: 15813182
  Processing partition 6544000/8877691, columns so far: 15814830
  Processing partition 6545000/8877691, columns so far: 15816587
  Processing partition 6546000/8877691, columns so far: 15818091
  Processing partition 6547000/8877691, columns so far: 15820035
  Processing partition 6548000/8877691, columns so far: 15821824
  Processing partition 6549000/8877691, columns so far: 15824992
  Processing partition 6550000/8877691, columns so far: 15827328
  Processing partition 6551000/8877691, columns so far: 15828796
  Processing partition 6552000/8877691, columns so far: 15830234
  Processing partition 6553000/8877691, columns so far: 15831675
  Processing partition 6554000/8877691, columns so far: 15833202
  Processing partition 6555000/8877691, columns so far: 15834656
  Processing partition 6556000/8877691, columns so far: 15836244
  Processing partition 6557000/8877691, columns so far: 15838004
  Processing partition 6558000/8877691, columns so far: 15840908
  Processing partition 6559000/8877691, columns so far: 15842462
  Processing partition 6560000/8877691, columns so far: 15844222
  Processing partition 6561000/8877691, columns so far: 15845880
  Processing partition 6562000/8877691, columns so far: 15847432
  Processing partition 6563000/8877691, columns so far: 15849343
  Processing partition 6564000/8877691, columns so far: 15850897
  Processing partition 6565000/8877691, columns so far: 15852396
  Processing partition 6566000/8877691, columns so far: 15854304
  Processing partition 6567000/8877691, columns so far: 15855870
  Processing partition 6568000/8877691, columns so far: 15857602
  Processing partition 6569000/8877691, columns so far: 15859103
  Processing partition 6570000/8877691, columns so far: 15860831
  Processing partition 6571000/8877691, columns so far: 15862330
  Processing partition 6572000/8877691, columns so far: 15864208
  Processing partition 6573000/8877691, columns so far: 15865802
  Processing partition 6574000/8877691, columns so far: 15867340
  Processing partition 6575000/8877691, columns so far: 15869210
  Processing partition 6576000/8877691, columns so far: 15872044
  Processing partition 6577000/8877691, columns so far: 15875218
  Processing partition 6578000/8877691, columns so far: 15876796
  Processing partition 6579000/8877691, columns so far: 15878451
  Processing partition 6580000/8877691, columns so far: 15880164
  Processing partition 6581000/8877691, columns so far: 15881680
  Processing partition 6582000/8877691, columns so far: 15883572
  Processing partition 6583000/8877691, columns so far: 15885152
  Processing partition 6584000/8877691, columns so far: 15886674
  Processing partition 6585000/8877691, columns so far: 15888420
  Processing partition 6586000/8877691, columns so far: 15890830
  Processing partition 6587000/8877691, columns so far: 15894656
  Processing partition 6588000/8877691, columns so far: 15897608
  Processing partition 6589000/8877691, columns so far: 15900762
  Processing partition 6590000/8877691, columns so far: 15903872
  Processing partition 6591000/8877691, columns so far: 15907688
  Processing partition 6592000/8877691, columns so far: 15910800
  Processing partition 6593000/8877691, columns so far: 15914212
  Processing partition 6594000/8877691, columns so far: 15917620
  Processing partition 6595000/8877691, columns so far: 15922960
  Processing partition 6596000/8877691, columns so far: 15928977
  Processing partition 6597000/8877691, columns so far: 15930832
  Processing partition 6598000/8877691, columns so far: 15932208
  Processing partition 6599000/8877691, columns so far: 15933938
  Processing partition 6600000/8877691, columns so far: 15935466
  Processing partition 6601000/8877691, columns so far: 15937390
  Processing partition 6602000/8877691, columns so far: 15938904
  Processing partition 6603000/8877691, columns so far: 15940461
  Processing partition 6604000/8877691, columns so far: 15942372
  Processing partition 6605000/8877691, columns so far: 15944896
  Processing partition 6606000/8877691, columns so far: 15948325
  Processing partition 6607000/8877691, columns so far: 15949826
  Processing partition 6608000/8877691, columns so far: 15951288
  Processing partition 6609000/8877691, columns so far: 15952710
  Processing partition 6610000/8877691, columns so far: 15954021
  Processing partition 6611000/8877691, columns so far: 15955576
  Processing partition 6612000/8877691, columns so far: 15956891
  Processing partition 6613000/8877691, columns so far: 15958460
  Processing partition 6614000/8877691, columns so far: 15960684
  Processing partition 6615000/8877691, columns so far: 15963148
  Processing partition 6616000/8877691, columns so far: 15964720
  Processing partition 6617000/8877691, columns so far: 15966102
  Processing partition 6618000/8877691, columns so far: 15967591
  Processing partition 6619000/8877691, columns so far: 15969146
  Processing partition 6620000/8877691, columns so far: 15970460
  Processing partition 6621000/8877691, columns so far: 15971902
  Processing partition 6622000/8877691, columns so far: 15973348
  Processing partition 6623000/8877691, columns so far: 15976236
  Processing partition 6624000/8877691, columns so far: 15978182
  Processing partition 6625000/8877691, columns so far: 15980024
  Processing partition 6626000/8877691, columns so far: 15981650
  Processing partition 6627000/8877691, columns so far: 15983148
  Processing partition 6628000/8877691, columns so far: 15984699
  Processing partition 6629000/8877691, columns so far: 15986589
  Processing partition 6630000/8877691, columns so far: 15988112
  Processing partition 6631000/8877691, columns so far: 15990030
  Processing partition 6632000/8877691, columns so far: 15991578
  Processing partition 6633000/8877691, columns so far: 15993144
  Processing partition 6634000/8877691, columns so far: 15994904
  Processing partition 6635000/8877691, columns so far: 15996459
  Processing partition 6636000/8877691, columns so far: 15998084
  Processing partition 6637000/8877691, columns so far: 15999661
  Processing partition 6638000/8877691, columns so far: 16001517
  Processing partition 6639000/8877691, columns so far: 16003034
  Processing partition 6640000/8877691, columns so far: 16004970
  Processing partition 6641000/8877691, columns so far: 16007224
  Processing partition 6642000/8877691, columns so far: 16010744
  Processing partition 6643000/8877691, columns so far: 16012426
  Processing partition 6644000/8877691, columns so far: 16014253
  Processing partition 6645000/8877691, columns so far: 16015808
  Processing partition 6646000/8877691, columns so far: 16017455
  Processing partition 6647000/8877691, columns so far: 16018977
  Processing partition 6648000/8877691, columns so far: 16020727
  Processing partition 6649000/8877691, columns so far: 16022360
  Processing partition 6650000/8877691, columns so far: 16024308
  Processing partition 6651000/8877691, columns so far: 16025832
  Processing partition 6652000/8877691, columns so far: 16027400
  Processing partition 6653000/8877691, columns so far: 16029122
  Processing partition 6654000/8877691, columns so far: 16030680
  Processing partition 6655000/8877691, columns so far: 16032349
  Processing partition 6656000/8877691, columns so far: 16033890
  Processing partition 6657000/8877691, columns so far: 16035712
  Processing partition 6658000/8877691, columns so far: 16037322
  Processing partition 6659000/8877691, columns so far: 16039086
  Processing partition 6660000/8877691, columns so far: 16041674
  Processing partition 6661000/8877691, columns so far: 16045182
  Processing partition 6662000/8877691, columns so far: 16046709
  Processing partition 6663000/8877691, columns so far: 16048495
  Processing partition 6664000/8877691, columns so far: 16050050
  Processing partition 6665000/8877691, columns so far: 16051688
  Processing partition 6666000/8877691, columns so far: 16053264
  Processing partition 6667000/8877691, columns so far: 16054884
  Processing partition 6668000/8877691, columns so far: 16056637
  Processing partition 6669000/8877691, columns so far: 16058406
  Processing partition 6670000/8877691, columns so far: 16060592
  Processing partition 6671000/8877691, columns so far: 16064072
  Processing partition 6672000/8877691, columns so far: 16067104
  Processing partition 6673000/8877691, columns so far: 16070212
  Processing partition 6674000/8877691, columns so far: 16073606
  Processing partition 6675000/8877691, columns so far: 16077008
  Processing partition 6676000/8877691, columns so far: 16080484
  Processing partition 6677000/8877691, columns so far: 16083562
  Processing partition 6678000/8877691, columns so far: 16087316
  Processing partition 6679000/8877691, columns so far: 16092844
  Processing partition 6680000/8877691, columns so far: 16098964
  Processing partition 6681000/8877691, columns so far: 16100560
  Processing partition 6682000/8877691, columns so far: 16102244
  Processing partition 6683000/8877691, columns so far: 16103808
  Processing partition 6684000/8877691, columns so far: 16105456
  Processing partition 6685000/8877691, columns so far: 16107137
  Processing partition 6686000/8877691, columns so far: 16108924
  Processing partition 6687000/8877691, columns so far: 16110434
  Processing partition 6688000/8877691, columns so far: 16112332
  Processing partition 6689000/8877691, columns so far: 16114584
  Processing partition 6690000/8877691, columns so far: 16118284
  Processing partition 6691000/8877691, columns so far: 16119834
  Processing partition 6692000/8877691, columns so far: 16121170
  Processing partition 6693000/8877691, columns so far: 16122606
  Processing partition 6694000/8877691, columns so far: 16124040
  Processing partition 6695000/8877691, columns so far: 16125538
  Processing partition 6696000/8877691, columns so far: 16126915
  Processing partition 6697000/8877691, columns so far: 16128500
  Processing partition 6698000/8877691, columns so far: 16130492
  Processing partition 6699000/8877691, columns so far: 16133184
  Processing partition 6700000/8877691, columns so far: 16134740
  Processing partition 6701000/8877691, columns so far: 16136055
  Processing partition 6702000/8877691, columns so far: 16137610
  Processing partition 6703000/8877691, columns so far: 16138936
  Processing partition 6704000/8877691, columns so far: 16140490
  Processing partition 6705000/8877691, columns so far: 16141805
  Processing partition 6706000/8877691, columns so far: 16143370
  Processing partition 6707000/8877691, columns so far: 16145696
  Processing partition 6708000/8877691, columns so far: 16148054
  Processing partition 6709000/8877691, columns so far: 16149548
  Processing partition 6710000/8877691, columns so far: 16150934
  Processing partition 6711000/8877691, columns so far: 16152337
  Processing partition 6712000/8877691, columns so far: 16153872
  Processing partition 6713000/8877691, columns so far: 16155376
  Processing partition 6714000/8877691, columns so far: 16156950
  Processing partition 6715000/8877691, columns so far: 16158292
  Processing partition 6716000/8877691, columns so far: 16161424
  Processing partition 6717000/8877691, columns so far: 16163096
  Processing partition 6718000/8877691, columns so far: 16164923
  Processing partition 6719000/8877691, columns so far: 16166478
  Processing partition 6720000/8877691, columns so far: 16168074
  Processing partition 6721000/8877691, columns so far: 16169629
  Processing partition 6722000/8877691, columns so far: 16171390
  Processing partition 6723000/8877691, columns so far: 16173030
  Processing partition 6724000/8877691, columns so far: 16174992
  Processing partition 6725000/8877691, columns so far: 16176536
  Processing partition 6726000/8877691, columns so far: 16178328
  Processing partition 6727000/8877691, columns so far: 16180673
  Processing partition 6728000/8877691, columns so far: 16182534
  Processing partition 6729000/8877691, columns so far: 16184089
  Processing partition 6730000/8877691, columns so far: 16186000
  Processing partition 6731000/8877691, columns so far: 16188028
  Processing partition 6732000/8877691, columns so far: 16189826
  Processing partition 6733000/8877691, columns so far: 16191580
  Processing partition 6734000/8877691, columns so far: 16194059
  Processing partition 6735000/8877691, columns so far: 16195852
  Processing partition 6736000/8877691, columns so far: 16197374
  Processing partition 6737000/8877691, columns so far: 16199141
  Processing partition 6738000/8877691, columns so far: 16200718
  Processing partition 6739000/8877691, columns so far: 16202286
  Processing partition 6740000/8877691, columns so far: 16203874
  Processing partition 6741000/8877691, columns so far: 16205434
  Processing partition 6742000/8877691, columns so far: 16207192
  Processing partition 6743000/8877691, columns so far: 16209020
  Processing partition 6744000/8877691, columns so far: 16211474
  Processing partition 6745000/8877691, columns so far: 16214940
  Processing partition 6746000/8877691, columns so far: 16216677
  Processing partition 6747000/8877691, columns so far: 16218514
  Processing partition 6748000/8877691, columns so far: 16220066
  Processing partition 6749000/8877691, columns so far: 16221654
  Processing partition 6750000/8877691, columns so far: 16223224
  Processing partition 6751000/8877691, columns so far: 16224749
  Processing partition 6752000/8877691, columns so far: 16226518
  Processing partition 6753000/8877691, columns so far: 16228370
  Processing partition 6754000/8877691, columns so far: 16230384
  Processing partition 6755000/8877691, columns so far: 16234132
  Processing partition 6756000/8877691, columns so far: 16238638
  Processing partition 6757000/8877691, columns so far: 16242386
  Processing partition 6758000/8877691, columns so far: 16245496
  Processing partition 6759000/8877691, columns so far: 16249310
  Processing partition 6760000/8877691, columns so far: 16253376
  Processing partition 6761000/8877691, columns so far: 16256980
  Processing partition 6762000/8877691, columns so far: 16260490
  Processing partition 6763000/8877691, columns so far: 16265428
  Processing partition 6764000/8877691, columns so far: 16268968
  Processing partition 6765000/8877691, columns so far: 16270724
  Processing partition 6766000/8877691, columns so far: 16273106
  Processing partition 6767000/8877691, columns so far: 16274990
  Processing partition 6768000/8877691, columns so far: 16276545
  Processing partition 6769000/8877691, columns so far: 16278425
  Processing partition 6770000/8877691, columns so far: 16280485
  Processing partition 6771000/8877691, columns so far: 16282249
  Processing partition 6772000/8877691, columns so far: 16284013
  Processing partition 6773000/8877691, columns so far: 16286516
  Processing partition 6774000/8877691, columns so far: 16288258
  Processing partition 6775000/8877691, columns so far: 16291688
  Processing partition 6776000/8877691, columns so far: 16296099
  Processing partition 6777000/8877691, columns so far: 16297862
  Processing partition 6778000/8877691, columns so far: 16299389
  Processing partition 6779000/8877691, columns so far: 16301231
  Processing partition 6780000/8877691, columns so far: 16302787
  Processing partition 6781000/8877691, columns so far: 16304418
  Processing partition 6782000/8877691, columns so far: 16305940
  Processing partition 6783000/8877691, columns so far: 16307462
  Processing partition 6784000/8877691, columns so far: 16309354
  Processing partition 6785000/8877691, columns so far: 16311774
  Processing partition 6786000/8877691, columns so far: 16315326
  Processing partition 6787000/8877691, columns so far: 16316878
  Processing partition 6788000/8877691, columns so far: 16318739
  Processing partition 6789000/8877691, columns so far: 16320295
  Processing partition 6790000/8877691, columns so far: 16322122
  Processing partition 6791000/8877691, columns so far: 16323700
  Processing partition 6792000/8877691, columns so far: 16325261
  Processing partition 6793000/8877691, columns so far: 16326764
  Processing partition 6794000/8877691, columns so far: 16328727
  Processing partition 6795000/8877691, columns so far: 16330904
  Processing partition 6796000/8877691, columns so far: 16334625
  Processing partition 6797000/8877691, columns so far: 16336170
  Processing partition 6798000/8877691, columns so far: 16337929
  Processing partition 6799000/8877691, columns so far: 16339586
  Processing partition 6800000/8877691, columns so far: 16341142
  Processing partition 6801000/8877691, columns so far: 16343049
  Processing partition 6802000/8877691, columns so far: 16344612
  Processing partition 6803000/8877691, columns so far: 16346103
  Processing partition 6804000/8877691, columns so far: 16348021
  Processing partition 6805000/8877691, columns so far: 16350054
  Processing partition 6806000/8877691, columns so far: 16353808
  Processing partition 6807000/8877691, columns so far: 16355496
  Processing partition 6808000/8877691, columns so far: 16357289
  Processing partition 6809000/8877691, columns so far: 16358843
  Processing partition 6810000/8877691, columns so far: 16360481
  Processing partition 6811000/8877691, columns so far: 16362023
  Processing partition 6812000/8877691, columns so far: 16363808
  Processing partition 6813000/8877691, columns so far: 16365400
  Processing partition 6814000/8877691, columns so far: 16367356
  Processing partition 6815000/8877691, columns so far: 16369336
  Processing partition 6816000/8877691, columns so far: 16373040
  Processing partition 6817000/8877691, columns so far: 16375040
  Processing partition 6818000/8877691, columns so far: 16377440
  Processing partition 6819000/8877691, columns so far: 16379024
  Processing partition 6820000/8877691, columns so far: 16380842
  Processing partition 6821000/8877691, columns so far: 16382756
  Processing partition 6822000/8877691, columns so far: 16384695
  Processing partition 6823000/8877691, columns so far: 16386464
  Processing partition 6824000/8877691, columns so far: 16388307
  Processing partition 6825000/8877691, columns so far: 16390720
  Processing partition 6826000/8877691, columns so far: 16392491
  Processing partition 6827000/8877691, columns so far: 16394338
  Processing partition 6828000/8877691, columns so far: 16396751
  Processing partition 6829000/8877691, columns so far: 16398274
  Processing partition 6830000/8877691, columns so far: 16400165
  Processing partition 6831000/8877691, columns so far: 16402088
  Processing partition 6832000/8877691, columns so far: 16404016
  Processing partition 6833000/8877691, columns so far: 16405538
  Processing partition 6834000/8877691, columns so far: 16407598
  Processing partition 6835000/8877691, columns so far: 16409511
  Processing partition 6836000/8877691, columns so far: 16411697
  Processing partition 6837000/8877691, columns so far: 16415480
  Processing partition 6838000/8877691, columns so far: 16419626
  Processing partition 6839000/8877691, columns so far: 16421388
  Processing partition 6840000/8877691, columns so far: 16423748
  Processing partition 6841000/8877691, columns so far: 16425624
  Processing partition 6842000/8877691, columns so far: 16427183
  Processing partition 6843000/8877691, columns so far: 16429066
  Processing partition 6844000/8877691, columns so far: 16431027
  Processing partition 6845000/8877691, columns so far: 16432724
  Processing partition 6846000/8877691, columns so far: 16434662
  Processing partition 6847000/8877691, columns so far: 16436778
  Processing partition 6848000/8877691, columns so far: 16438910
  Processing partition 6849000/8877691, columns so far: 16440692
  Processing partition 6850000/8877691, columns so far: 16443102
  Processing partition 6851000/8877691, columns so far: 16444730
  Processing partition 6852000/8877691, columns so far: 16446508
  Processing partition 6853000/8877691, columns so far: 16448415
  Processing partition 6854000/8877691, columns so far: 16450324
  Processing partition 6855000/8877691, columns so far: 16451880
  Processing partition 6856000/8877691, columns so far: 16453966
  Processing partition 6857000/8877691, columns so far: 16456098
  Processing partition 6858000/8877691, columns so far: 16458170
  Processing partition 6859000/8877691, columns so far: 16461354
  Processing partition 6860000/8877691, columns so far: 16465974
  Processing partition 6861000/8877691, columns so far: 16467753
  Processing partition 6862000/8877691, columns so far: 16469409
  Processing partition 6863000/8877691, columns so far: 16471250
  Processing partition 6864000/8877691, columns so far: 16472803
  Processing partition 6865000/8877691, columns so far: 16474370
  Processing partition 6866000/8877691, columns so far: 16475836
  Processing partition 6867000/8877691, columns so far: 16477432
  Processing partition 6868000/8877691, columns so far: 16479287
  Processing partition 6869000/8877691, columns so far: 16481544
  Processing partition 6870000/8877691, columns so far: 16485292
  Processing partition 6871000/8877691, columns so far: 16486818
  Processing partition 6872000/8877691, columns so far: 16488747
  Processing partition 6873000/8877691, columns so far: 16490257
  Processing partition 6874000/8877691, columns so far: 16492139
  Processing partition 6875000/8877691, columns so far: 16493636
  Processing partition 6876000/8877691, columns so far: 16495044
  Processing partition 6877000/8877691, columns so far: 16496785
  Processing partition 6878000/8877691, columns so far: 16498515
  Processing partition 6879000/8877691, columns so far: 16500722
  Processing partition 6880000/8877691, columns so far: 16504056
  Processing partition 6881000/8877691, columns so far: 16506138
  Processing partition 6882000/8877691, columns so far: 16507979
  Processing partition 6883000/8877691, columns so far: 16509606
  Processing partition 6884000/8877691, columns so far: 16511161
  Processing partition 6885000/8877691, columns so far: 16512760
  Processing partition 6886000/8877691, columns so far: 16514391
  Processing partition 6887000/8877691, columns so far: 16516068
  Processing partition 6888000/8877691, columns so far: 16517835
  Processing partition 6889000/8877691, columns so far: 16519792
  Processing partition 6890000/8877691, columns so far: 16522936
  Processing partition 6891000/8877691, columns so far: 16525486
  Processing partition 6892000/8877691, columns so far: 16527322
  Processing partition 6893000/8877691, columns so far: 16528875
  Processing partition 6894000/8877691, columns so far: 16530453
  Processing partition 6895000/8877691, columns so far: 16532009
  Processing partition 6896000/8877691, columns so far: 16533512
  Processing partition 6897000/8877691, columns so far: 16535418
  Processing partition 6898000/8877691, columns so far: 16537096
  Processing partition 6899000/8877691, columns so far: 16538972
  Processing partition 6900000/8877691, columns so far: 16542024
  Processing partition 6901000/8877691, columns so far: 16544775
  Processing partition 6902000/8877691, columns so far: 16546662
  Processing partition 6903000/8877691, columns so far: 16548238
  Processing partition 6904000/8877691, columns so far: 16549801
  Processing partition 6905000/8877691, columns so far: 16551148
  Processing partition 6906000/8877691, columns so far: 16552824
  Processing partition 6907000/8877691, columns so far: 16554594
  Processing partition 6908000/8877691, columns so far: 16556445
  Processing partition 6909000/8877691, columns so far: 16558215
  Processing partition 6910000/8877691, columns so far: 16561690
  Processing partition 6911000/8877691, columns so far: 16564304
  Processing partition 6912000/8877691, columns so far: 16566452
  Processing partition 6913000/8877691, columns so far: 16568251
  Processing partition 6914000/8877691, columns so far: 16570180
  Processing partition 6915000/8877691, columns so far: 16572128
  Processing partition 6916000/8877691, columns so far: 16573696
  Processing partition 6917000/8877691, columns so far: 16575501
  Processing partition 6918000/8877691, columns so far: 16577616
  Processing partition 6919000/8877691, columns so far: 16579439
  Processing partition 6920000/8877691, columns so far: 16581648
  Processing partition 6921000/8877691, columns so far: 16583891
  Processing partition 6922000/8877691, columns so far: 16586006
  Processing partition 6923000/8877691, columns so far: 16589080
  Processing partition 6924000/8877691, columns so far: 16591044
  Processing partition 6925000/8877691, columns so far: 16593249
  Processing partition 6926000/8877691, columns so far: 16595644
  Processing partition 6927000/8877691, columns so far: 16597453
  Processing partition 6928000/8877691, columns so far: 16599816
  Processing partition 6929000/8877691, columns so far: 16602204
  Processing partition 6930000/8877691, columns so far: 16604018
  Processing partition 6931000/8877691, columns so far: 16606759
  Processing partition 6932000/8877691, columns so far: 16608804
  Processing partition 6933000/8877691, columns so far: 16612682
  Processing partition 6934000/8877691, columns so far: 16617348
  Processing partition 6935000/8877691, columns so far: 16622926
  Processing partition 6936000/8877691, columns so far: 16627562
  Processing partition 6937000/8877691, columns so far: 16631220
  Processing partition 6938000/8877691, columns so far: 16636060
  Processing partition 6939000/8877691, columns so far: 16640036
  Processing partition 6940000/8877691, columns so far: 16644408
  Processing partition 6941000/8877691, columns so far: 16649296
  Processing partition 6942000/8877691, columns so far: 16652860
  Processing partition 6943000/8877691, columns so far: 16658392
  Processing partition 6944000/8877691, columns so far: 16662538
  Processing partition 6945000/8877691, columns so far: 16664333
  Processing partition 6946000/8877691, columns so far: 16666691
  Processing partition 6947000/8877691, columns so far: 16668504
  Processing partition 6948000/8877691, columns so far: 16670104
  Processing partition 6949000/8877691, columns so far: 16672008
  Processing partition 6950000/8877691, columns so far: 16673974
  Processing partition 6951000/8877691, columns so far: 16675648
  Processing partition 6952000/8877691, columns so far: 16677588
  Processing partition 6953000/8877691, columns so far: 16679718
  Processing partition 6954000/8877691, columns so far: 16681849
  Processing partition 6955000/8877691, columns so far: 16685140
  Processing partition 6956000/8877691, columns so far: 16689636
  Processing partition 6957000/8877691, columns so far: 16691432
  Processing partition 6958000/8877691, columns so far: 16693000
  Processing partition 6959000/8877691, columns so far: 16694828
  Processing partition 6960000/8877691, columns so far: 16696406
  Processing partition 6961000/8877691, columns so far: 16697966
  Processing partition 6962000/8877691, columns so far: 16699527
  Processing partition 6963000/8877691, columns so far: 16701054
  Processing partition 6964000/8877691, columns so far: 16702872
  Processing partition 6965000/8877691, columns so far: 16705328
  Processing partition 6966000/8877691, columns so far: 16708914
  Processing partition 6967000/8877691, columns so far: 16710441
  Processing partition 6968000/8877691, columns so far: 16712340
  Processing partition 6969000/8877691, columns so far: 16713908
  Processing partition 6970000/8877691, columns so far: 16715750
  Processing partition 6971000/8877691, columns so far: 16717302
  Processing partition 6972000/8877691, columns so far: 16718748
  Processing partition 6973000/8877691, columns so far: 16720370
  Processing partition 6974000/8877691, columns so far: 16722222
  Processing partition 6975000/8877691, columns so far: 16724436
  Processing partition 6976000/8877691, columns so far: 16728234
  Processing partition 6977000/8877691, columns so far: 16729761
  Processing partition 6978000/8877691, columns so far: 16731540
  Processing partition 6979000/8877691, columns so far: 16733198
  Processing partition 6980000/8877691, columns so far: 16734732
  Processing partition 6981000/8877691, columns so far: 16736496
  Processing partition 6982000/8877691, columns so far: 16737983
  Processing partition 6983000/8877691, columns so far: 16739720
  Processing partition 6984000/8877691, columns so far: 16741454
  Processing partition 6985000/8877691, columns so far: 16743608
  Processing partition 6986000/8877691, columns so far: 16746932
  Processing partition 6987000/8877691, columns so far: 16749077
  Processing partition 6988000/8877691, columns so far: 16750890
  Processing partition 6989000/8877691, columns so far: 16752458
  Processing partition 6990000/8877691, columns so far: 16754106
  Processing partition 6991000/8877691, columns so far: 16755600
  Processing partition 6992000/8877691, columns so far: 16757127
  Processing partition 6993000/8877691, columns so far: 16759010
  Processing partition 6994000/8877691, columns so far: 16760748
  Processing partition 6995000/8877691, columns so far: 16762702
  Processing partition 6996000/8877691, columns so far: 16765836
  Processing partition 6997000/8877691, columns so far: 16768393
  Processing partition 6998000/8877691, columns so far: 16770252
  Processing partition 6999000/8877691, columns so far: 16771818
  Processing partition 7000000/8877691, columns so far: 16773372
  Processing partition 7001000/8877691, columns so far: 16774874
  Processing partition 7002000/8877691, columns so far: 16776453
  Processing partition 7003000/8877691, columns so far: 16778180
  Processing partition 7004000/8877691, columns so far: 16780039
  Processing partition 7005000/8877691, columns so far: 16781952
  Processing partition 7006000/8877691, columns so far: 16785436
  Processing partition 7007000/8877691, columns so far: 16787944
  Processing partition 7008000/8877691, columns so far: 16790366
  Processing partition 7009000/8877691, columns so far: 16791889
  Processing partition 7010000/8877691, columns so far: 16793791
  Processing partition 7011000/8877691, columns so far: 16795701
  Processing partition 7012000/8877691, columns so far: 16797424
  Processing partition 7013000/8877691, columns so far: 16799129
  Processing partition 7014000/8877691, columns so far: 16801208
  Processing partition 7015000/8877691, columns so far: 16803080
  Processing partition 7016000/8877691, columns so far: 16805305
  Processing partition 7017000/8877691, columns so far: 16807546
  Processing partition 7018000/8877691, columns so far: 16809647
  Processing partition 7019000/8877691, columns so far: 16812723
  Processing partition 7020000/8877691, columns so far: 16814892
  Processing partition 7021000/8877691, columns so far: 16816898
  Processing partition 7022000/8877691, columns so far: 16819290
  Processing partition 7023000/8877691, columns so far: 16821076
  Processing partition 7024000/8877691, columns so far: 16823468
  Processing partition 7025000/8877691, columns so far: 16825878
  Processing partition 7026000/8877691, columns so far: 16827638
  Processing partition 7027000/8877691, columns so far: 16830380
  Processing partition 7028000/8877691, columns so far: 16832501
  Processing partition 7029000/8877691, columns so far: 16835694
  Processing partition 7030000/8877691, columns so far: 16840582
  Processing partition 7031000/8877691, columns so far: 16843712
  Processing partition 7032000/8877691, columns so far: 16847416
  Processing partition 7033000/8877691, columns so far: 16851228
  Processing partition 7034000/8877691, columns so far: 16855042
  Processing partition 7035000/8877691, columns so far: 16858116
  Processing partition 7036000/8877691, columns so far: 16862332
  Processing partition 7037000/8877691, columns so far: 16866566
  Processing partition 7038000/8877691, columns so far: 16870600
  Processing partition 7039000/8877691, columns so far: 16876944
  Processing partition 7040000/8877691, columns so far: 16886324
  Processing partition 7041000/8877691, columns so far: 16889848
  Processing partition 7042000/8877691, columns so far: 16893164
  Processing partition 7043000/8877691, columns so far: 16896918
  Processing partition 7044000/8877691, columns so far: 16900028
  Processing partition 7045000/8877691, columns so far: 16903138
  Processing partition 7046000/8877691, columns so far: 16905916
  Processing partition 7047000/8877691, columns so far: 16909260
  Processing partition 7048000/8877691, columns so far: 16912880
  Processing partition 7049000/8877691, columns so far: 16917252
  Processing partition 7050000/8877691, columns so far: 16924352
  Processing partition 7051000/8877691, columns so far: 16928008
  Processing partition 7052000/8877691, columns so far: 16931912
  Processing partition 7053000/8877691, columns so far: 16934912
  Processing partition 7054000/8877691, columns so far: 16938700
  Processing partition 7055000/8877691, columns so far: 16941528
  Processing partition 7056000/8877691, columns so far: 16944488
  Processing partition 7057000/8877691, columns so far: 16947928
  Processing partition 7058000/8877691, columns so far: 16951376
  Processing partition 7059000/8877691, columns so far: 16955656
  Processing partition 7060000/8877691, columns so far: 16962016
  Processing partition 7061000/8877691, columns so far: 16966662
  Processing partition 7062000/8877691, columns so far: 16970316
  Processing partition 7063000/8877691, columns so far: 16973608
  Processing partition 7064000/8877691, columns so far: 16976608
  Processing partition 7065000/8877691, columns so far: 16979752
  Processing partition 7066000/8877691, columns so far: 16983184
  Processing partition 7067000/8877691, columns so far: 16986530
  Processing partition 7068000/8877691, columns so far: 16990014
  Processing partition 7069000/8877691, columns so far: 16993800
  Processing partition 7070000/8877691, columns so far: 17000008
  Processing partition 7071000/8877691, columns so far: 17005300
  Processing partition 7072000/8877691, columns so far: 17009064
  Processing partition 7073000/8877691, columns so far: 17012176
  Processing partition 7074000/8877691, columns so far: 17015306
  Processing partition 7075000/8877691, columns so far: 17018368
  Processing partition 7076000/8877691, columns so far: 17021376
  Processing partition 7077000/8877691, columns so far: 17025184
  Processing partition 7078000/8877691, columns so far: 17028590
  Processing partition 7079000/8877691, columns so far: 17032184
  Processing partition 7080000/8877691, columns so far: 17038276
  Processing partition 7081000/8877691, columns so far: 17043948
  Processing partition 7082000/8877691, columns so far: 17047732
  Processing partition 7083000/8877691, columns so far: 17050842
  Processing partition 7084000/8877691, columns so far: 17053760
  Processing partition 7085000/8877691, columns so far: 17056634
  Processing partition 7086000/8877691, columns so far: 17060046
  Processing partition 7087000/8877691, columns so far: 17063462
  Processing partition 7088000/8877691, columns so far: 17067288
  Processing partition 7089000/8877691, columns so far: 17070744
  Processing partition 7090000/8877691, columns so far: 17077504
  Processing partition 7091000/8877691, columns so far: 17083006
  Processing partition 7092000/8877691, columns so far: 17087028
  Processing partition 7093000/8877691, columns so far: 17090892
  Processing partition 7094000/8877691, columns so far: 17094706
  Processing partition 7095000/8877691, columns so far: 17098532
  Processing partition 7096000/8877691, columns so far: 17101650
  Processing partition 7097000/8877691, columns so far: 17105400
  Processing partition 7098000/8877691, columns so far: 17109520
  Processing partition 7099000/8877691, columns so far: 17113160
  Processing partition 7100000/8877691, columns so far: 17117532
  Processing partition 7101000/8877691, columns so far: 17122134
  Processing partition 7102000/8877691, columns so far: 17126288
  Processing partition 7103000/8877691, columns so far: 17132412
  Processing partition 7104000/8877691, columns so far: 17136232
  Processing partition 7105000/8877691, columns so far: 17140888
  Processing partition 7106000/8877691, columns so far: 17145544
  Processing partition 7107000/8877691, columns so far: 17149256
  Processing partition 7108000/8877691, columns so far: 17154020
  Processing partition 7109000/8877691, columns so far: 17158232
  Processing partition 7110000/8877691, columns so far: 17162388
  Processing partition 7111000/8877691, columns so far: 17167580
  Processing partition 7112000/8877691, columns so far: 17171802
  Processing partition 7113000/8877691, columns so far: 17179512
  Processing partition 7114000/8877691, columns so far: 17188112
  Processing partition 7115000/8877691, columns so far: 17199904
  Processing partition 7116000/8877691, columns so far: 17209268
  Processing partition 7117000/8877691, columns so far: 17216540
  Processing partition 7118000/8877691, columns so far: 17226200
  Processing partition 7119000/8877691, columns so far: 17233872
  Processing partition 7120000/8877691, columns so far: 17242944
  Processing partition 7121000/8877691, columns so far: 17252568
  Processing partition 7122000/8877691, columns so far: 17259864
  Processing partition 7123000/8877691, columns so far: 17270656
  Processing partition 7124000/8877691, columns so far: 17279144
  Processing partition 7125000/8877691, columns so far: 17281377
  Processing partition 7126000/8877691, columns so far: 17283767
  Processing partition 7127000/8877691, columns so far: 17285442
  Processing partition 7128000/8877691, columns so far: 17287170
  Processing partition 7129000/8877691, columns so far: 17289082
  Processing partition 7130000/8877691, columns so far: 17291002
  Processing partition 7131000/8877691, columns so far: 17292588
  Processing partition 7132000/8877691, columns so far: 17294632
  Processing partition 7133000/8877691, columns so far: 17296777
  Processing partition 7134000/8877691, columns so far: 17298897
  Processing partition 7135000/8877691, columns so far: 17302072
  Processing partition 7136000/8877691, columns so far: 17306655
  Processing partition 7137000/8877691, columns so far: 17308479
  Processing partition 7138000/8877691, columns so far: 17310076
  Processing partition 7139000/8877691, columns so far: 17311905
  Processing partition 7140000/8877691, columns so far: 17313457
  Processing partition 7141000/8877691, columns so far: 17315033
  Processing partition 7142000/8877691, columns so far: 17316552
  Processing partition 7143000/8877691, columns so far: 17318111
  Processing partition 7144000/8877691, columns so far: 17319953
  Processing partition 7145000/8877691, columns so far: 17322346
  Processing partition 7146000/8877691, columns so far: 17325974
  Processing partition 7147000/8877691, columns so far: 17327497
  Processing partition 7148000/8877691, columns so far: 17329399
  Processing partition 7149000/8877691, columns so far: 17330918
  Processing partition 7150000/8877691, columns so far: 17332830
  Processing partition 7151000/8877691, columns so far: 17334385
  Processing partition 7152000/8877691, columns so far: 17335740
  Processing partition 7153000/8877691, columns so far: 17337440
  Processing partition 7154000/8877691, columns so far: 17339204
  Processing partition 7155000/8877691, columns so far: 17341426
  Processing partition 7156000/8877691, columns so far: 17344896
  Processing partition 7157000/8877691, columns so far: 17346805
  Processing partition 7158000/8877691, columns so far: 17348627
  Processing partition 7159000/8877691, columns so far: 17350273
  Processing partition 7160000/8877691, columns so far: 17351817
  Processing partition 7161000/8877691, columns so far: 17353472
  Processing partition 7162000/8877691, columns so far: 17355050
  Processing partition 7163000/8877691, columns so far: 17356756
  Processing partition 7164000/8877691, columns so far: 17358498
  Processing partition 7165000/8877691, columns so far: 17360620
  Processing partition 7166000/8877691, columns so far: 17363764
  Processing partition 7167000/8877691, columns so far: 17366148
  Processing partition 7168000/8877691, columns so far: 17367975
  Processing partition 7169000/8877691, columns so far: 17369529
  Processing partition 7170000/8877691, columns so far: 17371115
  Processing partition 7171000/8877691, columns so far: 17372675
  Processing partition 7172000/8877691, columns so far: 17374198
  Processing partition 7173000/8877691, columns so far: 17376081
  Processing partition 7174000/8877691, columns so far: 17377819
  Processing partition 7175000/8877691, columns so far: 17379682
  Processing partition 7176000/8877691, columns so far: 17382764
  Processing partition 7177000/8877691, columns so far: 17385441
  Processing partition 7178000/8877691, columns so far: 17387345
  Processing partition 7179000/8877691, columns so far: 17388903
  Processing partition 7180000/8877691, columns so far: 17390455
  Processing partition 7181000/8877691, columns so far: 17391868
  Processing partition 7182000/8877691, columns so far: 17393500
  Processing partition 7183000/8877691, columns so far: 17395258
  Processing partition 7184000/8877691, columns so far: 17397108
  Processing partition 7185000/8877691, columns so far: 17398900
  Processing partition 7186000/8877691, columns so far: 17402414
  Processing partition 7187000/8877691, columns so far: 17404966
  Processing partition 7188000/8877691, columns so far: 17407312
  Processing partition 7189000/8877691, columns so far: 17408936
  Processing partition 7190000/8877691, columns so far: 17410872
  Processing partition 7191000/8877691, columns so far: 17412784
  Processing partition 7192000/8877691, columns so far: 17414406
  Processing partition 7193000/8877691, columns so far: 17416173
  Processing partition 7194000/8877691, columns so far: 17418289
  Processing partition 7195000/8877691, columns so far: 17420124
  Processing partition 7196000/8877691, columns so far: 17422353
  Processing partition 7197000/8877691, columns so far: 17424562
  Processing partition 7198000/8877691, columns so far: 17426690
  Processing partition 7199000/8877691, columns so far: 17429793
  Processing partition 7200000/8877691, columns so far: 17431778
  Processing partition 7201000/8877691, columns so far: 17433922
  Processing partition 7202000/8877691, columns so far: 17436359
  Processing partition 7203000/8877691, columns so far: 17438120
  Processing partition 7204000/8877691, columns so far: 17440500
  Processing partition 7205000/8877691, columns so far: 17442922
  Processing partition 7206000/8877691, columns so far: 17444686
  Processing partition 7207000/8877691, columns so far: 17447434
  Processing partition 7208000/8877691, columns so far: 17449506
  Processing partition 7209000/8877691, columns so far: 17452682
  Processing partition 7210000/8877691, columns so far: 17457534
  Processing partition 7211000/8877691, columns so far: 17460580
  Processing partition 7212000/8877691, columns so far: 17464392
  Processing partition 7213000/8877691, columns so far: 17468218
  Processing partition 7214000/8877691, columns so far: 17472032
  Processing partition 7215000/8877691, columns so far: 17475080
  Processing partition 7216000/8877691, columns so far: 17479232
  Processing partition 7217000/8877691, columns so far: 17483168
  Processing partition 7218000/8877691, columns so far: 17487428
  Processing partition 7219000/8877691, columns so far: 17493592
  Processing partition 7220000/8877691, columns so far: 17503235
  Processing partition 7221000/8877691, columns so far: 17505000
  Processing partition 7222000/8877691, columns so far: 17507364
  Processing partition 7223000/8877691, columns so far: 17509266
  Processing partition 7224000/8877691, columns so far: 17510792
  Processing partition 7225000/8877691, columns so far: 17512667
  Processing partition 7226000/8877691, columns so far: 17514628
  Processing partition 7227000/8877691, columns so far: 17516378
  Processing partition 7228000/8877691, columns so far: 17518288
  Processing partition 7229000/8877691, columns so far: 17520398
  Processing partition 7230000/8877691, columns so far: 17522538
  Processing partition 7231000/8877691, columns so far: 17524319
  Processing partition 7232000/8877691, columns so far: 17526026
  Processing partition 7233000/8877691, columns so far: 17527903
  Processing partition 7234000/8877691, columns so far: 17529458
  Processing partition 7235000/8877691, columns so far: 17530810
  Processing partition 7236000/8877691, columns so far: 17532339
  Processing partition 7237000/8877691, columns so far: 17534053
  Processing partition 7238000/8877691, columns so far: 17535868
  Processing partition 7239000/8877691, columns so far: 17537796
  Processing partition 7240000/8877691, columns so far: 17540880
  Processing partition 7241000/8877691, columns so far: 17543433
  Processing partition 7242000/8877691, columns so far: 17544979
  Processing partition 7243000/8877691, columns so far: 17546400
  Processing partition 7244000/8877691, columns so far: 17547919
  Processing partition 7245000/8877691, columns so far: 17549223
  Processing partition 7246000/8877691, columns so far: 17550621
  Processing partition 7247000/8877691, columns so far: 17552048
  Processing partition 7248000/8877691, columns so far: 17553804
  Processing partition 7249000/8877691, columns so far: 17556833
  Processing partition 7250000/8877691, columns so far: 17558361
  Processing partition 7251000/8877691, columns so far: 17559715
  Processing partition 7252000/8877691, columns so far: 17561281
  Processing partition 7253000/8877691, columns so far: 17562595
  Processing partition 7254000/8877691, columns so far: 17564055
  Processing partition 7255000/8877691, columns so far: 17565465
  Processing partition 7256000/8877691, columns so far: 17566964
  Processing partition 7257000/8877691, columns so far: 17569000
  Processing partition 7258000/8877691, columns so far: 17571771
  Processing partition 7259000/8877691, columns so far: 17573289
  Processing partition 7260000/8877691, columns so far: 17574849
  Processing partition 7261000/8877691, columns so far: 17576165
  Processing partition 7262000/8877691, columns so far: 17577482
  Processing partition 7263000/8877691, columns so far: 17578874
  Processing partition 7264000/8877691, columns so far: 17580360
  Processing partition 7265000/8877691, columns so far: 17581859
  Processing partition 7266000/8877691, columns so far: 17584186
  Processing partition 7267000/8877691, columns so far: 17586689
  Processing partition 7268000/8877691, columns so far: 17588165
  Processing partition 7269000/8877691, columns so far: 17589693
  Processing partition 7270000/8877691, columns so far: 17590998
  Processing partition 7271000/8877691, columns so far: 17592360
  Processing partition 7272000/8877691, columns so far: 17593763
  Processing partition 7273000/8877691, columns so far: 17595294
  Processing partition 7274000/8877691, columns so far: 17596820
  Processing partition 7275000/8877691, columns so far: 17599852
  Processing partition 7276000/8877691, columns so far: 17601827
  Processing partition 7277000/8877691, columns so far: 17603615
  Processing partition 7278000/8877691, columns so far: 17605473
  Processing partition 7279000/8877691, columns so far: 17606894
  Processing partition 7280000/8877691, columns so far: 17608347
  Processing partition 7281000/8877691, columns so far: 17609906
  Processing partition 7282000/8877691, columns so far: 17611641
  Processing partition 7283000/8877691, columns so far: 17613320
  Processing partition 7284000/8877691, columns so far: 17615136
  Processing partition 7285000/8877691, columns so far: 17617312
  Processing partition 7286000/8877691, columns so far: 17619351
  Processing partition 7287000/8877691, columns so far: 17621272
  Processing partition 7288000/8877691, columns so far: 17623351
  Processing partition 7289000/8877691, columns so far: 17625268
  Processing partition 7290000/8877691, columns so far: 17627143
  Processing partition 7291000/8877691, columns so far: 17628674
  Processing partition 7292000/8877691, columns so far: 17630557
  Processing partition 7293000/8877691, columns so far: 17632638
  Processing partition 7294000/8877691, columns so far: 17634402
  Processing partition 7295000/8877691, columns so far: 17637884
  Processing partition 7296000/8877691, columns so far: 17641306
  Processing partition 7297000/8877691, columns so far: 17645008
  Processing partition 7298000/8877691, columns so far: 17648118
  Processing partition 7299000/8877691, columns so far: 17650940
  Processing partition 7300000/8877691, columns so far: 17653882
  Processing partition 7301000/8877691, columns so far: 17657340
  Processing partition 7302000/8877691, columns so far: 17660950
  Processing partition 7303000/8877691, columns so far: 17665068
  Processing partition 7304000/8877691, columns so far: 17671544
  Processing partition 7305000/8877691, columns so far: 17674940
  Processing partition 7306000/8877691, columns so far: 17676709
  Processing partition 7307000/8877691, columns so far: 17678573
  Processing partition 7308000/8877691, columns so far: 17680030
  Processing partition 7309000/8877691, columns so far: 17681454
  Processing partition 7310000/8877691, columns so far: 17683009
  Processing partition 7311000/8877691, columns so far: 17684734
  Processing partition 7312000/8877691, columns so far: 17686464
  Processing partition 7313000/8877691, columns so far: 17688392
  Processing partition 7314000/8877691, columns so far: 17691948
  Processing partition 7315000/8877691, columns so far: 17694278
  Processing partition 7316000/8877691, columns so far: 17696015
  Processing partition 7317000/8877691, columns so far: 17697926
  Processing partition 7318000/8877691, columns so far: 17699274
  Processing partition 7319000/8877691, columns so far: 17700803
  Processing partition 7320000/8877691, columns so far: 17702358
  Processing partition 7321000/8877691, columns so far: 17704072
  Processing partition 7322000/8877691, columns so far: 17705758
  Processing partition 7323000/8877691, columns so far: 17707508
  Processing partition 7324000/8877691, columns so far: 17709031
  Processing partition 7325000/8877691, columns so far: 17710963
  Processing partition 7326000/8877691, columns so far: 17712466
  Processing partition 7327000/8877691, columns so far: 17714357
  Processing partition 7328000/8877691, columns so far: 17715824
  Processing partition 7329000/8877691, columns so far: 17717258
  Processing partition 7330000/8877691, columns so far: 17718992
  Processing partition 7331000/8877691, columns so far: 17720720
  Processing partition 7332000/8877691, columns so far: 17722898
  Processing partition 7333000/8877691, columns so far: 17726208
  Processing partition 7334000/8877691, columns so far: 17728179
  Processing partition 7335000/8877691, columns so far: 17729745
  Processing partition 7336000/8877691, columns so far: 17731216
  Processing partition 7337000/8877691, columns so far: 17732614
  Processing partition 7338000/8877691, columns so far: 17734113
  Processing partition 7339000/8877691, columns so far: 17735510
  Processing partition 7340000/8877691, columns so far: 17736951
  Processing partition 7341000/8877691, columns so far: 17738798
  Processing partition 7342000/8877691, columns so far: 17741753
  Processing partition 7343000/8877691, columns so far: 17743313
  Processing partition 7344000/8877691, columns so far: 17744629
  Processing partition 7345000/8877691, columns so far: 17745992
  Processing partition 7346000/8877691, columns so far: 17747510
  Processing partition 7347000/8877691, columns so far: 17748824
  Processing partition 7348000/8877691, columns so far: 17750379
  Processing partition 7349000/8877691, columns so far: 17751879
  Processing partition 7350000/8877691, columns so far: 17754014
  Processing partition 7351000/8877691, columns so far: 17756629
  Processing partition 7352000/8877691, columns so far: 17758193
  Processing partition 7353000/8877691, columns so far: 17759509
  Processing partition 7354000/8877691, columns so far: 17761045
  Processing partition 7355000/8877691, columns so far: 17762379
  Processing partition 7356000/8877691, columns so far: 17763725
  Processing partition 7357000/8877691, columns so far: 17765284
  Processing partition 7358000/8877691, columns so far: 17766800
  Processing partition 7359000/8877691, columns so far: 17769606
  Processing partition 7360000/8877691, columns so far: 17771657
  Processing partition 7361000/8877691, columns so far: 17773585
  Processing partition 7362000/8877691, columns so far: 17775082
  Processing partition 7363000/8877691, columns so far: 17776638
  Processing partition 7364000/8877691, columns so far: 17778376
  Processing partition 7365000/8877691, columns so far: 17779931
  Processing partition 7366000/8877691, columns so far: 17781604
  Processing partition 7367000/8877691, columns so far: 17783304
  Processing partition 7368000/8877691, columns so far: 17785067
  Processing partition 7369000/8877691, columns so far: 17786892
  Processing partition 7370000/8877691, columns so far: 17789334
  Processing partition 7371000/8877691, columns so far: 17791098
  Processing partition 7372000/8877691, columns so far: 17792920
  Processing partition 7373000/8877691, columns so far: 17795232
  Processing partition 7374000/8877691, columns so far: 17796932
  Processing partition 7375000/8877691, columns so far: 17798633
  Processing partition 7376000/8877691, columns so far: 17800546
  Processing partition 7377000/8877691, columns so far: 17802514
  Processing partition 7378000/8877691, columns so far: 17804370
  Processing partition 7379000/8877691, columns so far: 17807178
  Processing partition 7380000/8877691, columns so far: 17811104
  Processing partition 7381000/8877691, columns so far: 17814122
  Processing partition 7382000/8877691, columns so far: 17817468
  Processing partition 7383000/8877691, columns so far: 17820568
  Processing partition 7384000/8877691, columns so far: 17823678
  Processing partition 7385000/8877691, columns so far: 17827154
  Processing partition 7386000/8877691, columns so far: 17830508
  Processing partition 7387000/8877691, columns so far: 17834220
  Processing partition 7388000/8877691, columns so far: 17840352
  Processing partition 7389000/8877691, columns so far: 17844752
  Processing partition 7390000/8877691, columns so far: 17846685
  Processing partition 7391000/8877691, columns so far: 17848194
  Processing partition 7392000/8877691, columns so far: 17849766
  Processing partition 7393000/8877691, columns so far: 17851473
  Processing partition 7394000/8877691, columns so far: 17853029
  Processing partition 7395000/8877691, columns so far: 17854711
  Processing partition 7396000/8877691, columns so far: 17856413
  Processing partition 7397000/8877691, columns so far: 17858174
  Processing partition 7398000/8877691, columns so far: 17861160
  Processing partition 7399000/8877691, columns so far: 17864124
  Processing partition 7400000/8877691, columns so far: 17865682
  Processing partition 7401000/8877691, columns so far: 17867125
  Processing partition 7402000/8877691, columns so far: 17868655
  Processing partition 7403000/8877691, columns so far: 17869970
  Processing partition 7404000/8877691, columns so far: 17871316
  Processing partition 7405000/8877691, columns so far: 17872688
  Processing partition 7406000/8877691, columns so far: 17874216
  Processing partition 7407000/8877691, columns so far: 17877262
  Processing partition 7408000/8877691, columns so far: 17879031
  Processing partition 7409000/8877691, columns so far: 17880985
  Processing partition 7410000/8877691, columns so far: 17882495
  Processing partition 7411000/8877691, columns so far: 17884228
  Processing partition 7412000/8877691, columns so far: 17885727
  Processing partition 7413000/8877691, columns so far: 17887278
  Processing partition 7414000/8877691, columns so far: 17889009
  Processing partition 7415000/8877691, columns so far: 17890697
  Processing partition 7416000/8877691, columns so far: 17892429
  Processing partition 7417000/8877691, columns so far: 17893974
  Processing partition 7418000/8877691, columns so far: 17895729
  Processing partition 7419000/8877691, columns so far: 17897420
  Processing partition 7420000/8877691, columns so far: 17898956
  Processing partition 7421000/8877691, columns so far: 17900847
  Processing partition 7422000/8877691, columns so far: 17902274
  Processing partition 7423000/8877691, columns so far: 17903913
  Processing partition 7424000/8877691, columns so far: 17905677
  Processing partition 7425000/8877691, columns so far: 17907928
  Processing partition 7426000/8877691, columns so far: 17911777
  Processing partition 7427000/8877691, columns so far: 17913114
  Processing partition 7428000/8877691, columns so far: 17914520
  Processing partition 7429000/8877691, columns so far: 17915974
  Processing partition 7430000/8877691, columns so far: 17917462
  Processing partition 7431000/8877691, columns so far: 17918843
  Processing partition 7432000/8877691, columns so far: 17920399
  Processing partition 7433000/8877691, columns so far: 17921847
  Processing partition 7434000/8877691, columns so far: 17923810
  Processing partition 7435000/8877691, columns so far: 17926657
  Processing partition 7436000/8877691, columns so far: 17928213
  Processing partition 7437000/8877691, columns so far: 17929528
  Processing partition 7438000/8877691, columns so far: 17930842
  Processing partition 7439000/8877691, columns so far: 17932392
  Processing partition 7440000/8877691, columns so far: 17933745
  Processing partition 7441000/8877691, columns so far: 17935258
  Processing partition 7442000/8877691, columns so far: 17936799
  Processing partition 7443000/8877691, columns so far: 17939280
  Processing partition 7444000/8877691, columns so far: 17941634
  Processing partition 7445000/8877691, columns so far: 17943546
  Processing partition 7446000/8877691, columns so far: 17945090
  Processing partition 7447000/8877691, columns so far: 17946620
  Processing partition 7448000/8877691, columns so far: 17948157
  Processing partition 7449000/8877691, columns so far: 17949951
  Processing partition 7450000/8877691, columns so far: 17951613
  Processing partition 7451000/8877691, columns so far: 17953179
  Processing partition 7452000/8877691, columns so far: 17955014
  Processing partition 7453000/8877691, columns so far: 17956892
  Processing partition 7454000/8877691, columns so far: 17959210
  Processing partition 7455000/8877691, columns so far: 17960720
  Processing partition 7456000/8877691, columns so far: 17962923
  Processing partition 7457000/8877691, columns so far: 17964658
  Processing partition 7458000/8877691, columns so far: 17966502
  Processing partition 7459000/8877691, columns so far: 17968657
  Processing partition 7460000/8877691, columns so far: 17970565
  Processing partition 7461000/8877691, columns so far: 17972482
  Processing partition 7462000/8877691, columns so far: 17974322
  Processing partition 7463000/8877691, columns so far: 17976946
  Processing partition 7464000/8877691, columns so far: 17980678
  Processing partition 7465000/8877691, columns so far: 17983790
  Processing partition 7466000/8877691, columns so far: 17986910
  Processing partition 7467000/8877691, columns so far: 17989918
  Processing partition 7468000/8877691, columns so far: 17993480
  Processing partition 7469000/8877691, columns so far: 17996844
  Processing partition 7470000/8877691, columns so far: 18000204
  Processing partition 7471000/8877691, columns so far: 18003724
  Processing partition 7472000/8877691, columns so far: 18009552
  Processing partition 7473000/8877691, columns so far: 18014740
  Processing partition 7474000/8877691, columns so far: 18016649
  Processing partition 7475000/8877691, columns so far: 18018209
  Processing partition 7476000/8877691, columns so far: 18019734
  Processing partition 7477000/8877691, columns so far: 18021258
  Processing partition 7478000/8877691, columns so far: 18023050
  Processing partition 7479000/8877691, columns so far: 18024706
  Processing partition 7480000/8877691, columns so far: 18026286
  Processing partition 7481000/8877691, columns so far: 18028142
  Processing partition 7482000/8877691, columns so far: 18030940
  Processing partition 7483000/8877691, columns so far: 18034090
  Processing partition 7484000/8877691, columns so far: 18035589
  Processing partition 7485000/8877691, columns so far: 18037145
  Processing partition 7486000/8877691, columns so far: 18038460
  Processing partition 7487000/8877691, columns so far: 18039956
  Processing partition 7488000/8877691, columns so far: 18041336
  Processing partition 7489000/8877691, columns so far: 18042661
  Processing partition 7490000/8877691, columns so far: 18044220
  Processing partition 7491000/8877691, columns so far: 18046664
  Processing partition 7492000/8877691, columns so far: 18048893
  Processing partition 7493000/8877691, columns so far: 18050481
  Processing partition 7494000/8877691, columns so far: 18051866
  Processing partition 7495000/8877691, columns so far: 18053329
  Processing partition 7496000/8877691, columns so far: 18054855
  Processing partition 7497000/8877691, columns so far: 18056221
  Processing partition 7498000/8877691, columns so far: 18057624
  Processing partition 7499000/8877691, columns so far: 18059274
  Processing partition 7500000/8877691, columns so far: 18062364
  Processing partition 7501000/8877691, columns so far: 18063951
  Processing partition 7502000/8877691, columns so far: 18065775
  Processing partition 7503000/8877691, columns so far: 18067420
  Processing partition 7504000/8877691, columns so far: 18068964
  Processing partition 7505000/8877691, columns so far: 18070616
  Processing partition 7506000/8877691, columns so far: 18072197
  Processing partition 7507000/8877691, columns so far: 18073890
  Processing partition 7508000/8877691, columns so far: 18075645
  Processing partition 7509000/8877691, columns so far: 18077409
  Processing partition 7510000/8877691, columns so far: 18078986
  Processing partition 7511000/8877691, columns so far: 18080642
  Processing partition 7512000/8877691, columns so far: 18082219
  Processing partition 7513000/8877691, columns so far: 18083870
  Processing partition 7514000/8877691, columns so far: 18085410
  Processing partition 7515000/8877691, columns so far: 18087342
  Processing partition 7516000/8877691, columns so far: 18088865
  Processing partition 7517000/8877691, columns so far: 18090608
  Processing partition 7518000/8877691, columns so far: 18092978
  Processing partition 7519000/8877691, columns so far: 18096676
  Processing partition 7520000/8877691, columns so far: 18098126
  Processing partition 7521000/8877691, columns so far: 18099502
  Processing partition 7522000/8877691, columns so far: 18100866
  Processing partition 7523000/8877691, columns so far: 18102209
  Processing partition 7524000/8877691, columns so far: 18103722
  Processing partition 7525000/8877691, columns so far: 18105234
  Processing partition 7526000/8877691, columns so far: 18106760
  Processing partition 7527000/8877691, columns so far: 18109040
  Processing partition 7528000/8877691, columns so far: 18111632
  Processing partition 7529000/8877691, columns so far: 18113488
  Processing partition 7530000/8877691, columns so far: 18114892
  Processing partition 7531000/8877691, columns so far: 18116441
  Processing partition 7532000/8877691, columns so far: 18118118
  Processing partition 7533000/8877691, columns so far: 18119653
  Processing partition 7534000/8877691, columns so far: 18121588
  Processing partition 7535000/8877691, columns so far: 18123144
  Processing partition 7536000/8877691, columns so far: 18124911
  Processing partition 7537000/8877691, columns so far: 18126786
  Processing partition 7538000/8877691, columns so far: 18129040
  Processing partition 7539000/8877691, columns so far: 18130739
  Processing partition 7540000/8877691, columns so far: 18132646
  Processing partition 7541000/8877691, columns so far: 18134614
  Processing partition 7542000/8877691, columns so far: 18136437
  Processing partition 7543000/8877691, columns so far: 18138200
  Processing partition 7544000/8877691, columns so far: 18140583
  Processing partition 7545000/8877691, columns so far: 18142264
  Processing partition 7546000/8877691, columns so far: 18144231
  Processing partition 7547000/8877691, columns so far: 18146662
  Processing partition 7548000/8877691, columns so far: 18150478
  Processing partition 7549000/8877691, columns so far: 18153448
  Processing partition 7550000/8877691, columns so far: 18156238
  Processing partition 7551000/8877691, columns so far: 18159714
  Processing partition 7552000/8877691, columns so far: 18162696
  Processing partition 7553000/8877691, columns so far: 18166614
  Processing partition 7554000/8877691, columns so far: 18169708
  Processing partition 7555000/8877691, columns so far: 18173360
  Processing partition 7556000/8877691, columns so far: 18178692
  Processing partition 7557000/8877691, columns so far: 18184761
  Processing partition 7558000/8877691, columns so far: 18186667
  Processing partition 7559000/8877691, columns so far: 18188030
  Processing partition 7560000/8877691, columns so far: 18189549
  Processing partition 7561000/8877691, columns so far: 18191226
  Processing partition 7562000/8877691, columns so far: 18192772
  Processing partition 7563000/8877691, columns so far: 18194698
  Processing partition 7564000/8877691, columns so far: 18196254
  Processing partition 7565000/8877691, columns so far: 18198018
  Processing partition 7566000/8877691, columns so far: 18200606
  Processing partition 7567000/8877691, columns so far: 18204097
  Processing partition 7568000/8877691, columns so far: 18205608
  Processing partition 7569000/8877691, columns so far: 18207062
  Processing partition 7570000/8877691, columns so far: 18208468
  Processing partition 7571000/8877691, columns so far: 18209804
  Processing partition 7572000/8877691, columns so far: 18211144
  Processing partition 7573000/8877691, columns so far: 18212681
  Processing partition 7574000/8877691, columns so far: 18214183
  Processing partition 7575000/8877691, columns so far: 18216506
  Processing partition 7576000/8877691, columns so far: 18218909
  Processing partition 7577000/8877691, columns so far: 18220504
  Processing partition 7578000/8877691, columns so far: 18221793
  Processing partition 7579000/8877691, columns so far: 18223373
  Processing partition 7580000/8877691, columns so far: 18224685
  Processing partition 7581000/8877691, columns so far: 18226239
  Processing partition 7582000/8877691, columns so far: 18227581
  Processing partition 7583000/8877691, columns so far: 18229135
  Processing partition 7584000/8877691, columns so far: 18231722
  Processing partition 7585000/8877691, columns so far: 18233792
  Processing partition 7586000/8877691, columns so far: 18235263
  Processing partition 7587000/8877691, columns so far: 18236684
  Processing partition 7588000/8877691, columns so far: 18238100
  Processing partition 7589000/8877691, columns so far: 18239541
  Processing partition 7590000/8877691, columns so far: 18241123
  Processing partition 7591000/8877691, columns so far: 18242526
  Processing partition 7592000/8877691, columns so far: 18244450
  Processing partition 7593000/8877691, columns so far: 18247373
  Processing partition 7594000/8877691, columns so far: 18248900
  Processing partition 7595000/8877691, columns so far: 18250686
  Processing partition 7596000/8877691, columns so far: 18252241
  Processing partition 7597000/8877691, columns so far: 18253878
  Processing partition 7598000/8877691, columns so far: 18255448
  Processing partition 7599000/8877691, columns so far: 18257074
  Processing partition 7600000/8877691, columns so far: 18258827
  Processing partition 7601000/8877691, columns so far: 18260594
  Processing partition 7602000/8877691, columns so far: 18262309
  Processing partition 7603000/8877691, columns so far: 18264040
  Processing partition 7604000/8877691, columns so far: 18265556
  Processing partition 7605000/8877691, columns so far: 18267117
  Processing partition 7606000/8877691, columns so far: 18268673
  Processing partition 7607000/8877691, columns so far: 18270335
  Processing partition 7608000/8877691, columns so far: 18272030
  Processing partition 7609000/8877691, columns so far: 18273778
  Processing partition 7610000/8877691, columns so far: 18275566
  Processing partition 7611000/8877691, columns so far: 18278416
  Processing partition 7612000/8877691, columns so far: 18281648
  Processing partition 7613000/8877691, columns so far: 18283242
  Processing partition 7614000/8877691, columns so far: 18284910
  Processing partition 7615000/8877691, columns so far: 18286470
  Processing partition 7616000/8877691, columns so far: 18288023
  Processing partition 7617000/8877691, columns so far: 18289674
  Processing partition 7618000/8877691, columns so far: 18291256
  Processing partition 7619000/8877691, columns so far: 18293079
  Processing partition 7620000/8877691, columns so far: 18294842
  Processing partition 7621000/8877691, columns so far: 18296724
  Processing partition 7622000/8877691, columns so far: 18298670
  Processing partition 7623000/8877691, columns so far: 18300702
  Processing partition 7624000/8877691, columns so far: 18302609
  Processing partition 7625000/8877691, columns so far: 18304521
  Processing partition 7626000/8877691, columns so far: 18306071
  Processing partition 7627000/8877691, columns so far: 18308170
  Processing partition 7628000/8877691, columns so far: 18310019
  Processing partition 7629000/8877691, columns so far: 18311804
  Processing partition 7630000/8877691, columns so far: 18314192
  Processing partition 7631000/8877691, columns so far: 18316410
  Processing partition 7632000/8877691, columns so far: 18320040
  Processing partition 7633000/8877691, columns so far: 18322926
  Processing partition 7634000/8877691, columns so far: 18326038
  Processing partition 7635000/8877691, columns so far: 18329148
  Processing partition 7636000/8877691, columns so far: 18332462
  Processing partition 7637000/8877691, columns so far: 18335872
  Processing partition 7638000/8877691, columns so far: 18339432
  Processing partition 7639000/8877691, columns so far: 18342958
  Processing partition 7640000/8877691, columns so far: 18348748
  Processing partition 7641000/8877691, columns so far: 18354779
  Processing partition 7642000/8877691, columns so far: 18356382
  Processing partition 7643000/8877691, columns so far: 18358013
  Processing partition 7644000/8877691, columns so far: 18359567
  Processing partition 7645000/8877691, columns so far: 18361122
  Processing partition 7646000/8877691, columns so far: 18362805
  Processing partition 7647000/8877691, columns so far: 18364396
  Processing partition 7648000/8877691, columns so far: 18366204
  Processing partition 7649000/8877691, columns so far: 18367954
  Processing partition 7650000/8877691, columns so far: 18370374
  Processing partition 7651000/8877691, columns so far: 18374067
  Processing partition 7652000/8877691, columns so far: 18375614
  Processing partition 7653000/8877691, columns so far: 18376948
  Processing partition 7654000/8877691, columns so far: 18378377
  Processing partition 7655000/8877691, columns so far: 18379691
  Processing partition 7656000/8877691, columns so far: 18381145
  Processing partition 7657000/8877691, columns so far: 18382647
  Processing partition 7658000/8877691, columns so far: 18384178
  Processing partition 7659000/8877691, columns so far: 18386298
  Processing partition 7660000/8877691, columns so far: 18388961
  Processing partition 7661000/8877691, columns so far: 18390519
  Processing partition 7662000/8877691, columns so far: 18391837
  Processing partition 7663000/8877691, columns so far: 18393377
  Processing partition 7664000/8877691, columns so far: 18394703
  Processing partition 7665000/8877691, columns so far: 18396045
  Processing partition 7666000/8877691, columns so far: 18397590
  Processing partition 7667000/8877691, columns so far: 18399103
  Processing partition 7668000/8877691, columns so far: 18401510
  Processing partition 7669000/8877691, columns so far: 18403812
  Processing partition 7670000/8877691, columns so far: 18405321
  Processing partition 7671000/8877691, columns so far: 18406717
  Processing partition 7672000/8877691, columns so far: 18408005
  Processing partition 7673000/8877691, columns so far: 18409587
  Processing partition 7674000/8877691, columns so far: 18410988
  Processing partition 7675000/8877691, columns so far: 18412561
  Processing partition 7676000/8877691, columns so far: 18414106
  Processing partition 7677000/8877691, columns so far: 18416956
  Processing partition 7678000/8877691, columns so far: 18418706
  Processing partition 7679000/8877691, columns so far: 18420153
  Processing partition 7680000/8877691, columns so far: 18421465
  Processing partition 7681000/8877691, columns so far: 18422903
  Processing partition 7682000/8877691, columns so far: 18424369
  Processing partition 7683000/8877691, columns so far: 18425901
  Processing partition 7684000/8877691, columns so far: 18427441
  Processing partition 7685000/8877691, columns so far: 18429466
  Processing partition 7686000/8877691, columns so far: 18432292
  Processing partition 7687000/8877691, columns so far: 18433852
  Processing partition 7688000/8877691, columns so far: 18435581
  Processing partition 7689000/8877691, columns so far: 18437141
  Processing partition 7690000/8877691, columns so far: 18438696
  Processing partition 7691000/8877691, columns so far: 18440354
  Processing partition 7692000/8877691, columns so far: 18441907
  Processing partition 7693000/8877691, columns so far: 18443693
  Processing partition 7694000/8877691, columns so far: 18445512
  Processing partition 7695000/8877691, columns so far: 18447368
  Processing partition 7696000/8877691, columns so far: 18449240
  Processing partition 7697000/8877691, columns so far: 18451374
  Processing partition 7698000/8877691, columns so far: 18453279
  Processing partition 7699000/8877691, columns so far: 18455197
  Processing partition 7700000/8877691, columns so far: 18456720
  Processing partition 7701000/8877691, columns so far: 18458597
  Processing partition 7702000/8877691, columns so far: 18460692
  Processing partition 7703000/8877691, columns so far: 18462434
  Processing partition 7704000/8877691, columns so far: 18464660
  Processing partition 7705000/8877691, columns so far: 18466722
  Processing partition 7706000/8877691, columns so far: 18468465
  Processing partition 7707000/8877691, columns so far: 18470708
  Processing partition 7708000/8877691, columns so far: 18472636
  Processing partition 7709000/8877691, columns so far: 18474320
  Processing partition 7710000/8877691, columns so far: 18476040
  Processing partition 7711000/8877691, columns so far: 18477952
  Processing partition 7712000/8877691, columns so far: 18479916
  Processing partition 7713000/8877691, columns so far: 18481736
  Processing partition 7714000/8877691, columns so far: 18483900
  Processing partition 7715000/8877691, columns so far: 18486256
  Processing partition 7716000/8877691, columns so far: 18489902
  Processing partition 7717000/8877691, columns so far: 18494456
  Processing partition 7718000/8877691, columns so far: 18498260
  Processing partition 7719000/8877691, columns so far: 18501392
  Processing partition 7720000/8877691, columns so far: 18505152
  Processing partition 7721000/8877691, columns so far: 18508940
  Processing partition 7722000/8877691, columns so far: 18512830
  Processing partition 7723000/8877691, columns so far: 18516362
  Processing partition 7724000/8877691, columns so far: 18520750
  Processing partition 7725000/8877691, columns so far: 18524766
  Processing partition 7726000/8877691, columns so far: 18526531
  Processing partition 7727000/8877691, columns so far: 18528922
  Processing partition 7728000/8877691, columns so far: 18530784
  Processing partition 7729000/8877691, columns so far: 18532312
  Processing partition 7730000/8877691, columns so far: 18534182
  Processing partition 7731000/8877691, columns so far: 18536128
  Processing partition 7732000/8877691, columns so far: 18537988
  Processing partition 7733000/8877691, columns so far: 18539820
  Processing partition 7734000/8877691, columns so far: 18542015
  Processing partition 7735000/8877691, columns so far: 18544078
  Processing partition 7736000/8877691, columns so far: 18547558
  Processing partition 7737000/8877691, columns so far: 18551886
  Processing partition 7738000/8877691, columns so far: 18553660
  Processing partition 7739000/8877691, columns so far: 18555193
  Processing partition 7740000/8877691, columns so far: 18557000
  Processing partition 7741000/8877691, columns so far: 18558568
  Processing partition 7742000/8877691, columns so far: 18560120
  Processing partition 7743000/8877691, columns so far: 18561728
  Processing partition 7744000/8877691, columns so far: 18563256
  Processing partition 7745000/8877691, columns so far: 18565111
  Processing partition 7746000/8877691, columns so far: 18567632
  Processing partition 7747000/8877691, columns so far: 18571118
  Processing partition 7748000/8877691, columns so far: 18572748
  Processing partition 7749000/8877691, columns so far: 18574532
  Processing partition 7750000/8877691, columns so far: 18576062
  Processing partition 7751000/8877691, columns so far: 18577903
  Processing partition 7752000/8877691, columns so far: 18579484
  Processing partition 7753000/8877691, columns so far: 18581050
  Processing partition 7754000/8877691, columns so far: 18582577
  Processing partition 7755000/8877691, columns so far: 18584400
  Processing partition 7756000/8877691, columns so far: 18586726
  Processing partition 7757000/8877691, columns so far: 18590409
  Processing partition 7758000/8877691, columns so far: 18591953
  Processing partition 7759000/8877691, columns so far: 18593710
  Processing partition 7760000/8877691, columns so far: 18595396
  Processing partition 7761000/8877691, columns so far: 18596936
  Processing partition 7762000/8877691, columns so far: 18598828
  Processing partition 7763000/8877691, columns so far: 18600252
  Processing partition 7764000/8877691, columns so far: 18601893
  Processing partition 7765000/8877691, columns so far: 18603657
  Processing partition 7766000/8877691, columns so far: 18605896
  Processing partition 7767000/8877691, columns so far: 18609736
  Processing partition 7768000/8877691, columns so far: 18611280
  Processing partition 7769000/8877691, columns so far: 18613046
  Processing partition 7770000/8877691, columns so far: 18614632
  Processing partition 7771000/8877691, columns so far: 18616262
  Processing partition 7772000/8877691, columns so far: 18617778
  Processing partition 7773000/8877691, columns so far: 18619338
  Processing partition 7774000/8877691, columns so far: 18621213
  Processing partition 7775000/8877691, columns so far: 18622927
  Processing partition 7776000/8877691, columns so far: 18625108
  Processing partition 7777000/8877691, columns so far: 18628500
  Processing partition 7778000/8877691, columns so far: 18630578
  Processing partition 7779000/8877691, columns so far: 18632420
  Processing partition 7780000/8877691, columns so far: 18633974
  Processing partition 7781000/8877691, columns so far: 18635562
  Processing partition 7782000/8877691, columns so far: 18637132
  Processing partition 7783000/8877691, columns so far: 18638655
  Processing partition 7784000/8877691, columns so far: 18640398
  Processing partition 7785000/8877691, columns so far: 18642276
  Processing partition 7786000/8877691, columns so far: 18644272
  Processing partition 7787000/8877691, columns so far: 18647828
  Processing partition 7788000/8877691, columns so far: 18650125
  Processing partition 7789000/8877691, columns so far: 18652550
  Processing partition 7790000/8877691, columns so far: 18654077
  Processing partition 7791000/8877691, columns so far: 18655985
  Processing partition 7792000/8877691, columns so far: 18657893
  Processing partition 7793000/8877691, columns so far: 18659802
  Processing partition 7794000/8877691, columns so far: 18661332
  Processing partition 7795000/8877691, columns so far: 18663404
  Processing partition 7796000/8877691, columns so far: 18665380
  Processing partition 7797000/8877691, columns so far: 18667504
  Processing partition 7798000/8877691, columns so far: 18669812
  Processing partition 7799000/8877691, columns so far: 18671946
  Processing partition 7800000/8877691, columns so far: 18674902
  Processing partition 7801000/8877691, columns so far: 18677251
  Processing partition 7802000/8877691, columns so far: 18679070
  Processing partition 7803000/8877691, columns so far: 18681476
  Processing partition 7804000/8877691, columns so far: 18683396
  Processing partition 7805000/8877691, columns so far: 18685670
  Processing partition 7806000/8877691, columns so far: 18688077
  Processing partition 7807000/8877691, columns so far: 18689900
  Processing partition 7808000/8877691, columns so far: 18692590
  Processing partition 7809000/8877691, columns so far: 18694720
  Processing partition 7810000/8877691, columns so far: 18696942
  Processing partition 7811000/8877691, columns so far: 18699728
  Processing partition 7812000/8877691, columns so far: 18701975
  Processing partition 7813000/8877691, columns so far: 18704388
  Processing partition 7814000/8877691, columns so far: 18706150
  Processing partition 7815000/8877691, columns so far: 18708543
  Processing partition 7816000/8877691, columns so far: 18710948
  Processing partition 7817000/8877691, columns so far: 18712699
  Processing partition 7818000/8877691, columns so far: 18715168
  Processing partition 7819000/8877691, columns so far: 18717208
  Processing partition 7820000/8877691, columns so far: 18719716
  Processing partition 7821000/8877691, columns so far: 18722232
  Processing partition 7822000/8877691, columns so far: 18726676
  Processing partition 7823000/8877691, columns so far: 18732536
  Processing partition 7824000/8877691, columns so far: 18734735
  Processing partition 7825000/8877691, columns so far: 18736802
  Processing partition 7826000/8877691, columns so far: 18738860
  Processing partition 7827000/8877691, columns so far: 18740656
  Processing partition 7828000/8877691, columns so far: 18742595
  Processing partition 7829000/8877691, columns so far: 18744502
  Processing partition 7830000/8877691, columns so far: 18746082
  Processing partition 7831000/8877691, columns so far: 18747916
  Processing partition 7832000/8877691, columns so far: 18750004
  Processing partition 7833000/8877691, columns so far: 18752052
  Processing partition 7834000/8877691, columns so far: 18755582
  Processing partition 7835000/8877691, columns so far: 18759584
  Processing partition 7836000/8877691, columns so far: 18761632
  Processing partition 7837000/8877691, columns so far: 18763818
  Processing partition 7838000/8877691, columns so far: 18765611
  Processing partition 7839000/8877691, columns so far: 18767550
  Processing partition 7840000/8877691, columns so far: 18769608
  Processing partition 7841000/8877691, columns so far: 18771465
  Processing partition 7842000/8877691, columns so far: 18773376
  Processing partition 7843000/8877691, columns so far: 18774922
  Processing partition 7844000/8877691, columns so far: 18777136
  Processing partition 7845000/8877691, columns so far: 18779644
  Processing partition 7846000/8877691, columns so far: 18783136
  Processing partition 7847000/8877691, columns so far: 18786712
  Processing partition 7848000/8877691, columns so far: 18789037
  Processing partition 7849000/8877691, columns so far: 18790556
  Processing partition 7850000/8877691, columns so far: 18792728
  Processing partition 7851000/8877691, columns so far: 18794487
  Processing partition 7852000/8877691, columns so far: 18796274
  Processing partition 7853000/8877691, columns so far: 18798480
  Processing partition 7854000/8877691, columns so far: 18800372
  Processing partition 7855000/8877691, columns so far: 18802290
  Processing partition 7856000/8877691, columns so far: 18804159
  Processing partition 7857000/8877691, columns so far: 18807084
  Processing partition 7858000/8877691, columns so far: 18811632
  Processing partition 7859000/8877691, columns so far: 18813742
  Processing partition 7860000/8877691, columns so far: 18816016
  Processing partition 7861000/8877691, columns so far: 18817876
  Processing partition 7862000/8877691, columns so far: 18819478
  Processing partition 7863000/8877691, columns so far: 18821556
  Processing partition 7864000/8877691, columns so far: 18823358
  Processing partition 7865000/8877691, columns so far: 18825176
  Processing partition 7866000/8877691, columns so far: 18827356
  Processing partition 7867000/8877691, columns so far: 18829386
  Processing partition 7868000/8877691, columns so far: 18831207
  Processing partition 7869000/8877691, columns so far: 18834536
  Processing partition 7870000/8877691, columns so far: 18838968
  Processing partition 7871000/8877691, columns so far: 18840790
  Processing partition 7872000/8877691, columns so far: 18843035
  Processing partition 7873000/8877691, columns so far: 18844947
  Processing partition 7874000/8877691, columns so far: 18846562
  Processing partition 7875000/8877691, columns so far: 18848343
  Processing partition 7876000/8877691, columns so far: 18850436
  Processing partition 7877000/8877691, columns so far: 18852206
  Processing partition 7878000/8877691, columns so far: 18853984
  Processing partition 7879000/8877691, columns so far: 18856464
  Processing partition 7880000/8877691, columns so far: 18858452
  Processing partition 7881000/8877691, columns so far: 18862008
  Processing partition 7882000/8877691, columns so far: 18866046
  Processing partition 7883000/8877691, columns so far: 18868032
  Processing partition 7884000/8877691, columns so far: 18869994
  Processing partition 7885000/8877691, columns so far: 18871905
  Processing partition 7886000/8877691, columns so far: 18873812
  Processing partition 7887000/8877691, columns so far: 18875372
  Processing partition 7888000/8877691, columns so far: 18877225
  Processing partition 7889000/8877691, columns so far: 18879307
  Processing partition 7890000/8877691, columns so far: 18881119
  Processing partition 7891000/8877691, columns so far: 18883313
  Processing partition 7892000/8877691, columns so far: 18886604
  Processing partition 7893000/8877691, columns so far: 18890748
  Processing partition 7894000/8877691, columns so far: 18893432
  Processing partition 7895000/8877691, columns so far: 18895848
  Processing partition 7896000/8877691, columns so far: 18898546
  Processing partition 7897000/8877691, columns so far: 18900870
  Processing partition 7898000/8877691, columns so far: 18902727
  Processing partition 7899000/8877691, columns so far: 18905138
  Processing partition 7900000/8877691, columns so far: 18907188
  Processing partition 7901000/8877691, columns so far: 18909293
  Processing partition 7902000/8877691, columns so far: 18911796
  Processing partition 7903000/8877691, columns so far: 18913538
  Processing partition 7904000/8877691, columns so far: 18916305
  Processing partition 7905000/8877691, columns so far: 18918418
  Processing partition 7906000/8877691, columns so far: 18922792
  Processing partition 7907000/8877691, columns so far: 18929192
  Processing partition 7908000/8877691, columns so far: 18932798
  Processing partition 7909000/8877691, columns so far: 18937672
  Processing partition 7910000/8877691, columns so far: 18941432
  Processing partition 7911000/8877691, columns so far: 18945988
  Processing partition 7912000/8877691, columns so far: 18950800
  Processing partition 7913000/8877691, columns so far: 18954524
  Processing partition 7914000/8877691, columns so far: 18959294
  Processing partition 7915000/8877691, columns so far: 18963732
  Processing partition 7916000/8877691, columns so far: 18968542
  Processing partition 7917000/8877691, columns so far: 18973904
  Processing partition 7918000/8877691, columns so far: 18982528
  Processing partition 7919000/8877691, columns so far: 18994288
  Processing partition 7920000/8877691, columns so far: 18998392
  Processing partition 7921000/8877691, columns so far: 19002442
  Processing partition 7922000/8877691, columns so far: 19007152
  Processing partition 7923000/8877691, columns so far: 19010230
  Processing partition 7924000/8877691, columns so far: 19014046
  Processing partition 7925000/8877691, columns so far: 19017860
  Processing partition 7926000/8877691, columns so far: 19021296
  Processing partition 7927000/8877691, columns so far: 19024672
  Processing partition 7928000/8877691, columns so far: 19029088
  Processing partition 7929000/8877691, columns so far: 19033456
  Processing partition 7930000/8877691, columns so far: 19040620
  Processing partition 7931000/8877691, columns so far: 19048254
  Processing partition 7932000/8877691, columns so far: 19052592
  Processing partition 7933000/8877691, columns so far: 19056592
  Processing partition 7934000/8877691, columns so far: 19060132
  Processing partition 7935000/8877691, columns so far: 19064344
  Processing partition 7936000/8877691, columns so far: 19068020
  Processing partition 7937000/8877691, columns so far: 19071828
  Processing partition 7938000/8877691, columns so far: 19075684
  Processing partition 7939000/8877691, columns so far: 19078912
  Processing partition 7940000/8877691, columns so far: 19083126
  Processing partition 7941000/8877691, columns so far: 19088456
  Processing partition 7942000/8877691, columns so far: 19096128
  Processing partition 7943000/8877691, columns so far: 19102292
  Processing partition 7944000/8877691, columns so far: 19106946
  Processing partition 7945000/8877691, columns so far: 19110160
  Processing partition 7946000/8877691, columns so far: 19114352
  Processing partition 7947000/8877691, columns so far: 19117904
  Processing partition 7948000/8877691, columns so far: 19121764
  Processing partition 7949000/8877691, columns so far: 19125816
  Processing partition 7950000/8877691, columns so far: 19129636
  Processing partition 7951000/8877691, columns so far: 19133520
  Processing partition 7952000/8877691, columns so far: 19137156
  Processing partition 7953000/8877691, columns so far: 19143344
  Processing partition 7954000/8877691, columns so far: 19152686
  Processing partition 7955000/8877691, columns so far: 19156322
  Processing partition 7956000/8877691, columns so far: 19160998
  Processing partition 7957000/8877691, columns so far: 19164702
  Processing partition 7958000/8877691, columns so far: 19167810
  Processing partition 7959000/8877691, columns so far: 19171988
  Processing partition 7960000/8877691, columns so far: 19175692
  Processing partition 7961000/8877691, columns so far: 19179256
  Processing partition 7962000/8877691, columns so far: 19183564
  Processing partition 7963000/8877691, columns so far: 19187754
  Processing partition 7964000/8877691, columns so far: 19191312
  Processing partition 7965000/8877691, columns so far: 19198280
  Processing partition 7966000/8877691, columns so far: 19206918
  Processing partition 7967000/8877691, columns so far: 19210476
  Processing partition 7968000/8877691, columns so far: 19214914
  Processing partition 7969000/8877691, columns so far: 19218728
  Processing partition 7970000/8877691, columns so far: 19222344
  Processing partition 7971000/8877691, columns so far: 19225636
  Processing partition 7972000/8877691, columns so far: 19229718
  Processing partition 7973000/8877691, columns so far: 19233380
  Processing partition 7974000/8877691, columns so far: 19236990
  Processing partition 7975000/8877691, columns so far: 19241780
  Processing partition 7976000/8877691, columns so far: 19246272
  Processing partition 7977000/8877691, columns so far: 19253496
  Processing partition 7978000/8877691, columns so far: 19260944
  Processing partition 7979000/8877691, columns so far: 19265424
  Processing partition 7980000/8877691, columns so far: 19268872
  Processing partition 7981000/8877691, columns so far: 19272776
  Processing partition 7982000/8877691, columns so far: 19276592
  Processing partition 7983000/8877691, columns so far: 19279784
  Processing partition 7984000/8877691, columns so far: 19283360
  Processing partition 7985000/8877691, columns so far: 19287582
  Processing partition 7986000/8877691, columns so far: 19291260
  Processing partition 7987000/8877691, columns so far: 19295720
  Processing partition 7988000/8877691, columns so far: 19302412
  Processing partition 7989000/8877691, columns so far: 19310964
  Processing partition 7990000/8877691, columns so far: 19315958
  Processing partition 7991000/8877691, columns so far: 19321068
  Processing partition 7992000/8877691, columns so far: 19325940
  Processing partition 7993000/8877691, columns so far: 19330836
  Processing partition 7994000/8877691, columns so far: 19334356
  Processing partition 7995000/8877691, columns so far: 19339168
  Processing partition 7996000/8877691, columns so far: 19343968
  Processing partition 7997000/8877691, columns so far: 19347478
  Processing partition 7998000/8877691, columns so far: 19352436
  Processing partition 7999000/8877691, columns so far: 19356060
  Processing partition 8000000/8877691, columns so far: 19361500
  Processing partition 8001000/8877691, columns so far: 19365512
  Processing partition 8002000/8877691, columns so far: 19367738
  Processing partition 8003000/8877691, columns so far: 19370880
  Processing partition 8004000/8877691, columns so far: 19372675
  Processing partition 8005000/8877691, columns so far: 19375088
  Processing partition 8006000/8877691, columns so far: 19377110
  Processing partition 8007000/8877691, columns so far: 19379242
  Processing partition 8008000/8877691, columns so far: 19381744
  Processing partition 8009000/8877691, columns so far: 19383502
  Processing partition 8010000/8877691, columns so far: 19385862
  Processing partition 8011000/8877691, columns so far: 19388314
  Processing partition 8012000/8877691, columns so far: 19390500
  Processing partition 8013000/8877691, columns so far: 19393782
  Processing partition 8014000/8877691, columns so far: 19397900
  Processing partition 8015000/8877691, columns so far: 19403478
  Processing partition 8016000/8877691, columns so far: 19405553
  Processing partition 8017000/8877691, columns so far: 19407498
  Processing partition 8018000/8877691, columns so far: 19409815
  Processing partition 8019000/8877691, columns so far: 19411325
  Processing partition 8020000/8877691, columns so far: 19413246
  Processing partition 8021000/8877691, columns so far: 19415174
  Processing partition 8022000/8877691, columns so far: 19417066
  Processing partition 8023000/8877691, columns so far: 19418601
  Processing partition 8024000/8877691, columns so far: 19420759
  Processing partition 8025000/8877691, columns so far: 19423194
  Processing partition 8026000/8877691, columns so far: 19426714
  Processing partition 8027000/8877691, columns so far: 19430342
  Processing partition 8028000/8877691, columns so far: 19432692
  Processing partition 8029000/8877691, columns so far: 19434517
  Processing partition 8030000/8877691, columns so far: 19436309
  Processing partition 8031000/8877691, columns so far: 19438702
  Processing partition 8032000/8877691, columns so far: 19440256
  Processing partition 8033000/8877691, columns so far: 19442164
  Processing partition 8034000/8877691, columns so far: 19444078
  Processing partition 8035000/8877691, columns so far: 19445876
  Processing partition 8036000/8877691, columns so far: 19447800
  Processing partition 8037000/8877691, columns so far: 19450638
  Processing partition 8038000/8877691, columns so far: 19454812
  Processing partition 8039000/8877691, columns so far: 19457382
  Processing partition 8040000/8877691, columns so far: 19459718
  Processing partition 8041000/8877691, columns so far: 19461486
  Processing partition 8042000/8877691, columns so far: 19463412
  Processing partition 8043000/8877691, columns so far: 19465212
  Processing partition 8044000/8877691, columns so far: 19467294
  Processing partition 8045000/8877691, columns so far: 19469126
  Processing partition 8046000/8877691, columns so far: 19471039
  Processing partition 8047000/8877691, columns so far: 19473007
  Processing partition 8048000/8877691, columns so far: 19474863
  Processing partition 8049000/8877691, columns so far: 19478080
  Processing partition 8050000/8877691, columns so far: 19482590
  Processing partition 8051000/8877691, columns so far: 19484446
  Processing partition 8052000/8877691, columns so far: 19486715
  Processing partition 8053000/8877691, columns so far: 19488586
  Processing partition 8054000/8877691, columns so far: 19490168
  Processing partition 8055000/8877691, columns so far: 19492237
  Processing partition 8056000/8877691, columns so far: 19494070
  Processing partition 8057000/8877691, columns so far: 19495996
  Processing partition 8058000/8877691, columns so far: 19498022
  Processing partition 8059000/8877691, columns so far: 19500100
  Processing partition 8060000/8877691, columns so far: 19502026
  Processing partition 8061000/8877691, columns so far: 19505556
  Processing partition 8062000/8877691, columns so far: 19509682
  Processing partition 8063000/8877691, columns so far: 19511608
  Processing partition 8064000/8877691, columns so far: 19513677
  Processing partition 8065000/8877691, columns so far: 19515584
  Processing partition 8066000/8877691, columns so far: 19517492
  Processing partition 8067000/8877691, columns so far: 19519046
  Processing partition 8068000/8877691, columns so far: 19521140
  Processing partition 8069000/8877691, columns so far: 19522990
  Processing partition 8070000/8877691, columns so far: 19524764
  Processing partition 8071000/8877691, columns so far: 19527165
  Processing partition 8072000/8877691, columns so far: 19529656
  Processing partition 8073000/8877691, columns so far: 19533200
  Processing partition 8074000/8877691, columns so far: 19536748
  Processing partition 8075000/8877691, columns so far: 19539158
  Processing partition 8076000/8877691, columns so far: 19540681
  Processing partition 8077000/8877691, columns so far: 19542582
  Processing partition 8078000/8877691, columns so far: 19544490
  Processing partition 8079000/8877691, columns so far: 19546254
  Processing partition 8080000/8877691, columns so far: 19547926
  Processing partition 8081000/8877691, columns so far: 19550010
  Processing partition 8082000/8877691, columns so far: 19551899
  Processing partition 8083000/8877691, columns so far: 19554098
  Processing partition 8084000/8877691, columns so far: 19557816
  Processing partition 8085000/8877691, columns so far: 19561940
  Processing partition 8086000/8877691, columns so far: 19564222
  Processing partition 8087000/8877691, columns so far: 19567395
  Processing partition 8088000/8877691, columns so far: 19569246
  Processing partition 8089000/8877691, columns so far: 19571679
  Processing partition 8090000/8877691, columns so far: 19573426
  Processing partition 8091000/8877691, columns so far: 19575836
  Processing partition 8092000/8877691, columns so far: 19578228
  Processing partition 8093000/8877691, columns so far: 19579992
  Processing partition 8094000/8877691, columns so far: 19582494
  Processing partition 8095000/8877691, columns so far: 19584552
  Processing partition 8096000/8877691, columns so far: 19587088
  Processing partition 8097000/8877691, columns so far: 19589604
  Processing partition 8098000/8877691, columns so far: 19594006
  Processing partition 8099000/8877691, columns so far: 19600362
  Processing partition 8100000/8877691, columns so far: 19603928
  Processing partition 8101000/8877691, columns so far: 19608700
  Processing partition 8102000/8877691, columns so far: 19613376
  Processing partition 8103000/8877691, columns so far: 19617194
  Processing partition 8104000/8877691, columns so far: 19621974
  Processing partition 8105000/8877691, columns so far: 19625556
  Processing partition 8106000/8877691, columns so far: 19630328
  Processing partition 8107000/8877691, columns so far: 19635268
  Processing partition 8108000/8877691, columns so far: 19639720
  Processing partition 8109000/8877691, columns so far: 19646420
  Processing partition 8110000/8877691, columns so far: 19654880
  Processing partition 8111000/8877691, columns so far: 19664296
  Processing partition 8112000/8877691, columns so far: 19666428
  Processing partition 8113000/8877691, columns so far: 19669527
  Processing partition 8114000/8877691, columns so far: 19671518
  Processing partition 8115000/8877691, columns so far: 19673662
  Processing partition 8116000/8877691, columns so far: 19676094
  Processing partition 8117000/8877691, columns so far: 19677857
  Processing partition 8118000/8877691, columns so far: 19680240
  Processing partition 8119000/8877691, columns so far: 19682660
  Processing partition 8120000/8877691, columns so far: 19684424
  Processing partition 8121000/8877691, columns so far: 19687168
  Processing partition 8122000/8877691, columns so far: 19689241
  Processing partition 8123000/8877691, columns so far: 19691435
  Processing partition 8124000/8877691, columns so far: 19693564
  Processing partition 8125000/8877691, columns so far: 19695352
  Processing partition 8126000/8877691, columns so far: 19697646
  Processing partition 8127000/8877691, columns so far: 19699541
  Processing partition 8128000/8877691, columns so far: 19701051
  Processing partition 8129000/8877691, columns so far: 19702959
  Processing partition 8130000/8877691, columns so far: 19704884
  Processing partition 8131000/8877691, columns so far: 19706797
  Processing partition 8132000/8877691, columns so far: 19708633
  Processing partition 8133000/8877691, columns so far: 19711748
  Processing partition 8134000/8877691, columns so far: 19716380
  Processing partition 8135000/8877691, columns so far: 19718216
  Processing partition 8136000/8877691, columns so far: 19720064
  Processing partition 8137000/8877691, columns so far: 19721768
  Processing partition 8138000/8877691, columns so far: 19723428
  Processing partition 8139000/8877691, columns so far: 19724984
  Processing partition 8140000/8877691, columns so far: 19726538
  Processing partition 8141000/8877691, columns so far: 19728114
  Processing partition 8142000/8877691, columns so far: 19729828
  Processing partition 8143000/8877691, columns so far: 19731834
  Processing partition 8144000/8877691, columns so far: 19735152
  Processing partition 8145000/8877691, columns so far: 19737512
  Processing partition 8146000/8877691, columns so far: 19739186
  Processing partition 8147000/8877691, columns so far: 19741086
  Processing partition 8148000/8877691, columns so far: 19742590
  Processing partition 8149000/8877691, columns so far: 19744149
  Processing partition 8150000/8877691, columns so far: 19745908
  Processing partition 8151000/8877691, columns so far: 19747464
  Processing partition 8152000/8877691, columns so far: 19749120
  Processing partition 8153000/8877691, columns so far: 19750966
  Processing partition 8154000/8877691, columns so far: 19754028
  Processing partition 8155000/8877691, columns so far: 19756767
  Processing partition 8156000/8877691, columns so far: 19758531
  Processing partition 8157000/8877691, columns so far: 19760386
  Processing partition 8158000/8877691, columns so far: 19761824
  Processing partition 8159000/8877691, columns so far: 19763472
  Processing partition 8160000/8877691, columns so far: 19764998
  Processing partition 8161000/8877691, columns so far: 19766832
  Processing partition 8162000/8877691, columns so far: 19768464
  Processing partition 8163000/8877691, columns so far: 19770094
  Processing partition 8164000/8877691, columns so far: 19773176
  Processing partition 8165000/8877691, columns so far: 19776084
  Processing partition 8166000/8877691, columns so far: 19777819
  Processing partition 8167000/8877691, columns so far: 19779548
  Processing partition 8168000/8877691, columns so far: 19781052
  Processing partition 8169000/8877691, columns so far: 19782608
  Processing partition 8170000/8877691, columns so far: 19784347
  Processing partition 8171000/8877691, columns so far: 19785891
  Processing partition 8172000/8877691, columns so far: 19787775
  Processing partition 8173000/8877691, columns so far: 19789298
  Processing partition 8174000/8877691, columns so far: 19792246
  Processing partition 8175000/8877691, columns so far: 19795375
  Processing partition 8176000/8877691, columns so far: 19797168
  Processing partition 8177000/8877691, columns so far: 19798744
  Processing partition 8178000/8877691, columns so far: 19800401
  Processing partition 8179000/8877691, columns so far: 19801981
  Processing partition 8180000/8877691, columns so far: 19803536
  Processing partition 8181000/8877691, columns so far: 19805190
  Processing partition 8182000/8877691, columns so far: 19806838
  Processing partition 8183000/8877691, columns so far: 19808624
  Processing partition 8184000/8877691, columns so far: 19812024
  Processing partition 8185000/8877691, columns so far: 19814962
  Processing partition 8186000/8877691, columns so far: 19817076
  Processing partition 8187000/8877691, columns so far: 19818963
  Processing partition 8188000/8877691, columns so far: 19821291
  Processing partition 8189000/8877691, columns so far: 19822870
  Processing partition 8190000/8877691, columns so far: 19824753
  Processing partition 8191000/8877691, columns so far: 19826662
  Processing partition 8192000/8877691, columns so far: 19828545
  Processing partition 8193000/8877691, columns so far: 19830068
  Processing partition 8194000/8877691, columns so far: 19832256
  Processing partition 8195000/8877691, columns so far: 19835212
  Processing partition 8196000/8877691, columns so far: 19839296
  Processing partition 8197000/8877691, columns so far: 19843224
  Processing partition 8198000/8877691, columns so far: 19847896
  Processing partition 8199000/8877691, columns so far: 19850944
  Processing partition 8200000/8877691, columns so far: 19854748
  Processing partition 8201000/8877691, columns so far: 19858584
  Processing partition 8202000/8877691, columns so far: 19862288
  Processing partition 8203000/8877691, columns so far: 19865434
  Processing partition 8204000/8877691, columns so far: 19869804
  Processing partition 8205000/8877691, columns so far: 19874388
  Processing partition 8206000/8877691, columns so far: 19881464
  Processing partition 8207000/8877691, columns so far: 19888010
  Processing partition 8208000/8877691, columns so far: 19890083
  Processing partition 8209000/8877691, columns so far: 19891944
  Processing partition 8210000/8877691, columns so far: 19894262
  Processing partition 8211000/8877691, columns so far: 19896020
  Processing partition 8212000/8877691, columns so far: 19897678
  Processing partition 8213000/8877691, columns so far: 19899591
  Processing partition 8214000/8877691, columns so far: 19901500
  Processing partition 8215000/8877691, columns so far: 19903172
  Processing partition 8216000/8877691, columns so far: 19905200
  Processing partition 8217000/8877691, columns so far: 19908408
  Processing partition 8218000/8877691, columns so far: 19912672
  Processing partition 8219000/8877691, columns so far: 19915146
  Processing partition 8220000/8877691, columns so far: 19917222
  Processing partition 8221000/8877691, columns so far: 19918991
  Processing partition 8222000/8877691, columns so far: 19921246
  Processing partition 8223000/8877691, columns so far: 19923146
  Processing partition 8224000/8877691, columns so far: 19924768
  Processing partition 8225000/8877691, columns so far: 19926550
  Processing partition 8226000/8877691, columns so far: 19928504
  Processing partition 8227000/8877691, columns so far: 19930476
  Processing partition 8228000/8877691, columns so far: 19932242
  Processing partition 8229000/8877691, columns so far: 19934133
  Processing partition 8230000/8877691, columns so far: 19936507
  Processing partition 8231000/8877691, columns so far: 19938270
  Processing partition 8232000/8877691, columns so far: 19940159
  Processing partition 8233000/8877691, columns so far: 19942438
  Processing partition 8234000/8877691, columns so far: 19943996
  Processing partition 8235000/8877691, columns so far: 19945902
  Processing partition 8236000/8877691, columns so far: 19947810
  Processing partition 8237000/8877691, columns so far: 19949737
  Processing partition 8238000/8877691, columns so far: 19951568
  Processing partition 8239000/8877691, columns so far: 19954546
  Processing partition 8240000/8877691, columns so far: 19959319
  Processing partition 8241000/8877691, columns so far: 19960866
  Processing partition 8242000/8877691, columns so far: 19962830
  Processing partition 8243000/8877691, columns so far: 19964448
  Processing partition 8244000/8877691, columns so far: 19966189
  Processing partition 8245000/8877691, columns so far: 19967735
  Processing partition 8246000/8877691, columns so far: 19969479
  Processing partition 8247000/8877691, columns so far: 19971033
  Processing partition 8248000/8877691, columns so far: 19972726
  Processing partition 8249000/8877691, columns so far: 19974718
  Processing partition 8250000/8877691, columns so far: 19978020
  Processing partition 8251000/8877691, columns so far: 19980189
  Processing partition 8252000/8877691, columns so far: 19982126
  Processing partition 8253000/8877691, columns so far: 19983621
  Processing partition 8254000/8877691, columns so far: 19985532
  Processing partition 8255000/8877691, columns so far: 19987084
  Processing partition 8256000/8877691, columns so far: 19988583
  Processing partition 8257000/8877691, columns so far: 19990392
  Processing partition 8258000/8877691, columns so far: 19992056
  Processing partition 8259000/8877691, columns so far: 19993782
  Processing partition 8260000/8877691, columns so far: 19996904
  Processing partition 8261000/8877691, columns so far: 19999502
  Processing partition 8262000/8877691, columns so far: 20001468
  Processing partition 8263000/8877691, columns so far: 20002971
  Processing partition 8264000/8877691, columns so far: 20004618
  Processing partition 8265000/8877691, columns so far: 20006213
  Processing partition 8266000/8877691, columns so far: 20007936
  Processing partition 8267000/8877691, columns so far: 20009452
  Processing partition 8268000/8877691, columns so far: 20011400
  Processing partition 8269000/8877691, columns so far: 20012974
  Processing partition 8270000/8877691, columns so far: 20016030
  Processing partition 8271000/8877691, columns so far: 20018831
  Processing partition 8272000/8877691, columns so far: 20020759
  Processing partition 8273000/8877691, columns so far: 20022258
  Processing partition 8274000/8877691, columns so far: 20023818
  Processing partition 8275000/8877691, columns so far: 20025551
  Processing partition 8276000/8877691, columns so far: 20027106
  Processing partition 8277000/8877691, columns so far: 20028779
  Processing partition 8278000/8877691, columns so far: 20030483
  Processing partition 8279000/8877691, columns so far: 20032241
  Processing partition 8280000/8877691, columns so far: 20035816
  Processing partition 8281000/8877691, columns so far: 20038439
  Processing partition 8282000/8877691, columns so far: 20040586
  Processing partition 8283000/8877691, columns so far: 20042584
  Processing partition 8284000/8877691, columns so far: 20044374
  Processing partition 8285000/8877691, columns so far: 20046468
  Processing partition 8286000/8877691, columns so far: 20048323
  Processing partition 8287000/8877691, columns so far: 20050210
  Processing partition 8288000/8877691, columns so far: 20052146
  Processing partition 8289000/8877691, columns so far: 20053732
  Processing partition 8290000/8877691, columns so far: 20055871
  Processing partition 8291000/8877691, columns so far: 20058536
  Processing partition 8292000/8877691, columns so far: 20062576
  Processing partition 8293000/8877691, columns so far: 20067016
  Processing partition 8294000/8877691, columns so far: 20070592
  Processing partition 8295000/8877691, columns so far: 20074412
  Processing partition 8296000/8877691, columns so far: 20078590
  Processing partition 8297000/8877691, columns so far: 20082298
  Processing partition 8298000/8877691, columns so far: 20086130
  Processing partition 8299000/8877691, columns so far: 20089222
  Processing partition 8300000/8877691, columns so far: 20093512
  Processing partition 8301000/8877691, columns so far: 20098528
  Processing partition 8302000/8877691, columns so far: 20105588
  Processing partition 8303000/8877691, columns so far: 20111372
  Processing partition 8304000/8877691, columns so far: 20113763
  Processing partition 8305000/8877691, columns so far: 20115529
  Processing partition 8306000/8877691, columns so far: 20117368
  Processing partition 8307000/8877691, columns so far: 20119720
  Processing partition 8308000/8877691, columns so far: 20121274
  Processing partition 8309000/8877691, columns so far: 20123182
  Processing partition 8310000/8877691, columns so far: 20125089
  Processing partition 8311000/8877691, columns so far: 20126960
  Processing partition 8312000/8877691, columns so far: 20128847
  Processing partition 8313000/8877691, columns so far: 20131898
  Processing partition 8314000/8877691, columns so far: 20136428
  Processing partition 8315000/8877691, columns so far: 20138435
  Processing partition 8316000/8877691, columns so far: 20140292
  Processing partition 8317000/8877691, columns so far: 20141978
  Processing partition 8318000/8877691, columns so far: 20143576
  Processing partition 8319000/8877691, columns so far: 20145217
  Processing partition 8320000/8877691, columns so far: 20146773
  Processing partition 8321000/8877691, columns so far: 20148359
  Processing partition 8322000/8877691, columns so far: 20150041
  Processing partition 8323000/8877691, columns so far: 20152134
  Processing partition 8324000/8877691, columns so far: 20155680
  Processing partition 8325000/8877691, columns so far: 20157723
  Processing partition 8326000/8877691, columns so far: 20160162
  Processing partition 8327000/8877691, columns so far: 20161932
  Processing partition 8328000/8877691, columns so far: 20163753
  Processing partition 8329000/8877691, columns so far: 20166087
  Processing partition 8330000/8877691, columns so far: 20167674
  Processing partition 8331000/8877691, columns so far: 20169488
  Processing partition 8332000/8877691, columns so far: 20171400
  Processing partition 8333000/8877691, columns so far: 20173359
  Processing partition 8334000/8877691, columns so far: 20175164
  Processing partition 8335000/8877691, columns so far: 20177072
  Processing partition 8336000/8877691, columns so far: 20179390
  Processing partition 8337000/8877691, columns so far: 20180906
  Processing partition 8338000/8877691, columns so far: 20183103
  Processing partition 8339000/8877691, columns so far: 20184849
  Processing partition 8340000/8877691, columns so far: 20186640
  Processing partition 8341000/8877691, columns so far: 20188842
  Processing partition 8342000/8877691, columns so far: 20190742
  Processing partition 8343000/8877691, columns so far: 20192666
  Processing partition 8344000/8877691, columns so far: 20194509
  Processing partition 8345000/8877691, columns so far: 20197454
  Processing partition 8346000/8877691, columns so far: 20202246
  Processing partition 8347000/8877691, columns so far: 20203800
  Processing partition 8348000/8877691, columns so far: 20205570
  Processing partition 8349000/8877691, columns so far: 20207240
  Processing partition 8350000/8877691, columns so far: 20208892
  Processing partition 8351000/8877691, columns so far: 20210656
  Processing partition 8352000/8877691, columns so far: 20212180
  Processing partition 8353000/8877691, columns so far: 20213962
  Processing partition 8354000/8877691, columns so far: 20215646
  Processing partition 8355000/8877691, columns so far: 20217608
  Processing partition 8356000/8877691, columns so far: 20220876
  Processing partition 8357000/8877691, columns so far: 20223092
  Processing partition 8358000/8877691, columns so far: 20224944
  Processing partition 8359000/8877691, columns so far: 20226566
  Processing partition 8360000/8877691, columns so far: 20228100
  Processing partition 8361000/8877691, columns so far: 20229728
  Processing partition 8362000/8877691, columns so far: 20231524
  Processing partition 8363000/8877691, columns so far: 20233021
  Processing partition 8364000/8877691, columns so far: 20234978
  Processing partition 8365000/8877691, columns so far: 20236700
  Processing partition 8366000/8877691, columns so far: 20239812
  Processing partition 8367000/8877691, columns so far: 20242442
  Processing partition 8368000/8877691, columns so far: 20244282
  Processing partition 8369000/8877691, columns so far: 20245914
  Processing partition 8370000/8877691, columns so far: 20247403
  Processing partition 8371000/8877691, columns so far: 20248941
  Processing partition 8372000/8877691, columns so far: 20250691
  Processing partition 8373000/8877691, columns so far: 20252374
  Processing partition 8374000/8877691, columns so far: 20254056
  Processing partition 8375000/8877691, columns so far: 20255904
  Processing partition 8376000/8877691, columns so far: 20259584
  Processing partition 8377000/8877691, columns so far: 20261966
  Processing partition 8378000/8877691, columns so far: 20264376
  Processing partition 8379000/8877691, columns so far: 20265919
  Processing partition 8380000/8877691, columns so far: 20267997
  Processing partition 8381000/8877691, columns so far: 20269854
  Processing partition 8382000/8877691, columns so far: 20271617
  Processing partition 8383000/8877691, columns so far: 20273824
  Processing partition 8384000/8877691, columns so far: 20275744
  Processing partition 8385000/8877691, columns so far: 20277520
  Processing partition 8386000/8877691, columns so far: 20279450
  Processing partition 8387000/8877691, columns so far: 20282318
  Processing partition 8388000/8877691, columns so far: 20286476
  Processing partition 8389000/8877691, columns so far: 20290218
  Processing partition 8390000/8877691, columns so far: 20294380
  Processing partition 8391000/8877691, columns so far: 20297908
  Processing partition 8392000/8877691, columns so far: 20301612
  Processing partition 8393000/8877691, columns so far: 20306032
  Processing partition 8394000/8877691, columns so far: 20309872
  Processing partition 8395000/8877691, columns so far: 20313044
  Processing partition 8396000/8877691, columns so far: 20317202
  Processing partition 8397000/8877691, columns so far: 20322488
  Processing partition 8398000/8877691, columns so far: 20330168
  Processing partition 8399000/8877691, columns so far: 20335006
  Processing partition 8400000/8877691, columns so far: 20337334
  Processing partition 8401000/8877691, columns so far: 20338896
  Processing partition 8402000/8877691, columns so far: 20341036
  Processing partition 8403000/8877691, columns so far: 20342784
  Processing partition 8404000/8877691, columns so far: 20344704
  Processing partition 8405000/8877691, columns so far: 20346777
  Processing partition 8406000/8877691, columns so far: 20348685
  Processing partition 8407000/8877691, columns so far: 20350624
  Processing partition 8408000/8877691, columns so far: 20352438
  Processing partition 8409000/8877691, columns so far: 20355552
  Processing partition 8410000/8877691, columns so far: 20360204
  Processing partition 8411000/8877691, columns so far: 20362025
  Processing partition 8412000/8877691, columns so far: 20363693
  Processing partition 8413000/8877691, columns so far: 20365600
  Processing partition 8414000/8877691, columns so far: 20367106
  Processing partition 8415000/8877691, columns so far: 20368636
  Processing partition 8416000/8877691, columns so far: 20370342
  Processing partition 8417000/8877691, columns so far: 20371908
  Processing partition 8418000/8877691, columns so far: 20373646
  Processing partition 8419000/8877691, columns so far: 20375740
  Processing partition 8420000/8877691, columns so far: 20379320
  Processing partition 8421000/8877691, columns so far: 20381058
  Processing partition 8422000/8877691, columns so far: 20382996
  Processing partition 8423000/8877691, columns so far: 20384660
  Processing partition 8424000/8877691, columns so far: 20386412
  Processing partition 8425000/8877691, columns so far: 20387958
  Processing partition 8426000/8877691, columns so far: 20389712
  Processing partition 8427000/8877691, columns so far: 20391270
  Processing partition 8428000/8877691, columns so far: 20392930
  Processing partition 8429000/8877691, columns so far: 20394856
  Processing partition 8430000/8877691, columns so far: 20398598
  Processing partition 8431000/8877691, columns so far: 20400666
  Processing partition 8432000/8877691, columns so far: 20402996
  Processing partition 8433000/8877691, columns so far: 20404628
  Processing partition 8434000/8877691, columns so far: 20406697
  Processing partition 8435000/8877691, columns so far: 20408491
  Processing partition 8436000/8877691, columns so far: 20410430
  Processing partition 8437000/8877691, columns so far: 20412432
  Processing partition 8438000/8877691, columns so far: 20414339
  Processing partition 8439000/8877691, columns so far: 20416286
  Processing partition 8440000/8877691, columns so far: 20418104
  Processing partition 8441000/8877691, columns so far: 20419924
  Processing partition 8442000/8877691, columns so far: 20422316
  Processing partition 8443000/8877691, columns so far: 20423843
  Processing partition 8444000/8877691, columns so far: 20425751
  Processing partition 8445000/8877691, columns so far: 20427784
  Processing partition 8446000/8877691, columns so far: 20429572
  Processing partition 8447000/8877691, columns so far: 20431335
  Processing partition 8448000/8877691, columns so far: 20433668
  Processing partition 8449000/8877691, columns so far: 20435588
  Processing partition 8450000/8877691, columns so far: 20437366
  Processing partition 8451000/8877691, columns so far: 20440290
  Processing partition 8452000/8877691, columns so far: 20445080
  Processing partition 8453000/8877691, columns so far: 20446744
  Processing partition 8454000/8877691, columns so far: 20448503
  Processing partition 8455000/8877691, columns so far: 20450069
  Processing partition 8456000/8877691, columns so far: 20451695
  Processing partition 8457000/8877691, columns so far: 20453244
  Processing partition 8458000/8877691, columns so far: 20455100
  Processing partition 8459000/8877691, columns so far: 20456628
  Processing partition 8460000/8877691, columns so far: 20458581
  Processing partition 8461000/8877691, columns so far: 20460534
  Processing partition 8462000/8877691, columns so far: 20463904
  Processing partition 8463000/8877691, columns so far: 20466028
  Processing partition 8464000/8877691, columns so far: 20467852
  Processing partition 8465000/8877691, columns so far: 20469412
  Processing partition 8466000/8877691, columns so far: 20471022
  Processing partition 8467000/8877691, columns so far: 20472558
  Processing partition 8468000/8877691, columns so far: 20474086
  Processing partition 8469000/8877691, columns so far: 20475961
  Processing partition 8470000/8877691, columns so far: 20477702
  Processing partition 8471000/8877691, columns so far: 20479694
  Processing partition 8472000/8877691, columns so far: 20483364
  Processing partition 8473000/8877691, columns so far: 20485584
  Processing partition 8474000/8877691, columns so far: 20488000
  Processing partition 8475000/8877691, columns so far: 20489510
  Processing partition 8476000/8877691, columns so far: 20491416
  Processing partition 8477000/8877691, columns so far: 20493445
  Processing partition 8478000/8877691, columns so far: 20495237
  Processing partition 8479000/8877691, columns so far: 20497001
  Processing partition 8480000/8877691, columns so far: 20499353
  Processing partition 8481000/8877691, columns so far: 20501267
  Processing partition 8482000/8877691, columns so far: 20503032
  Processing partition 8483000/8877691, columns so far: 20506100
  Processing partition 8484000/8877691, columns so far: 20510892
  Processing partition 8485000/8877691, columns so far: 20514006
  Processing partition 8486000/8877691, columns so far: 20517820
  Processing partition 8487000/8877691, columns so far: 20521882
  Processing partition 8488000/8877691, columns so far: 20525402
  Processing partition 8489000/8877691, columns so far: 20528928
  Processing partition 8490000/8877691, columns so far: 20533670
  Processing partition 8491000/8877691, columns so far: 20537168
  Processing partition 8492000/8877691, columns so far: 20540990
  Processing partition 8493000/8877691, columns so far: 20546652
  Processing partition 8494000/8877691, columns so far: 20554856
  Processing partition 8495000/8877691, columns so far: 20558564
  Processing partition 8496000/8877691, columns so far: 20560935
  Processing partition 8497000/8877691, columns so far: 20562610
  Processing partition 8498000/8877691, columns so far: 20564372
  Processing partition 8499000/8877691, columns so far: 20566448
  Processing partition 8500000/8877691, columns so far: 20568208
  Processing partition 8501000/8877691, columns so far: 20570068
  Processing partition 8502000/8877691, columns so far: 20572256
  Processing partition 8503000/8877691, columns so far: 20574236
  Processing partition 8504000/8877691, columns so far: 20576099
  Processing partition 8505000/8877691, columns so far: 20579288
  Processing partition 8506000/8877691, columns so far: 20583820
  Processing partition 8507000/8877691, columns so far: 20585682
  Processing partition 8508000/8877691, columns so far: 20587264
  Processing partition 8509000/8877691, columns so far: 20589094
  Processing partition 8510000/8877691, columns so far: 20590712
  Processing partition 8511000/8877691, columns so far: 20592233
  Processing partition 8512000/8877691, columns so far: 20593759
  Processing partition 8513000/8877691, columns so far: 20595493
  Processing partition 8514000/8877691, columns so far: 20597218
  Processing partition 8515000/8877691, columns so far: 20599496
  Processing partition 8516000/8877691, columns so far: 20603146
  Processing partition 8517000/8877691, columns so far: 20604680
  Processing partition 8518000/8877691, columns so far: 20606592
  Processing partition 8519000/8877691, columns so far: 20608136
  Processing partition 8520000/8877691, columns so far: 20609999
  Processing partition 8521000/8877691, columns so far: 20611553
  Processing partition 8522000/8877691, columns so far: 20613109
  Processing partition 8523000/8877691, columns so far: 20614842
  Processing partition 8524000/8877691, columns so far: 20616520
  Processing partition 8525000/8877691, columns so far: 20618578
  Processing partition 8526000/8877691, columns so far: 20622196
  Processing partition 8527000/8877691, columns so far: 20623997
  Processing partition 8528000/8877691, columns so far: 20625808
  Processing partition 8529000/8877691, columns so far: 20627439
  Processing partition 8530000/8877691, columns so far: 20629100
  Processing partition 8531000/8877691, columns so far: 20630874
  Processing partition 8532000/8877691, columns so far: 20632396
  Processing partition 8533000/8877691, columns so far: 20634187
  Processing partition 8534000/8877691, columns so far: 20635844
  Processing partition 8535000/8877691, columns so far: 20637768
  Processing partition 8536000/8877691, columns so far: 20641492
  Processing partition 8537000/8877691, columns so far: 20643525
  Processing partition 8538000/8877691, columns so far: 20645936
  Processing partition 8539000/8877691, columns so far: 20647510
  Processing partition 8540000/8877691, columns so far: 20649398
  Processing partition 8541000/8877691, columns so far: 20651418
  Processing partition 8542000/8877691, columns so far: 20653194
  Processing partition 8543000/8877691, columns so far: 20654954
  Processing partition 8544000/8877691, columns so far: 20657269
  Processing partition 8545000/8877691, columns so far: 20659225
  Processing partition 8546000/8877691, columns so far: 20660985
  Processing partition 8547000/8877691, columns so far: 20662845
  Processing partition 8548000/8877691, columns so far: 20665256
  Processing partition 8549000/8877691, columns so far: 20666788
  Processing partition 8550000/8877691, columns so far: 20668694
  Processing partition 8551000/8877691, columns so far: 20670578
  Processing partition 8552000/8877691, columns so far: 20672484
  Processing partition 8553000/8877691, columns so far: 20674272
  Processing partition 8554000/8877691, columns so far: 20676097
  Processing partition 8555000/8877691, columns so far: 20678506
  Processing partition 8556000/8877691, columns so far: 20680302
  Processing partition 8557000/8877691, columns so far: 20683200
  Processing partition 8558000/8877691, columns so far: 20688016
  Processing partition 8559000/8877691, columns so far: 20689632
  Processing partition 8560000/8877691, columns so far: 20691422
  Processing partition 8561000/8877691, columns so far: 20692977
  Processing partition 8562000/8877691, columns so far: 20694550
  Processing partition 8563000/8877691, columns so far: 20696149
  Processing partition 8564000/8877691, columns so far: 20697702
  Processing partition 8565000/8877691, columns so far: 20699464
  Processing partition 8566000/8877691, columns so far: 20701292
  Processing partition 8567000/8877691, columns so far: 20703544
  Processing partition 8568000/8877691, columns so far: 20707154
  Processing partition 8569000/8877691, columns so far: 20709209
  Processing partition 8570000/8877691, columns so far: 20711601
  Processing partition 8571000/8877691, columns so far: 20713218
  Processing partition 8572000/8877691, columns so far: 20715002
  Processing partition 8573000/8877691, columns so far: 20716919
  Processing partition 8574000/8877691, columns so far: 20718860
  Processing partition 8575000/8877691, columns so far: 20720676
  Processing partition 8576000/8877691, columns so far: 20722470
  Processing partition 8577000/8877691, columns so far: 20724890
  Processing partition 8578000/8877691, columns so far: 20726662
  Processing partition 8579000/8877691, columns so far: 20729880
  Processing partition 8580000/8877691, columns so far: 20734674
  Processing partition 8581000/8877691, columns so far: 20737720
  Processing partition 8582000/8877691, columns so far: 20741554
  Processing partition 8583000/8877691, columns so far: 20745364
  Processing partition 8584000/8877691, columns so far: 20749194
  Processing partition 8585000/8877691, columns so far: 20752702
  Processing partition 8586000/8877691, columns so far: 20756358
  Processing partition 8587000/8877691, columns so far: 20761254
  Processing partition 8588000/8877691, columns so far: 20764762
  Processing partition 8589000/8877691, columns so far: 20770664
  Processing partition 8590000/8877691, columns so far: 20780402
  Processing partition 8591000/8877691, columns so far: 20782156
  Processing partition 8592000/8877691, columns so far: 20784521
  Processing partition 8593000/8877691, columns so far: 20786432
  Processing partition 8594000/8877691, columns so far: 20787983
  Processing partition 8595000/8877691, columns so far: 20789858
  Processing partition 8596000/8877691, columns so far: 20791924
  Processing partition 8597000/8877691, columns so far: 20793682
  Processing partition 8598000/8877691, columns so far: 20795452
  Processing partition 8599000/8877691, columns so far: 20797954
  Processing partition 8600000/8877691, columns so far: 20799688
  Processing partition 8601000/8877691, columns so far: 20803076
  Processing partition 8602000/8877691, columns so far: 20807537
  Processing partition 8603000/8877691, columns so far: 20809295
  Processing partition 8604000/8877691, columns so far: 20810828
  Processing partition 8605000/8877691, columns so far: 20812680
  Processing partition 8606000/8877691, columns so far: 20814234
  Processing partition 8607000/8877691, columns so far: 20815856
  Processing partition 8608000/8877691, columns so far: 20817378
  Processing partition 8609000/8877691, columns so far: 20818901
  Processing partition 8610000/8877691, columns so far: 20820802
  Processing partition 8611000/8877691, columns so far: 20823184
  Processing partition 8612000/8877691, columns so far: 20826744
  Processing partition 8613000/8877691, columns so far: 20828270
  Processing partition 8614000/8877691, columns so far: 20830181
  Processing partition 8615000/8877691, columns so far: 20831732
  Processing partition 8616000/8877691, columns so far: 20833574
  Processing partition 8617000/8877691, columns so far: 20835150
  Processing partition 8618000/8877691, columns so far: 20836704
  Processing partition 8619000/8877691, columns so far: 20838203
  Processing partition 8620000/8877691, columns so far: 20840124
  Processing partition 8621000/8877691, columns so far: 20842292
  Processing partition 8622000/8877691, columns so far: 20846064
  Processing partition 8623000/8877691, columns so far: 20847618
  Processing partition 8624000/8877691, columns so far: 20849378
  Processing partition 8625000/8877691, columns so far: 20851024
  Processing partition 8626000/8877691, columns so far: 20852558
  Processing partition 8627000/8877691, columns so far: 20854474
  Processing partition 8628000/8877691, columns so far: 20856052
  Processing partition 8629000/8877691, columns so far: 20857548
  Processing partition 8630000/8877691, columns so far: 20859458
  Processing partition 8631000/8877691, columns so far: 20861464
  Processing partition 8632000/8877691, columns so far: 20865024
  Processing partition 8633000/8877691, columns so far: 20866906
  Processing partition 8634000/8877691, columns so far: 20868730
  Processing partition 8635000/8877691, columns so far: 20870287
  Processing partition 8636000/8877691, columns so far: 20871929
  Processing partition 8637000/8877691, columns so far: 20873461
  Processing partition 8638000/8877691, columns so far: 20875221
  Processing partition 8639000/8877691, columns so far: 20876840
  Processing partition 8640000/8877691, columns so far: 20878782
  Processing partition 8641000/8877691, columns so far: 20880686
  Processing partition 8642000/8877691, columns so far: 20884400
  Processing partition 8643000/8877691, columns so far: 20886466
  Processing partition 8644000/8877691, columns so far: 20888878
  Processing partition 8645000/8877691, columns so far: 20890430
  Processing partition 8646000/8877691, columns so far: 20892291
  Processing partition 8647000/8877691, columns so far: 20894199
  Processing partition 8648000/8877691, columns so far: 20896128
  Processing partition 8649000/8877691, columns so far: 20897894
  Processing partition 8650000/8877691, columns so far: 20899748
  Processing partition 8651000/8877691, columns so far: 20902159
  Processing partition 8652000/8877691, columns so far: 20903925
  Processing partition 8653000/8877691, columns so far: 20905779
  Processing partition 8654000/8877691, columns so far: 20908190
  Processing partition 8655000/8877691, columns so far: 20909714
  Processing partition 8656000/8877691, columns so far: 20911614
  Processing partition 8657000/8877691, columns so far: 20913522
  Processing partition 8658000/8877691, columns so far: 20915304
  Processing partition 8659000/8877691, columns so far: 20916958
  Processing partition 8660000/8877691, columns so far: 20919041
  Processing partition 8661000/8877691, columns so far: 20920938
  Processing partition 8662000/8877691, columns so far: 20923130
  Processing partition 8663000/8877691, columns so far: 20926862
  Processing partition 8664000/8877691, columns so far: 20930988
  Processing partition 8665000/8877691, columns so far: 20932827
  Processing partition 8666000/8877691, columns so far: 20935192
  Processing partition 8667000/8877691, columns so far: 20936936
  Processing partition 8668000/8877691, columns so far: 20938603
  Processing partition 8669000/8877691, columns so far: 20940508
  Processing partition 8670000/8877691, columns so far: 20942478
  Processing partition 8671000/8877691, columns so far: 20944114
  Processing partition 8672000/8877691, columns so far: 20946065
  Processing partition 8673000/8877691, columns so far: 20948210
  Processing partition 8674000/8877691, columns so far: 20950348
  Processing partition 8675000/8877691, columns so far: 20953568
  Processing partition 8676000/8877691, columns so far: 20958460
  Processing partition 8677000/8877691, columns so far: 20961628
  Processing partition 8678000/8877691, columns so far: 20965268
  Processing partition 8679000/8877691, columns so far: 20969082
  Processing partition 8680000/8877691, columns so far: 20972906
  Processing partition 8681000/8877691, columns so far: 20975984
  Processing partition 8682000/8877691, columns so far: 20980198
  Processing partition 8683000/8877691, columns so far: 20984448
  Processing partition 8684000/8877691, columns so far: 20988566
  Processing partition 8685000/8877691, columns so far: 20996308
  Processing partition 8686000/8877691, columns so far: 21004015
  Processing partition 8687000/8877691, columns so far: 21005785
  Processing partition 8688000/8877691, columns so far: 21008162
  Processing partition 8689000/8877691, columns so far: 21010024
  Processing partition 8690000/8877691, columns so far: 21011568
  Processing partition 8691000/8877691, columns so far: 21013436
  Processing partition 8692000/8877691, columns so far: 21015378
  Processing partition 8693000/8877691, columns so far: 21017310
  Processing partition 8694000/8877691, columns so far: 21019069
  Processing partition 8695000/8877691, columns so far: 21021268
  Processing partition 8696000/8877691, columns so far: 21023341
  Processing partition 8697000/8877691, columns so far: 21026856
  Processing partition 8698000/8877691, columns so far: 21031132
  Processing partition 8699000/8877691, columns so far: 21032924
  Processing partition 8700000/8877691, columns so far: 21034447
  Processing partition 8701000/8877691, columns so far: 21036233
  Processing partition 8702000/8877691, columns so far: 21037805
  Processing partition 8703000/8877691, columns so far: 21039359
  Processing partition 8704000/8877691, columns so far: 21040979
  Processing partition 8705000/8877691, columns so far: 21042506
  Processing partition 8706000/8877691, columns so far: 21044357
  Processing partition 8707000/8877691, columns so far: 21046944
  Processing partition 8708000/8877691, columns so far: 21050366
  Processing partition 8709000/8877691, columns so far: 21052048
  Processing partition 8710000/8877691, columns so far: 21053773
  Processing partition 8711000/8877691, columns so far: 21055301
  Processing partition 8712000/8877691, columns so far: 21057153
  Processing partition 8713000/8877691, columns so far: 21058734
  Processing partition 8714000/8877691, columns so far: 21060300
  Processing partition 8715000/8877691, columns so far: 21061822
  Processing partition 8716000/8877691, columns so far: 21063649
  Processing partition 8717000/8877691, columns so far: 21066026
  Processing partition 8718000/8877691, columns so far: 21069652
  Processing partition 8719000/8877691, columns so far: 21071209
  Processing partition 8720000/8877691, columns so far: 21072949
  Processing partition 8721000/8877691, columns so far: 21074673
  Processing partition 8722000/8877691, columns so far: 21076175
  Processing partition 8723000/8877691, columns so far: 21078067
  Processing partition 8724000/8877691, columns so far: 21079532
  Processing partition 8725000/8877691, columns so far: 21081142
  Processing partition 8726000/8877691, columns so far: 21082906
  Processing partition 8727000/8877691, columns so far: 21085220
  Processing partition 8728000/8877691, columns so far: 21088998
  Processing partition 8729000/8877691, columns so far: 21090528
  Processing partition 8730000/8877691, columns so far: 21092316
  Processing partition 8731000/8877691, columns so far: 21093875
  Processing partition 8732000/8877691, columns so far: 21095499
  Processing partition 8733000/8877691, columns so far: 21097038
  Processing partition 8734000/8877691, columns so far: 21098626
  Processing partition 8735000/8877691, columns so far: 21100456
  Processing partition 8736000/8877691, columns so far: 21102190
  Processing partition 8737000/8877691, columns so far: 21104386
  Processing partition 8738000/8877691, columns so far: 21107900
  Processing partition 8739000/8877691, columns so far: 21109842
  Processing partition 8740000/8877691, columns so far: 21111658
  Processing partition 8741000/8877691, columns so far: 21113210
  Processing partition 8742000/8877691, columns so far: 21114795
  Processing partition 8743000/8877691, columns so far: 21116372
  Processing partition 8744000/8877691, columns so far: 21117905
  Processing partition 8745000/8877691, columns so far: 21119669
  Processing partition 8746000/8877691, columns so far: 21121514
  Processing partition 8747000/8877691, columns so far: 21123580
  Processing partition 8748000/8877691, columns so far: 21127240
  Processing partition 8749000/8877691, columns so far: 21129370
  Processing partition 8750000/8877691, columns so far: 21131804
  Processing partition 8751000/8877691, columns so far: 21133348
  Processing partition 8752000/8877691, columns so far: 21135230
  Processing partition 8753000/8877691, columns so far: 21137142
  Processing partition 8754000/8877691, columns so far: 21139048
  Processing partition 8755000/8877691, columns so far: 21140576
  Processing partition 8756000/8877691, columns so far: 21142693
  Processing partition 8757000/8877691, columns so far: 21144792
  Processing partition 8758000/8877691, columns so far: 21146772
  Processing partition 8759000/8877691, columns so far: 21149058
  Processing partition 8760000/8877691, columns so far: 21151328
  Processing partition 8761000/8877691, columns so far: 21154197
  Processing partition 8762000/8877691, columns so far: 21156515
  Processing partition 8763000/8877691, columns so far: 21158315
  Processing partition 8764000/8877691, columns so far: 21160764
  Processing partition 8765000/8877691, columns so far: 21162704
  Processing partition 8766000/8877691, columns so far: 21164920
  Processing partition 8767000/8877691, columns so far: 21167332
  Processing partition 8768000/8877691, columns so far: 21169150
  Processing partition 8769000/8877691, columns so far: 21171900
  Processing partition 8770000/8877691, columns so far: 21173989
  Processing partition 8771000/8877691, columns so far: 21178316
  Processing partition 8772000/8877691, columns so far: 21184352
  Processing partition 8773000/8877691, columns so far: 21188362
  Processing partition 8774000/8877691, columns so far: 21193228
  Processing partition 8775000/8877691, columns so far: 21196720
  Processing partition 8776000/8877691, columns so far: 21201536
  Processing partition 8777000/8877691, columns so far: 21206326
  Processing partition 8778000/8877691, columns so far: 21209848
  Processing partition 8779000/8877691, columns so far: 21214832
  Processing partition 8780000/8877691, columns so far: 21218936
  Processing partition 8781000/8877691, columns so far: 21223968
  Processing partition 8782000/8877691, columns so far: 21227732
  Processing partition 8783000/8877691, columns so far: 21229939
  Processing partition 8784000/8877691, columns so far: 21233113
  Processing partition 8785000/8877691, columns so far: 21234886
  Processing partition 8786000/8877691, columns so far: 21237286
  Processing partition 8787000/8877691, columns so far: 21239560
  Processing partition 8788000/8877691, columns so far: 21241534
  Processing partition 8789000/8877691, columns so far: 21243922
  Processing partition 8790000/8877691, columns so far: 21245710
  Processing partition 8791000/8877691, columns so far: 21248101
  Processing partition 8792000/8877691, columns so far: 21250569
  Processing partition 8793000/8877691, columns so far: 21252758
  Processing partition 8794000/8877691, columns so far: 21256138
  Processing partition 8795000/8877691, columns so far: 21260366
  Processing partition 8796000/8877691, columns so far: 21265679
  Processing partition 8797000/8877691, columns so far: 21267807
  Processing partition 8798000/8877691, columns so far: 21269676
  Processing partition 8799000/8877691, columns so far: 21272018
  Processing partition 8800000/8877691, columns so far: 21273632
  Processing partition 8801000/8877691, columns so far: 21275455
  Processing partition 8802000/8877691, columns so far: 21277364
  Processing partition 8803000/8877691, columns so far: 21279263
  Processing partition 8804000/8877691, columns so far: 21280786
  Processing partition 8805000/8877691, columns so far: 21282994
  Processing partition 8806000/8877691, columns so far: 21285552
  Processing partition 8807000/8877691, columns so far: 21289184
  Processing partition 8808000/8877691, columns so far: 21292576
  Processing partition 8809000/8877691, columns so far: 21294946
  Processing partition 8810000/8877691, columns so far: 21296718
  Processing partition 8811000/8877691, columns so far: 21298598
  Processing partition 8812000/8877691, columns so far: 21300876
  Processing partition 8813000/8877691, columns so far: 21302434
  Processing partition 8814000/8877691, columns so far: 21304342
  Processing partition 8815000/8877691, columns so far: 21306250
  Processing partition 8816000/8877691, columns so far: 21308176
  Processing partition 8817000/8877691, columns so far: 21310008
  Processing partition 8818000/8877691, columns so far: 21312994
  Processing partition 8819000/8877691, columns so far: 21317759
  Processing partition 8820000/8877691, columns so far: 21319591
  Processing partition 8821000/8877691, columns so far: 21321923
  Processing partition 8822000/8877691, columns so far: 21323790
  Processing partition 8823000/8877691, columns so far: 21325622
  Processing partition 8824000/8877691, columns so far: 21327414
  Processing partition 8825000/8877691, columns so far: 21329801
  Processing partition 8826000/8877691, columns so far: 21331364
  Processing partition 8827000/8877691, columns so far: 21333207
  Processing partition 8828000/8877691, columns so far: 21335302
  Processing partition 8829000/8877691, columns so far: 21337065
  Processing partition 8830000/8877691, columns so far: 21340484
  Processing partition 8831000/8877691, columns so far: 21344884
  Processing partition 8832000/8877691, columns so far: 21346648
  Processing partition 8833000/8877691, columns so far: 21348888
  Processing partition 8834000/8877691, columns so far: 21350804
  Processing partition 8835000/8877691, columns so far: 21352526
  Processing partition 8836000/8877691, columns so far: 21354462
  Processing partition 8837000/8877691, columns so far: 21356290
  Processing partition 8838000/8877691, columns so far: 21358334
  Processing partition 8839000/8877691, columns so far: 21360214
  Processing partition 8840000/8877691, columns so far: 21362321
  Processing partition 8841000/8877691, columns so far: 21364384
  Processing partition 8842000/8877691, columns so far: 21368108
  Processing partition 8843000/8877691, columns so far: 21371904
  Processing partition 8844000/8877691, columns so far: 21373952
  Processing partition 8845000/8877691, columns so far: 21375846
  Processing partition 8846000/8877691, columns so far: 21377762
  Processing partition 8847000/8877691, columns so far: 21379670
  Processing partition 8848000/8877691, columns so far: 21381236
  Processing partition 8849000/8877691, columns so far: 21383342
  Processing partition 8850000/8877691, columns so far: 21385164
  Processing partition 8851000/8877691, columns so far: 21387112
  Processing partition 8852000/8877691, columns so far: 21389339
  Processing partition 8853000/8877691, columns so far: 21391956
  Processing partition 8854000/8877691, columns so far: 21395848
  Processing partition 8855000/8877691, columns so far: 21398922
  Processing partition 8856000/8877691, columns so far: 21401348
  Processing partition 8857000/8877691, columns so far: 21402876
  Processing partition 8858000/8877691, columns so far: 21404777
  Processing partition 8859000/8877691, columns so far: 21406694
  Processing partition 8860000/8877691, columns so far: 21408599
  Processing partition 8861000/8877691, columns so far: 21410123
  Processing partition 8862000/8877691, columns so far: 21412236
  Processing partition 8863000/8877691, columns so far: 21414224
  Processing partition 8864000/8877691, columns so far: 21416306
  Processing partition 8865000/8877691, columns so far: 21420172
  Processing partition 8866000/8877691, columns so far: 21424242
  Processing partition 8867000/8877691, columns so far: 21426425
  Processing partition 8868000/8877691, columns so far: 21429652
  Processing partition 8869000/8877691, columns so far: 21431419
  Processing partition 8870000/8877691, columns so far: 21433866
  Processing partition 8871000/8877691, columns so far: 21435784
  Processing partition 8872000/8877691, columns so far: 21438020
  Processing partition 8873000/8877691, columns so far: 21440430
  Processing partition 8874000/8877691, columns so far: 21442292
  Processing partition 8875000/8877691, columns so far: 21444663
  Processing partition 8876000/8877691, columns so far: 21446942
  Processing partition 8877000/8877691, columns so far: 21449297
Generated 21450752 columns before deduplication
Removing duplicates...
After deduplication: 19683 unique columns
Generated 19683 unique ZIO columns in 771.07 seconds

Writing columns to /Users/egecanaktan/github_repositories/MultiItemPerishability/zio_column_generation/zio_columns_generated.txt...
Written 19683 columns to /Users/egecanaktan/github_repositories/MultiItemPerishability/zio_column_generation/zio_columns_generated.txt

================================================================================
SAMPLE COLUMNS (first 30):
================================================================================

Column 1:
  Cost: 1533.1154
  Setups (Y): [0, 1, 2, 3, 4, 5, 6, 7, 8, 9]
  Production (X): {0: 0, 1: 0, 2: 68, 3: 49, 4: 66, 5: 38, 6: 17, 7: 17, 8: 41, 9: 43}
  Arcs (Z): [(0, 1), (1, 2), (2, 3), (3, 4), (4, 5), (5, 6), (6, 7), (7, 8), (8, 9), (9, 10)]
  Blocks: [(0, 1), (1, 2), (2, 3), (3, 4), (4, 5), (5, 6), (6, 7), (7, 8), (8, 9), (9, 10)]

Column 2:
  Cost: 1502.0554
  Setups (Y): [0, 1, 2, 3, 4, 5, 6, 7, 8]
  Production (X): {0: 0, 1: 0, 2: 68, 3: 49, 4: 66, 5: 38, 6: 17, 7: 17, 8: 84}
  Arcs (Z): [(0, 1), (1, 2), (2, 3), (3, 4), (4, 5), (5, 6), (6, 7), (7, 8), (8, 9), (8, 10)]
  Blocks: [(0, 1), (1, 2), (2, 3), (3, 4), (4, 5), (5, 6), (6, 7), (7, 8), (8, 10)]

Column 3:
  Cost: 1589.6638
  Setups (Y): [0, 1, 2, 3, 4, 5, 6, 7, 8, 9]
  Production (X): {0: 0, 1: 0, 2: 68, 3: 49, 4: 66, 5: 38, 6: 17, 7: 17, 8: 84}
  Arcs (Z): [(0, 1), (1, 2), (2, 3), (3, 4), (4, 5), (5, 6), (6, 7), (7, 8), (8, 9), (8, 10)]
  Blocks: [(0, 1), (1, 2), (2, 3), (3, 4), (4, 5), (5, 6), (6, 7), (7, 8), (8, 10)]

Column 4:
  Cost: 1404.0930
  Setups (Y): [0, 1, 2, 3, 4, 5, 6, 7, 9]
  Production (X): {0: 0, 1: 0, 2: 68, 3: 49, 4: 66, 5: 38, 6: 17, 7: 58, 9: 43}
  Arcs (Z): [(0, 1), (1, 2), (2, 3), (3, 4), (4, 5), (5, 6), (6, 7), (7, 8), (7, 9), (9, 10)]
  Blocks: [(0, 1), (1, 2), (2, 3), (3, 4), (4, 5), (5, 6), (6, 7), (7, 9), (9, 10)]

Column 5:
  Cost: 1492.0492
  Setups (Y): [0, 1, 2, 3, 4, 5, 6, 7, 8, 9]
  Production (X): {0: 0, 1: 0, 2: 68, 3: 49, 4: 66, 5: 38, 6: 17, 7: 58, 9: 43}
  Arcs (Z): [(0, 1), (1, 2), (2, 3), (3, 4), (4, 5), (5, 6), (6, 7), (7, 8), (7, 9), (9, 10)]
  Blocks: [(0, 1), (1, 2), (2, 3), (3, 4), (4, 5), (5, 6), (6, 7), (7, 9), (9, 10)]

Column 6:
  Cost: 1329.9636
  Setups (Y): [0, 1, 2, 3, 4, 5, 6, 7]
  Production (X): {0: 0, 1: 0, 2: 68, 3: 49, 4: 66, 5: 38, 6: 17, 7: 101}
  Arcs (Z): [(0, 1), (1, 2), (2, 3), (3, 4), (4, 5), (5, 6), (6, 7), (7, 8), (7, 9), (7, 10)]
  Blocks: [(0, 1), (1, 2), (2, 3), (3, 4), (4, 5), (5, 6), (6, 7), (7, 10)]

Column 7:
  Cost: 1417.9198
  Setups (Y): [0, 1, 2, 3, 4, 5, 6, 7, 8]
  Production (X): {0: 0, 1: 0, 2: 68, 3: 49, 4: 66, 5: 38, 6: 17, 7: 101}
  Arcs (Z): [(0, 1), (1, 2), (2, 3), (3, 4), (4, 5), (5, 6), (6, 7), (7, 8), (7, 9), (7, 10)]
  Blocks: [(0, 1), (1, 2), (2, 3), (3, 4), (4, 5), (5, 6), (6, 7), (7, 10)]

Column 8:
  Cost: 1417.5721
  Setups (Y): [0, 1, 2, 3, 4, 5, 6, 7, 9]
  Production (X): {0: 0, 1: 0, 2: 68, 3: 49, 4: 66, 5: 38, 6: 17, 7: 101}
  Arcs (Z): [(0, 1), (1, 2), (2, 3), (3, 4), (4, 5), (5, 6), (6, 7), (7, 8), (7, 9), (7, 10)]
  Blocks: [(0, 1), (1, 2), (2, 3), (3, 4), (4, 5), (5, 6), (6, 7), (7, 10)]

Column 9:
  Cost: 1505.5282
  Setups (Y): [0, 1, 2, 3, 4, 5, 6, 7, 8, 9]
  Production (X): {0: 0, 1: 0, 2: 68, 3: 49, 4: 66, 5: 38, 6: 17, 7: 101}
  Arcs (Z): [(0, 1), (1, 2), (2, 3), (3, 4), (4, 5), (5, 6), (6, 7), (7, 8), (7, 9), (7, 10)]
  Blocks: [(0, 1), (1, 2), (2, 3), (3, 4), (4, 5), (5, 6), (6, 7), (7, 10)]

Column 10:
  Cost: 1454.9032
  Setups (Y): [0, 1, 2, 3, 4, 5, 6, 8, 9]
  Production (X): {0: 0, 1: 0, 2: 68, 3: 49, 4: 66, 5: 38, 6: 34, 8: 41, 9: 43}
  Arcs (Z): [(0, 1), (1, 2), (2, 3), (3, 4), (4, 5), (5, 6), (6, 7), (6, 8), (8, 9), (9, 10)]
  Blocks: [(0, 1), (1, 2), (2, 3), (3, 4), (4, 5), (5, 6), (6, 8), (8, 9), (9, 10)]

Column 11:
  Cost: 1542.8593
  Setups (Y): [0, 1, 2, 3, 4, 5, 6, 7, 8, 9]
  Production (X): {0: 0, 1: 0, 2: 68, 3: 49, 4: 66, 5: 38, 6: 34, 8: 41, 9: 43}
  Arcs (Z): [(0, 1), (1, 2), (2, 3), (3, 4), (4, 5), (5, 6), (6, 7), (6, 8), (8, 9), (9, 10)]
  Blocks: [(0, 1), (1, 2), (2, 3), (3, 4), (4, 5), (5, 6), (6, 8), (8, 9), (9, 10)]

Column 12:
  Cost: 1423.8432
  Setups (Y): [0, 1, 2, 3, 4, 5, 6, 8]
  Production (X): {0: 0, 1: 0, 2: 68, 3: 49, 4: 66, 5: 38, 6: 34, 8: 84}
  Arcs (Z): [(0, 1), (1, 2), (2, 3), (3, 4), (4, 5), (5, 6), (6, 7), (6, 8), (8, 9), (8, 10)]
  Blocks: [(0, 1), (1, 2), (2, 3), (3, 4), (4, 5), (5, 6), (6, 8), (8, 10)]

Column 13:
  Cost: 1511.4516
  Setups (Y): [0, 1, 2, 3, 4, 5, 6, 8, 9]
  Production (X): {0: 0, 1: 0, 2: 68, 3: 49, 4: 66, 5: 38, 6: 34, 8: 84}
  Arcs (Z): [(0, 1), (1, 2), (2, 3), (3, 4), (4, 5), (5, 6), (6, 7), (6, 8), (8, 9), (8, 10)]
  Blocks: [(0, 1), (1, 2), (2, 3), (3, 4), (4, 5), (5, 6), (6, 8), (8, 10)]

Column 14:
  Cost: 1511.7993
  Setups (Y): [0, 1, 2, 3, 4, 5, 6, 7, 8]
  Production (X): {0: 0, 1: 0, 2: 68, 3: 49, 4: 66, 5: 38, 6: 34, 8: 84}
  Arcs (Z): [(0, 1), (1, 2), (2, 3), (3, 4), (4, 5), (5, 6), (6, 7), (6, 8), (8, 9), (8, 10)]
  Blocks: [(0, 1), (1, 2), (2, 3), (3, 4), (4, 5), (5, 6), (6, 8), (8, 10)]

Column 15:
  Cost: 1599.4078
  Setups (Y): [0, 1, 2, 3, 4, 5, 6, 7, 8, 9]
  Production (X): {0: 0, 1: 0, 2: 68, 3: 49, 4: 66, 5: 38, 6: 34, 8: 84}
  Arcs (Z): [(0, 1), (1, 2), (2, 3), (3, 4), (4, 5), (5, 6), (6, 7), (6, 8), (8, 9), (8, 10)]
  Blocks: [(0, 1), (1, 2), (2, 3), (3, 4), (4, 5), (5, 6), (6, 8), (8, 10)]

Column 16:
  Cost: 1349.3810
  Setups (Y): [0, 1, 2, 3, 4, 5, 6, 9]
  Production (X): {0: 0, 1: 0, 2: 68, 3: 49, 4: 66, 5: 38, 6: 75, 9: 43}
  Arcs (Z): [(0, 1), (1, 2), (2, 3), (3, 4), (4, 5), (5, 6), (6, 7), (6, 8), (6, 9), (9, 10)]
  Blocks: [(0, 1), (1, 2), (2, 3), (3, 4), (4, 5), (5, 6), (6, 9), (9, 10)]

Column 17:
  Cost: 1437.3371
  Setups (Y): [0, 1, 2, 3, 4, 5, 6, 8, 9]
  Production (X): {0: 0, 1: 0, 2: 68, 3: 49, 4: 66, 5: 38, 6: 75, 9: 43}
  Arcs (Z): [(0, 1), (1, 2), (2, 3), (3, 4), (4, 5), (5, 6), (6, 7), (6, 8), (6, 9), (9, 10)]
  Blocks: [(0, 1), (1, 2), (2, 3), (3, 4), (4, 5), (5, 6), (6, 9), (9, 10)]

Column 18:
  Cost: 1437.3371
  Setups (Y): [0, 1, 2, 3, 4, 5, 6, 7, 9]
  Production (X): {0: 0, 1: 0, 2: 68, 3: 49, 4: 66, 5: 38, 6: 75, 9: 43}
  Arcs (Z): [(0, 1), (1, 2), (2, 3), (3, 4), (4, 5), (5, 6), (6, 7), (6, 8), (6, 9), (9, 10)]
  Blocks: [(0, 1), (1, 2), (2, 3), (3, 4), (4, 5), (5, 6), (6, 9), (9, 10)]

Column 19:
  Cost: 1525.2933
  Setups (Y): [0, 1, 2, 3, 4, 5, 6, 7, 8, 9]
  Production (X): {0: 0, 1: 0, 2: 68, 3: 49, 4: 66, 5: 38, 6: 75, 9: 43}
  Arcs (Z): [(0, 1), (1, 2), (2, 3), (3, 4), (4, 5), (5, 6), (6, 7), (6, 8), (6, 9), (9, 10)]
  Blocks: [(0, 1), (1, 2), (2, 3), (3, 4), (4, 5), (5, 6), (6, 9), (9, 10)]

Column 20:
  Cost: 1299.8980
  Setups (Y): [0, 1, 2, 3, 4, 5, 6]
  Production (X): {0: 0, 1: 0, 2: 68, 3: 49, 4: 66, 5: 38, 6: 118}
  Arcs (Z): [(0, 1), (1, 2), (2, 3), (3, 4), (4, 5), (5, 6), (6, 7), (6, 8), (6, 9), (6, 10)]
  Blocks: [(0, 1), (1, 2), (2, 3), (3, 4), (4, 5), (5, 6), (6, 10)]

Column 21:
  Cost: 1387.8542
  Setups (Y): [0, 1, 2, 3, 4, 5, 6, 8]
  Production (X): {0: 0, 1: 0, 2: 68, 3: 49, 4: 66, 5: 38, 6: 118}
  Arcs (Z): [(0, 1), (1, 2), (2, 3), (3, 4), (4, 5), (5, 6), (6, 7), (6, 8), (6, 9), (6, 10)]
  Blocks: [(0, 1), (1, 2), (2, 3), (3, 4), (4, 5), (5, 6), (6, 10)]

Column 22:
  Cost: 1387.5065
  Setups (Y): [0, 1, 2, 3, 4, 5, 6, 9]
  Production (X): {0: 0, 1: 0, 2: 68, 3: 49, 4: 66, 5: 38, 6: 118}
  Arcs (Z): [(0, 1), (1, 2), (2, 3), (3, 4), (4, 5), (5, 6), (6, 7), (6, 8), (6, 9), (6, 10)]
  Blocks: [(0, 1), (1, 2), (2, 3), (3, 4), (4, 5), (5, 6), (6, 10)]

Column 23:
  Cost: 1387.8542
  Setups (Y): [0, 1, 2, 3, 4, 5, 6, 7]
  Production (X): {0: 0, 1: 0, 2: 68, 3: 49, 4: 66, 5: 38, 6: 118}
  Arcs (Z): [(0, 1), (1, 2), (2, 3), (3, 4), (4, 5), (5, 6), (6, 7), (6, 8), (6, 9), (6, 10)]
  Blocks: [(0, 1), (1, 2), (2, 3), (3, 4), (4, 5), (5, 6), (6, 10)]

Column 24:
  Cost: 1475.4627
  Setups (Y): [0, 1, 2, 3, 4, 5, 6, 8, 9]
  Production (X): {0: 0, 1: 0, 2: 68, 3: 49, 4: 66, 5: 38, 6: 118}
  Arcs (Z): [(0, 1), (1, 2), (2, 3), (3, 4), (4, 5), (5, 6), (6, 7), (6, 8), (6, 9), (6, 10)]
  Blocks: [(0, 1), (1, 2), (2, 3), (3, 4), (4, 5), (5, 6), (6, 10)]

Column 25:
  Cost: 1475.8104
  Setups (Y): [0, 1, 2, 3, 4, 5, 6, 7, 8]
  Production (X): {0: 0, 1: 0, 2: 68, 3: 49, 4: 66, 5: 38, 6: 118}
  Arcs (Z): [(0, 1), (1, 2), (2, 3), (3, 4), (4, 5), (5, 6), (6, 7), (6, 8), (6, 9), (6, 10)]
  Blocks: [(0, 1), (1, 2), (2, 3), (3, 4), (4, 5), (5, 6), (6, 10)]

Column 26:
  Cost: 1475.4627
  Setups (Y): [0, 1, 2, 3, 4, 5, 6, 7, 9]
  Production (X): {0: 0, 1: 0, 2: 68, 3: 49, 4: 66, 5: 38, 6: 118}
  Arcs (Z): [(0, 1), (1, 2), (2, 3), (3, 4), (4, 5), (5, 6), (6, 7), (6, 8), (6, 9), (6, 10)]
  Blocks: [(0, 1), (1, 2), (2, 3), (3, 4), (4, 5), (5, 6), (6, 10)]

Column 27:
  Cost: 1563.4189
  Setups (Y): [0, 1, 2, 3, 4, 5, 6, 7, 8, 9]
  Production (X): {0: 0, 1: 0, 2: 68, 3: 49, 4: 66, 5: 38, 6: 118}
  Arcs (Z): [(0, 1), (1, 2), (2, 3), (3, 4), (4, 5), (5, 6), (6, 7), (6, 8), (6, 9), (6, 10)]
  Blocks: [(0, 1), (1, 2), (2, 3), (3, 4), (4, 5), (5, 6), (6, 10)]

Column 28:
  Cost: 1465.3968
  Setups (Y): [0, 1, 2, 3, 4, 5, 7, 8, 9]
  Production (X): {0: 0, 1: 0, 2: 68, 3: 49, 4: 66, 5: 55, 7: 17, 8: 41, 9: 43}
  Arcs (Z): [(0, 1), (1, 2), (2, 3), (3, 4), (4, 5), (5, 6), (5, 7), (7, 8), (8, 9), (9, 10)]
  Blocks: [(0, 1), (1, 2), (2, 3), (3, 4), (4, 5), (5, 7), (7, 8), (8, 9), (9, 10)]

Column 29:
  Cost: 1553.0053
  Setups (Y): [0, 1, 2, 3, 4, 5, 6, 7, 8, 9]
  Production (X): {0: 0, 1: 0, 2: 68, 3: 49, 4: 66, 5: 55, 7: 17, 8: 41, 9: 43}
  Arcs (Z): [(0, 1), (1, 2), (2, 3), (3, 4), (4, 5), (5, 6), (5, 7), (7, 8), (8, 9), (9, 10)]
  Blocks: [(0, 1), (1, 2), (2, 3), (3, 4), (4, 5), (5, 7), (7, 8), (8, 9), (9, 10)]

Column 30:
  Cost: 1434.3368
  Setups (Y): [0, 1, 2, 3, 4, 5, 7, 8]
  Production (X): {0: 0, 1: 0, 2: 68, 3: 49, 4: 66, 5: 55, 7: 17, 8: 84}
  Arcs (Z): [(0, 1), (1, 2), (2, 3), (3, 4), (4, 5), (5, 6), (5, 7), (7, 8), (8, 9), (8, 10)]
  Blocks: [(0, 1), (1, 2), (2, 3), (3, 4), (4, 5), (5, 7), (7, 8), (8, 10)]

... and 19653 more columns (see /Users/egecanaktan/github_repositories/MultiItemPerishability/zio_column_generation/zio_columns_generated.txt for full list)

=== TESTING WITH RMP ===
Set parameter Username
Academic license - for non-commercial use only - expires 2026-02-25
