=== GENERATING ALL ZIO COLUMNS FOR ITEM 0 ===
Demand: [0, 0, 68, 49, 66, 38, 17, 17, 41, 43]
Gamma: {0: [0, 1, 2, 3, 4, 5, 6, 7, 8, 9], 1: [1, 2, 3, 4, 5, 6, 7, 8, 9], 2: [2, 3, 4, 5, 6, 7, 8, 9], 3: [3, 4, 5, 6, 7, 8, 9], 4: [4, 5, 6, 7, 8, 9], 5: [5, 6, 7, 8, 9], 6: [6, 7, 8, 9], 7: [7, 8, 9], 8: [8, 9], 9: [9]}
Expiry: {0: 24, 1: 19, 2: 24, 3: 9, 4: 20, 5: 14, 6: 27, 7: 30, 8: 17, 9: 16}

Generating all ZIO columns with new interpretation...
Modeling as 11-node shortest path problem
Nodes: 0 (start), 1-10 (periods 0-9)
All periods: [0, 1, 2, 3, 4, 5, 6, 7, 8, 9]
Periods with positive demand: [2, 3, 4, 5, 6, 7, 8, 9]
Generating block partitions...
Found 8877691 possible block partitions
Generating ALL partitions (no limit)
Producible periods: [0, 1, 2, 3, 4, 5, 6, 7, 8, 9]
Generating columns from partitions (no limit)...
  Processing partition 1000/8877691, columns so far: 2172
  Processing partition 2000/8877691, columns so far: 5288
  Processing partition 3000/8877691, columns so far: 7114
  Processing partition 4000/8877691, columns so far: 9535
  Processing partition 5000/8877691, columns so far: 11350
  Processing partition 6000/8877691, columns so far: 13677
  Processing partition 7000/8877691, columns so far: 16054
  Processing partition 8000/8877691, columns so far: 17912
  Processing partition 9000/8877691, columns so far: 20304
  Processing partition 10000/8877691, columns so far: 22441
  Processing partition 11000/8877691, columns so far: 24877
  Processing partition 12000/8877691, columns so far: 27468
  Processing partition 13000/8877691, columns so far: 31741
  Processing partition 14000/8877691, columns so far: 37202
  Processing partition 15000/8877691, columns so far: 39302
  Processing partition 16000/8877691, columns so far: 41333
  Processing partition 17000/8877691, columns so far: 43664
  Processing partition 18000/8877691, columns so far: 45207
  Processing partition 19000/8877691, columns so far: 47108
  Processing partition 20000/8877691, columns so far: 49023
  Processing partition 21000/8877691, columns so far: 50700
  Processing partition 22000/8877691, columns so far: 52422
  Processing partition 23000/8877691, columns so far: 54626
  Processing partition 24000/8877691, columns so far: 56742
  Processing partition 25000/8877691, columns so far: 60319
  Processing partition 26000/8877691, columns so far: 64065
  Processing partition 27000/8877691, columns so far: 66180
  Processing partition 28000/8877691, columns so far: 68184
  Processing partition 29000/8877691, columns so far: 69987
  Processing partition 30000/8877691, columns so far: 72062
  Processing partition 31000/8877691, columns so far: 73922
  Processing partition 32000/8877691, columns so far: 75796
  Processing partition 33000/8877691, columns so far: 77718
  Processing partition 34000/8877691, columns so far: 79306
  Processing partition 35000/8877691, columns so far: 81461
  Processing partition 36000/8877691, columns so far: 84084
  Processing partition 37000/8877691, columns so far: 87840
  Processing partition 38000/8877691, columns so far: 90900
  Processing partition 39000/8877691, columns so far: 93214
  Processing partition 40000/8877691, columns so far: 94775
  Processing partition 41000/8877691, columns so far: 96912
  Processing partition 42000/8877691, columns so far: 98659
  Processing partition 43000/8877691, columns so far: 100577
  Processing partition 44000/8877691, columns so far: 102637
  Processing partition 45000/8877691, columns so far: 104543
  Processing partition 46000/8877691, columns so far: 106480
  Processing partition 47000/8877691, columns so far: 108292
  Processing partition 48000/8877691, columns so far: 111340
  Processing partition 49000/8877691, columns so far: 115916
  Processing partition 50000/8877691, columns so far: 117731
  Processing partition 51000/8877691, columns so far: 120055
  Processing partition 52000/8877691, columns so far: 121909
  Processing partition 53000/8877691, columns so far: 123460
  Processing partition 54000/8877691, columns so far: 125545
  Processing partition 55000/8877691, columns so far: 127389
  Processing partition 56000/8877691, columns so far: 129162
  Processing partition 57000/8877691, columns so far: 131316
  Processing partition 58000/8877691, columns so far: 133402
  Processing partition 59000/8877691, columns so far: 135174
  Processing partition 60000/8877691, columns so far: 138629
  Processing partition 61000/8877691, columns so far: 142841
  Processing partition 62000/8877691, columns so far: 144613
  Processing partition 63000/8877691, columns so far: 146834
  Processing partition 64000/8877691, columns so far: 148740
  Processing partition 65000/8877691, columns so far: 150470
  Processing partition 66000/8877691, columns so far: 152160
  Processing partition 67000/8877691, columns so far: 154229
  Processing partition 68000/8877691, columns so far: 156026
  Processing partition 69000/8877691, columns so far: 157840
  Processing partition 70000/8877691, columns so far: 160241
  Processing partition 71000/8877691, columns so far: 162396
  Processing partition 72000/8877691, columns so far: 165998
  Processing partition 73000/8877691, columns so far: 169680
  Processing partition 74000/8877691, columns so far: 171828
  Processing partition 75000/8877691, columns so far: 173612
  Processing partition 76000/8877691, columns so far: 175540
  Processing partition 77000/8877691, columns so far: 177485
  Processing partition 78000/8877691, columns so far: 179054
  Processing partition 79000/8877691, columns so far: 180856
  Processing partition 80000/8877691, columns so far: 182975
  Processing partition 81000/8877691, columns so far: 184789
  Processing partition 82000/8877691, columns so far: 187000
  Processing partition 83000/8877691, columns so far: 190276
  Processing partition 84000/8877691, columns so far: 194442
  Processing partition 85000/8877691, columns so far: 196944
  Processing partition 86000/8877691, columns so far: 199463
  Processing partition 87000/8877691, columns so far: 201905
  Processing partition 88000/8877691, columns so far: 204315
  Processing partition 89000/8877691, columns so far: 206092
  Processing partition 90000/8877691, columns so far: 208486
  Processing partition 91000/8877691, columns so far: 210769
  Processing partition 92000/8877691, columns so far: 212627
  Processing partition 93000/8877691, columns so far: 215086
  Processing partition 94000/8877691, columns so far: 216877
  Processing partition 95000/8877691, columns so far: 219594
  Processing partition 96000/8877691, columns so far: 221914
  Processing partition 97000/8877691, columns so far: 226200
  Processing partition 98000/8877691, columns so far: 232169
  Processing partition 99000/8877691, columns so far: 235711
  Processing partition 100000/8877691, columns so far: 240416
  Processing partition 101000/8877691, columns so far: 244420
  Processing partition 102000/8877691, columns so far: 248618
  Processing partition 103000/8877691, columns so far: 253382
  Processing partition 104000/8877691, columns so far: 256993
  Processing partition 105000/8877691, columns so far: 261580
  Processing partition 106000/8877691, columns so far: 266292
  Processing partition 107000/8877691, columns so far: 270629
  Processing partition 108000/8877691, columns so far: 276712
  Processing partition 109000/8877691, columns so far: 284444
  Processing partition 110000/8877691, columns so far: 293243
  Processing partition 111000/8877691, columns so far: 295311
  Processing partition 112000/8877691, columns so far: 298303
  Processing partition 113000/8877691, columns so far: 300194
  Processing partition 114000/8877691, columns so far: 302521
  Processing partition 115000/8877691, columns so far: 304835
  Processing partition 116000/8877691, columns so far: 306689
  Processing partition 117000/8877691, columns so far: 309057
  Processing partition 118000/8877691, columns so far: 311126
  Processing partition 119000/8877691, columns so far: 313225
  Processing partition 120000/8877691, columns so far: 315775
  Processing partition 121000/8877691, columns so far: 317893
  Processing partition 122000/8877691, columns so far: 320193
  Processing partition 123000/8877691, columns so far: 322261
  Processing partition 124000/8877691, columns so far: 324101
  Processing partition 125000/8877691, columns so far: 326409
  Processing partition 126000/8877691, columns so far: 328264
  Processing partition 127000/8877691, columns so far: 329820
  Processing partition 128000/8877691, columns so far: 331726
  Processing partition 129000/8877691, columns so far: 333633
  Processing partition 130000/8877691, columns so far: 335391
  Processing partition 131000/8877691, columns so far: 337335
  Processing partition 132000/8877691, columns so far: 340319
  Processing partition 133000/8877691, columns so far: 344211
  Processing partition 134000/8877691, columns so far: 346773
  Processing partition 135000/8877691, columns so far: 348679
  Processing partition 136000/8877691, columns so far: 350349
  Processing partition 137000/8877691, columns so far: 351877
  Processing partition 138000/8877691, columns so far: 353601
  Processing partition 139000/8877691, columns so far: 355177
  Processing partition 140000/8877691, columns so far: 356729
  Processing partition 141000/8877691, columns so far: 358421
  Processing partition 142000/8877691, columns so far: 360209
  Processing partition 143000/8877691, columns so far: 363260
  Processing partition 144000/8877691, columns so far: 366075
  Processing partition 145000/8877691, columns so far: 367756
  Processing partition 146000/8877691, columns so far: 369629
  Processing partition 147000/8877691, columns so far: 371167
  Processing partition 148000/8877691, columns so far: 372697
  Processing partition 149000/8877691, columns so far: 374480
  Processing partition 150000/8877691, columns so far: 376060
  Processing partition 151000/8877691, columns so far: 377683
  Processing partition 152000/8877691, columns so far: 379314
  Processing partition 153000/8877691, columns so far: 382383
  Processing partition 154000/8877691, columns so far: 385268
  Processing partition 155000/8877691, columns so far: 387003
  Processing partition 156000/8877691, columns so far: 388727
  Processing partition 157000/8877691, columns so far: 390235
  Processing partition 158000/8877691, columns so far: 391985
  Processing partition 159000/8877691, columns so far: 393528
  Processing partition 160000/8877691, columns so far: 395352
  Processing partition 161000/8877691, columns so far: 396961
  Processing partition 162000/8877691, columns so far: 398487
  Processing partition 163000/8877691, columns so far: 401407
  Processing partition 164000/8877691, columns so far: 404518
  Processing partition 165000/8877691, columns so far: 406309
  Processing partition 166000/8877691, columns so far: 407879
  Processing partition 167000/8877691, columns so far: 409563
  Processing partition 168000/8877691, columns so far: 411121
  Processing partition 169000/8877691, columns so far: 412813
  Processing partition 170000/8877691, columns so far: 414329
  Processing partition 171000/8877691, columns so far: 416229
  Processing partition 172000/8877691, columns so far: 417761
  Processing partition 173000/8877691, columns so far: 420559
  Processing partition 174000/8877691, columns so far: 423794
  Processing partition 175000/8877691, columns so far: 425583
  Processing partition 176000/8877691, columns so far: 427105
  Processing partition 177000/8877691, columns so far: 428863
  Processing partition 178000/8877691, columns so far: 430415
  Processing partition 179000/8877691, columns so far: 431997
  Processing partition 180000/8877691, columns so far: 433641
  Processing partition 181000/8877691, columns so far: 435217
  Processing partition 182000/8877691, columns so far: 436984
  Processing partition 183000/8877691, columns so far: 440211
  Processing partition 184000/8877691, columns so far: 443324
  Processing partition 185000/8877691, columns so far: 445350
  Processing partition 186000/8877691, columns so far: 447319
  Processing partition 187000/8877691, columns so far: 449639
  Processing partition 188000/8877691, columns so far: 451167
  Processing partition 189000/8877691, columns so far: 453073
  Processing partition 190000/8877691, columns so far: 454981
  Processing partition 191000/8877691, columns so far: 456802
  Processing partition 192000/8877691, columns so far: 458406
  Processing partition 193000/8877691, columns so far: 460592
  Processing partition 194000/8877691, columns so far: 462861
  Processing partition 195000/8877691, columns so far: 467140
  Processing partition 196000/8877691, columns so far: 471203
  Processing partition 197000/8877691, columns so far: 475445
  Processing partition 198000/8877691, columns so far: 478839
  Processing partition 199000/8877691, columns so far: 482637
  Processing partition 200000/8877691, columns so far: 486421
  Processing partition 201000/8877691, columns so far: 489651
  Processing partition 202000/8877691, columns so far: 493197
  Processing partition 203000/8877691, columns so far: 497407
  Processing partition 204000/8877691, columns so far: 501474
  Processing partition 205000/8877691, columns so far: 508306
  Processing partition 206000/8877691, columns so far: 514890
  Processing partition 207000/8877691, columns so far: 517022
  Processing partition 208000/8877691, columns so far: 518878
  Processing partition 209000/8877691, columns so far: 521212
  Processing partition 210000/8877691, columns so far: 522815
  Processing partition 211000/8877691, columns so far: 524649
  Processing partition 212000/8877691, columns so far: 526559
  Processing partition 213000/8877691, columns so far: 528451
  Processing partition 214000/8877691, columns so far: 529977
  Processing partition 215000/8877691, columns so far: 532177
  Processing partition 216000/8877691, columns so far: 535092
  Processing partition 217000/8877691, columns so far: 539167
  Processing partition 218000/8877691, columns so far: 541839
  Processing partition 219000/8877691, columns so far: 543972
  Processing partition 220000/8877691, columns so far: 545723
  Processing partition 221000/8877691, columns so far: 548043
  Processing partition 222000/8877691, columns so far: 549915
  Processing partition 223000/8877691, columns so far: 551441
  Processing partition 224000/8877691, columns so far: 553353
  Processing partition 225000/8877691, columns so far: 555258
  Processing partition 226000/8877691, columns so far: 557169
  Processing partition 227000/8877691, columns so far: 559013
  Processing partition 228000/8877691, columns so far: 560871
  Processing partition 229000/8877691, columns so far: 563181
  Processing partition 230000/8877691, columns so far: 565025
  Processing partition 231000/8877691, columns so far: 566808
  Processing partition 232000/8877691, columns so far: 569194
  Processing partition 233000/8877691, columns so far: 570745
  Processing partition 234000/8877691, columns so far: 572660
  Processing partition 235000/8877691, columns so far: 574565
  Processing partition 236000/8877691, columns so far: 576274
  Processing partition 237000/8877691, columns so far: 578263
  Processing partition 238000/8877691, columns so far: 581060
  Processing partition 239000/8877691, columns so far: 585059
  Processing partition 240000/8877691, columns so far: 587453
  Processing partition 241000/8877691, columns so far: 589380
  Processing partition 242000/8877691, columns so far: 591039
  Processing partition 243000/8877691, columns so far: 592784
  Processing partition 244000/8877691, columns so far: 594340
  Processing partition 245000/8877691, columns so far: 596101
  Processing partition 246000/8877691, columns so far: 597657
  Processing partition 247000/8877691, columns so far: 599310
  Processing partition 248000/8877691, columns so far: 601029
  Processing partition 249000/8877691, columns so far: 604133
  Processing partition 250000/8877691, columns so far: 606733
  Processing partition 251000/8877691, columns so far: 608677
  Processing partition 252000/8877691, columns so far: 610190
  Processing partition 253000/8877691, columns so far: 611882
  Processing partition 254000/8877691, columns so far: 613631
  Processing partition 255000/8877691, columns so far: 615145
  Processing partition 256000/8877691, columns so far: 616956
  Processing partition 257000/8877691, columns so far: 618603
  Processing partition 258000/8877691, columns so far: 620181
  Processing partition 259000/8877691, columns so far: 623283
  Processing partition 260000/8877691, columns so far: 626032
  Processing partition 261000/8877691, columns so far: 627938
  Processing partition 262000/8877691, columns so far: 629437
  Processing partition 263000/8877691, columns so far: 630987
  Processing partition 264000/8877691, columns so far: 632723
  Processing partition 265000/8877691, columns so far: 634452
  Processing partition 266000/8877691, columns so far: 635951
  Processing partition 267000/8877691, columns so far: 637864
  Processing partition 268000/8877691, columns so far: 639412
  Processing partition 269000/8877691, columns so far: 642315
  Processing partition 270000/8877691, columns so far: 645304
  Processing partition 271000/8877691, columns so far: 647235
  Processing partition 272000/8877691, columns so far: 648743
  Processing partition 273000/8877691, columns so far: 650266
  Processing partition 274000/8877691, columns so far: 652055
  Processing partition 275000/8877691, columns so far: 653608
  Processing partition 276000/8877691, columns so far: 655258
  Processing partition 277000/8877691, columns so far: 656819
  Processing partition 278000/8877691, columns so far: 658673
  Processing partition 279000/8877691, columns so far: 662033
  Processing partition 280000/8877691, columns so far: 664754
  Processing partition 281000/8877691, columns so far: 666751
  Processing partition 282000/8877691, columns so far: 668982
  Processing partition 283000/8877691, columns so far: 670767
  Processing partition 284000/8877691, columns so far: 672668
  Processing partition 285000/8877691, columns so far: 674754
  Processing partition 286000/8877691, columns so far: 676606
  Processing partition 287000/8877691, columns so far: 678520
  Processing partition 288000/8877691, columns so far: 680053
  Processing partition 289000/8877691, columns so far: 682190
  Processing partition 290000/8877691, columns so far: 684690
  Processing partition 291000/8877691, columns so far: 688197
  Processing partition 292000/8877691, columns so far: 692979
  Processing partition 293000/8877691, columns so far: 696572
  Processing partition 294000/8877691, columns so far: 700075
  Processing partition 295000/8877691, columns so far: 704395
  Processing partition 296000/8877691, columns so far: 708177
  Processing partition 297000/8877691, columns so far: 711680
  Processing partition 298000/8877691, columns so far: 714965
  Processing partition 299000/8877691, columns so far: 719146
  Processing partition 300000/8877691, columns so far: 723499
  Processing partition 301000/8877691, columns so far: 730590
  Processing partition 302000/8877691, columns so far: 736409
  Processing partition 303000/8877691, columns so far: 738634
  Processing partition 304000/8877691, columns so far: 740567
  Processing partition 305000/8877691, columns so far: 742330
  Processing partition 306000/8877691, columns so far: 744506
  Processing partition 307000/8877691, columns so far: 746267
  Processing partition 308000/8877691, columns so far: 748191
  Processing partition 309000/8877691, columns so far: 750106
  Processing partition 310000/8877691, columns so far: 751746
  Processing partition 311000/8877691, columns so far: 753799
  Processing partition 312000/8877691, columns so far: 756522
  Processing partition 313000/8877691, columns so far: 760585
  Processing partition 314000/8877691, columns so far: 763238
  Processing partition 315000/8877691, columns so far: 765052
  Processing partition 316000/8877691, columns so far: 766812
  Processing partition 317000/8877691, columns so far: 768328
  Processing partition 318000/8877691, columns so far: 770094
  Processing partition 319000/8877691, columns so far: 771659
  Processing partition 320000/8877691, columns so far: 773210
  Processing partition 321000/8877691, columns so far: 774873
  Processing partition 322000/8877691, columns so far: 776669
  Processing partition 323000/8877691, columns so far: 780167
  Processing partition 324000/8877691, columns so far: 782546
  Processing partition 325000/8877691, columns so far: 784892
  Processing partition 326000/8877691, columns so far: 786651
  Processing partition 327000/8877691, columns so far: 788559
  Processing partition 328000/8877691, columns so far: 790819
  Processing partition 329000/8877691, columns so far: 792371
  Processing partition 330000/8877691, columns so far: 794283
  Processing partition 331000/8877691, columns so far: 796189
  Processing partition 332000/8877691, columns so far: 798097
  Processing partition 333000/8877691, columns so far: 799947
  Processing partition 334000/8877691, columns so far: 801727
  Processing partition 335000/8877691, columns so far: 804101
  Processing partition 336000/8877691, columns so far: 805671
  Processing partition 337000/8877691, columns so far: 807740
  Processing partition 338000/8877691, columns so far: 809588
  Processing partition 339000/8877691, columns so far: 811364
  Processing partition 340000/8877691, columns so far: 813551
  Processing partition 341000/8877691, columns so far: 815489
  Processing partition 342000/8877691, columns so far: 817192
  Processing partition 343000/8877691, columns so far: 819135
  Processing partition 344000/8877691, columns so far: 821954
  Processing partition 345000/8877691, columns so far: 825890
  Processing partition 346000/8877691, columns so far: 828383
  Processing partition 347000/8877691, columns so far: 830193
  Processing partition 348000/8877691, columns so far: 831814
  Processing partition 349000/8877691, columns so far: 833364
  Processing partition 350000/8877691, columns so far: 835223
  Processing partition 351000/8877691, columns so far: 836769
  Processing partition 352000/8877691, columns so far: 838560
  Processing partition 353000/8877691, columns so far: 840223
  Processing partition 354000/8877691, columns so far: 841947
  Processing partition 355000/8877691, columns so far: 845041
  Processing partition 356000/8877691, columns so far: 847649
  Processing partition 357000/8877691, columns so far: 849489
  Processing partition 358000/8877691, columns so far: 851120
  Processing partition 359000/8877691, columns so far: 852614
  Processing partition 360000/8877691, columns so far: 854164
  Processing partition 361000/8877691, columns so far: 856056
  Processing partition 362000/8877691, columns so far: 857579
  Processing partition 363000/8877691, columns so far: 859505
  Processing partition 364000/8877691, columns so far: 861081
  Processing partition 365000/8877691, columns so far: 864136
  Processing partition 366000/8877691, columns so far: 866941
  Processing partition 367000/8877691, columns so far: 868805
  Processing partition 368000/8877691, columns so far: 870361
  Processing partition 369000/8877691, columns so far: 871921
  Processing partition 370000/8877691, columns so far: 873425
  Processing partition 371000/8877691, columns so far: 875203
  Processing partition 372000/8877691, columns so far: 876886
  Processing partition 373000/8877691, columns so far: 878564
  Processing partition 374000/8877691, columns so far: 880324
  Processing partition 375000/8877691, columns so far: 883758
  Processing partition 376000/8877691, columns so far: 886408
  Processing partition 377000/8877691, columns so far: 888477
  Processing partition 378000/8877691, columns so far: 890346
  Processing partition 379000/8877691, columns so far: 892421
  Processing partition 380000/8877691, columns so far: 894181
  Processing partition 381000/8877691, columns so far: 896035
  Processing partition 382000/8877691, columns so far: 898232
  Processing partition 383000/8877691, columns so far: 900143
  Processing partition 384000/8877691, columns so far: 901727
  Processing partition 385000/8877691, columns so far: 903811
  Processing partition 386000/8877691, columns so far: 906505
  Processing partition 387000/8877691, columns so far: 910240
  Processing partition 388000/8877691, columns so far: 914373
  Processing partition 389000/8877691, columns so far: 918389
  Processing partition 390000/8877691, columns so far: 921896
  Processing partition 391000/8877691, columns so far: 925501
  Processing partition 392000/8877691, columns so far: 929945
  Processing partition 393000/8877691, columns so far: 933725
  Processing partition 394000/8877691, columns so far: 936784
  Processing partition 395000/8877691, columns so far: 940967
  Processing partition 396000/8877691, columns so far: 945815
  Processing partition 397000/8877691, columns so far: 952697
  Processing partition 398000/8877691, columns so far: 957988
  Processing partition 399000/8877691, columns so far: 960368
  Processing partition 400000/8877691, columns so far: 961906
  Processing partition 401000/8877691, columns so far: 963994
  Processing partition 402000/8877691, columns so far: 965839
  Processing partition 403000/8877691, columns so far: 967603
  Processing partition 404000/8877691, columns so far: 969791
  Processing partition 405000/8877691, columns so far: 971704
  Processing partition 406000/8877691, columns so far: 973530
  Processing partition 407000/8877691, columns so far: 975483
  Processing partition 408000/8877691, columns so far: 978300
  Processing partition 409000/8877691, columns so far: 982489
  Processing partition 410000/8877691, columns so far: 984922
  Processing partition 411000/8877691, columns so far: 986545
  Processing partition 412000/8877691, columns so far: 988449
  Processing partition 413000/8877691, columns so far: 989975
  Processing partition 414000/8877691, columns so far: 991507
  Processing partition 415000/8877691, columns so far: 993260
  Processing partition 416000/8877691, columns so far: 994815
  Processing partition 417000/8877691, columns so far: 996474
  Processing partition 418000/8877691, columns so far: 998377
  Processing partition 419000/8877691, columns so far: 1001597
  Processing partition 420000/8877691, columns so far: 1003935
  Processing partition 421000/8877691, columns so far: 1005855
  Processing partition 422000/8877691, columns so far: 1007487
  Processing partition 423000/8877691, columns so far: 1009244
  Processing partition 424000/8877691, columns so far: 1010784
  Processing partition 425000/8877691, columns so far: 1012572
  Processing partition 426000/8877691, columns so far: 1014122
  Processing partition 427000/8877691, columns so far: 1015784
  Processing partition 428000/8877691, columns so far: 1017507
  Processing partition 429000/8877691, columns so far: 1021077
  Processing partition 430000/8877691, columns so far: 1023440
  Processing partition 431000/8877691, columns so far: 1025777
  Processing partition 432000/8877691, columns so far: 1027301
  Processing partition 433000/8877691, columns so far: 1029450
  Processing partition 434000/8877691, columns so far: 1031228
  Processing partition 435000/8877691, columns so far: 1033014
  Processing partition 436000/8877691, columns so far: 1035193
  Processing partition 437000/8877691, columns so far: 1037091
  Processing partition 438000/8877691, columns so far: 1039005
  Processing partition 439000/8877691, columns so far: 1040881
  Processing partition 440000/8877691, columns so far: 1042662
  Processing partition 441000/8877691, columns so far: 1044909
  Processing partition 442000/8877691, columns so far: 1046600
  Processing partition 443000/8877691, columns so far: 1048506
  Processing partition 444000/8877691, columns so far: 1050471
  Processing partition 445000/8877691, columns so far: 1052293
  Processing partition 446000/8877691, columns so far: 1054055
  Processing partition 447000/8877691, columns so far: 1056423
  Processing partition 448000/8877691, columns so far: 1058096
  Processing partition 449000/8877691, columns so far: 1060068
  Processing partition 450000/8877691, columns so far: 1062825
  Processing partition 451000/8877691, columns so far: 1066761
  Processing partition 452000/8877691, columns so far: 1069267
  Processing partition 453000/8877691, columns so far: 1071095
  Processing partition 454000/8877691, columns so far: 1072646
  Processing partition 455000/8877691, columns so far: 1074253
  Processing partition 456000/8877691, columns so far: 1075801
  Processing partition 457000/8877691, columns so far: 1077561
  Processing partition 458000/8877691, columns so far: 1079196
  Processing partition 459000/8877691, columns so far: 1081154
  Processing partition 460000/8877691, columns so far: 1082843
  Processing partition 461000/8877691, columns so far: 1085943
  Processing partition 462000/8877691, columns so far: 1088561
  Processing partition 463000/8877691, columns so far: 1090422
  Processing partition 464000/8877691, columns so far: 1091978
  Processing partition 465000/8877691, columns so far: 1093543
  Processing partition 466000/8877691, columns so far: 1095076
  Processing partition 467000/8877691, columns so far: 1096594
  Processing partition 468000/8877691, columns so far: 1098497
  Processing partition 469000/8877691, columns so far: 1100182
  Processing partition 470000/8877691, columns so far: 1102007
  Processing partition 471000/8877691, columns so far: 1105506
  Processing partition 472000/8877691, columns so far: 1108061
  Processing partition 473000/8877691, columns so far: 1110438
  Processing partition 474000/8877691, columns so far: 1111998
  Processing partition 475000/8877691, columns so far: 1113904
  Processing partition 476000/8877691, columns so far: 1115928
  Processing partition 477000/8877691, columns so far: 1117691
  Processing partition 478000/8877691, columns so far: 1119454
  Processing partition 479000/8877691, columns so far: 1121810
  Processing partition 480000/8877691, columns so far: 1123532
  Processing partition 481000/8877691, columns so far: 1125464
  Processing partition 482000/8877691, columns so far: 1128326
  Processing partition 483000/8877691, columns so far: 1132347
  Processing partition 484000/8877691, columns so far: 1136105
  Processing partition 485000/8877691, columns so far: 1139915
  Processing partition 486000/8877691, columns so far: 1143697
  Processing partition 487000/8877691, columns so far: 1147389
  Processing partition 488000/8877691, columns so far: 1150896
  Processing partition 489000/8877691, columns so far: 1155483
  Processing partition 490000/8877691, columns so far: 1158615
  Processing partition 491000/8877691, columns so far: 1162780
  Processing partition 492000/8877691, columns so far: 1167825
  Processing partition 493000/8877691, columns so far: 1175184
  Processing partition 494000/8877691, columns so far: 1179624
  Processing partition 495000/8877691, columns so far: 1182013
  Processing partition 496000/8877691, columns so far: 1183537
  Processing partition 497000/8877691, columns so far: 1185453
  Processing partition 498000/8877691, columns so far: 1187458
  Processing partition 499000/8877691, columns so far: 1189272
  Processing partition 500000/8877691, columns so far: 1191014
  Processing partition 501000/8877691, columns so far: 1193345
  Processing partition 502000/8877691, columns so far: 1195285
  Processing partition 503000/8877691, columns so far: 1197026
  Processing partition 504000/8877691, columns so far: 1200121
  Processing partition 505000/8877691, columns so far: 1204724
  Processing partition 506000/8877691, columns so far: 1206540
  Processing partition 507000/8877691, columns so far: 1208172
  Processing partition 508000/8877691, columns so far: 1210016
  Processing partition 509000/8877691, columns so far: 1211621
  Processing partition 510000/8877691, columns so far: 1213131
  Processing partition 511000/8877691, columns so far: 1214691
  Processing partition 512000/8877691, columns so far: 1216418
  Processing partition 513000/8877691, columns so far: 1218147
  Processing partition 514000/8877691, columns so far: 1220143
  Processing partition 515000/8877691, columns so far: 1223559
  Processing partition 516000/8877691, columns so far: 1225537
  Processing partition 517000/8877691, columns so far: 1227478
  Processing partition 518000/8877691, columns so far: 1228976
  Processing partition 519000/8877691, columns so far: 1230883
  Processing partition 520000/8877691, columns so far: 1232438
  Processing partition 521000/8877691, columns so far: 1233936
  Processing partition 522000/8877691, columns so far: 1235746
  Processing partition 523000/8877691, columns so far: 1237407
  Processing partition 524000/8877691, columns so far: 1239255
  Processing partition 525000/8877691, columns so far: 1242405
  Processing partition 526000/8877691, columns so far: 1244866
  Processing partition 527000/8877691, columns so far: 1246665
  Processing partition 528000/8877691, columns so far: 1248285
  Processing partition 529000/8877691, columns so far: 1249828
  Processing partition 530000/8877691, columns so far: 1251657
  Processing partition 531000/8877691, columns so far: 1253244
  Processing partition 532000/8877691, columns so far: 1255042
  Processing partition 533000/8877691, columns so far: 1256704
  Processing partition 534000/8877691, columns so far: 1258382
  Processing partition 535000/8877691, columns so far: 1261987
  Processing partition 536000/8877691, columns so far: 1264300
  Processing partition 537000/8877691, columns so far: 1266695
  Processing partition 538000/8877691, columns so far: 1268229
  Processing partition 539000/8877691, columns so far: 1270133
  Processing partition 540000/8877691, columns so far: 1272163
  Processing partition 541000/8877691, columns so far: 1273948
  Processing partition 542000/8877691, columns so far: 1275702
  Processing partition 543000/8877691, columns so far: 1278026
  Processing partition 544000/8877691, columns so far: 1279907
  Processing partition 545000/8877691, columns so far: 1281714
  Processing partition 546000/8877691, columns so far: 1283540
  Processing partition 547000/8877691, columns so far: 1285776
  Processing partition 548000/8877691, columns so far: 1287517
  Processing partition 549000/8877691, columns so far: 1289440
  Processing partition 550000/8877691, columns so far: 1291345
  Processing partition 551000/8877691, columns so far: 1292990
  Processing partition 552000/8877691, columns so far: 1294986
  Processing partition 553000/8877691, columns so far: 1296835
  Processing partition 554000/8877691, columns so far: 1298932
  Processing partition 555000/8877691, columns so far: 1300944
  Processing partition 556000/8877691, columns so far: 1303743
  Processing partition 557000/8877691, columns so far: 1307869
  Processing partition 558000/8877691, columns so far: 1310178
  Processing partition 559000/8877691, columns so far: 1312023
  Processing partition 560000/8877691, columns so far: 1313577
  Processing partition 561000/8877691, columns so far: 1315171
  Processing partition 562000/8877691, columns so far: 1316725
  Processing partition 563000/8877691, columns so far: 1318248
  Processing partition 564000/8877691, columns so far: 1319961
  Processing partition 565000/8877691, columns so far: 1321866
  Processing partition 566000/8877691, columns so far: 1323810
  Processing partition 567000/8877691, columns so far: 1327335
  Processing partition 568000/8877691, columns so far: 1329712
  Processing partition 569000/8877691, columns so far: 1332093
  Processing partition 570000/8877691, columns so far: 1333615
  Processing partition 571000/8877691, columns so far: 1335530
  Processing partition 572000/8877691, columns so far: 1337425
  Processing partition 573000/8877691, columns so far: 1339342
  Processing partition 574000/8877691, columns so far: 1341099
  Processing partition 575000/8877691, columns so far: 1342922
  Processing partition 576000/8877691, columns so far: 1345354
  Processing partition 577000/8877691, columns so far: 1347112
  Processing partition 578000/8877691, columns so far: 1350037
  Processing partition 579000/8877691, columns so far: 1354799
  Processing partition 580000/8877691, columns so far: 1357913
  Processing partition 581000/8877691, columns so far: 1361703
  Processing partition 582000/8877691, columns so far: 1365465
  Processing partition 583000/8877691, columns so far: 1368874
  Processing partition 584000/8877691, columns so far: 1372717
  Processing partition 585000/8877691, columns so far: 1376387
  Processing partition 586000/8877691, columns so far: 1380630
  Processing partition 587000/8877691, columns so far: 1384593
  Processing partition 588000/8877691, columns so far: 1390067
  Processing partition 589000/8877691, columns so far: 1398167
  Processing partition 590000/8877691, columns so far: 1401278
  Processing partition 591000/8877691, columns so far: 1403652
  Processing partition 592000/8877691, columns so far: 1405297
  Processing partition 593000/8877691, columns so far: 1407055
  Processing partition 594000/8877691, columns so far: 1408961
  Processing partition 595000/8877691, columns so far: 1410905
  Processing partition 596000/8877691, columns so far: 1412773
  Processing partition 597000/8877691, columns so far: 1414507
  Processing partition 598000/8877691, columns so far: 1416918
  Processing partition 599000/8877691, columns so far: 1418700
  Processing partition 600000/8877691, columns so far: 1421936
  Processing partition 601000/8877691, columns so far: 1426356
  Processing partition 602000/8877691, columns so far: 1428215
  Processing partition 603000/8877691, columns so far: 1429789
  Processing partition 604000/8877691, columns so far: 1431628
  Processing partition 605000/8877691, columns so far: 1433183
  Processing partition 606000/8877691, columns so far: 1434782
  Processing partition 607000/8877691, columns so far: 1436314
  Processing partition 608000/8877691, columns so far: 1437811
  Processing partition 609000/8877691, columns so far: 1439749
  Processing partition 610000/8877691, columns so far: 1441941
  Processing partition 611000/8877691, columns so far: 1445635
  Processing partition 612000/8877691, columns so far: 1447191
  Processing partition 613000/8877691, columns so far: 1449099
  Processing partition 614000/8877691, columns so far: 1450594
  Processing partition 615000/8877691, columns so far: 1452475
  Processing partition 616000/8877691, columns so far: 1454043
  Processing partition 617000/8877691, columns so far: 1455617
  Processing partition 618000/8877691, columns so far: 1457119
  Processing partition 619000/8877691, columns so far: 1459025
  Processing partition 620000/8877691, columns so far: 1461063
  Processing partition 621000/8877691, columns so far: 1464411
  Processing partition 622000/8877691, columns so far: 1466436
  Processing partition 623000/8877691, columns so far: 1468280
  Processing partition 624000/8877691, columns so far: 1469902
  Processing partition 625000/8877691, columns so far: 1471457
  Processing partition 626000/8877691, columns so far: 1473118
  Processing partition 627000/8877691, columns so far: 1474861
  Processing partition 628000/8877691, columns so far: 1476364
  Processing partition 629000/8877691, columns so far: 1478307
  Processing partition 630000/8877691, columns so far: 1480111
  Processing partition 631000/8877691, columns so far: 1483272
  Processing partition 632000/8877691, columns so far: 1485747
  Processing partition 633000/8877691, columns so far: 1487575
  Processing partition 634000/8877691, columns so far: 1489127
  Processing partition 635000/8877691, columns so far: 1490707
  Processing partition 636000/8877691, columns so far: 1492263
  Processing partition 637000/8877691, columns so far: 1494021
  Processing partition 638000/8877691, columns so far: 1495677
  Processing partition 639000/8877691, columns so far: 1497638
  Processing partition 640000/8877691, columns so far: 1499280
  Processing partition 641000/8877691, columns so far: 1502764
  Processing partition 642000/8877691, columns so far: 1505230
  Processing partition 643000/8877691, columns so far: 1507619
  Processing partition 644000/8877691, columns so far: 1509160
  Processing partition 645000/8877691, columns so far: 1511067
  Processing partition 646000/8877691, columns so far: 1512951
  Processing partition 647000/8877691, columns so far: 1514819
  Processing partition 648000/8877691, columns so far: 1516636
  Processing partition 649000/8877691, columns so far: 1518462
  Processing partition 650000/8877691, columns so far: 1520796
  Processing partition 651000/8877691, columns so far: 1522648
  Processing partition 652000/8877691, columns so far: 1524475
  Processing partition 653000/8877691, columns so far: 1526647
  Processing partition 654000/8877691, columns so far: 1528411
  Processing partition 655000/8877691, columns so far: 1530343
  Processing partition 656000/8877691, columns so far: 1532280
  Processing partition 657000/8877691, columns so far: 1533853
  Processing partition 658000/8877691, columns so far: 1535650
  Processing partition 659000/8877691, columns so far: 1537769
  Processing partition 660000/8877691, columns so far: 1539592
  Processing partition 661000/8877691, columns so far: 1541819
  Processing partition 662000/8877691, columns so far: 1545079
  Processing partition 663000/8877691, columns so far: 1549255
  Processing partition 664000/8877691, columns so far: 1551311
  Processing partition 665000/8877691, columns so far: 1553744
  Processing partition 666000/8877691, columns so far: 1555323
  Processing partition 667000/8877691, columns so far: 1557147
  Processing partition 668000/8877691, columns so far: 1559053
  Processing partition 669000/8877691, columns so far: 1560959
  Processing partition 670000/8877691, columns so far: 1562501
  Processing partition 671000/8877691, columns so far: 1564607
  Processing partition 672000/8877691, columns so far: 1566715
  Processing partition 673000/8877691, columns so far: 1568766
  Processing partition 674000/8877691, columns so far: 1571911
  Processing partition 675000/8877691, columns so far: 1576610
  Processing partition 676000/8877691, columns so far: 1579649
  Processing partition 677000/8877691, columns so far: 1583399
  Processing partition 678000/8877691, columns so far: 1587201
  Processing partition 679000/8877691, columns so far: 1590985
  Processing partition 680000/8877691, columns so far: 1594059
  Processing partition 681000/8877691, columns so far: 1598145
  Processing partition 682000/8877691, columns so far: 1601929
  Processing partition 683000/8877691, columns so far: 1606206
  Processing partition 684000/8877691, columns so far: 1613243
  Processing partition 685000/8877691, columns so far: 1621126
  Processing partition 686000/8877691, columns so far: 1622930
  Processing partition 687000/8877691, columns so far: 1625274
  Processing partition 688000/8877691, columns so far: 1627113
  Processing partition 689000/8877691, columns so far: 1628699
  Processing partition 690000/8877691, columns so far: 1630584
  Processing partition 691000/8877691, columns so far: 1632548
  Processing partition 692000/8877691, columns so far: 1634234
  Processing partition 693000/8877691, columns so far: 1636172
  Processing partition 694000/8877691, columns so far: 1638282
  Processing partition 695000/8877691, columns so far: 1640405
  Processing partition 696000/8877691, columns so far: 1643704
  Processing partition 697000/8877691, columns so far: 1648067
  Processing partition 698000/8877691, columns so far: 1649844
  Processing partition 699000/8877691, columns so far: 1651416
  Processing partition 700000/8877691, columns so far: 1653243
  Processing partition 701000/8877691, columns so far: 1654821
  Processing partition 702000/8877691, columns so far: 1656375
  Processing partition 703000/8877691, columns so far: 1657941
  Processing partition 704000/8877691, columns so far: 1659467
  Processing partition 705000/8877691, columns so far: 1661289
  Processing partition 706000/8877691, columns so far: 1663737
  Processing partition 707000/8877691, columns so far: 1667290
  Processing partition 708000/8877691, columns so far: 1668813
  Processing partition 709000/8877691, columns so far: 1670717
  Processing partition 710000/8877691, columns so far: 1672276
  Processing partition 711000/8877691, columns so far: 1674116
  Processing partition 712000/8877691, columns so far: 1675668
  Processing partition 713000/8877691, columns so far: 1677125
  Processing partition 714000/8877691, columns so far: 1678742
  Processing partition 715000/8877691, columns so far: 1680587
  Processing partition 716000/8877691, columns so far: 1682809
  Processing partition 717000/8877691, columns so far: 1686564
  Processing partition 718000/8877691, columns so far: 1688091
  Processing partition 719000/8877691, columns so far: 1689873
  Processing partition 720000/8877691, columns so far: 1691528
  Processing partition 721000/8877691, columns so far: 1693059
  Processing partition 722000/8877691, columns so far: 1694851
  Processing partition 723000/8877691, columns so far: 1696310
  Processing partition 724000/8877691, columns so far: 1698054
  Processing partition 725000/8877691, columns so far: 1699780
  Processing partition 726000/8877691, columns so far: 1701935
  Processing partition 727000/8877691, columns so far: 1705274
  Processing partition 728000/8877691, columns so far: 1707365
  Processing partition 729000/8877691, columns so far: 1709174
  Processing partition 730000/8877691, columns so far: 1710744
  Processing partition 731000/8877691, columns so far: 1712391
  Processing partition 732000/8877691, columns so far: 1713890
  Processing partition 733000/8877691, columns so far: 1715419
  Processing partition 734000/8877691, columns so far: 1717295
  Processing partition 735000/8877691, columns so far: 1719030
  Processing partition 736000/8877691, columns so far: 1721001
  Processing partition 737000/8877691, columns so far: 1724154
  Processing partition 738000/8877691, columns so far: 1726639
  Processing partition 739000/8877691, columns so far: 1728494
  Processing partition 740000/8877691, columns so far: 1730061
  Processing partition 741000/8877691, columns so far: 1731616
  Processing partition 742000/8877691, columns so far: 1733133
  Processing partition 743000/8877691, columns so far: 1734701
  Processing partition 744000/8877691, columns so far: 1736425
  Processing partition 745000/8877691, columns so far: 1738281
  Processing partition 746000/8877691, columns so far: 1740198
  Processing partition 747000/8877691, columns so far: 1743672
  Processing partition 748000/8877691, columns so far: 1746158
  Processing partition 749000/8877691, columns so far: 1748554
  Processing partition 750000/8877691, columns so far: 1750077
  Processing partition 751000/8877691, columns so far: 1751975
  Processing partition 752000/8877691, columns so far: 1753883
  Processing partition 753000/8877691, columns so far: 1755619
  Processing partition 754000/8877691, columns so far: 1757311
  Processing partition 755000/8877691, columns so far: 1759396
  Processing partition 756000/8877691, columns so far: 1761272
  Processing partition 757000/8877691, columns so far: 1763469
  Processing partition 758000/8877691, columns so far: 1765706
  Processing partition 759000/8877691, columns so far: 1767807
  Processing partition 760000/8877691, columns so far: 1770793
  Processing partition 761000/8877691, columns so far: 1772987
  Processing partition 762000/8877691, columns so far: 1774957
  Processing partition 763000/8877691, columns so far: 1777329
  Processing partition 764000/8877691, columns so far: 1779116
  Processing partition 765000/8877691, columns so far: 1781498
  Processing partition 766000/8877691, columns so far: 1783888
  Processing partition 767000/8877691, columns so far: 1785648
  Processing partition 768000/8877691, columns so far: 1788370
  Processing partition 769000/8877691, columns so far: 1790479
  Processing partition 770000/8877691, columns so far: 1794439
  Processing partition 771000/8877691, columns so far: 1799334
  Processing partition 772000/8877691, columns so far: 1804119
  Processing partition 773000/8877691, columns so far: 1808811
  Processing partition 774000/8877691, columns so far: 1812378
  Processing partition 775000/8877691, columns so far: 1817071
  Processing partition 776000/8877691, columns so far: 1821493
  Processing partition 777000/8877691, columns so far: 1825242
  Processing partition 778000/8877691, columns so far: 1830059
  Processing partition 779000/8877691, columns so far: 1833609
  Processing partition 780000/8877691, columns so far: 1838907
  Processing partition 781000/8877691, columns so far: 1842876
  Processing partition 782000/8877691, columns so far: 1845040
  Processing partition 783000/8877691, columns so far: 1848165
  Processing partition 784000/8877691, columns so far: 1849935
  Processing partition 785000/8877691, columns so far: 1852346
  Processing partition 786000/8877691, columns so far: 1854338
  Processing partition 787000/8877691, columns so far: 1856504
  Processing partition 788000/8877691, columns so far: 1858925
  Processing partition 789000/8877691, columns so far: 1860747
  Processing partition 790000/8877691, columns so far: 1863093
  Processing partition 791000/8877691, columns so far: 1865487
  Processing partition 792000/8877691, columns so far: 1867699
  Processing partition 793000/8877691, columns so far: 1870856
  Processing partition 794000/8877691, columns so far: 1874855
  Processing partition 795000/8877691, columns so far: 1880166
  Processing partition 796000/8877691, columns so far: 1882234
  Processing partition 797000/8877691, columns so far: 1884184
  Processing partition 798000/8877691, columns so far: 1886483
  Processing partition 799000/8877691, columns so far: 1888002
  Processing partition 800000/8877691, columns so far: 1889908
  Processing partition 801000/8877691, columns so far: 1891817
  Processing partition 802000/8877691, columns so far: 1893723
  Processing partition 803000/8877691, columns so far: 1895249
  Processing partition 804000/8877691, columns so far: 1897424
  Processing partition 805000/8877691, columns so far: 1899790
  Processing partition 806000/8877691, columns so far: 1903295
  Processing partition 807000/8877691, columns so far: 1906863
  Processing partition 808000/8877691, columns so far: 1909188
  Processing partition 809000/8877691, columns so far: 1911021
  Processing partition 810000/8877691, columns so far: 1912810
  Processing partition 811000/8877691, columns so far: 1915187
  Processing partition 812000/8877691, columns so far: 1916741
  Processing partition 813000/8877691, columns so far: 1918654
  Processing partition 814000/8877691, columns so far: 1920558
  Processing partition 815000/8877691, columns so far: 1922284
  Processing partition 816000/8877691, columns so far: 1924256
  Processing partition 817000/8877691, columns so far: 1927062
  Processing partition 818000/8877691, columns so far: 1931077
  Processing partition 819000/8877691, columns so far: 1933695
  Processing partition 820000/8877691, columns so far: 1936038
  Processing partition 821000/8877691, columns so far: 1937759
  Processing partition 822000/8877691, columns so far: 1939708
  Processing partition 823000/8877691, columns so far: 1941527
  Processing partition 824000/8877691, columns so far: 1943530
  Processing partition 825000/8877691, columns so far: 1945426
  Processing partition 826000/8877691, columns so far: 1947337
  Processing partition 827000/8877691, columns so far: 1949293
  Processing partition 828000/8877691, columns so far: 1951153
  Processing partition 829000/8877691, columns so far: 1954316
  Processing partition 830000/8877691, columns so far: 1958732
  Processing partition 831000/8877691, columns so far: 1960592
  Processing partition 832000/8877691, columns so far: 1962851
  Processing partition 833000/8877691, columns so far: 1964700
  Processing partition 834000/8877691, columns so far: 1966259
  Processing partition 835000/8877691, columns so far: 1968368
  Processing partition 836000/8877691, columns so far: 1970190
  Processing partition 837000/8877691, columns so far: 1972096
  Processing partition 838000/8877691, columns so far: 1974140
  Processing partition 839000/8877691, columns so far: 1976202
  Processing partition 840000/8877691, columns so far: 1978108
  Processing partition 841000/8877691, columns so far: 1981572
  Processing partition 842000/8877691, columns so far: 1985640
  Processing partition 843000/8877691, columns so far: 1987546
  Processing partition 844000/8877691, columns so far: 1989628
  Processing partition 845000/8877691, columns so far: 1991533
  Processing partition 846000/8877691, columns so far: 1993446
  Processing partition 847000/8877691, columns so far: 1994997
  Processing partition 848000/8877691, columns so far: 1997076
  Processing partition 849000/8877691, columns so far: 1998935
  Processing partition 850000/8877691, columns so far: 2000680
  Processing partition 851000/8877691, columns so far: 2003068
  Processing partition 852000/8877691, columns so far: 2005537
  Processing partition 853000/8877691, columns so far: 2009009
  Processing partition 854000/8877691, columns so far: 2012506
  Processing partition 855000/8877691, columns so far: 2014919
  Processing partition 856000/8877691, columns so far: 2016454
  Processing partition 857000/8877691, columns so far: 2018354
  Processing partition 858000/8877691, columns so far: 2020264
  Processing partition 859000/8877691, columns so far: 2021981
  Processing partition 860000/8877691, columns so far: 2023685
  Processing partition 861000/8877691, columns so far: 2025764
  Processing partition 862000/8877691, columns so far: 2027634
  Processing partition 863000/8877691, columns so far: 2029845
  Processing partition 864000/8877691, columns so far: 2033303
  Processing partition 865000/8877691, columns so far: 2037455
  Processing partition 866000/8877691, columns so far: 2039808
  Processing partition 867000/8877691, columns so far: 2042628
  Processing partition 868000/8877691, columns so far: 2044757
  Processing partition 869000/8877691, columns so far: 2047156
  Processing partition 870000/8877691, columns so far: 2048920
  Processing partition 871000/8877691, columns so far: 2051296
  Processing partition 872000/8877691, columns so far: 2053687
  Processing partition 873000/8877691, columns so far: 2055447
  Processing partition 874000/8877691, columns so far: 2057902
  Processing partition 875000/8877691, columns so far: 2059941
  Processing partition 876000/8877691, columns so far: 2062433
  Processing partition 877000/8877691, columns so far: 2064925
  Processing partition 878000/8877691, columns so far: 2069266
  Processing partition 879000/8877691, columns so far: 2075215
  Processing partition 880000/8877691, columns so far: 2078738
  Processing partition 881000/8877691, columns so far: 2083402
  Processing partition 882000/8877691, columns so far: 2087737
  Processing partition 883000/8877691, columns so far: 2091757
  Processing partition 884000/8877691, columns so far: 2096429
  Processing partition 885000/8877691, columns so far: 2099963
  Processing partition 886000/8877691, columns so far: 2104619
  Processing partition 887000/8877691, columns so far: 2109431
  Processing partition 888000/8877691, columns so far: 2113656
  Processing partition 889000/8877691, columns so far: 2119983
  Processing partition 890000/8877691, columns so far: 2128000
  Processing partition 891000/8877691, columns so far: 2137140
  Processing partition 892000/8877691, columns so far: 2141351
  Processing partition 893000/8877691, columns so far: 2145044
  Processing partition 894000/8877691, columns so far: 2149623
  Processing partition 895000/8877691, columns so far: 2152808
  Processing partition 896000/8877691, columns so far: 2156464
  Processing partition 897000/8877691, columns so far: 2160252
  Processing partition 898000/8877691, columns so far: 2163989
  Processing partition 899000/8877691, columns so far: 2167044
  Processing partition 900000/8877691, columns so far: 2171404
  Processing partition 901000/8877691, columns so far: 2176308
  Processing partition 902000/8877691, columns so far: 2183157
  Processing partition 903000/8877691, columns so far: 2189650
  Processing partition 904000/8877691, columns so far: 2194267
  Processing partition 905000/8877691, columns so far: 2197742
  Processing partition 906000/8877691, columns so far: 2201524
  Processing partition 907000/8877691, columns so far: 2205976
  Processing partition 908000/8877691, columns so far: 2209060
  Processing partition 909000/8877691, columns so far: 2212860
  Processing partition 910000/8877691, columns so far: 2216638
  Processing partition 911000/8877691, columns so far: 2220430
  Processing partition 912000/8877691, columns so far: 2224092
  Processing partition 913000/8877691, columns so far: 2229808
  Processing partition 914000/8877691, columns so far: 2238670
  Processing partition 915000/8877691, columns so far: 2242338
  Processing partition 916000/8877691, columns so far: 2246860
  Processing partition 917000/8877691, columns so far: 2250552
  Processing partition 918000/8877691, columns so far: 2254222
  Processing partition 919000/8877691, columns so far: 2257762
  Processing partition 920000/8877691, columns so far: 2262436
  Processing partition 921000/8877691, columns so far: 2265538
  Processing partition 922000/8877691, columns so far: 2269208
  Processing partition 923000/8877691, columns so far: 2273338
  Processing partition 924000/8877691, columns so far: 2276847
  Processing partition 925000/8877691, columns so far: 2283346
  Processing partition 926000/8877691, columns so far: 2291584
  Processing partition 927000/8877691, columns so far: 2295091
  Processing partition 928000/8877691, columns so far: 2299468
  Processing partition 929000/8877691, columns so far: 2303260
  Processing partition 930000/8877691, columns so far: 2306627
  Processing partition 931000/8877691, columns so far: 2310476
  Processing partition 932000/8877691, columns so far: 2314154
  Processing partition 933000/8877691, columns so far: 2318123
  Processing partition 934000/8877691, columns so far: 2321855
  Processing partition 935000/8877691, columns so far: 2326038
  Processing partition 936000/8877691, columns so far: 2330005
  Processing partition 937000/8877691, columns so far: 2337169
  Processing partition 938000/8877691, columns so far: 2344284
  Processing partition 939000/8877691, columns so far: 2348249
  Processing partition 940000/8877691, columns so far: 2352038
  Processing partition 941000/8877691, columns so far: 2355818
  Processing partition 942000/8877691, columns so far: 2359618
  Processing partition 943000/8877691, columns so far: 2362714
  Processing partition 944000/8877691, columns so far: 2366897
  Processing partition 945000/8877691, columns so far: 2370512
  Processing partition 946000/8877691, columns so far: 2374253
  Processing partition 947000/8877691, columns so far: 2378714
  Processing partition 948000/8877691, columns so far: 2383767
  Processing partition 949000/8877691, columns so far: 2391011
  Processing partition 950000/8877691, columns so far: 2396960
  Processing partition 951000/8877691, columns so far: 2401687
  Processing partition 952000/8877691, columns so far: 2404734
  Processing partition 953000/8877691, columns so far: 2408516
  Processing partition 954000/8877691, columns so far: 2412298
  Processing partition 955000/8877691, columns so far: 2416084
  Processing partition 956000/8877691, columns so far: 2419137
  Processing partition 957000/8877691, columns so far: 2423240
  Processing partition 958000/8877691, columns so far: 2427144
  Processing partition 959000/8877691, columns so far: 2431300
  Processing partition 960000/8877691, columns so far: 2438496
  Processing partition 961000/8877691, columns so far: 2446253
  Processing partition 962000/8877691, columns so far: 2450536
  Processing partition 963000/8877691, columns so far: 2456586
  Processing partition 964000/8877691, columns so far: 2460096
  Processing partition 965000/8877691, columns so far: 2464866
  Processing partition 966000/8877691, columns so far: 2468622
  Processing partition 967000/8877691, columns so far: 2473027
  Processing partition 968000/8877691, columns so far: 2477722
  Processing partition 969000/8877691, columns so far: 2481402
  Processing partition 970000/8877691, columns so far: 2486042
  Processing partition 971000/8877691, columns so far: 2490427
  Processing partition 972000/8877691, columns so far: 2495063
  Processing partition 973000/8877691, columns so far: 2500436
  Processing partition 974000/8877691, columns so far: 2508415
  Processing partition 975000/8877691, columns so far: 2519431
  Processing partition 976000/8877691, columns so far: 2526261
  Processing partition 977000/8877691, columns so far: 2535194
  Processing partition 978000/8877691, columns so far: 2544026
  Processing partition 979000/8877691, columns so far: 2551032
  Processing partition 980000/8877691, columns so far: 2559898
  Processing partition 981000/8877691, columns so far: 2567303
  Processing partition 982000/8877691, columns so far: 2575634
  Processing partition 983000/8877691, columns so far: 2584924
  Processing partition 984000/8877691, columns so far: 2593211
  Processing partition 985000/8877691, columns so far: 2605184
  Processing partition 986000/8877691, columns so far: 2619922
  Processing partition 987000/8877691, columns so far: 2631806
  Processing partition 988000/8877691, columns so far: 2633863
  Processing partition 989000/8877691, columns so far: 2636841
  Processing partition 990000/8877691, columns so far: 2639152
  Processing partition 991000/8877691, columns so far: 2641002
  Processing partition 992000/8877691, columns so far: 2643376
  Processing partition 993000/8877691, columns so far: 2645165
  Processing partition 994000/8877691, columns so far: 2647560
  Processing partition 995000/8877691, columns so far: 2649932
  Processing partition 996000/8877691, columns so far: 2651701
  Processing partition 997000/8877691, columns so far: 2654414
  Processing partition 998000/8877691, columns so far: 2656529
  Processing partition 999000/8877691, columns so far: 2660578
  Processing partition 1000000/8877691, columns so far: 2665491
  Processing partition 1001000/8877691, columns so far: 2668922
  Processing partition 1002000/8877691, columns so far: 2670994
  Processing partition 1003000/8877691, columns so far: 2672776
  Processing partition 1004000/8877691, columns so far: 2675013
  Processing partition 1005000/8877691, columns so far: 2676897
  Processing partition 1006000/8877691, columns so far: 2678533
  Processing partition 1007000/8877691, columns so far: 2680298
  Processing partition 1008000/8877691, columns so far: 2682248
  Processing partition 1009000/8877691, columns so far: 2684220
  Processing partition 1010000/8877691, columns so far: 2686007
  Processing partition 1011000/8877691, columns so far: 2689331
  Processing partition 1012000/8877691, columns so far: 2693658
  Processing partition 1013000/8877691, columns so far: 2695445
  Processing partition 1014000/8877691, columns so far: 2697906
  Processing partition 1015000/8877691, columns so far: 2699616
  Processing partition 1016000/8877691, columns so far: 2701449
  Processing partition 1017000/8877691, columns so far: 2703705
  Processing partition 1018000/8877691, columns so far: 2705583
  Processing partition 1019000/8877691, columns so far: 2707133
  Processing partition 1020000/8877691, columns so far: 2709043
  Processing partition 1021000/8877691, columns so far: 2711119
  Processing partition 1022000/8877691, columns so far: 2712942
  Processing partition 1023000/8877691, columns so far: 2716563
  Processing partition 1024000/8877691, columns so far: 2720557
  Processing partition 1025000/8877691, columns so far: 2722378
  Processing partition 1026000/8877691, columns so far: 2724527
  Processing partition 1027000/8877691, columns so far: 2726570
  Processing partition 1028000/8877691, columns so far: 2728316
  Processing partition 1029000/8877691, columns so far: 2730154
  Processing partition 1030000/8877691, columns so far: 2732414
  Processing partition 1031000/8877691, columns so far: 2734319
  Processing partition 1032000/8877691, columns so far: 2735849
  Processing partition 1033000/8877691, columns so far: 2737964
  Processing partition 1034000/8877691, columns so far: 2740387
  Processing partition 1035000/8877691, columns so far: 2743886
  Processing partition 1036000/8877691, columns so far: 2747403
  Processing partition 1037000/8877691, columns so far: 2749779
  Processing partition 1038000/8877691, columns so far: 2751336
  Processing partition 1039000/8877691, columns so far: 2753241
  Processing partition 1040000/8877691, columns so far: 2755268
  Processing partition 1041000/8877691, columns so far: 2757028
  Processing partition 1042000/8877691, columns so far: 2758792
  Processing partition 1043000/8877691, columns so far: 2761145
  Processing partition 1044000/8877691, columns so far: 2762900
  Processing partition 1045000/8877691, columns so far: 2764804
  Processing partition 1046000/8877691, columns so far: 2767623
  Processing partition 1047000/8877691, columns so far: 2771724
  Processing partition 1048000/8877691, columns so far: 2774243
  Processing partition 1049000/8877691, columns so far: 2776619
  Processing partition 1050000/8877691, columns so far: 2778283
  Processing partition 1051000/8877691, columns so far: 2780015
  Processing partition 1052000/8877691, columns so far: 2781929
  Processing partition 1053000/8877691, columns so far: 2783891
  Processing partition 1054000/8877691, columns so far: 2785745
  Processing partition 1055000/8877691, columns so far: 2787471
  Processing partition 1056000/8877691, columns so far: 2789887
  Processing partition 1057000/8877691, columns so far: 2791718
  Processing partition 1058000/8877691, columns so far: 2794867
  Processing partition 1059000/8877691, columns so far: 2799325
  Processing partition 1060000/8877691, columns so far: 2801157
  Processing partition 1061000/8877691, columns so far: 2803425
  Processing partition 1062000/8877691, columns so far: 2805300
  Processing partition 1063000/8877691, columns so far: 2806873
  Processing partition 1064000/8877691, columns so far: 2808761
  Processing partition 1065000/8877691, columns so far: 2810662
  Processing partition 1066000/8877691, columns so far: 2812603
  Processing partition 1067000/8877691, columns so far: 2814350
  Processing partition 1068000/8877691, columns so far: 2816545
  Processing partition 1069000/8877691, columns so far: 2818786
  Processing partition 1070000/8877691, columns so far: 2823007
  Processing partition 1071000/8877691, columns so far: 2826525
  Processing partition 1072000/8877691, columns so far: 2828604
  Processing partition 1073000/8877691, columns so far: 2831568
  Processing partition 1074000/8877691, columns so far: 2833539
  Processing partition 1075000/8877691, columns so far: 2835788
  Processing partition 1076000/8877691, columns so far: 2838103
  Processing partition 1077000/8877691, columns so far: 2839975
  Processing partition 1078000/8877691, columns so far: 2842324
  Processing partition 1079000/8877691, columns so far: 2844465
  Processing partition 1080000/8877691, columns so far: 2846511
  Processing partition 1081000/8877691, columns so far: 2849136
  Processing partition 1082000/8877691, columns so far: 2851174
  Processing partition 1083000/8877691, columns so far: 2853461
  Processing partition 1084000/8877691, columns so far: 2855669
  Processing partition 1085000/8877691, columns so far: 2858505
  Processing partition 1086000/8877691, columns so far: 2860826
  Processing partition 1087000/8877691, columns so far: 2862624
  Processing partition 1088000/8877691, columns so far: 2865052
  Processing partition 1089000/8877691, columns so far: 2866986
  Processing partition 1090000/8877691, columns so far: 2869193
  Processing partition 1091000/8877691, columns so far: 2871592
  Processing partition 1092000/8877691, columns so far: 2873407
  Processing partition 1093000/8877691, columns so far: 2876108
  Processing partition 1094000/8877691, columns so far: 2878211
  Processing partition 1095000/8877691, columns so far: 2880414
  Processing partition 1096000/8877691, columns so far: 2882488
  Processing partition 1097000/8877691, columns so far: 2884245
  Processing partition 1098000/8877691, columns so far: 2886504
  Processing partition 1099000/8877691, columns so far: 2888364
  Processing partition 1100000/8877691, columns so far: 2890079
  Processing partition 1101000/8877691, columns so far: 2891767
  Processing partition 1102000/8877691, columns so far: 2893707
  Processing partition 1103000/8877691, columns so far: 2895716
  Processing partition 1104000/8877691, columns so far: 2897515
  Processing partition 1105000/8877691, columns so far: 2900879
  Processing partition 1106000/8877691, columns so far: 2905152
  Processing partition 1107000/8877691, columns so far: 2906954
  Processing partition 1108000/8877691, columns so far: 2908781
  Processing partition 1109000/8877691, columns so far: 2910459
  Processing partition 1110000/8877691, columns so far: 2912309
  Processing partition 1111000/8877691, columns so far: 2913725
  Processing partition 1112000/8877691, columns so far: 2915193
  Processing partition 1113000/8877691, columns so far: 2916745
  Processing partition 1114000/8877691, columns so far: 2918497
  Processing partition 1115000/8877691, columns so far: 2920793
  Processing partition 1116000/8877691, columns so far: 2924361
  Processing partition 1117000/8877691, columns so far: 2926173
  Processing partition 1118000/8877691, columns so far: 2927841
  Processing partition 1119000/8877691, columns so far: 2929755
  Processing partition 1120000/8877691, columns so far: 2931260
  Processing partition 1121000/8877691, columns so far: 2932815
  Processing partition 1122000/8877691, columns so far: 2934499
  Processing partition 1123000/8877691, columns so far: 2936075
  Processing partition 1124000/8877691, columns so far: 2937791
  Processing partition 1125000/8877691, columns so far: 2939825
  Processing partition 1126000/8877691, columns so far: 2943399
  Processing partition 1127000/8877691, columns so far: 2945481
  Processing partition 1128000/8877691, columns so far: 2947105
  Processing partition 1129000/8877691, columns so far: 2948959
  Processing partition 1130000/8877691, columns so far: 2950538
  Processing partition 1131000/8877691, columns so far: 2952071
  Processing partition 1132000/8877691, columns so far: 2953565
  Processing partition 1133000/8877691, columns so far: 2955373
  Processing partition 1134000/8877691, columns so far: 2957041
  Processing partition 1135000/8877691, columns so far: 2958975
  Processing partition 1136000/8877691, columns so far: 2962203
  Processing partition 1137000/8877691, columns so far: 2964673
  Processing partition 1138000/8877691, columns so far: 2966398
  Processing partition 1139000/8877691, columns so far: 2968257
  Processing partition 1140000/8877691, columns so far: 2969713
  Processing partition 1141000/8877691, columns so far: 2971137
  Processing partition 1142000/8877691, columns so far: 2972877
  Processing partition 1143000/8877691, columns so far: 2974417
  Processing partition 1144000/8877691, columns so far: 2976339
  Processing partition 1145000/8877691, columns so far: 2978070
  Processing partition 1146000/8877691, columns so far: 2981113
  Processing partition 1147000/8877691, columns so far: 2983923
  Processing partition 1148000/8877691, columns so far: 2985659
  Processing partition 1149000/8877691, columns so far: 2987568
  Processing partition 1150000/8877691, columns so far: 2988915
  Processing partition 1151000/8877691, columns so far: 2990445
  Processing partition 1152000/8877691, columns so far: 2992000
  Processing partition 1153000/8877691, columns so far: 2993714
  Processing partition 1154000/8877691, columns so far: 2995398
  Processing partition 1155000/8877691, columns so far: 2997169
  Processing partition 1156000/8877691, columns so far: 3000829
  Processing partition 1157000/8877691, columns so far: 3003552
  Processing partition 1158000/8877691, columns so far: 3005607
  Processing partition 1159000/8877691, columns so far: 3007451
  Processing partition 1160000/8877691, columns so far: 3009759
  Processing partition 1161000/8877691, columns so far: 3011620
  Processing partition 1162000/8877691, columns so far: 3013176
  Processing partition 1163000/8877691, columns so far: 3015086
  Processing partition 1164000/8877691, columns so far: 3016991
  Processing partition 1165000/8877691, columns so far: 3018737
  Processing partition 1166000/8877691, columns so far: 3020689
  Processing partition 1167000/8877691, columns so far: 3023869
  Processing partition 1168000/8877691, columns so far: 3028080
  Processing partition 1169000/8877691, columns so far: 3031753
  Processing partition 1170000/8877691, columns so far: 3036348
  Processing partition 1171000/8877691, columns so far: 3039605
  Processing partition 1172000/8877691, columns so far: 3043151
  Processing partition 1173000/8877691, columns so far: 3046935
  Processing partition 1174000/8877691, columns so far: 3050716
  Processing partition 1175000/8877691, columns so far: 3053757
  Processing partition 1176000/8877691, columns so far: 3058105
  Processing partition 1177000/8877691, columns so far: 3063131
  Processing partition 1178000/8877691, columns so far: 3070299
  Processing partition 1179000/8877691, columns so far: 3075112
  Processing partition 1180000/8877691, columns so far: 3077244
  Processing partition 1181000/8877691, columns so far: 3079041
  Processing partition 1182000/8877691, columns so far: 3081302
  Processing partition 1183000/8877691, columns so far: 3083195
  Processing partition 1184000/8877691, columns so far: 3084705
  Processing partition 1185000/8877691, columns so far: 3086615
  Processing partition 1186000/8877691, columns so far: 3088551
  Processing partition 1187000/8877691, columns so far: 3090453
  Processing partition 1188000/8877691, columns so far: 3092276
  Processing partition 1189000/8877691, columns so far: 3094390
  Processing partition 1190000/8877691, columns so far: 3096466
  Processing partition 1191000/8877691, columns so far: 3098289
  Processing partition 1192000/8877691, columns so far: 3100606
  Processing partition 1193000/8877691, columns so far: 3102471
  Processing partition 1194000/8877691, columns so far: 3104012
  Processing partition 1195000/8877691, columns so far: 3105927
  Processing partition 1196000/8877691, columns so far: 3107830
  Processing partition 1197000/8877691, columns so far: 3109627
  Processing partition 1198000/8877691, columns so far: 3111551
  Processing partition 1199000/8877691, columns so far: 3113437
  Processing partition 1200000/8877691, columns so far: 3115178
  Processing partition 1201000/8877691, columns so far: 3116977
  Processing partition 1202000/8877691, columns so far: 3118574
  Processing partition 1203000/8877691, columns so far: 3120368
  Processing partition 1204000/8877691, columns so far: 3121923
  Processing partition 1205000/8877691, columns so far: 3123478
  Processing partition 1206000/8877691, columns so far: 3125019
  Processing partition 1207000/8877691, columns so far: 3126595
  Processing partition 1208000/8877691, columns so far: 3129457
  Processing partition 1209000/8877691, columns so far: 3132514
  Processing partition 1210000/8877691, columns so far: 3134038
  Processing partition 1211000/8877691, columns so far: 3135557
  Processing partition 1212000/8877691, columns so far: 3137070
  Processing partition 1213000/8877691, columns so far: 3138386
  Processing partition 1214000/8877691, columns so far: 3139812
  Processing partition 1215000/8877691, columns so far: 3141124
  Processing partition 1216000/8877691, columns so far: 3142607
  Processing partition 1217000/8877691, columns so far: 3145083
  Processing partition 1218000/8877691, columns so far: 3147405
  Processing partition 1219000/8877691, columns so far: 3148968
  Processing partition 1220000/8877691, columns so far: 3150407
  Processing partition 1221000/8877691, columns so far: 3151968
  Processing partition 1222000/8877691, columns so far: 3153284
  Processing partition 1223000/8877691, columns so far: 3154814
  Processing partition 1224000/8877691, columns so far: 3156155
  Processing partition 1225000/8877691, columns so far: 3157641
  Processing partition 1226000/8877691, columns so far: 3160551
  Processing partition 1227000/8877691, columns so far: 3162333
  Processing partition 1228000/8877691, columns so far: 3163860
  Processing partition 1229000/8877691, columns so far: 3165270
  Processing partition 1230000/8877691, columns so far: 3166750
  Processing partition 1231000/8877691, columns so far: 3168159
  Processing partition 1232000/8877691, columns so far: 3169488
  Processing partition 1233000/8877691, columns so far: 3171044
  Processing partition 1234000/8877691, columns so far: 3172881
  Processing partition 1235000/8877691, columns so far: 3175755
  Processing partition 1236000/8877691, columns so far: 3177273
  Processing partition 1237000/8877691, columns so far: 3178795
  Processing partition 1238000/8877691, columns so far: 3180131
  Processing partition 1239000/8877691, columns so far: 3181570
  Processing partition 1240000/8877691, columns so far: 3182882
  Processing partition 1241000/8877691, columns so far: 3184327
  Processing partition 1242000/8877691, columns so far: 3185861
  Processing partition 1243000/8877691, columns so far: 3188493
  Processing partition 1244000/8877691, columns so far: 3190842
  Processing partition 1245000/8877691, columns so far: 3192650
  Processing partition 1246000/8877691, columns so far: 3194404
  Processing partition 1247000/8877691, columns so far: 3196058
  Processing partition 1248000/8877691, columns so far: 3197874
  Processing partition 1249000/8877691, columns so far: 3199431
  Processing partition 1250000/8877691, columns so far: 3200986
  Processing partition 1251000/8877691, columns so far: 3202419
  Processing partition 1252000/8877691, columns so far: 3204085
  Processing partition 1253000/8877691, columns so far: 3207295
  Processing partition 1254000/8877691, columns so far: 3210837
  Processing partition 1255000/8877691, columns so far: 3214309
  Processing partition 1256000/8877691, columns so far: 3217425
  Processing partition 1257000/8877691, columns so far: 3220925
  Processing partition 1258000/8877691, columns so far: 3224035
  Processing partition 1259000/8877691, columns so far: 3227191
  Processing partition 1260000/8877691, columns so far: 3230397
  Processing partition 1261000/8877691, columns so far: 3233413
  Processing partition 1262000/8877691, columns so far: 3239548
  Processing partition 1263000/8877691, columns so far: 3244223
  Processing partition 1264000/8877691, columns so far: 3246533
  Processing partition 1265000/8877691, columns so far: 3248385
  Processing partition 1266000/8877691, columns so far: 3250166
  Processing partition 1267000/8877691, columns so far: 3252497
  Processing partition 1268000/8877691, columns so far: 3254105
  Processing partition 1269000/8877691, columns so far: 3256010
  Processing partition 1270000/8877691, columns so far: 3257926
  Processing partition 1271000/8877691, columns so far: 3259618
  Processing partition 1272000/8877691, columns so far: 3261624
  Processing partition 1273000/8877691, columns so far: 3263496
  Processing partition 1274000/8877691, columns so far: 3265252
  Processing partition 1275000/8877691, columns so far: 3267039
  Processing partition 1276000/8877691, columns so far: 3268642
  Processing partition 1277000/8877691, columns so far: 3270467
  Processing partition 1278000/8877691, columns so far: 3272025
  Processing partition 1279000/8877691, columns so far: 3273578
  Processing partition 1280000/8877691, columns so far: 3275047
  Processing partition 1281000/8877691, columns so far: 3276666
  Processing partition 1282000/8877691, columns so far: 3279941
  Processing partition 1283000/8877691, columns so far: 3282712
  Processing partition 1284000/8877691, columns so far: 3284471
  Processing partition 1285000/8877691, columns so far: 3286304
  Processing partition 1286000/8877691, columns so far: 3287974
  Processing partition 1287000/8877691, columns so far: 3289776
  Processing partition 1288000/8877691, columns so far: 3291323
  Processing partition 1289000/8877691, columns so far: 3292813
  Processing partition 1290000/8877691, columns so far: 3294204
  Processing partition 1291000/8877691, columns so far: 3295998
  Processing partition 1292000/8877691, columns so far: 3297672
  Processing partition 1293000/8877691, columns so far: 3299436
  Processing partition 1294000/8877691, columns so far: 3301189
  Processing partition 1295000/8877691, columns so far: 3302848
  Processing partition 1296000/8877691, columns so far: 3304372
  Processing partition 1297000/8877691, columns so far: 3306212
  Processing partition 1298000/8877691, columns so far: 3307766
  Processing partition 1299000/8877691, columns so far: 3309365
  Processing partition 1300000/8877691, columns so far: 3310898
  Processing partition 1301000/8877691, columns so far: 3313845
  Processing partition 1302000/8877691, columns so far: 3316794
  Processing partition 1303000/8877691, columns so far: 3318251
  Processing partition 1304000/8877691, columns so far: 3319812
  Processing partition 1305000/8877691, columns so far: 3321184
  Processing partition 1306000/8877691, columns so far: 3322678
  Processing partition 1307000/8877691, columns so far: 3324099
  Processing partition 1308000/8877691, columns so far: 3325505
  Processing partition 1309000/8877691, columns so far: 3326879
  Processing partition 1310000/8877691, columns so far: 3329469
  Processing partition 1311000/8877691, columns so far: 3331703
  Processing partition 1312000/8877691, columns so far: 3333114
  Processing partition 1313000/8877691, columns so far: 3334667
  Processing partition 1314000/8877691, columns so far: 3335987
  Processing partition 1315000/8877691, columns so far: 3337573
  Processing partition 1316000/8877691, columns so far: 3338888
  Processing partition 1317000/8877691, columns so far: 3340443
  Processing partition 1318000/8877691, columns so far: 3342059
  Processing partition 1319000/8877691, columns so far: 3345094
  Processing partition 1320000/8877691, columns so far: 3346626
  Processing partition 1321000/8877691, columns so far: 3347975
  Processing partition 1322000/8877691, columns so far: 3349541
  Processing partition 1323000/8877691, columns so far: 3350856
  Processing partition 1324000/8877691, columns so far: 3352317
  Processing partition 1325000/8877691, columns so far: 3353726
  Processing partition 1326000/8877691, columns so far: 3355225
  Processing partition 1327000/8877691, columns so far: 3357575
  Processing partition 1328000/8877691, columns so far: 3360191
  Processing partition 1329000/8877691, columns so far: 3361945
  Processing partition 1330000/8877691, columns so far: 3363485
  Processing partition 1331000/8877691, columns so far: 3365426
  Processing partition 1332000/8877691, columns so far: 3366981
  Processing partition 1333000/8877691, columns so far: 3368830
  Processing partition 1334000/8877691, columns so far: 3370217
  Processing partition 1335000/8877691, columns so far: 3371711
  Processing partition 1336000/8877691, columns so far: 3373449
  Processing partition 1337000/8877691, columns so far: 3376200
  Processing partition 1338000/8877691, columns so far: 3379707
  Processing partition 1339000/8877691, columns so far: 3382948
  Processing partition 1340000/8877691, columns so far: 3386593
  Processing partition 1341000/8877691, columns so far: 3389609
  Processing partition 1342000/8877691, columns so far: 3393207
  Processing partition 1343000/8877691, columns so far: 3396371
  Processing partition 1344000/8877691, columns so far: 3399485
  Processing partition 1345000/8877691, columns so far: 3402601
  Processing partition 1346000/8877691, columns so far: 3408271
  Processing partition 1347000/8877691, columns so far: 3413508
  Processing partition 1348000/8877691, columns so far: 3415475
  Processing partition 1349000/8877691, columns so far: 3417491
  Processing partition 1350000/8877691, columns so far: 3419520
  Processing partition 1351000/8877691, columns so far: 3421284
  Processing partition 1352000/8877691, columns so far: 3423099
  Processing partition 1353000/8877691, columns so far: 3425358
  Processing partition 1354000/8877691, columns so far: 3427259
  Processing partition 1355000/8877691, columns so far: 3428796
  Processing partition 1356000/8877691, columns so far: 3430918
  Processing partition 1357000/8877691, columns so far: 3432804
  Processing partition 1358000/8877691, columns so far: 3434545
  Processing partition 1359000/8877691, columns so far: 3436109
  Processing partition 1360000/8877691, columns so far: 3438035
  Processing partition 1361000/8877691, columns so far: 3439576
  Processing partition 1362000/8877691, columns so far: 3441420
  Processing partition 1363000/8877691, columns so far: 3442837
  Processing partition 1364000/8877691, columns so far: 3444296
  Processing partition 1365000/8877691, columns so far: 3446039
  Processing partition 1366000/8877691, columns so far: 3448599
  Processing partition 1367000/8877691, columns so far: 3451965
  Processing partition 1368000/8877691, columns so far: 3453477
  Processing partition 1369000/8877691, columns so far: 3455006
  Processing partition 1370000/8877691, columns so far: 3456536
  Processing partition 1371000/8877691, columns so far: 3457912
  Processing partition 1372000/8877691, columns so far: 3459362
  Processing partition 1373000/8877691, columns so far: 3460674
  Processing partition 1374000/8877691, columns so far: 3462112
  Processing partition 1375000/8877691, columns so far: 3464711
  Processing partition 1376000/8877691, columns so far: 3467021
  Processing partition 1377000/8877691, columns so far: 3468799
  Processing partition 1378000/8877691, columns so far: 3470312
  Processing partition 1379000/8877691, columns so far: 3472250
  Processing partition 1380000/8877691, columns so far: 3473773
  Processing partition 1381000/8877691, columns so far: 3475611
  Processing partition 1382000/8877691, columns so far: 3477176
  Processing partition 1383000/8877691, columns so far: 3478637
  Processing partition 1384000/8877691, columns so far: 3480271
  Processing partition 1385000/8877691, columns so far: 3481989
  Processing partition 1386000/8877691, columns so far: 3483717
  Processing partition 1387000/8877691, columns so far: 3485616
  Processing partition 1388000/8877691, columns so far: 3486989
  Processing partition 1389000/8877691, columns so far: 3488713
  Processing partition 1390000/8877691, columns so far: 3490227
  Processing partition 1391000/8877691, columns so far: 3492055
  Processing partition 1392000/8877691, columns so far: 3493687
  Processing partition 1393000/8877691, columns so far: 3495221
  Processing partition 1394000/8877691, columns so far: 3498337
  Processing partition 1395000/8877691, columns so far: 3501070
  Processing partition 1396000/8877691, columns so far: 3502510
  Processing partition 1397000/8877691, columns so far: 3504030
  Processing partition 1398000/8877691, columns so far: 3505417
  Processing partition 1399000/8877691, columns so far: 3506798
  Processing partition 1400000/8877691, columns so far: 3508286
  Processing partition 1401000/8877691, columns so far: 3509850
  Processing partition 1402000/8877691, columns so far: 3511257
  Processing partition 1403000/8877691, columns so far: 3514141
  Processing partition 1404000/8877691, columns so far: 3515992
  Processing partition 1405000/8877691, columns so far: 3517384
  Processing partition 1406000/8877691, columns so far: 3518864
  Processing partition 1407000/8877691, columns so far: 3520255
  Processing partition 1408000/8877691, columns so far: 3521570
  Processing partition 1409000/8877691, columns so far: 3523142
  Processing partition 1410000/8877691, columns so far: 3524614
  Processing partition 1411000/8877691, columns so far: 3526631
  Processing partition 1412000/8877691, columns so far: 3529439
  Processing partition 1413000/8877691, columns so far: 3531299
  Processing partition 1414000/8877691, columns so far: 3532883
  Processing partition 1415000/8877691, columns so far: 3534713
  Processing partition 1416000/8877691, columns so far: 3536329
  Processing partition 1417000/8877691, columns so far: 3537851
  Processing partition 1418000/8877691, columns so far: 3539378
  Processing partition 1419000/8877691, columns so far: 3541109
  Processing partition 1420000/8877691, columns so far: 3542833
  Processing partition 1421000/8877691, columns so far: 3545213
  Processing partition 1422000/8877691, columns so far: 3548828
  Processing partition 1423000/8877691, columns so far: 3551889
  Processing partition 1424000/8877691, columns so far: 3555399
  Processing partition 1425000/8877691, columns so far: 3558787
  Processing partition 1426000/8877691, columns so far: 3561779
  Processing partition 1427000/8877691, columns so far: 3565555
  Processing partition 1428000/8877691, columns so far: 3568242
  Processing partition 1429000/8877691, columns so far: 3571661
  Processing partition 1430000/8877691, columns so far: 3576853
  Processing partition 1431000/8877691, columns so far: 3582856
  Processing partition 1432000/8877691, columns so far: 3584615
  Processing partition 1433000/8877691, columns so far: 3586845
  Processing partition 1434000/8877691, columns so far: 3588751
  Processing partition 1435000/8877691, columns so far: 3590553
  Processing partition 1436000/8877691, columns so far: 3592485
  Processing partition 1437000/8877691, columns so far: 3594239
  Processing partition 1438000/8877691, columns so far: 3596359
  Processing partition 1439000/8877691, columns so far: 3598166
  Processing partition 1440000/8877691, columns so far: 3600252
  Processing partition 1441000/8877691, columns so far: 3602039
  Processing partition 1442000/8877691, columns so far: 3603899
  Processing partition 1443000/8877691, columns so far: 3605504
  Processing partition 1444000/8877691, columns so far: 3607305
  Processing partition 1445000/8877691, columns so far: 3608920
  Processing partition 1446000/8877691, columns so far: 3610446
  Processing partition 1447000/8877691, columns so far: 3611972
  Processing partition 1448000/8877691, columns so far: 3613695
  Processing partition 1449000/8877691, columns so far: 3615439
  Processing partition 1450000/8877691, columns so far: 3617751
  Processing partition 1451000/8877691, columns so far: 3621318
  Processing partition 1452000/8877691, columns so far: 3622850
  Processing partition 1453000/8877691, columns so far: 3624380
  Processing partition 1454000/8877691, columns so far: 3625756
  Processing partition 1455000/8877691, columns so far: 3627326
  Processing partition 1456000/8877691, columns so far: 3628638
  Processing partition 1457000/8877691, columns so far: 3630112
  Processing partition 1458000/8877691, columns so far: 3631508
  Processing partition 1459000/8877691, columns so far: 3633559
  Processing partition 1460000/8877691, columns so far: 3636246
  Processing partition 1461000/8877691, columns so far: 3637744
  Processing partition 1462000/8877691, columns so far: 3639304
  Processing partition 1463000/8877691, columns so far: 3640639
  Processing partition 1464000/8877691, columns so far: 3642176
  Processing partition 1465000/8877691, columns so far: 3643512
  Processing partition 1466000/8877691, columns so far: 3644938
  Processing partition 1467000/8877691, columns so far: 3646382
  Processing partition 1468000/8877691, columns so far: 3649039
  Processing partition 1469000/8877691, columns so far: 3651352
  Processing partition 1470000/8877691, columns so far: 3653110
  Processing partition 1471000/8877691, columns so far: 3654723
  Processing partition 1472000/8877691, columns so far: 3656358
  Processing partition 1473000/8877691, columns so far: 3658071
  Processing partition 1474000/8877691, columns so far: 3659604
  Processing partition 1475000/8877691, columns so far: 3661474
  Processing partition 1476000/8877691, columns so far: 3663035
  Processing partition 1477000/8877691, columns so far: 3664596
  Processing partition 1478000/8877691, columns so far: 3666321
  Processing partition 1479000/8877691, columns so far: 3668046
  Processing partition 1480000/8877691, columns so far: 3669906
  Processing partition 1481000/8877691, columns so far: 3671359
  Processing partition 1482000/8877691, columns so far: 3672786
  Processing partition 1483000/8877691, columns so far: 3674525
  Processing partition 1484000/8877691, columns so far: 3676066
  Processing partition 1485000/8877691, columns so far: 3677986
  Processing partition 1486000/8877691, columns so far: 3679706
  Processing partition 1487000/8877691, columns so far: 3682755
  Processing partition 1488000/8877691, columns so far: 3685339
  Processing partition 1489000/8877691, columns so far: 3686784
  Processing partition 1490000/8877691, columns so far: 3688302
  Processing partition 1491000/8877691, columns so far: 3689596
  Processing partition 1492000/8877691, columns so far: 3690986
  Processing partition 1493000/8877691, columns so far: 3692458
  Processing partition 1494000/8877691, columns so far: 3693968
  Processing partition 1495000/8877691, columns so far: 3695766
  Processing partition 1496000/8877691, columns so far: 3698793
  Processing partition 1497000/8877691, columns so far: 3700550
  Processing partition 1498000/8877691, columns so far: 3702263
  Processing partition 1499000/8877691, columns so far: 3704112
  Processing partition 1500000/8877691, columns so far: 3705666
  Processing partition 1501000/8877691, columns so far: 3707155
  Processing partition 1502000/8877691, columns so far: 3708737
  Processing partition 1503000/8877691, columns so far: 3710282
  Processing partition 1504000/8877691, columns so far: 3712248
  Processing partition 1505000/8877691, columns so far: 3714393
  Processing partition 1506000/8877691, columns so far: 3717888
  Processing partition 1507000/8877691, columns so far: 3720949
  Processing partition 1508000/8877691, columns so far: 3724619
  Processing partition 1509000/8877691, columns so far: 3727723
  Processing partition 1510000/8877691, columns so far: 3730959
  Processing partition 1511000/8877691, columns so far: 3733998
  Processing partition 1512000/8877691, columns so far: 3737037
  Processing partition 1513000/8877691, columns so far: 3740807
  Processing partition 1514000/8877691, columns so far: 3745507
  Processing partition 1515000/8877691, columns so far: 3752109
  Processing partition 1516000/8877691, columns so far: 3753981
  Processing partition 1517000/8877691, columns so far: 3756221
  Processing partition 1518000/8877691, columns so far: 3758093
  Processing partition 1519000/8877691, columns so far: 3759648
  Processing partition 1520000/8877691, columns so far: 3761553
  Processing partition 1521000/8877691, columns so far: 3763583
  Processing partition 1522000/8877691, columns so far: 3765381
  Processing partition 1523000/8877691, columns so far: 3767138
  Processing partition 1524000/8877691, columns so far: 3769590
  Processing partition 1525000/8877691, columns so far: 3771393
  Processing partition 1526000/8877691, columns so far: 3773150
  Processing partition 1527000/8877691, columns so far: 3774857
  Processing partition 1528000/8877691, columns so far: 3776696
  Processing partition 1529000/8877691, columns so far: 3778262
  Processing partition 1530000/8877691, columns so far: 3779803
  Processing partition 1531000/8877691, columns so far: 3781373
  Processing partition 1532000/8877691, columns so far: 3782872
  Processing partition 1533000/8877691, columns so far: 3784833
  Processing partition 1534000/8877691, columns so far: 3786821
  Processing partition 1535000/8877691, columns so far: 3790211
  Processing partition 1536000/8877691, columns so far: 3792192
  Processing partition 1537000/8877691, columns so far: 3793748
  Processing partition 1538000/8877691, columns so far: 3795170
  Processing partition 1539000/8877691, columns so far: 3796650
  Processing partition 1540000/8877691, columns so far: 3798040
  Processing partition 1541000/8877691, columns so far: 3799352
  Processing partition 1542000/8877691, columns so far: 3800939
  Processing partition 1543000/8877691, columns so far: 3802737
  Processing partition 1544000/8877691, columns so far: 3805611
  Processing partition 1545000/8877691, columns so far: 3807148
  Processing partition 1546000/8877691, columns so far: 3808531
  Processing partition 1547000/8877691, columns so far: 3810045
  Processing partition 1548000/8877691, columns so far: 3811356
  Processing partition 1549000/8877691, columns so far: 3812914
  Processing partition 1550000/8877691, columns so far: 3814226
  Processing partition 1551000/8877691, columns so far: 3815780
  Processing partition 1552000/8877691, columns so far: 3817927
  Processing partition 1553000/8877691, columns so far: 3820539
  Processing partition 1554000/8877691, columns so far: 3822013
  Processing partition 1555000/8877691, columns so far: 3823570
  Processing partition 1556000/8877691, columns so far: 3824918
  Processing partition 1557000/8877691, columns so far: 3826267
  Processing partition 1558000/8877691, columns so far: 3827788
  Processing partition 1559000/8877691, columns so far: 3829139
  Processing partition 1560000/8877691, columns so far: 3830670
  Processing partition 1561000/8877691, columns so far: 3833473
  Processing partition 1562000/8877691, columns so far: 3835669
  Processing partition 1563000/8877691, columns so far: 3837400
  Processing partition 1564000/8877691, columns so far: 3839151
  Processing partition 1565000/8877691, columns so far: 3840631
  Processing partition 1566000/8877691, columns so far: 3842185
  Processing partition 1567000/8877691, columns so far: 3843925
  Processing partition 1568000/8877691, columns so far: 3845468
  Processing partition 1569000/8877691, columns so far: 3847357
  Processing partition 1570000/8877691, columns so far: 3848884
  Processing partition 1571000/8877691, columns so far: 3850643
  Processing partition 1572000/8877691, columns so far: 3852341
  Processing partition 1573000/8877691, columns so far: 3854204
  Processing partition 1574000/8877691, columns so far: 3855759
  Processing partition 1575000/8877691, columns so far: 3857153
  Processing partition 1576000/8877691, columns so far: 3858636
  Processing partition 1577000/8877691, columns so far: 3860353
  Processing partition 1578000/8877691, columns so far: 3862172
  Processing partition 1579000/8877691, columns so far: 3864382
  Processing partition 1580000/8877691, columns so far: 3867926
  Processing partition 1581000/8877691, columns so far: 3869866
  Processing partition 1582000/8877691, columns so far: 3871651
  Processing partition 1583000/8877691, columns so far: 3873511
  Processing partition 1584000/8877691, columns so far: 3874949
  Processing partition 1585000/8877691, columns so far: 3876391
  Processing partition 1586000/8877691, columns so far: 3877946
  Processing partition 1587000/8877691, columns so far: 3879674
  Processing partition 1588000/8877691, columns so far: 3881370
  Processing partition 1589000/8877691, columns so far: 3883286
  Processing partition 1590000/8877691, columns so far: 3886805
  Processing partition 1591000/8877691, columns so far: 3890075
  Processing partition 1592000/8877691, columns so far: 3893797
  Processing partition 1593000/8877691, columns so far: 3896903
  Processing partition 1594000/8877691, columns so far: 3900021
  Processing partition 1595000/8877691, columns so far: 3902845
  Processing partition 1596000/8877691, columns so far: 3906127
  Processing partition 1597000/8877691, columns so far: 3909797
  Processing partition 1598000/8877691, columns so far: 3914685
  Processing partition 1599000/8877691, columns so far: 3921467
  Processing partition 1600000/8877691, columns so far: 3923237
  Processing partition 1601000/8877691, columns so far: 3925582
  Processing partition 1602000/8877691, columns so far: 3927451
  Processing partition 1603000/8877691, columns so far: 3929014
  Processing partition 1604000/8877691, columns so far: 3930895
  Processing partition 1605000/8877691, columns so far: 3932855
  Processing partition 1606000/8877691, columns so far: 3934550
  Processing partition 1607000/8877691, columns so far: 3936486
  Processing partition 1608000/8877691, columns so far: 3938590
  Processing partition 1609000/8877691, columns so far: 3940717
  Processing partition 1610000/8877691, columns so far: 3942498
  Processing partition 1611000/8877691, columns so far: 3944236
  Processing partition 1612000/8877691, columns so far: 3946100
  Processing partition 1613000/8877691, columns so far: 3947601
  Processing partition 1614000/8877691, columns so far: 3948979
  Processing partition 1615000/8877691, columns so far: 3950537
  Processing partition 1616000/8877691, columns so far: 3952258
  Processing partition 1617000/8877691, columns so far: 3954016
  Processing partition 1618000/8877691, columns so far: 3955942
  Processing partition 1619000/8877691, columns so far: 3958991
  Processing partition 1620000/8877691, columns so far: 3961592
  Processing partition 1621000/8877691, columns so far: 3963147
  Processing partition 1622000/8877691, columns so far: 3964566
  Processing partition 1623000/8877691, columns so far: 3966084
  Processing partition 1624000/8877691, columns so far: 3967394
  Processing partition 1625000/8877691, columns so far: 3968783
  Processing partition 1626000/8877691, columns so far: 3970211
  Processing partition 1627000/8877691, columns so far: 3971923
  Processing partition 1628000/8877691, columns so far: 3974989
  Processing partition 1629000/8877691, columns so far: 3976515
  Processing partition 1630000/8877691, columns so far: 3977872
  Processing partition 1631000/8877691, columns so far: 3979444
  Processing partition 1632000/8877691, columns so far: 3980758
  Processing partition 1633000/8877691, columns so far: 3982218
  Processing partition 1634000/8877691, columns so far: 3983624
  Processing partition 1635000/8877691, columns so far: 3985114
  Processing partition 1636000/8877691, columns so far: 3987131
  Processing partition 1637000/8877691, columns so far: 3989924
  Processing partition 1638000/8877691, columns so far: 3991437
  Processing partition 1639000/8877691, columns so far: 3992907
  Processing partition 1640000/8877691, columns so far: 3994305
  Processing partition 1641000/8877691, columns so far: 3995632
  Processing partition 1642000/8877691, columns so far: 3996983
  Processing partition 1643000/8877691, columns so far: 3998514
  Processing partition 1644000/8877691, columns so far: 4000010
  Processing partition 1645000/8877691, columns so far: 4002295
  Processing partition 1646000/8877691, columns so far: 4004821
  Processing partition 1647000/8877691, columns so far: 4006318
  Processing partition 1648000/8877691, columns so far: 4007841
  Processing partition 1649000/8877691, columns so far: 4009140
  Processing partition 1650000/8877691, columns so far: 4010507
  Processing partition 1651000/8877691, columns so far: 4011904
  Processing partition 1652000/8877691, columns so far: 4013431
  Processing partition 1653000/8877691, columns so far: 4014958
  Processing partition 1654000/8877691, columns so far: 4017934
  Processing partition 1655000/8877691, columns so far: 4019958
  Processing partition 1656000/8877691, columns so far: 4021754
  Processing partition 1657000/8877691, columns so far: 4023603
  Processing partition 1658000/8877691, columns so far: 4024997
  Processing partition 1659000/8877691, columns so far: 4026484
  Processing partition 1660000/8877691, columns so far: 4028040
  Processing partition 1661000/8877691, columns so far: 4029761
  Processing partition 1662000/8877691, columns so far: 4031446
  Processing partition 1663000/8877691, columns so far: 4033241
  Processing partition 1664000/8877691, columns so far: 4035388
  Processing partition 1665000/8877691, columns so far: 4037456
  Processing partition 1666000/8877691, columns so far: 4039336
  Processing partition 1667000/8877691, columns so far: 4041435
  Processing partition 1668000/8877691, columns so far: 4043363
  Processing partition 1669000/8877691, columns so far: 4045232
  Processing partition 1670000/8877691, columns so far: 4046774
  Processing partition 1671000/8877691, columns so far: 4048654
  Processing partition 1672000/8877691, columns so far: 4050726
  Processing partition 1673000/8877691, columns so far: 4052479
  Processing partition 1674000/8877691, columns so far: 4056690
  Processing partition 1675000/8877691, columns so far: 4060796
  Processing partition 1676000/8877691, columns so far: 4064283
  Processing partition 1677000/8877691, columns so far: 4068717
  Processing partition 1678000/8877691, columns so far: 4072409
  Processing partition 1679000/8877691, columns so far: 4075847
  Processing partition 1680000/8877691, columns so far: 4079191
  Processing partition 1681000/8877691, columns so far: 4083039
  Processing partition 1682000/8877691, columns so far: 4087038
  Processing partition 1683000/8877691, columns so far: 4090590
  Processing partition 1684000/8877691, columns so far: 4092971
  Processing partition 1685000/8877691, columns so far: 4095490
  Processing partition 1686000/8877691, columns so far: 4097942
  Processing partition 1687000/8877691, columns so far: 4100348
  Processing partition 1688000/8877691, columns so far: 4102129
  Processing partition 1689000/8877691, columns so far: 4104523
  Processing partition 1690000/8877691, columns so far: 4106785
  Processing partition 1691000/8877691, columns so far: 4108663
  Processing partition 1692000/8877691, columns so far: 4111123
  Processing partition 1693000/8877691, columns so far: 4112913
  Processing partition 1694000/8877691, columns so far: 4115631
  Processing partition 1695000/8877691, columns so far: 4117741
  Processing partition 1696000/8877691, columns so far: 4119916
  Processing partition 1697000/8877691, columns so far: 4121940
  Processing partition 1698000/8877691, columns so far: 4123876
  Processing partition 1699000/8877691, columns so far: 4125924
  Processing partition 1700000/8877691, columns so far: 4127840
  Processing partition 1701000/8877691, columns so far: 4129712
  Processing partition 1702000/8877691, columns so far: 4131244
  Processing partition 1703000/8877691, columns so far: 4133123
  Processing partition 1704000/8877691, columns so far: 4135210
  Processing partition 1705000/8877691, columns so far: 4136969
  Processing partition 1706000/8877691, columns so far: 4140621
  Processing partition 1707000/8877691, columns so far: 4144646
  Processing partition 1708000/8877691, columns so far: 4146405
  Processing partition 1709000/8877691, columns so far: 4148258
  Processing partition 1710000/8877691, columns so far: 4149889
  Processing partition 1711000/8877691, columns so far: 4151728
  Processing partition 1712000/8877691, columns so far: 4153284
  Processing partition 1713000/8877691, columns so far: 4154695
  Processing partition 1714000/8877691, columns so far: 4156164
  Processing partition 1715000/8877691, columns so far: 4157926
  Processing partition 1716000/8877691, columns so far: 4160437
  Processing partition 1717000/8877691, columns so far: 4163880
  Processing partition 1718000/8877691, columns so far: 4165682
  Processing partition 1719000/8877691, columns so far: 4167260
  Processing partition 1720000/8877691, columns so far: 4169186
  Processing partition 1721000/8877691, columns so far: 4170682
  Processing partition 1722000/8877691, columns so far: 4172453
  Processing partition 1723000/8877691, columns so far: 4173906
  Processing partition 1724000/8877691, columns so far: 4175461
  Processing partition 1725000/8877691, columns so far: 4177200
  Processing partition 1726000/8877691, columns so far: 4179577
  Processing partition 1727000/8877691, columns so far: 4183089
  Processing partition 1728000/8877691, columns so far: 4184913
  Processing partition 1729000/8877691, columns so far: 4186522
  Processing partition 1730000/8877691, columns so far: 4188371
  Processing partition 1731000/8877691, columns so far: 4189987
  Processing partition 1732000/8877691, columns so far: 4191505
  Processing partition 1733000/8877691, columns so far: 4193044
  Processing partition 1734000/8877691, columns so far: 4194768
  Processing partition 1735000/8877691, columns so far: 4196486
  Processing partition 1736000/8877691, columns so far: 4198599
  Processing partition 1737000/8877691, columns so far: 4202363
  Processing partition 1738000/8877691, columns so far: 4204120
  Processing partition 1739000/8877691, columns so far: 4205829
  Processing partition 1740000/8877691, columns so far: 4207678
  Processing partition 1741000/8877691, columns so far: 4209232
  Processing partition 1742000/8877691, columns so far: 4210731
  Processing partition 1743000/8877691, columns so far: 4212315
  Processing partition 1744000/8877691, columns so far: 4213849
  Processing partition 1745000/8877691, columns so far: 4215814
  Processing partition 1746000/8877691, columns so far: 4217749
  Processing partition 1747000/8877691, columns so far: 4221225
  Processing partition 1748000/8877691, columns so far: 4223400
  Processing partition 1749000/8877691, columns so far: 4225110
  Processing partition 1750000/8877691, columns so far: 4226983
  Processing partition 1751000/8877691, columns so far: 4228540
  Processing partition 1752000/8877691, columns so far: 4229881
  Processing partition 1753000/8877691, columns so far: 4231420
  Processing partition 1754000/8877691, columns so far: 4233134
  Processing partition 1755000/8877691, columns so far: 4234947
  Processing partition 1756000/8877691, columns so far: 4237029
  Processing partition 1757000/8877691, columns so far: 4240579
  Processing partition 1758000/8877691, columns so far: 4243001
  Processing partition 1759000/8877691, columns so far: 4245144
  Processing partition 1760000/8877691, columns so far: 4246929
  Processing partition 1761000/8877691, columns so far: 4249187
  Processing partition 1762000/8877691, columns so far: 4251081
  Processing partition 1763000/8877691, columns so far: 4252595
  Processing partition 1764000/8877691, columns so far: 4254501
  Processing partition 1765000/8877691, columns so far: 4256451
  Processing partition 1766000/8877691, columns so far: 4258343
  Processing partition 1767000/8877691, columns so far: 4260165
  Processing partition 1768000/8877691, columns so far: 4263766
  Processing partition 1769000/8877691, columns so far: 4268049
  Processing partition 1770000/8877691, columns so far: 4273551
  Processing partition 1771000/8877691, columns so far: 4278108
  Processing partition 1772000/8877691, columns so far: 4281705
  Processing partition 1773000/8877691, columns so far: 4286443
  Processing partition 1774000/8877691, columns so far: 4290269
  Processing partition 1775000/8877691, columns so far: 4294634
  Processing partition 1776000/8877691, columns so far: 4299329
  Processing partition 1777000/8877691, columns so far: 4302939
  Processing partition 1778000/8877691, columns so far: 4308189
  Processing partition 1779000/8877691, columns so far: 4312331
  Processing partition 1780000/8877691, columns so far: 4316682
  Processing partition 1781000/8877691, columns so far: 4320786
  Processing partition 1782000/8877691, columns so far: 4324283
  Processing partition 1783000/8877691, columns so far: 4328719
  Processing partition 1784000/8877691, columns so far: 4332409
  Processing partition 1785000/8877691, columns so far: 4335815
  Processing partition 1786000/8877691, columns so far: 4339179
  Processing partition 1787000/8877691, columns so far: 4343023
  Processing partition 1788000/8877691, columns so far: 4347001
  Processing partition 1789000/8877691, columns so far: 4350580
  Processing partition 1790000/8877691, columns so far: 4357113
  Processing partition 1791000/8877691, columns so far: 4365247
  Processing partition 1792000/8877691, columns so far: 4368824
  Processing partition 1793000/8877691, columns so far: 4372463
  Processing partition 1794000/8877691, columns so far: 4375805
  Processing partition 1795000/8877691, columns so far: 4379477
  Processing partition 1796000/8877691, columns so far: 4382299
  Processing partition 1797000/8877691, columns so far: 4385237
  Processing partition 1798000/8877691, columns so far: 4388341
  Processing partition 1799000/8877691, columns so far: 4391817
  Processing partition 1800000/8877691, columns so far: 4396345
  Processing partition 1801000/8877691, columns so far: 4403288
  Processing partition 1802000/8877691, columns so far: 4406893
  Processing partition 1803000/8877691, columns so far: 4410219
  Processing partition 1804000/8877691, columns so far: 4414003
  Processing partition 1805000/8877691, columns so far: 4417023
  Processing partition 1806000/8877691, columns so far: 4420094
  Processing partition 1807000/8877691, columns so far: 4423457
  Processing partition 1808000/8877691, columns so far: 4426599
  Processing partition 1809000/8877691, columns so far: 4430039
  Processing partition 1810000/8877691, columns so far: 4434063
  Processing partition 1811000/8877691, columns so far: 4440948
  Processing partition 1812000/8877691, columns so far: 4445127
  Processing partition 1813000/8877691, columns so far: 4448363
  Processing partition 1814000/8877691, columns so far: 4452043
  Processing partition 1815000/8877691, columns so far: 4455200
  Processing partition 1816000/8877691, columns so far: 4458263
  Processing partition 1817000/8877691, columns so far: 4461243
  Processing partition 1818000/8877691, columns so far: 4464825
  Processing partition 1819000/8877691, columns so far: 4468143
  Processing partition 1820000/8877691, columns so far: 4471984
  Processing partition 1821000/8877691, columns so far: 4478250
  Processing partition 1822000/8877691, columns so far: 4483143
  Processing partition 1823000/8877691, columns so far: 4486575
  Processing partition 1824000/8877691, columns so far: 4490265
  Processing partition 1825000/8877691, columns so far: 4493167
  Processing partition 1826000/8877691, columns so far: 4496023
  Processing partition 1827000/8877691, columns so far: 4499483
  Processing partition 1828000/8877691, columns so far: 4502567
  Processing partition 1829000/8877691, columns so far: 4506375
  Processing partition 1830000/8877691, columns so far: 4509769
  Processing partition 1831000/8877691, columns so far: 4515790
  Processing partition 1832000/8877691, columns so far: 4521257
  Processing partition 1833000/8877691, columns so far: 4524717
  Processing partition 1834000/8877691, columns so far: 4528501
  Processing partition 1835000/8877691, columns so far: 4531183
  Processing partition 1836000/8877691, columns so far: 4534255
  Processing partition 1837000/8877691, columns so far: 4537361
  Processing partition 1838000/8877691, columns so far: 4540779
  Processing partition 1839000/8877691, columns so far: 4544131
  Processing partition 1840000/8877691, columns so far: 4547630
  Processing partition 1841000/8877691, columns so far: 4554745
  Processing partition 1842000/8877691, columns so far: 4560088
  Processing partition 1843000/8877691, columns so far: 4564153
  Processing partition 1844000/8877691, columns so far: 4567821
  Processing partition 1845000/8877691, columns so far: 4572343
  Processing partition 1846000/8877691, columns so far: 4576035
  Processing partition 1847000/8877691, columns so far: 4579149
  Processing partition 1848000/8877691, columns so far: 4582939
  Processing partition 1849000/8877691, columns so far: 4586719
  Processing partition 1850000/8877691, columns so far: 4590169
  Processing partition 1851000/8877691, columns so far: 4594061
  Processing partition 1852000/8877691, columns so far: 4600159
  Processing partition 1853000/8877691, columns so far: 4608209
  Processing partition 1854000/8877691, columns so far: 4615375
  Processing partition 1855000/8877691, columns so far: 4624105
  Processing partition 1856000/8877691, columns so far: 4630473
  Processing partition 1857000/8877691, columns so far: 4637419
  Processing partition 1858000/8877691, columns so far: 4644763
  Processing partition 1859000/8877691, columns so far: 4652082
  Processing partition 1860000/8877691, columns so far: 4658095
  Processing partition 1861000/8877691, columns so far: 4666443
  Processing partition 1862000/8877691, columns so far: 4675917
  Processing partition 1863000/8877691, columns so far: 4689115
  Processing partition 1864000/8877691, columns so far: 4696284
  Processing partition 1865000/8877691, columns so far: 4698713
  Processing partition 1866000/8877691, columns so far: 4701322
  Processing partition 1867000/8877691, columns so far: 4703631
  Processing partition 1868000/8877691, columns so far: 4705485
  Processing partition 1869000/8877691, columns so far: 4707880
  Processing partition 1870000/8877691, columns so far: 4709960
  Processing partition 1871000/8877691, columns so far: 4712020
  Processing partition 1872000/8877691, columns so far: 4714507
  Processing partition 1873000/8877691, columns so far: 4716248
  Processing partition 1874000/8877691, columns so far: 4718989
  Processing partition 1875000/8877691, columns so far: 4721060
  Processing partition 1876000/8877691, columns so far: 4723237
  Processing partition 1877000/8877691, columns so far: 4725310
  Processing partition 1878000/8877691, columns so far: 4727137
  Processing partition 1879000/8877691, columns so far: 4729279
  Processing partition 1880000/8877691, columns so far: 4731186
  Processing partition 1881000/8877691, columns so far: 4733068
  Processing partition 1882000/8877691, columns so far: 4734623
  Processing partition 1883000/8877691, columns so far: 4736517
  Processing partition 1884000/8877691, columns so far: 4738572
  Processing partition 1885000/8877691, columns so far: 4740339
  Processing partition 1886000/8877691, columns so far: 4743832
  Processing partition 1887000/8877691, columns so far: 4748010
  Processing partition 1888000/8877691, columns so far: 4749778
  Processing partition 1889000/8877691, columns so far: 4751592
  Processing partition 1890000/8877691, columns so far: 4753256
  Processing partition 1891000/8877691, columns so far: 4755103
  Processing partition 1892000/8877691, columns so far: 4756659
  Processing partition 1893000/8877691, columns so far: 4758018
  Processing partition 1894000/8877691, columns so far: 4759540
  Processing partition 1895000/8877691, columns so far: 4761320
  Processing partition 1896000/8877691, columns so far: 4763718
  Processing partition 1897000/8877691, columns so far: 4767184
  Processing partition 1898000/8877691, columns so far: 4769038
  Processing partition 1899000/8877691, columns so far: 4770650
  Processing partition 1900000/8877691, columns so far: 4772561
  Processing partition 1901000/8877691, columns so far: 4774065
  Processing partition 1902000/8877691, columns so far: 4775726
  Processing partition 1903000/8877691, columns so far: 4777298
  Processing partition 1904000/8877691, columns so far: 4778851
  Processing partition 1905000/8877691, columns so far: 4780580
  Processing partition 1906000/8877691, columns so far: 4782864
  Processing partition 1907000/8877691, columns so far: 4786460
  Processing partition 1908000/8877691, columns so far: 4788275
  Processing partition 1909000/8877691, columns so far: 4789902
  Processing partition 1910000/8877691, columns so far: 4791751
  Processing partition 1911000/8877691, columns so far: 4793358
  Processing partition 1912000/8877691, columns so far: 4794866
  Processing partition 1913000/8877691, columns so far: 4796422
  Processing partition 1914000/8877691, columns so far: 4798148
  Processing partition 1915000/8877691, columns so far: 4799877
  Processing partition 1916000/8877691, columns so far: 4801896
  Processing partition 1917000/8877691, columns so far: 4805354
  Processing partition 1918000/8877691, columns so far: 4807495
  Processing partition 1919000/8877691, columns so far: 4809196
  Processing partition 1920000/8877691, columns so far: 4811058
  Processing partition 1921000/8877691, columns so far: 4812612
  Processing partition 1922000/8877691, columns so far: 4814050
  Processing partition 1923000/8877691, columns so far: 4815667
  Processing partition 1924000/8877691, columns so far: 4817198
  Processing partition 1925000/8877691, columns so far: 4819136
  Processing partition 1926000/8877691, columns so far: 4821048
  Processing partition 1927000/8877691, columns so far: 4824297
  Processing partition 1928000/8877691, columns so far: 4826718
  Processing partition 1929000/8877691, columns so far: 4828504
  Processing partition 1930000/8877691, columns so far: 4830364
  Processing partition 1931000/8877691, columns so far: 4831796
  Processing partition 1932000/8877691, columns so far: 4833238
  Processing partition 1933000/8877691, columns so far: 4834795
  Processing partition 1934000/8877691, columns so far: 4836528
  Processing partition 1935000/8877691, columns so far: 4838209
  Processing partition 1936000/8877691, columns so far: 4840240
  Processing partition 1937000/8877691, columns so far: 4843758
  Processing partition 1938000/8877691, columns so far: 4846371
  Processing partition 1939000/8877691, columns so far: 4848481
  Processing partition 1940000/8877691, columns so far: 4850248
  Processing partition 1941000/8877691, columns so far: 4852571
  Processing partition 1942000/8877691, columns so far: 4854443
  Processing partition 1943000/8877691, columns so far: 4855970
  Processing partition 1944000/8877691, columns so far: 4857876
  Processing partition 1945000/8877691, columns so far: 4859786
  Processing partition 1946000/8877691, columns so far: 4861686
  Processing partition 1947000/8877691, columns so far: 4863546
  Processing partition 1948000/8877691, columns so far: 4867018
  Processing partition 1949000/8877691, columns so far: 4871116
  Processing partition 1950000/8877691, columns so far: 4876800
  Processing partition 1951000/8877691, columns so far: 4881371
  Processing partition 1952000/8877691, columns so far: 4884992
  Processing partition 1953000/8877691, columns so far: 4889662
  Processing partition 1954000/8877691, columns so far: 4893326
  Processing partition 1955000/8877691, columns so far: 4897923
  Processing partition 1956000/8877691, columns so far: 4902581
  Processing partition 1957000/8877691, columns so far: 4906117
  Processing partition 1958000/8877691, columns so far: 4911386
  Processing partition 1959000/8877691, columns so far: 4915577
  Processing partition 1960000/8877691, columns so far: 4918030
  Processing partition 1961000/8877691, columns so far: 4920598
  Processing partition 1962000/8877691, columns so far: 4922954
  Processing partition 1963000/8877691, columns so far: 4925391
  Processing partition 1964000/8877691, columns so far: 4927146
  Processing partition 1965000/8877691, columns so far: 4929536
  Processing partition 1966000/8877691, columns so far: 4931912
  Processing partition 1967000/8877691, columns so far: 4933672
  Processing partition 1968000/8877691, columns so far: 4936124
  Processing partition 1969000/8877691, columns so far: 4937995
  Processing partition 1970000/8877691, columns so far: 4940640
  Processing partition 1971000/8877691, columns so far: 4942767
  Processing partition 1972000/8877691, columns so far: 4944980
  Processing partition 1973000/8877691, columns so far: 4946997
  Processing partition 1974000/8877691, columns so far: 4948960
  Processing partition 1975000/8877691, columns so far: 4950920
  Processing partition 1976000/8877691, columns so far: 4952847
  Processing partition 1977000/8877691, columns so far: 4954720
  Processing partition 1978000/8877691, columns so far: 4956246
  Processing partition 1979000/8877691, columns so far: 4958146
  Processing partition 1980000/8877691, columns so far: 4960225
  Processing partition 1981000/8877691, columns so far: 4962033
  Processing partition 1982000/8877691, columns so far: 4965686
  Processing partition 1983000/8877691, columns so far: 4969663
  Processing partition 1984000/8877691, columns so far: 4971425
  Processing partition 1985000/8877691, columns so far: 4973265
  Processing partition 1986000/8877691, columns so far: 4974933
  Processing partition 1987000/8877691, columns so far: 4976728
  Processing partition 1988000/8877691, columns so far: 4978281
  Processing partition 1989000/8877691, columns so far: 4979736
  Processing partition 1990000/8877691, columns so far: 4981162
  Processing partition 1991000/8877691, columns so far: 4982954
  Processing partition 1992000/8877691, columns so far: 4985582
  Processing partition 1993000/8877691, columns so far: 4988940
  Processing partition 1994000/8877691, columns so far: 4990689
  Processing partition 1995000/8877691, columns so far: 4992255
  Processing partition 1996000/8877691, columns so far: 4994193
  Processing partition 1997000/8877691, columns so far: 4995683
  Processing partition 1998000/8877691, columns so far: 4997588
  Processing partition 1999000/8877691, columns so far: 4998938
  Processing partition 2000000/8877691, columns so far: 5000469
  Processing partition 2001000/8877691, columns so far: 5002208
  Processing partition 2002000/8877691, columns so far: 5004642
  Processing partition 2003000/8877691, columns so far: 5008108
  Processing partition 2004000/8877691, columns so far: 5009968
  Processing partition 2005000/8877691, columns so far: 5011550
  Processing partition 2006000/8877691, columns so far: 5013378
  Processing partition 2007000/8877691, columns so far: 5014996
  Processing partition 2008000/8877691, columns so far: 5016517
  Processing partition 2009000/8877691, columns so far: 5018043
  Processing partition 2010000/8877691, columns so far: 5019775
  Processing partition 2011000/8877691, columns so far: 5021500
  Processing partition 2012000/8877691, columns so far: 5023774
  Processing partition 2013000/8877691, columns so far: 5027388
  Processing partition 2014000/8877691, columns so far: 5029133
  Processing partition 2015000/8877691, columns so far: 5030836
  Processing partition 2016000/8877691, columns so far: 5032684
  Processing partition 2017000/8877691, columns so far: 5034239
  Processing partition 2018000/8877691, columns so far: 5035795
  Processing partition 2019000/8877691, columns so far: 5037354
  Processing partition 2020000/8877691, columns so far: 5038852
  Processing partition 2021000/8877691, columns so far: 5040811
  Processing partition 2022000/8877691, columns so far: 5042810
  Processing partition 2023000/8877691, columns so far: 5046404
  Processing partition 2024000/8877691, columns so far: 5048423
  Processing partition 2025000/8877691, columns so far: 5050112
  Processing partition 2026000/8877691, columns so far: 5051988
  Processing partition 2027000/8877691, columns so far: 5053547
  Processing partition 2028000/8877691, columns so far: 5054926
  Processing partition 2029000/8877691, columns so far: 5056427
  Processing partition 2030000/8877691, columns so far: 5058131
  Processing partition 2031000/8877691, columns so far: 5059955
  Processing partition 2032000/8877691, columns so far: 5062102
  Processing partition 2033000/8877691, columns so far: 5065679
  Processing partition 2034000/8877691, columns so far: 5068060
  Processing partition 2035000/8877691, columns so far: 5070155
  Processing partition 2036000/8877691, columns so far: 5071957
  Processing partition 2037000/8877691, columns so far: 5074194
  Processing partition 2038000/8877691, columns so far: 5076094
  Processing partition 2039000/8877691, columns so far: 5077660
  Processing partition 2040000/8877691, columns so far: 5079503
  Processing partition 2041000/8877691, columns so far: 5081465
  Processing partition 2042000/8877691, columns so far: 5083401
  Processing partition 2043000/8877691, columns so far: 5085167
  Processing partition 2044000/8877691, columns so far: 5087296
  Processing partition 2045000/8877691, columns so far: 5089414
  Processing partition 2046000/8877691, columns so far: 5091180
  Processing partition 2047000/8877691, columns so far: 5093500
  Processing partition 2048000/8877691, columns so far: 5095373
  Processing partition 2049000/8877691, columns so far: 5096905
  Processing partition 2050000/8877691, columns so far: 5098810
  Processing partition 2051000/8877691, columns so far: 5100715
  Processing partition 2052000/8877691, columns so far: 5102596
  Processing partition 2053000/8877691, columns so far: 5104479
  Processing partition 2054000/8877691, columns so far: 5107936
  Processing partition 2055000/8877691, columns so far: 5112024
  Processing partition 2056000/8877691, columns so far: 5114237
  Processing partition 2057000/8877691, columns so far: 5116314
  Processing partition 2058000/8877691, columns so far: 5118077
  Processing partition 2059000/8877691, columns so far: 5120320
  Processing partition 2060000/8877691, columns so far: 5122186
  Processing partition 2061000/8877691, columns so far: 5123966
  Processing partition 2062000/8877691, columns so far: 5125640
  Processing partition 2063000/8877691, columns so far: 5127556
  Processing partition 2064000/8877691, columns so far: 5129571
  Processing partition 2065000/8877691, columns so far: 5131342
  Processing partition 2066000/8877691, columns so far: 5133159
  Processing partition 2067000/8877691, columns so far: 5135584
  Processing partition 2068000/8877691, columns so far: 5137354
  Processing partition 2069000/8877691, columns so far: 5139172
  Processing partition 2070000/8877691, columns so far: 5141496
  Processing partition 2071000/8877691, columns so far: 5143088
  Processing partition 2072000/8877691, columns so far: 5144890
  Processing partition 2073000/8877691, columns so far: 5146806
  Processing partition 2074000/8877691, columns so far: 5148758
  Processing partition 2075000/8877691, columns so far: 5150566
  Processing partition 2076000/8877691, columns so far: 5153886
  Processing partition 2077000/8877691, columns so far: 5158197
  Processing partition 2078000/8877691, columns so far: 5159712
  Processing partition 2079000/8877691, columns so far: 5161654
  Processing partition 2080000/8877691, columns so far: 5163323
  Processing partition 2081000/8877691, columns so far: 5165087
  Processing partition 2082000/8877691, columns so far: 5166672
  Processing partition 2083000/8877691, columns so far: 5168335
  Processing partition 2084000/8877691, columns so far: 5169893
  Processing partition 2085000/8877691, columns so far: 5171596
  Processing partition 2086000/8877691, columns so far: 5173692
  Processing partition 2087000/8877691, columns so far: 5177462
  Processing partition 2088000/8877691, columns so far: 5179018
  Processing partition 2089000/8877691, columns so far: 5180928
  Processing partition 2090000/8877691, columns so far: 5182454
  Processing partition 2091000/8877691, columns so far: 5184340
  Processing partition 2092000/8877691, columns so far: 5185887
  Processing partition 2093000/8877691, columns so far: 5187400
  Processing partition 2094000/8877691, columns so far: 5189185
  Processing partition 2095000/8877691, columns so far: 5190858
  Processing partition 2096000/8877691, columns so far: 5192842
  Processing partition 2097000/8877691, columns so far: 5196136
  Processing partition 2098000/8877691, columns so far: 5198263
  Processing partition 2099000/8877691, columns so far: 5200211
  Processing partition 2100000/8877691, columns so far: 5201734
  Processing partition 2101000/8877691, columns so far: 5203639
  Processing partition 2102000/8877691, columns so far: 5204976
  Processing partition 2103000/8877691, columns so far: 5206693
  Processing partition 2104000/8877691, columns so far: 5208233
  Processing partition 2105000/8877691, columns so far: 5210162
  Processing partition 2106000/8877691, columns so far: 5211876
  Processing partition 2107000/8877691, columns so far: 5214988
  Processing partition 2108000/8877691, columns so far: 5217574
  Processing partition 2109000/8877691, columns so far: 5219514
  Processing partition 2110000/8877691, columns so far: 5221041
  Processing partition 2111000/8877691, columns so far: 5222670
  Processing partition 2112000/8877691, columns so far: 5224266
  Processing partition 2113000/8877691, columns so far: 5225816
  Processing partition 2114000/8877691, columns so far: 5227514
  Processing partition 2115000/8877691, columns so far: 5229225
  Processing partition 2116000/8877691, columns so far: 5231077
  Processing partition 2117000/8877691, columns so far: 5234686
  Processing partition 2118000/8877691, columns so far: 5237115
  Processing partition 2119000/8877691, columns so far: 5239451
  Processing partition 2120000/8877691, columns so far: 5241274
  Processing partition 2121000/8877691, columns so far: 5243065
  Processing partition 2122000/8877691, columns so far: 5245446
  Processing partition 2123000/8877691, columns so far: 5246997
  Processing partition 2124000/8877691, columns so far: 5248903
  Processing partition 2125000/8877691, columns so far: 5250815
  Processing partition 2126000/8877691, columns so far: 5252612
  Processing partition 2127000/8877691, columns so far: 5254536
  Processing partition 2128000/8877691, columns so far: 5257528
  Processing partition 2129000/8877691, columns so far: 5261709
  Processing partition 2130000/8877691, columns so far: 5265668
  Processing partition 2131000/8877691, columns so far: 5269239
  Processing partition 2132000/8877691, columns so far: 5273365
  Processing partition 2133000/8877691, columns so far: 5277006
  Processing partition 2134000/8877691, columns so far: 5280730
  Processing partition 2135000/8877691, columns so far: 5284563
  Processing partition 2136000/8877691, columns so far: 5287732
  Processing partition 2137000/8877691, columns so far: 5291970
  Processing partition 2138000/8877691, columns so far: 5297125
  Processing partition 2139000/8877691, columns so far: 5304453
  Processing partition 2140000/8877691, columns so far: 5308707
  Processing partition 2141000/8877691, columns so far: 5310492
  Processing partition 2142000/8877691, columns so far: 5312255
  Processing partition 2143000/8877691, columns so far: 5313788
  Processing partition 2144000/8877691, columns so far: 5315568
  Processing partition 2145000/8877691, columns so far: 5317126
  Processing partition 2146000/8877691, columns so far: 5318682
  Processing partition 2147000/8877691, columns so far: 5320322
  Processing partition 2148000/8877691, columns so far: 5322066
  Processing partition 2149000/8877691, columns so far: 5325576
  Processing partition 2150000/8877691, columns so far: 5327962
  Processing partition 2151000/8877691, columns so far: 5329769
  Processing partition 2152000/8877691, columns so far: 5331533
  Processing partition 2153000/8877691, columns so far: 5333078
  Processing partition 2154000/8877691, columns so far: 5334868
  Processing partition 2155000/8877691, columns so far: 5336422
  Processing partition 2156000/8877691, columns so far: 5337998
  Processing partition 2157000/8877691, columns so far: 5339600
  Processing partition 2158000/8877691, columns so far: 5341116
  Processing partition 2159000/8877691, columns so far: 5342963
  Processing partition 2160000/8877691, columns so far: 5345362
  Processing partition 2161000/8877691, columns so far: 5347122
  Processing partition 2162000/8877691, columns so far: 5348971
  Processing partition 2163000/8877691, columns so far: 5351238
  Processing partition 2164000/8877691, columns so far: 5352974
  Processing partition 2165000/8877691, columns so far: 5354666
  Processing partition 2166000/8877691, columns so far: 5356590
  Processing partition 2167000/8877691, columns so far: 5358536
  Processing partition 2168000/8877691, columns so far: 5360388
  Processing partition 2169000/8877691, columns so far: 5361970
  Processing partition 2170000/8877691, columns so far: 5363896
  Processing partition 2171000/8877691, columns so far: 5365527
  Processing partition 2172000/8877691, columns so far: 5367282
  Processing partition 2173000/8877691, columns so far: 5368822
  Processing partition 2174000/8877691, columns so far: 5370609
  Processing partition 2175000/8877691, columns so far: 5372168
  Processing partition 2176000/8877691, columns so far: 5373822
  Processing partition 2177000/8877691, columns so far: 5375480
  Processing partition 2178000/8877691, columns so far: 5378574
  Processing partition 2179000/8877691, columns so far: 5381090
  Processing partition 2180000/8877691, columns so far: 5382655
  Processing partition 2181000/8877691, columns so far: 5384103
  Processing partition 2182000/8877691, columns so far: 5385628
  Processing partition 2183000/8877691, columns so far: 5387076
  Processing partition 2184000/8877691, columns so far: 5388616
  Processing partition 2185000/8877691, columns so far: 5389946
  Processing partition 2186000/8877691, columns so far: 5391484
  Processing partition 2187000/8877691, columns so far: 5394622
  Processing partition 2188000/8877691, columns so far: 5395966
  Processing partition 2189000/8877691, columns so far: 5397528
  Processing partition 2190000/8877691, columns so far: 5398991
  Processing partition 2191000/8877691, columns so far: 5400398
  Processing partition 2192000/8877691, columns so far: 5401965
  Processing partition 2193000/8877691, columns so far: 5403264
  Processing partition 2194000/8877691, columns so far: 5404834
  Processing partition 2195000/8877691, columns so far: 5406686
  Processing partition 2196000/8877691, columns so far: 5409520
  Processing partition 2197000/8877691, columns so far: 5411072
  Processing partition 2198000/8877691, columns so far: 5412392
  Processing partition 2199000/8877691, columns so far: 5413942
  Processing partition 2200000/8877691, columns so far: 5415272
  Processing partition 2201000/8877691, columns so far: 5416695
  Processing partition 2202000/8877691, columns so far: 5418144
  Processing partition 2203000/8877691, columns so far: 5419694
  Processing partition 2204000/8877691, columns so far: 5422240
  Processing partition 2205000/8877691, columns so far: 5424534
  Processing partition 2206000/8877691, columns so far: 5426428
  Processing partition 2207000/8877691, columns so far: 5427938
  Processing partition 2208000/8877691, columns so far: 5429787
  Processing partition 2209000/8877691, columns so far: 5431398
  Processing partition 2210000/8877691, columns so far: 5433238
  Processing partition 2211000/8877691, columns so far: 5434792
  Processing partition 2212000/8877691, columns so far: 5436276
  Processing partition 2213000/8877691, columns so far: 5437898
  Processing partition 2214000/8877691, columns so far: 5440666
  Processing partition 2215000/8877691, columns so far: 5444506
  Processing partition 2216000/8877691, columns so far: 5447658
  Processing partition 2217000/8877691, columns so far: 5451225
  Processing partition 2218000/8877691, columns so far: 5454364
  Processing partition 2219000/8877691, columns so far: 5457886
  Processing partition 2220000/8877691, columns so far: 5460988
  Processing partition 2221000/8877691, columns so far: 5464221
  Processing partition 2222000/8877691, columns so far: 5467386
  Processing partition 2223000/8877691, columns so far: 5473508
  Processing partition 2224000/8877691, columns so far: 5477986
  Processing partition 2225000/8877691, columns so far: 5479749
  Processing partition 2226000/8877691, columns so far: 5481496
  Processing partition 2227000/8877691, columns so far: 5483162
  Processing partition 2228000/8877691, columns so far: 5484686
  Processing partition 2229000/8877691, columns so far: 5486526
  Processing partition 2230000/8877691, columns so far: 5488080
  Processing partition 2231000/8877691, columns so far: 5489678
  Processing partition 2232000/8877691, columns so far: 5491212
  Processing partition 2233000/8877691, columns so far: 5494672
  Processing partition 2234000/8877691, columns so far: 5497263
  Processing partition 2235000/8877691, columns so far: 5499027
  Processing partition 2236000/8877691, columns so far: 5500587
  Processing partition 2237000/8877691, columns so far: 5502494
  Processing partition 2238000/8877691, columns so far: 5503994
  Processing partition 2239000/8877691, columns so far: 5505818
  Processing partition 2240000/8877691, columns so far: 5507397
  Processing partition 2241000/8877691, columns so far: 5508912
  Processing partition 2242000/8877691, columns so far: 5510496
  Processing partition 2243000/8877691, columns so far: 5512068
  Processing partition 2244000/8877691, columns so far: 5513984
  Processing partition 2245000/8877691, columns so far: 5515611
  Processing partition 2246000/8877691, columns so far: 5517360
  Processing partition 2247000/8877691, columns so far: 5518922
  Processing partition 2248000/8877691, columns so far: 5520707
  Processing partition 2249000/8877691, columns so far: 5522261
  Processing partition 2250000/8877691, columns so far: 5523913
  Processing partition 2251000/8877691, columns so far: 5525553
  Processing partition 2252000/8877691, columns so far: 5529166
  Processing partition 2253000/8877691, columns so far: 5531370
  Processing partition 2254000/8877691, columns so far: 5533276
  Processing partition 2255000/8877691, columns so far: 5534778
  Processing partition 2256000/8877691, columns so far: 5536639
  Processing partition 2257000/8877691, columns so far: 5538220
  Processing partition 2258000/8877691, columns so far: 5540012
  Processing partition 2259000/8877691, columns so far: 5541582
  Processing partition 2260000/8877691, columns so far: 5543164
  Processing partition 2261000/8877691, columns so far: 5544714
  Processing partition 2262000/8877691, columns so far: 5546244
  Processing partition 2263000/8877691, columns so far: 5548186
  Processing partition 2264000/8877691, columns so far: 5549688
  Processing partition 2265000/8877691, columns so far: 5551595
  Processing partition 2266000/8877691, columns so far: 5553145
  Processing partition 2267000/8877691, columns so far: 5554643
  Processing partition 2268000/8877691, columns so far: 5556456
  Processing partition 2269000/8877691, columns so far: 5558114
  Processing partition 2270000/8877691, columns so far: 5560020
  Processing partition 2271000/8877691, columns so far: 5563166
  Processing partition 2272000/8877691, columns so far: 5565372
  Processing partition 2273000/8877691, columns so far: 5566927
  Processing partition 2274000/8877691, columns so far: 5568242
  Processing partition 2275000/8877691, columns so far: 5569809
  Processing partition 2276000/8877691, columns so far: 5571215
  Processing partition 2277000/8877691, columns so far: 5572663
  Processing partition 2278000/8877691, columns so far: 5574258
  Processing partition 2279000/8877691, columns so far: 5575906
  Processing partition 2280000/8877691, columns so far: 5578912
  Processing partition 2281000/8877691, columns so far: 5580396
  Processing partition 2282000/8877691, columns so far: 5581791
  Processing partition 2283000/8877691, columns so far: 5583116
  Processing partition 2284000/8877691, columns so far: 5584671
  Processing partition 2285000/8877691, columns so far: 5585987
  Processing partition 2286000/8877691, columns so far: 5587542
  Processing partition 2287000/8877691, columns so far: 5589042
  Processing partition 2288000/8877691, columns so far: 5591306
  Processing partition 2289000/8877691, columns so far: 5593877
  Processing partition 2290000/8877691, columns so far: 5595758
  Processing partition 2291000/8877691, columns so far: 5597337
  Processing partition 2292000/8877691, columns so far: 5598888
  Processing partition 2293000/8877691, columns so far: 5600773
  Processing partition 2294000/8877691, columns so far: 5602308
  Processing partition 2295000/8877691, columns so far: 5603990
  Processing partition 2296000/8877691, columns so far: 5605526
  Processing partition 2297000/8877691, columns so far: 5607266
  Processing partition 2298000/8877691, columns so far: 5609794
  Processing partition 2299000/8877691, columns so far: 5613584
  Processing partition 2300000/8877691, columns so far: 5616580
  Processing partition 2301000/8877691, columns so far: 5619682
  Processing partition 2302000/8877691, columns so far: 5623462
  Processing partition 2303000/8877691, columns so far: 5626458
  Processing partition 2304000/8877691, columns so far: 5630236
  Processing partition 2305000/8877691, columns so far: 5633362
  Processing partition 2306000/8877691, columns so far: 5636468
  Processing partition 2307000/8877691, columns so far: 5642025
  Processing partition 2308000/8877691, columns so far: 5647334
  Processing partition 2309000/8877691, columns so far: 5649106
  Processing partition 2310000/8877691, columns so far: 5650625
  Processing partition 2311000/8877691, columns so far: 5652384
  Processing partition 2312000/8877691, columns so far: 5654086
  Processing partition 2313000/8877691, columns so far: 5655642
  Processing partition 2314000/8877691, columns so far: 5657490
  Processing partition 2315000/8877691, columns so far: 5658942
  Processing partition 2316000/8877691, columns so far: 5660549
  Processing partition 2317000/8877691, columns so far: 5663651
  Processing partition 2318000/8877691, columns so far: 5666582
  Processing partition 2319000/8877691, columns so far: 5668376
  Processing partition 2320000/8877691, columns so far: 5669932
  Processing partition 2321000/8877691, columns so far: 5671692
  Processing partition 2322000/8877691, columns so far: 5673403
  Processing partition 2323000/8877691, columns so far: 5674892
  Processing partition 2324000/8877691, columns so far: 5676650
  Processing partition 2325000/8877691, columns so far: 5678118
  Processing partition 2326000/8877691, columns so far: 5679861
  Processing partition 2327000/8877691, columns so far: 5681418
  Processing partition 2328000/8877691, columns so far: 5683332
  Processing partition 2329000/8877691, columns so far: 5684830
  Processing partition 2330000/8877691, columns so far: 5686378
  Processing partition 2331000/8877691, columns so far: 5688292
  Processing partition 2332000/8877691, columns so far: 5689842
  Processing partition 2333000/8877691, columns so far: 5691682
  Processing partition 2334000/8877691, columns so far: 5693252
  Processing partition 2335000/8877691, columns so far: 5694806
  Processing partition 2336000/8877691, columns so far: 5697748
  Processing partition 2337000/8877691, columns so far: 5700602
  Processing partition 2338000/8877691, columns so far: 5702167
  Processing partition 2339000/8877691, columns so far: 5703543
  Processing partition 2340000/8877691, columns so far: 5705102
  Processing partition 2341000/8877691, columns so far: 5706582
  Processing partition 2342000/8877691, columns so far: 5708002
  Processing partition 2343000/8877691, columns so far: 5709408
  Processing partition 2344000/8877691, columns so far: 5710798
  Processing partition 2345000/8877691, columns so far: 5713776
  Processing partition 2346000/8877691, columns so far: 5715642
  Processing partition 2347000/8877691, columns so far: 5717585
  Processing partition 2348000/8877691, columns so far: 5719089
  Processing partition 2349000/8877691, columns so far: 5720791
  Processing partition 2350000/8877691, columns so far: 5722528
  Processing partition 2351000/8877691, columns so far: 5724050
  Processing partition 2352000/8877691, columns so far: 5725852
  Processing partition 2353000/8877691, columns so far: 5727514
  Processing partition 2354000/8877691, columns so far: 5729036
  Processing partition 2355000/8877691, columns so far: 5730570
  Processing partition 2356000/8877691, columns so far: 5732485
  Processing partition 2357000/8877691, columns so far: 5733978
  Processing partition 2358000/8877691, columns so far: 5735868
  Processing partition 2359000/8877691, columns so far: 5737440
  Processing partition 2360000/8877691, columns so far: 5738998
  Processing partition 2361000/8877691, columns so far: 5740498
  Processing partition 2362000/8877691, columns so far: 5742402
  Processing partition 2363000/8877691, columns so far: 5744450
  Processing partition 2364000/8877691, columns so far: 5748040
  Processing partition 2365000/8877691, columns so far: 5749635
  Processing partition 2366000/8877691, columns so far: 5751195
  Processing partition 2367000/8877691, columns so far: 5752512
  Processing partition 2368000/8877691, columns so far: 5753974
  Processing partition 2369000/8877691, columns so far: 5755386
  Processing partition 2370000/8877691, columns so far: 5756870
  Processing partition 2371000/8877691, columns so far: 5758384
  Processing partition 2372000/8877691, columns so far: 5760496
  Processing partition 2373000/8877691, columns so far: 5763271
  Processing partition 2374000/8877691, columns so far: 5764846
  Processing partition 2375000/8877691, columns so far: 5766680
  Processing partition 2376000/8877691, columns so far: 5768236
  Processing partition 2377000/8877691, columns so far: 5770062
  Processing partition 2378000/8877691, columns so far: 5771650
  Processing partition 2379000/8877691, columns so far: 5773200
  Processing partition 2380000/8877691, columns so far: 5774708
  Processing partition 2381000/8877691, columns so far: 5776662
  Processing partition 2382000/8877691, columns so far: 5778962
  Processing partition 2383000/8877691, columns so far: 5782697
  Processing partition 2384000/8877691, columns so far: 5785754
  Processing partition 2385000/8877691, columns so far: 5788742
  Processing partition 2386000/8877691, columns so far: 5792350
  Processing partition 2387000/8877691, columns so far: 5795638
  Processing partition 2388000/8877691, columns so far: 5798760
  Processing partition 2389000/8877691, columns so far: 5802082
  Processing partition 2390000/8877691, columns so far: 5805526
  Processing partition 2391000/8877691, columns so far: 5810686
  Processing partition 2392000/8877691, columns so far: 5816678
  Processing partition 2393000/8877691, columns so far: 5818456
  Processing partition 2394000/8877691, columns so far: 5820014
  Processing partition 2395000/8877691, columns so far: 5821798
  Processing partition 2396000/8877691, columns so far: 5823350
  Processing partition 2397000/8877691, columns so far: 5824995
  Processing partition 2398000/8877691, columns so far: 5826517
  Processing partition 2399000/8877691, columns so far: 5828043
  Processing partition 2400000/8877691, columns so far: 5829942
  Processing partition 2401000/8877691, columns so far: 5832674
  Processing partition 2402000/8877691, columns so far: 5835898
  Processing partition 2403000/8877691, columns so far: 5837732
  Processing partition 2404000/8877691, columns so far: 5839272
  Processing partition 2405000/8877691, columns so far: 5841092
  Processing partition 2406000/8877691, columns so far: 5842666
  Processing partition 2407000/8877691, columns so far: 5844291
  Processing partition 2408000/8877691, columns so far: 5845795
  Processing partition 2409000/8877691, columns so far: 5847321
  Processing partition 2410000/8877691, columns so far: 5849246
  Processing partition 2411000/8877691, columns so far: 5850806
  Processing partition 2412000/8877691, columns so far: 5852698
  Processing partition 2413000/8877691, columns so far: 5854221
  Processing partition 2414000/8877691, columns so far: 5855752
  Processing partition 2415000/8877691, columns so far: 5857543
  Processing partition 2416000/8877691, columns so far: 5859191
  Processing partition 2417000/8877691, columns so far: 5860746
  Processing partition 2418000/8877691, columns so far: 5862475
  Processing partition 2419000/8877691, columns so far: 5864150
  Processing partition 2420000/8877691, columns so far: 5866870
  Processing partition 2421000/8877691, columns so far: 5870001
  Processing partition 2422000/8877691, columns so far: 5871567
  Processing partition 2423000/8877691, columns so far: 5872943
  Processing partition 2424000/8877691, columns so far: 5874426
  Processing partition 2425000/8877691, columns so far: 5875890
  Processing partition 2426000/8877691, columns so far: 5877327
  Processing partition 2427000/8877691, columns so far: 5878632
  Processing partition 2428000/8877691, columns so far: 5880198
  Processing partition 2429000/8877691, columns so far: 5882550
  Processing partition 2430000/8877691, columns so far: 5884874
  Processing partition 2431000/8877691, columns so far: 5886432
  Processing partition 2432000/8877691, columns so far: 5887745
  Processing partition 2433000/8877691, columns so far: 5889300
  Processing partition 2434000/8877691, columns so far: 5890716
  Processing partition 2435000/8877691, columns so far: 5892206
  Processing partition 2436000/8877691, columns so far: 5893760
  Processing partition 2437000/8877691, columns so far: 5895164
  Processing partition 2438000/8877691, columns so far: 5898266
  Processing partition 2439000/8877691, columns so far: 5899912
  Processing partition 2440000/8877691, columns so far: 5901860
  Processing partition 2441000/8877691, columns so far: 5903382
  Processing partition 2442000/8877691, columns so far: 5905278
  Processing partition 2443000/8877691, columns so far: 5906622
  Processing partition 2444000/8877691, columns so far: 5908342
  Processing partition 2445000/8877691, columns so far: 5909882
  Processing partition 2446000/8877691, columns so far: 5911808
  Processing partition 2447000/8877691, columns so far: 5913341
  Processing partition 2448000/8877691, columns so far: 5914867
  Processing partition 2449000/8877691, columns so far: 5916777
  Processing partition 2450000/8877691, columns so far: 5918326
  Processing partition 2451000/8877691, columns so far: 5920162
  Processing partition 2452000/8877691, columns so far: 5921716
  Processing partition 2453000/8877691, columns so far: 5923216
  Processing partition 2454000/8877691, columns so far: 5924796
  Processing partition 2455000/8877691, columns so far: 5926647
  Processing partition 2456000/8877691, columns so far: 5929206
  Processing partition 2457000/8877691, columns so far: 5932624
  Processing partition 2458000/8877691, columns so far: 5934154
  Processing partition 2459000/8877691, columns so far: 5936066
  Processing partition 2460000/8877691, columns so far: 5937578
  Processing partition 2461000/8877691, columns so far: 5939458
  Processing partition 2462000/8877691, columns so far: 5940994
  Processing partition 2463000/8877691, columns so far: 5942366
  Processing partition 2464000/8877691, columns so far: 5944104
  Processing partition 2465000/8877691, columns so far: 5945834
  Processing partition 2466000/8877691, columns so far: 5948046
  Processing partition 2467000/8877691, columns so far: 5951537
  Processing partition 2468000/8877691, columns so far: 5954824
  Processing partition 2469000/8877691, columns so far: 5957930
  Processing partition 2470000/8877691, columns so far: 5961526
  Processing partition 2471000/8877691, columns so far: 5964680
  Processing partition 2472000/8877691, columns so far: 5967826
  Processing partition 2473000/8877691, columns so far: 5970912
  Processing partition 2474000/8877691, columns so far: 5974518
  Processing partition 2475000/8877691, columns so far: 5980038
  Processing partition 2476000/8877691, columns so far: 5985950
  Processing partition 2477000/8877691, columns so far: 5987772
  Processing partition 2478000/8877691, columns so far: 5989368
  Processing partition 2479000/8877691, columns so far: 5991194
  Processing partition 2480000/8877691, columns so far: 5992747
  Processing partition 2481000/8877691, columns so far: 5994326
  Processing partition 2482000/8877691, columns so far: 5995850
  Processing partition 2483000/8877691, columns so far: 5997405
  Processing partition 2484000/8877691, columns so far: 5999242
  Processing partition 2485000/8877691, columns so far: 6001768
  Processing partition 2486000/8877691, columns so far: 6005226
  Processing partition 2487000/8877691, columns so far: 6006991
  Processing partition 2488000/8877691, columns so far: 6008649
  Processing partition 2489000/8877691, columns so far: 6010522
  Processing partition 2490000/8877691, columns so far: 6012079
  Processing partition 2491000/8877691, columns so far: 6013633
  Processing partition 2492000/8877691, columns so far: 6015012
  Processing partition 2493000/8877691, columns so far: 6016696
  Processing partition 2494000/8877691, columns so far: 6018492
  Processing partition 2495000/8877691, columns so far: 6020160
  Processing partition 2496000/8877691, columns so far: 6021983
  Processing partition 2497000/8877691, columns so far: 6023583
  Processing partition 2498000/8877691, columns so far: 6025124
  Processing partition 2499000/8877691, columns so far: 6026942
  Processing partition 2500000/8877691, columns so far: 6028508
  Processing partition 2501000/8877691, columns so far: 6030088
  Processing partition 2502000/8877691, columns so far: 6031644
  Processing partition 2503000/8877691, columns so far: 6033494
  Processing partition 2504000/8877691, columns so far: 6036000
  Processing partition 2505000/8877691, columns so far: 6039410
  Processing partition 2506000/8877691, columns so far: 6040965
  Processing partition 2507000/8877691, columns so far: 6042290
  Processing partition 2508000/8877691, columns so far: 6043826
  Processing partition 2509000/8877691, columns so far: 6045160
  Processing partition 2510000/8877691, columns so far: 6046594
  Processing partition 2511000/8877691, columns so far: 6048042
  Processing partition 2512000/8877691, columns so far: 6049558
  Processing partition 2513000/8877691, columns so far: 6051734
  Processing partition 2514000/8877691, columns so far: 6054274
  Processing partition 2515000/8877691, columns so far: 6055834
  Processing partition 2516000/8877691, columns so far: 6057144
  Processing partition 2517000/8877691, columns so far: 6058735
  Processing partition 2518000/8877691, columns so far: 6060050
  Processing partition 2519000/8877691, columns so far: 6061604
  Processing partition 2520000/8877691, columns so far: 6062932
  Processing partition 2521000/8877691, columns so far: 6064486
  Processing partition 2522000/8877691, columns so far: 6066970
  Processing partition 2523000/8877691, columns so far: 6069134
  Processing partition 2524000/8877691, columns so far: 6070703
  Processing partition 2525000/8877691, columns so far: 6072017
  Processing partition 2526000/8877691, columns so far: 6073518
  Processing partition 2527000/8877691, columns so far: 6074888
  Processing partition 2528000/8877691, columns so far: 6076320
  Processing partition 2529000/8877691, columns so far: 6077882
  Processing partition 2530000/8877691, columns so far: 6079592
  Processing partition 2531000/8877691, columns so far: 6082706
  Processing partition 2532000/8877691, columns so far: 6084233
  Processing partition 2533000/8877691, columns so far: 6086171
  Processing partition 2534000/8877691, columns so far: 6087670
  Processing partition 2535000/8877691, columns so far: 6089564
  Processing partition 2536000/8877691, columns so far: 6091008
  Processing partition 2537000/8877691, columns so far: 6092456
  Processing partition 2538000/8877691, columns so far: 6094196
  Processing partition 2539000/8877691, columns so far: 6095920
  Processing partition 2540000/8877691, columns so far: 6097777
  Processing partition 2541000/8877691, columns so far: 6099552
  Processing partition 2542000/8877691, columns so far: 6102003
  Processing partition 2543000/8877691, columns so far: 6103775
  Processing partition 2544000/8877691, columns so far: 6105552
  Processing partition 2545000/8877691, columns so far: 6107778
  Processing partition 2546000/8877691, columns so far: 6109693
  Processing partition 2547000/8877691, columns so far: 6111304
  Processing partition 2548000/8877691, columns so far: 6113096
  Processing partition 2549000/8877691, columns so far: 6115183
  Processing partition 2550000/8877691, columns so far: 6117305
  Processing partition 2551000/8877691, columns so far: 6120858
  Processing partition 2552000/8877691, columns so far: 6125660
  Processing partition 2553000/8877691, columns so far: 6129092
  Processing partition 2554000/8877691, columns so far: 6132721
  Processing partition 2555000/8877691, columns so far: 6137151
  Processing partition 2556000/8877691, columns so far: 6140876
  Processing partition 2557000/8877691, columns so far: 6143980
  Processing partition 2558000/8877691, columns so far: 6147764
  Processing partition 2559000/8877691, columns so far: 6151880
  Processing partition 2560000/8877691, columns so far: 6155320
  Processing partition 2561000/8877691, columns so far: 6157497
  Processing partition 2562000/8877691, columns so far: 6159573
  Processing partition 2563000/8877691, columns so far: 6161389
  Processing partition 2564000/8877691, columns so far: 6163544
  Processing partition 2565000/8877691, columns so far: 6165440
  Processing partition 2566000/8877691, columns so far: 6167328
  Processing partition 2567000/8877691, columns so far: 6168887
  Processing partition 2568000/8877691, columns so far: 6170782
  Processing partition 2569000/8877691, columns so far: 6172835
  Processing partition 2570000/8877691, columns so far: 6174594
  Processing partition 2571000/8877691, columns so far: 6178743
  Processing partition 2572000/8877691, columns so far: 6182322
  Processing partition 2573000/8877691, columns so far: 6184440
  Processing partition 2574000/8877691, columns so far: 6186478
  Processing partition 2575000/8877691, columns so far: 6188806
  Processing partition 2576000/8877691, columns so far: 6190352
  Processing partition 2577000/8877691, columns so far: 6192257
  Processing partition 2578000/8877691, columns so far: 6194168
  Processing partition 2579000/8877691, columns so far: 6195834
  Processing partition 2580000/8877691, columns so far: 6197570
  Processing partition 2581000/8877691, columns so far: 6199775
  Processing partition 2582000/8877691, columns so far: 6201516
  Processing partition 2583000/8877691, columns so far: 6203311
  Processing partition 2584000/8877691, columns so far: 6205788
  Processing partition 2585000/8877691, columns so far: 6207456
  Processing partition 2586000/8877691, columns so far: 6209310
  Processing partition 2587000/8877691, columns so far: 6211553
  Processing partition 2588000/8877691, columns so far: 6213413
  Processing partition 2589000/8877691, columns so far: 6214986
  Processing partition 2590000/8877691, columns so far: 6216874
  Processing partition 2591000/8877691, columns so far: 6218957
  Processing partition 2592000/8877691, columns so far: 6220835
  Processing partition 2593000/8877691, columns so far: 6224450
  Processing partition 2594000/8877691, columns so far: 6228288
  Processing partition 2595000/8877691, columns so far: 6230161
  Processing partition 2596000/8877691, columns so far: 6231699
  Processing partition 2597000/8877691, columns so far: 6233481
  Processing partition 2598000/8877691, columns so far: 6235148
  Processing partition 2599000/8877691, columns so far: 6236996
  Processing partition 2600000/8877691, columns so far: 6238563
  Processing partition 2601000/8877691, columns so far: 6239904
  Processing partition 2602000/8877691, columns so far: 6241672
  Processing partition 2603000/8877691, columns so far: 6244244
  Processing partition 2604000/8877691, columns so far: 6247536
  Processing partition 2605000/8877691, columns so far: 6249348
  Processing partition 2606000/8877691, columns so far: 6250969
  Processing partition 2607000/8877691, columns so far: 6252516
  Processing partition 2608000/8877691, columns so far: 6254410
  Processing partition 2609000/8877691, columns so far: 6255966
  Processing partition 2610000/8877691, columns so far: 6257612
  Processing partition 2611000/8877691, columns so far: 6259184
  Processing partition 2612000/8877691, columns so far: 6260926
  Processing partition 2613000/8877691, columns so far: 6263339
  Processing partition 2614000/8877691, columns so far: 6266840
  Processing partition 2615000/8877691, columns so far: 6268455
  Processing partition 2616000/8877691, columns so far: 6270246
  Processing partition 2617000/8877691, columns so far: 6271806
  Processing partition 2618000/8877691, columns so far: 6273626
  Processing partition 2619000/8877691, columns so far: 6275216
  Processing partition 2620000/8877691, columns so far: 6276770
  Processing partition 2621000/8877691, columns so far: 6278292
  Processing partition 2622000/8877691, columns so far: 6280228
  Processing partition 2623000/8877691, columns so far: 6282426
  Processing partition 2624000/8877691, columns so far: 6286115
  Processing partition 2625000/8877691, columns so far: 6287636
  Processing partition 2626000/8877691, columns so far: 6289526
  Processing partition 2627000/8877691, columns so far: 6291062
  Processing partition 2628000/8877691, columns so far: 6292957
  Processing partition 2629000/8877691, columns so far: 6294510
  Processing partition 2630000/8877691, columns so far: 6295916
  Processing partition 2631000/8877691, columns so far: 6297576
  Processing partition 2632000/8877691, columns so far: 6299371
  Processing partition 2633000/8877691, columns so far: 6301879
  Processing partition 2634000/8877691, columns so far: 6305370
  Processing partition 2635000/8877691, columns so far: 6307248
  Processing partition 2636000/8877691, columns so far: 6309649
  Processing partition 2637000/8877691, columns so far: 6311408
  Processing partition 2638000/8877691, columns so far: 6313260
  Processing partition 2639000/8877691, columns so far: 6315516
  Processing partition 2640000/8877691, columns so far: 6317316
  Processing partition 2641000/8877691, columns so far: 6318976
  Processing partition 2642000/8877691, columns so far: 6320882
  Processing partition 2643000/8877691, columns so far: 6322873
  Processing partition 2644000/8877691, columns so far: 6324672
  Processing partition 2645000/8877691, columns so far: 6328736
  Processing partition 2646000/8877691, columns so far: 6332832
  Processing partition 2647000/8877691, columns so far: 6336349
  Processing partition 2648000/8877691, columns so far: 6340748
  Processing partition 2649000/8877691, columns so far: 6344514
  Processing partition 2650000/8877691, columns so far: 6347750
  Processing partition 2651000/8877691, columns so far: 6351284
  Processing partition 2652000/8877691, columns so far: 6355156
  Processing partition 2653000/8877691, columns so far: 6359057
  Processing partition 2654000/8877691, columns so far: 6362567
  Processing partition 2655000/8877691, columns so far: 6369744
  Processing partition 2656000/8877691, columns so far: 6377303
  Processing partition 2657000/8877691, columns so far: 6381652
  Processing partition 2658000/8877691, columns so far: 6385624
  Processing partition 2659000/8877691, columns so far: 6389490
  Processing partition 2660000/8877691, columns so far: 6393394
  Processing partition 2661000/8877691, columns so far: 6397216
  Processing partition 2662000/8877691, columns so far: 6400931
  Processing partition 2663000/8877691, columns so far: 6403978
  Processing partition 2664000/8877691, columns so far: 6407736
  Processing partition 2665000/8877691, columns so far: 6411860
  Processing partition 2666000/8877691, columns so far: 6415369
  Processing partition 2667000/8877691, columns so far: 6419008
  Processing partition 2668000/8877691, columns so far: 6423744
  Processing partition 2669000/8877691, columns so far: 6427253
  Processing partition 2670000/8877691, columns so far: 6430886
  Processing partition 2671000/8877691, columns so far: 6435320
  Processing partition 2672000/8877691, columns so far: 6439110
  Processing partition 2673000/8877691, columns so far: 6442206
  Processing partition 2674000/8877691, columns so far: 6445978
  Processing partition 2675000/8877691, columns so far: 6450022
  Processing partition 2676000/8877691, columns so far: 6453521
  Processing partition 2677000/8877691, columns so far: 6460228
  Processing partition 2678000/8877691, columns so far: 6468087
  Processing partition 2679000/8877691, columns so far: 6471506
  Processing partition 2680000/8877691, columns so far: 6474894
  Processing partition 2681000/8877691, columns so far: 6478478
  Processing partition 2682000/8877691, columns so far: 6481712
  Processing partition 2683000/8877691, columns so far: 6485494
  Processing partition 2684000/8877691, columns so far: 6488158
  Processing partition 2685000/8877691, columns so far: 6491248
  Processing partition 2686000/8877691, columns so far: 6494706
  Processing partition 2687000/8877691, columns so far: 6499430
  Processing partition 2688000/8877691, columns so far: 6506244
  Processing partition 2689000/8877691, columns so far: 6509274
  Processing partition 2690000/8877691, columns so far: 6513088
  Processing partition 2691000/8877691, columns so far: 6516162
  Processing partition 2692000/8877691, columns so far: 6519956
  Processing partition 2693000/8877691, columns so far: 6522940
  Processing partition 2694000/8877691, columns so far: 6526042
  Processing partition 2695000/8877691, columns so far: 6529464
  Processing partition 2696000/8877691, columns so far: 6532883
  Processing partition 2697000/8877691, columns so far: 6537175
  Processing partition 2698000/8877691, columns so far: 6544433
  Processing partition 2699000/8877691, columns so far: 6547494
  Processing partition 2700000/8877691, columns so far: 6551296
  Processing partition 2701000/8877691, columns so far: 6554268
  Processing partition 2702000/8877691, columns so far: 6558018
  Processing partition 2703000/8877691, columns so far: 6561156
  Processing partition 2704000/8877691, columns so far: 6564278
  Processing partition 2705000/8877691, columns so far: 6567272
  Processing partition 2706000/8877691, columns so far: 6571052
  Processing partition 2707000/8877691, columns so far: 6575106
  Processing partition 2708000/8877691, columns so far: 6582070
  Processing partition 2709000/8877691, columns so far: 6585616
  Processing partition 2710000/8877691, columns so far: 6589456
  Processing partition 2711000/8877691, columns so far: 6592502
  Processing partition 2712000/8877691, columns so far: 6596282
  Processing partition 2713000/8877691, columns so far: 6599026
  Processing partition 2714000/8877691, columns so far: 6602036
  Processing partition 2715000/8877691, columns so far: 6605454
  Processing partition 2716000/8877691, columns so far: 6608895
  Processing partition 2717000/8877691, columns so far: 6613046
  Processing partition 2718000/8877691, columns so far: 6620180
  Processing partition 2719000/8877691, columns so far: 6624418
  Processing partition 2720000/8877691, columns so far: 6629086
  Processing partition 2721000/8877691, columns so far: 6632663
  Processing partition 2722000/8877691, columns so far: 6636290
  Processing partition 2723000/8877691, columns so far: 6640783
  Processing partition 2724000/8877691, columns so far: 6643936
  Processing partition 2725000/8877691, columns so far: 6647616
  Processing partition 2726000/8877691, columns so far: 6651398
  Processing partition 2727000/8877691, columns so far: 6655243
  Processing partition 2728000/8877691, columns so far: 6658850
  Processing partition 2729000/8877691, columns so far: 6665082
  Processing partition 2730000/8877691, columns so far: 6673925
  Processing partition 2731000/8877691, columns so far: 6680772
  Processing partition 2732000/8877691, columns so far: 6687891
  Processing partition 2733000/8877691, columns so far: 6696592
  Processing partition 2734000/8877691, columns so far: 6702706
  Processing partition 2735000/8877691, columns so far: 6710042
  Processing partition 2736000/8877691, columns so far: 6717374
  Processing partition 2737000/8877691, columns so far: 6724575
  Processing partition 2738000/8877691, columns so far: 6731836
  Processing partition 2739000/8877691, columns so far: 6742375
  Processing partition 2740000/8877691, columns so far: 6757518
  Processing partition 2741000/8877691, columns so far: 6760853
  Processing partition 2742000/8877691, columns so far: 6762930
  Processing partition 2743000/8877691, columns so far: 6764693
  Processing partition 2744000/8877691, columns so far: 6766937
  Processing partition 2745000/8877691, columns so far: 6768804
  Processing partition 2746000/8877691, columns so far: 6770563
  Processing partition 2747000/8877691, columns so far: 6772247
  Processing partition 2748000/8877691, columns so far: 6774172
  Processing partition 2749000/8877691, columns so far: 6776187
  Processing partition 2750000/8877691, columns so far: 6777959
  Processing partition 2751000/8877691, columns so far: 6782007
  Processing partition 2752000/8877691, columns so far: 6785626
  Processing partition 2753000/8877691, columns so far: 6787799
  Processing partition 2754000/8877691, columns so far: 6789862
  Processing partition 2755000/8877691, columns so far: 6791952
  Processing partition 2756000/8877691, columns so far: 6793711
  Processing partition 2757000/8877691, columns so far: 6795637
  Processing partition 2758000/8877691, columns so far: 6797547
  Processing partition 2759000/8877691, columns so far: 6799133
  Processing partition 2760000/8877691, columns so far: 6800955
  Processing partition 2761000/8877691, columns so far: 6803058
  Processing partition 2762000/8877691, columns so far: 6804869
  Processing partition 2763000/8877691, columns so far: 6806616
  Processing partition 2764000/8877691, columns so far: 6809068
  Processing partition 2765000/8877691, columns so far: 6810826
  Processing partition 2766000/8877691, columns so far: 6812629
  Processing partition 2767000/8877691, columns so far: 6814915
  Processing partition 2768000/8877691, columns so far: 6816793
  Processing partition 2769000/8877691, columns so far: 6818347
  Processing partition 2770000/8877691, columns so far: 6820229
  Processing partition 2771000/8877691, columns so far: 6822329
  Processing partition 2772000/8877691, columns so far: 6824081
  Processing partition 2773000/8877691, columns so far: 6827749
  Processing partition 2774000/8877691, columns so far: 6831653
  Processing partition 2775000/8877691, columns so far: 6833513
  Processing partition 2776000/8877691, columns so far: 6835073
  Processing partition 2777000/8877691, columns so far: 6836860
  Processing partition 2778000/8877691, columns so far: 6838506
  Processing partition 2779000/8877691, columns so far: 6840364
  Processing partition 2780000/8877691, columns so far: 6841817
  Processing partition 2781000/8877691, columns so far: 6843259
  Processing partition 2782000/8877691, columns so far: 6845017
  Processing partition 2783000/8877691, columns so far: 6847541
  Processing partition 2784000/8877691, columns so far: 6850919
  Processing partition 2785000/8877691, columns so far: 6852612
  Processing partition 2786000/8877691, columns so far: 6854360
  Processing partition 2787000/8877691, columns so far: 6855874
  Processing partition 2788000/8877691, columns so far: 6857790
  Processing partition 2789000/8877691, columns so far: 6859335
  Processing partition 2790000/8877691, columns so far: 6860911
  Processing partition 2791000/8877691, columns so far: 6862565
  Processing partition 2792000/8877691, columns so far: 6864309
  Processing partition 2793000/8877691, columns so far: 6866573
  Processing partition 2794000/8877691, columns so far: 6870193
  Processing partition 2795000/8877691, columns so far: 6871719
  Processing partition 2796000/8877691, columns so far: 6873626
  Processing partition 2797000/8877691, columns so far: 6875181
  Processing partition 2798000/8877691, columns so far: 6877020
  Processing partition 2799000/8877691, columns so far: 6878596
  Processing partition 2800000/8877691, columns so far: 6880150
  Processing partition 2801000/8877691, columns so far: 6881645
  Processing partition 2802000/8877691, columns so far: 6883559
  Processing partition 2803000/8877691, columns so far: 6885725
  Processing partition 2804000/8877691, columns so far: 6889472
  Processing partition 2805000/8877691, columns so far: 6890999
  Processing partition 2806000/8877691, columns so far: 6892920
  Processing partition 2807000/8877691, columns so far: 6894431
  Processing partition 2808000/8877691, columns so far: 6896312
  Processing partition 2809000/8877691, columns so far: 6897833
  Processing partition 2810000/8877691, columns so far: 6899217
  Processing partition 2811000/8877691, columns so far: 6900956
  Processing partition 2812000/8877691, columns so far: 6902687
  Processing partition 2813000/8877691, columns so far: 6905142
  Processing partition 2814000/8877691, columns so far: 6908657
  Processing partition 2815000/8877691, columns so far: 6910583
  Processing partition 2816000/8877691, columns so far: 6913013
  Processing partition 2817000/8877691, columns so far: 6914781
  Processing partition 2818000/8877691, columns so far: 6916591
  Processing partition 2819000/8877691, columns so far: 6918899
  Processing partition 2820000/8877691, columns so far: 6920571
  Processing partition 2821000/8877691, columns so far: 6922298
  Processing partition 2822000/8877691, columns so far: 6924208
  Processing partition 2823000/8877691, columns so far: 6926174
  Processing partition 2824000/8877691, columns so far: 6928028
  Processing partition 2825000/8877691, columns so far: 6931860
  Processing partition 2826000/8877691, columns so far: 6936051
  Processing partition 2827000/8877691, columns so far: 6939620
  Processing partition 2828000/8877691, columns so far: 6944031
  Processing partition 2829000/8877691, columns so far: 6947797
  Processing partition 2830000/8877691, columns so far: 6950866
  Processing partition 2831000/8877691, columns so far: 6954591
  Processing partition 2832000/8877691, columns so far: 6958483
  Processing partition 2833000/8877691, columns so far: 6962309
  Processing partition 2834000/8877691, columns so far: 6965823
  Processing partition 2835000/8877691, columns so far: 6972786
  Processing partition 2836000/8877691, columns so far: 6980386
  Processing partition 2837000/8877691, columns so far: 6982520
  Processing partition 2838000/8877691, columns so far: 6984582
  Processing partition 2839000/8877691, columns so far: 6986466
  Processing partition 2840000/8877691, columns so far: 6988569
  Processing partition 2841000/8877691, columns so far: 6990485
  Processing partition 2842000/8877691, columns so far: 6992352
  Processing partition 2843000/8877691, columns so far: 6993893
  Processing partition 2844000/8877691, columns so far: 6995775
  Processing partition 2845000/8877691, columns so far: 6997847
  Processing partition 2846000/8877691, columns so far: 6999605
  Processing partition 2847000/8877691, columns so far: 7001783
  Processing partition 2848000/8877691, columns so far: 7003860
  Processing partition 2849000/8877691, columns so far: 7005617
  Processing partition 2850000/8877691, columns so far: 7007871
  Processing partition 2851000/8877691, columns so far: 7009741
  Processing partition 2852000/8877691, columns so far: 7011463
  Processing partition 2853000/8877691, columns so far: 7013157
  Processing partition 2854000/8877691, columns so far: 7015085
  Processing partition 2855000/8877691, columns so far: 7017104
  Processing partition 2856000/8877691, columns so far: 7018888
  Processing partition 2857000/8877691, columns so far: 7020710
  Processing partition 2858000/8877691, columns so far: 7022506
  Processing partition 2859000/8877691, columns so far: 7024283
  Processing partition 2860000/8877691, columns so far: 7025801
  Processing partition 2861000/8877691, columns so far: 7027567
  Processing partition 2862000/8877691, columns so far: 7029131
  Processing partition 2863000/8877691, columns so far: 7030683
  Processing partition 2864000/8877691, columns so far: 7032340
  Processing partition 2865000/8877691, columns so far: 7034053
  Processing partition 2866000/8877691, columns so far: 7037085
  Processing partition 2867000/8877691, columns so far: 7039767
  Processing partition 2868000/8877691, columns so far: 7041289
  Processing partition 2869000/8877691, columns so far: 7042844
  Processing partition 2870000/8877691, columns so far: 7044288
  Processing partition 2871000/8877691, columns so far: 7045819
  Processing partition 2872000/8877691, columns so far: 7047132
  Processing partition 2873000/8877691, columns so far: 7048479
  Processing partition 2874000/8877691, columns so far: 7050011
  Processing partition 2875000/8877691, columns so far: 7053027
  Processing partition 2876000/8877691, columns so far: 7054679
  Processing partition 2877000/8877691, columns so far: 7056233
  Processing partition 2878000/8877691, columns so far: 7057593
  Processing partition 2879000/8877691, columns so far: 7059177
  Processing partition 2880000/8877691, columns so far: 7060492
  Processing partition 2881000/8877691, columns so far: 7061957
  Processing partition 2882000/8877691, columns so far: 7063363
  Processing partition 2883000/8877691, columns so far: 7065229
  Processing partition 2884000/8877691, columns so far: 7068079
  Processing partition 2885000/8877691, columns so far: 7069601
  Processing partition 2886000/8877691, columns so far: 7071133
  Processing partition 2887000/8877691, columns so far: 7072463
  Processing partition 2888000/8877691, columns so far: 7073895
  Processing partition 2889000/8877691, columns so far: 7075330
  Processing partition 2890000/8877691, columns so far: 7076645
  Processing partition 2891000/8877691, columns so far: 7078223
  Processing partition 2892000/8877691, columns so far: 7080439
  Processing partition 2893000/8877691, columns so far: 7083009
  Processing partition 2894000/8877691, columns so far: 7084524
  Processing partition 2895000/8877691, columns so far: 7086027
  Processing partition 2896000/8877691, columns so far: 7087578
  Processing partition 2897000/8877691, columns so far: 7088889
  Processing partition 2898000/8877691, columns so far: 7090219
  Processing partition 2899000/8877691, columns so far: 7091567
  Processing partition 2900000/8877691, columns so far: 7093099
  Processing partition 2901000/8877691, columns so far: 7096051
  Processing partition 2902000/8877691, columns so far: 7098217
  Processing partition 2903000/8877691, columns so far: 7099996
  Processing partition 2904000/8877691, columns so far: 7101755
  Processing partition 2905000/8877691, columns so far: 7103301
  Processing partition 2906000/8877691, columns so far: 7105059
  Processing partition 2907000/8877691, columns so far: 7106621
  Processing partition 2908000/8877691, columns so far: 7108203
  Processing partition 2909000/8877691, columns so far: 7109819
  Processing partition 2910000/8877691, columns so far: 7111380
  Processing partition 2911000/8877691, columns so far: 7115667
  Processing partition 2912000/8877691, columns so far: 7119759
  Processing partition 2913000/8877691, columns so far: 7123350
  Processing partition 2914000/8877691, columns so far: 7127615
  Processing partition 2915000/8877691, columns so far: 7131358
  Processing partition 2916000/8877691, columns so far: 7135121
  Processing partition 2917000/8877691, columns so far: 7138235
  Processing partition 2918000/8877691, columns so far: 7141985
  Processing partition 2919000/8877691, columns so far: 7146050
  Processing partition 2920000/8877691, columns so far: 7149557
  Processing partition 2921000/8877691, columns so far: 7151871
  Processing partition 2922000/8877691, columns so far: 7153943
  Processing partition 2923000/8877691, columns so far: 7155706
  Processing partition 2924000/8877691, columns so far: 7157975
  Processing partition 2925000/8877691, columns so far: 7159833
  Processing partition 2926000/8877691, columns so far: 7161491
  Processing partition 2927000/8877691, columns so far: 7163228
  Processing partition 2928000/8877691, columns so far: 7165174
  Processing partition 2929000/8877691, columns so far: 7167173
  Processing partition 2930000/8877691, columns so far: 7168959
  Processing partition 2931000/8877691, columns so far: 7172727
  Processing partition 2932000/8877691, columns so far: 7176611
  Processing partition 2933000/8877691, columns so far: 7178824
  Processing partition 2934000/8877691, columns so far: 7180883
  Processing partition 2935000/8877691, columns so far: 7182829
  Processing partition 2936000/8877691, columns so far: 7184736
  Processing partition 2937000/8877691, columns so far: 7186671
  Processing partition 2938000/8877691, columns so far: 7188553
  Processing partition 2939000/8877691, columns so far: 7190081
  Processing partition 2940000/8877691, columns so far: 7191978
  Processing partition 2941000/8877691, columns so far: 7194048
  Processing partition 2942000/8877691, columns so far: 7195835
  Processing partition 2943000/8877691, columns so far: 7197643
  Processing partition 2944000/8877691, columns so far: 7200061
  Processing partition 2945000/8877691, columns so far: 7201833
  Processing partition 2946000/8877691, columns so far: 7203655
  Processing partition 2947000/8877691, columns so far: 7205915
  Processing partition 2948000/8877691, columns so far: 7207820
  Processing partition 2949000/8877691, columns so far: 7209374
  Processing partition 2950000/8877691, columns so far: 7211264
  Processing partition 2951000/8877691, columns so far: 7213336
  Processing partition 2952000/8877691, columns so far: 7215090
  Processing partition 2953000/8877691, columns so far: 7218689
  Processing partition 2954000/8877691, columns so far: 7222680
  Processing partition 2955000/8877691, columns so far: 7224441
  Processing partition 2956000/8877691, columns so far: 7226069
  Processing partition 2957000/8877691, columns so far: 7227889
  Processing partition 2958000/8877691, columns so far: 7229509
  Processing partition 2959000/8877691, columns so far: 7231405
  Processing partition 2960000/8877691, columns so far: 7232785
  Processing partition 2961000/8877691, columns so far: 7234289
  Processing partition 2962000/8877691, columns so far: 7236024
  Processing partition 2963000/8877691, columns so far: 7238487
  Processing partition 2964000/8877691, columns so far: 7241937
  Processing partition 2965000/8877691, columns so far: 7243532
  Processing partition 2966000/8877691, columns so far: 7245401
  Processing partition 2967000/8877691, columns so far: 7246901
  Processing partition 2968000/8877691, columns so far: 7248817
  Processing partition 2969000/8877691, columns so far: 7250315
  Processing partition 2970000/8877691, columns so far: 7251866
  Processing partition 2971000/8877691, columns so far: 7253592
  Processing partition 2972000/8877691, columns so far: 7255331
  Processing partition 2973000/8877691, columns so far: 7257521
  Processing partition 2974000/8877691, columns so far: 7261215
  Processing partition 2975000/8877691, columns so far: 7262747
  Processing partition 2976000/8877691, columns so far: 7264653
  Processing partition 2977000/8877691, columns so far: 7266155
  Processing partition 2978000/8877691, columns so far: 7268057
  Processing partition 2979000/8877691, columns so far: 7269622
  Processing partition 2980000/8877691, columns so far: 7271177
  Processing partition 2981000/8877691, columns so far: 7272673
  Processing partition 2982000/8877691, columns so far: 7274581
  Processing partition 2983000/8877691, columns so far: 7276671
  Processing partition 2984000/8877691, columns so far: 7280398
  Processing partition 2985000/8877691, columns so far: 7282011
  Processing partition 2986000/8877691, columns so far: 7283959
  Processing partition 2987000/8877691, columns so far: 7285458
  Processing partition 2988000/8877691, columns so far: 7287349
  Processing partition 2989000/8877691, columns so far: 7288773
  Processing partition 2990000/8877691, columns so far: 7290243
  Processing partition 2991000/8877691, columns so far: 7291973
  Processing partition 2992000/8877691, columns so far: 7293696
  Processing partition 2993000/8877691, columns so far: 7295948
  Processing partition 2994000/8877691, columns so far: 7299556
  Processing partition 2995000/8877691, columns so far: 7301588
  Processing partition 2996000/8877691, columns so far: 7304013
  Processing partition 2997000/8877691, columns so far: 7305783
  Processing partition 2998000/8877691, columns so far: 7307601
  Processing partition 2999000/8877691, columns so far: 7309925
  Processing partition 3000000/8877691, columns so far: 7311517
  Processing partition 3001000/8877691, columns so far: 7313319
  Processing partition 3002000/8877691, columns so far: 7315235
  Processing partition 3003000/8877691, columns so far: 7317187
  Processing partition 3004000/8877691, columns so far: 7318995
  Processing partition 3005000/8877691, columns so far: 7320900
  Processing partition 3006000/8877691, columns so far: 7323256
  Processing partition 3007000/8877691, columns so far: 7325007
  Processing partition 3008000/8877691, columns so far: 7326908
  Processing partition 3009000/8877691, columns so far: 7329175
  Processing partition 3010000/8877691, columns so far: 7330723
  Processing partition 3011000/8877691, columns so far: 7332637
  Processing partition 3012000/8877691, columns so far: 7334542
  Processing partition 3013000/8877691, columns so far: 7336453
  Processing partition 3014000/8877691, columns so far: 7338297
  Processing partition 3015000/8877691, columns so far: 7341375
  Processing partition 3016000/8877691, columns so far: 7345891
  Processing partition 3017000/8877691, columns so far: 7347735
  Processing partition 3018000/8877691, columns so far: 7349594
  Processing partition 3019000/8877691, columns so far: 7351290
  Processing partition 3020000/8877691, columns so far: 7352933
  Processing partition 3021000/8877691, columns so far: 7354508
  Processing partition 3022000/8877691, columns so far: 7356060
  Processing partition 3023000/8877691, columns so far: 7357642
  Processing partition 3024000/8877691, columns so far: 7359343
  Processing partition 3025000/8877691, columns so far: 7361497
  Processing partition 3026000/8877691, columns so far: 7365031
  Processing partition 3027000/8877691, columns so far: 7366986
  Processing partition 3028000/8877691, columns so far: 7369418
  Processing partition 3029000/8877691, columns so far: 7371196
  Processing partition 3030000/8877691, columns so far: 7372998
  Processing partition 3031000/8877691, columns so far: 7375319
  Processing partition 3032000/8877691, columns so far: 7376963
  Processing partition 3033000/8877691, columns so far: 7378717
  Processing partition 3034000/8877691, columns so far: 7380623
  Processing partition 3035000/8877691, columns so far: 7382584
  Processing partition 3036000/8877691, columns so far: 7384443
  Processing partition 3037000/8877691, columns so far: 7386294
  Processing partition 3038000/8877691, columns so far: 7388597
  Processing partition 3039000/8877691, columns so far: 7390107
  Processing partition 3040000/8877691, columns so far: 7392307
  Processing partition 3041000/8877691, columns so far: 7394042
  Processing partition 3042000/8877691, columns so far: 7395919
  Processing partition 3043000/8877691, columns so far: 7398024
  Processing partition 3044000/8877691, columns so far: 7399930
  Processing partition 3045000/8877691, columns so far: 7401861
  Processing partition 3046000/8877691, columns so far: 7403684
  Processing partition 3047000/8877691, columns so far: 7406689
  Processing partition 3048000/8877691, columns so far: 7411288
  Processing partition 3049000/8877691, columns so far: 7412839
  Processing partition 3050000/8877691, columns so far: 7414603
  Processing partition 3051000/8877691, columns so far: 7416283
  Processing partition 3052000/8877691, columns so far: 7417923
  Processing partition 3053000/8877691, columns so far: 7419710
  Processing partition 3054000/8877691, columns so far: 7421269
  Processing partition 3055000/8877691, columns so far: 7422996
  Processing partition 3056000/8877691, columns so far: 7424675
  Processing partition 3057000/8877691, columns so far: 7426677
  Processing partition 3058000/8877691, columns so far: 7430077
  Processing partition 3059000/8877691, columns so far: 7432085
  Processing partition 3060000/8877691, columns so far: 7433930
  Processing partition 3061000/8877691, columns so far: 7435551
  Processing partition 3062000/8877691, columns so far: 7437106
  Processing partition 3063000/8877691, columns so far: 7438786
  Processing partition 3064000/8877691, columns so far: 7440510
  Processing partition 3065000/8877691, columns so far: 7442015
  Processing partition 3066000/8877691, columns so far: 7443955
  Processing partition 3067000/8877691, columns so far: 7445781
  Processing partition 3068000/8877691, columns so far: 7448957
  Processing partition 3069000/8877691, columns so far: 7451397
  Processing partition 3070000/8877691, columns so far: 7453223
  Processing partition 3071000/8877691, columns so far: 7454867
  Processing partition 3072000/8877691, columns so far: 7456356
  Processing partition 3073000/8877691, columns so far: 7457916
  Processing partition 3074000/8877691, columns so far: 7459639
  Processing partition 3075000/8877691, columns so far: 7461325
  Processing partition 3076000/8877691, columns so far: 7463022
  Processing partition 3077000/8877691, columns so far: 7464954
  Processing partition 3078000/8877691, columns so far: 7468559
  Processing partition 3079000/8877691, columns so far: 7470912
  Processing partition 3080000/8877691, columns so far: 7473277
  Processing partition 3081000/8877691, columns so far: 7474812
  Processing partition 3082000/8877691, columns so far: 7476924
  Processing partition 3083000/8877691, columns so far: 7478746
  Processing partition 3084000/8877691, columns so far: 7480527
  Processing partition 3085000/8877691, columns so far: 7482701
  Processing partition 3086000/8877691, columns so far: 7484610
  Processing partition 3087000/8877691, columns so far: 7486489
  Processing partition 3088000/8877691, columns so far: 7488388
  Processing partition 3089000/8877691, columns so far: 7491230
  Processing partition 3090000/8877691, columns so far: 7495561
  Processing partition 3091000/8877691, columns so far: 7499009
  Processing partition 3092000/8877691, columns so far: 7503114
  Processing partition 3093000/8877691, columns so far: 7506664
  Processing partition 3094000/8877691, columns so far: 7510328
  Processing partition 3095000/8877691, columns so far: 7514605
  Processing partition 3096000/8877691, columns so far: 7518495
  Processing partition 3097000/8877691, columns so far: 7521751
  Processing partition 3098000/8877691, columns so far: 7525713
  Processing partition 3099000/8877691, columns so far: 7531100
  Processing partition 3100000/8877691, columns so far: 7538575
  Processing partition 3101000/8877691, columns so far: 7542284
  Processing partition 3102000/8877691, columns so far: 7544207
  Processing partition 3103000/8877691, columns so far: 7545841
  Processing partition 3104000/8877691, columns so far: 7547595
  Processing partition 3105000/8877691, columns so far: 7549135
  Processing partition 3106000/8877691, columns so far: 7550922
  Processing partition 3107000/8877691, columns so far: 7552482
  Processing partition 3108000/8877691, columns so far: 7554135
  Processing partition 3109000/8877691, columns so far: 7555873
  Processing partition 3110000/8877691, columns so far: 7558903
  Processing partition 3111000/8877691, columns so far: 7561578
  Processing partition 3112000/8877691, columns so far: 7563102
  Processing partition 3113000/8877691, columns so far: 7564656
  Processing partition 3114000/8877691, columns so far: 7566100
  Processing partition 3115000/8877691, columns so far: 7567630
  Processing partition 3116000/8877691, columns so far: 7568945
  Processing partition 3117000/8877691, columns so far: 7570293
  Processing partition 3118000/8877691, columns so far: 7571919
  Processing partition 3119000/8877691, columns so far: 7574935
  Processing partition 3120000/8877691, columns so far: 7576496
  Processing partition 3121000/8877691, columns so far: 7578435
  Processing partition 3122000/8877691, columns so far: 7580076
  Processing partition 3123000/8877691, columns so far: 7581812
  Processing partition 3124000/8877691, columns so far: 7583366
  Processing partition 3125000/8877691, columns so far: 7585108
  Processing partition 3126000/8877691, columns so far: 7586663
  Processing partition 3127000/8877691, columns so far: 7588335
  Processing partition 3128000/8877691, columns so far: 7589998
  Processing partition 3129000/8877691, columns so far: 7591768
  Processing partition 3130000/8877691, columns so far: 7594023
  Processing partition 3131000/8877691, columns so far: 7596010
  Processing partition 3132000/8877691, columns so far: 7597781
  Processing partition 3133000/8877691, columns so far: 7599540
  Processing partition 3134000/8877691, columns so far: 7601907
  Processing partition 3135000/8877691, columns so far: 7603533
  Processing partition 3136000/8877691, columns so far: 7605315
  Processing partition 3137000/8877691, columns so far: 7607414
  Processing partition 3138000/8877691, columns so far: 7609142
  Processing partition 3139000/8877691, columns so far: 7610697
  Processing partition 3140000/8877691, columns so far: 7612454
  Processing partition 3141000/8877691, columns so far: 7614158
  Processing partition 3142000/8877691, columns so far: 7615818
  Processing partition 3143000/8877691, columns so far: 7617567
  Processing partition 3144000/8877691, columns so far: 7619118
  Processing partition 3145000/8877691, columns so far: 7620848
  Processing partition 3146000/8877691, columns so far: 7622532
  Processing partition 3147000/8877691, columns so far: 7624699
  Processing partition 3148000/8877691, columns so far: 7628439
  Processing partition 3149000/8877691, columns so far: 7629813
  Processing partition 3150000/8877691, columns so far: 7631219
  Processing partition 3151000/8877691, columns so far: 7632656
  Processing partition 3152000/8877691, columns so far: 7634134
  Processing partition 3153000/8877691, columns so far: 7635693
  Processing partition 3154000/8877691, columns so far: 7637067
  Processing partition 3155000/8877691, columns so far: 7638636
  Processing partition 3156000/8877691, columns so far: 7640511
  Processing partition 3157000/8877691, columns so far: 7643313
  Processing partition 3158000/8877691, columns so far: 7644868
  Processing partition 3159000/8877691, columns so far: 7646189
  Processing partition 3160000/8877691, columns so far: 7647533
  Processing partition 3161000/8877691, columns so far: 7649088
  Processing partition 3162000/8877691, columns so far: 7650431
  Processing partition 3163000/8877691, columns so far: 7651970
  Processing partition 3164000/8877691, columns so far: 7653459
  Processing partition 3165000/8877691, columns so far: 7656062
  Processing partition 3166000/8877691, columns so far: 7658339
  Processing partition 3167000/8877691, columns so far: 7660203
  Processing partition 3168000/8877691, columns so far: 7661761
  Processing partition 3169000/8877691, columns so far: 7663319
  Processing partition 3170000/8877691, columns so far: 7665045
  Processing partition 3171000/8877691, columns so far: 7666724
  Processing partition 3172000/8877691, columns so far: 7668604
  Processing partition 3173000/8877691, columns so far: 7670133
  Processing partition 3174000/8877691, columns so far: 7671717
  Processing partition 3175000/8877691, columns so far: 7674568
  Processing partition 3176000/8877691, columns so far: 7678153
  Processing partition 3177000/8877691, columns so far: 7681385
  Processing partition 3178000/8877691, columns so far: 7684426
  Processing partition 3179000/8877691, columns so far: 7688033
  Processing partition 3180000/8877691, columns so far: 7691253
  Processing partition 3181000/8877691, columns so far: 7694835
  Processing partition 3182000/8877691, columns so far: 7698153
  Processing partition 3183000/8877691, columns so far: 7701323
  Processing partition 3184000/8877691, columns so far: 7707437
  Processing partition 3185000/8877691, columns so far: 7711638
  Processing partition 3186000/8877691, columns so far: 7713551
  Processing partition 3187000/8877691, columns so far: 7715043
  Processing partition 3188000/8877691, columns so far: 7716617
  Processing partition 3189000/8877691, columns so far: 7718533
  Processing partition 3190000/8877691, columns so far: 7720069
  Processing partition 3191000/8877691, columns so far: 7721892
  Processing partition 3192000/8877691, columns so far: 7723473
  Processing partition 3193000/8877691, columns so far: 7725028
  Processing partition 3194000/8877691, columns so far: 7728015
  Processing partition 3195000/8877691, columns so far: 7730946
  Processing partition 3196000/8877691, columns so far: 7732500
  Processing partition 3197000/8877691, columns so far: 7733944
  Processing partition 3198000/8877691, columns so far: 7735501
  Processing partition 3199000/8877691, columns so far: 7736814
  Processing partition 3200000/8877691, columns so far: 7738269
  Processing partition 3201000/8877691, columns so far: 7739675
  Processing partition 3202000/8877691, columns so far: 7741010
  Processing partition 3203000/8877691, columns so far: 7744123
  Processing partition 3204000/8877691, columns so far: 7745890
  Processing partition 3205000/8877691, columns so far: 7747810
  Processing partition 3206000/8877691, columns so far: 7749306
  Processing partition 3207000/8877691, columns so far: 7751109
  Processing partition 3208000/8877691, columns so far: 7752739
  Processing partition 3209000/8877691, columns so far: 7754264
  Processing partition 3210000/8877691, columns so far: 7756062
  Processing partition 3211000/8877691, columns so far: 7757736
  Processing partition 3212000/8877691, columns so far: 7759235
  Processing partition 3213000/8877691, columns so far: 7760790
  Processing partition 3214000/8877691, columns so far: 7762566
  Processing partition 3215000/8877691, columns so far: 7764255
  Processing partition 3216000/8877691, columns so far: 7765874
  Processing partition 3217000/8877691, columns so far: 7767665
  Processing partition 3218000/8877691, columns so far: 7769216
  Processing partition 3219000/8877691, columns so far: 7770949
  Processing partition 3220000/8877691, columns so far: 7772624
  Processing partition 3221000/8877691, columns so far: 7774963
  Processing partition 3222000/8877691, columns so far: 7778515
  Processing partition 3223000/8877691, columns so far: 7780097
  Processing partition 3224000/8877691, columns so far: 7781868
  Processing partition 3225000/8877691, columns so far: 7783533
  Processing partition 3226000/8877691, columns so far: 7785181
  Processing partition 3227000/8877691, columns so far: 7786943
  Processing partition 3228000/8877691, columns so far: 7788466
  Processing partition 3229000/8877691, columns so far: 7790248
  Processing partition 3230000/8877691, columns so far: 7791932
  Processing partition 3231000/8877691, columns so far: 7793497
  Processing partition 3232000/8877691, columns so far: 7795123
  Processing partition 3233000/8877691, columns so far: 7796743
  Processing partition 3234000/8877691, columns so far: 7798456
  Processing partition 3235000/8877691, columns so far: 7799956
  Processing partition 3236000/8877691, columns so far: 7801881
  Processing partition 3237000/8877691, columns so far: 7803417
  Processing partition 3238000/8877691, columns so far: 7804947
  Processing partition 3239000/8877691, columns so far: 7806821
  Processing partition 3240000/8877691, columns so far: 7809137
  Processing partition 3241000/8877691, columns so far: 7812712
  Processing partition 3242000/8877691, columns so far: 7814209
  Processing partition 3243000/8877691, columns so far: 7815607
  Processing partition 3244000/8877691, columns so far: 7816932
  Processing partition 3245000/8877691, columns so far: 7818275
  Processing partition 3246000/8877691, columns so far: 7819814
  Processing partition 3247000/8877691, columns so far: 7821303
  Processing partition 3248000/8877691, columns so far: 7822807
  Processing partition 3249000/8877691, columns so far: 7825175
  Processing partition 3250000/8877691, columns so far: 7827693
  Processing partition 3251000/8877691, columns so far: 7829603
  Processing partition 3252000/8877691, columns so far: 7830979
  Processing partition 3253000/8877691, columns so far: 7832652
  Processing partition 3254000/8877691, columns so far: 7834190
  Processing partition 3255000/8877691, columns so far: 7836102
  Processing partition 3256000/8877691, columns so far: 7837627
  Processing partition 3257000/8877691, columns so far: 7839211
  Processing partition 3258000/8877691, columns so far: 7841087
  Processing partition 3259000/8877691, columns so far: 7843661
  Processing partition 3260000/8877691, columns so far: 7847331
  Processing partition 3261000/8877691, columns so far: 7850435
  Processing partition 3262000/8877691, columns so far: 7853539
  Processing partition 3263000/8877691, columns so far: 7856588
  Processing partition 3264000/8877691, columns so far: 7860335
  Processing partition 3265000/8877691, columns so far: 7863439
  Processing partition 3266000/8877691, columns so far: 7867219
  Processing partition 3267000/8877691, columns so far: 7870278
  Processing partition 3268000/8877691, columns so far: 7875981
  Processing partition 3269000/8877691, columns so far: 7881012
  Processing partition 3270000/8877691, columns so far: 7882927
  Processing partition 3271000/8877691, columns so far: 7884443
  Processing partition 3272000/8877691, columns so far: 7885997
  Processing partition 3273000/8877691, columns so far: 7887764
  Processing partition 3274000/8877691, columns so far: 7889407
  Processing partition 3275000/8877691, columns so far: 7890967
  Processing partition 3276000/8877691, columns so far: 7892785
  Processing partition 3277000/8877691, columns so far: 7894375
  Processing partition 3278000/8877691, columns so far: 7897145
  Processing partition 3279000/8877691, columns so far: 7900344
  Processing partition 3280000/8877691, columns so far: 7901844
  Processing partition 3281000/8877691, columns so far: 7903343
  Processing partition 3282000/8877691, columns so far: 7904785
  Processing partition 3283000/8877691, columns so far: 7906185
  Processing partition 3284000/8877691, columns so far: 7907539
  Processing partition 3285000/8877691, columns so far: 7908854
  Processing partition 3286000/8877691, columns so far: 7910414
  Processing partition 3287000/8877691, columns so far: 7913183
  Processing partition 3288000/8877691, columns so far: 7915244
  Processing partition 3289000/8877691, columns so far: 7917150
  Processing partition 3290000/8877691, columns so far: 7918648
  Processing partition 3291000/8877691, columns so far: 7920203
  Processing partition 3292000/8877691, columns so far: 7921934
  Processing partition 3293000/8877691, columns so far: 7923664
  Processing partition 3294000/8877691, columns so far: 7925162
  Processing partition 3295000/8877691, columns so far: 7927074
  Processing partition 3296000/8877691, columns so far: 7928623
  Processing partition 3297000/8877691, columns so far: 7930133
  Processing partition 3298000/8877691, columns so far: 7931972
  Processing partition 3299000/8877691, columns so far: 7933594
  Processing partition 3300000/8877691, columns so far: 7935149
  Processing partition 3301000/8877691, columns so far: 7936848
  Processing partition 3302000/8877691, columns so far: 7938557
  Processing partition 3303000/8877691, columns so far: 7940059
  Processing partition 3304000/8877691, columns so far: 7941999
  Processing partition 3305000/8877691, columns so far: 7943857
  Processing partition 3306000/8877691, columns so far: 7947052
  Processing partition 3307000/8877691, columns so far: 7949277
  Processing partition 3308000/8877691, columns so far: 7950720
  Processing partition 3309000/8877691, columns so far: 7952158
  Processing partition 3310000/8877691, columns so far: 7953607
  Processing partition 3311000/8877691, columns so far: 7955134
  Processing partition 3312000/8877691, columns so far: 7956582
  Processing partition 3313000/8877691, columns so far: 7958168
  Processing partition 3314000/8877691, columns so far: 7959951
  Processing partition 3315000/8877691, columns so far: 7962841
  Processing partition 3316000/8877691, columns so far: 7964391
  Processing partition 3317000/8877691, columns so far: 7966142
  Processing partition 3318000/8877691, columns so far: 7967800
  Processing partition 3319000/8877691, columns so far: 7969356
  Processing partition 3320000/8877691, columns so far: 7971261
  Processing partition 3321000/8877691, columns so far: 7972824
  Processing partition 3322000/8877691, columns so far: 7974315
  Processing partition 3323000/8877691, columns so far: 7976230
  Processing partition 3324000/8877691, columns so far: 7977785
  Processing partition 3325000/8877691, columns so far: 7979588
  Processing partition 3326000/8877691, columns so far: 7981016
  Processing partition 3327000/8877691, columns so far: 7982756
  Processing partition 3328000/8877691, columns so far: 7984244
  Processing partition 3329000/8877691, columns so far: 7986116
  Processing partition 3330000/8877691, columns so far: 7987715
  Processing partition 3331000/8877691, columns so far: 7989275
  Processing partition 3332000/8877691, columns so far: 7991119
  Processing partition 3333000/8877691, columns so far: 7993982
  Processing partition 3334000/8877691, columns so far: 7997097
  Processing partition 3335000/8877691, columns so far: 7998707
  Processing partition 3336000/8877691, columns so far: 8000328
  Processing partition 3337000/8877691, columns so far: 8002036
  Processing partition 3338000/8877691, columns so far: 8003556
  Processing partition 3339000/8877691, columns so far: 8005466
  Processing partition 3340000/8877691, columns so far: 8007022
  Processing partition 3341000/8877691, columns so far: 8008545
  Processing partition 3342000/8877691, columns so far: 8010312
  Processing partition 3343000/8877691, columns so far: 8012727
  Processing partition 3344000/8877691, columns so far: 8016509
  Processing partition 3345000/8877691, columns so far: 8019505
  Processing partition 3346000/8877691, columns so far: 8022619
  Processing partition 3347000/8877691, columns so far: 8025717
  Processing partition 3348000/8877691, columns so far: 8029279
  Processing partition 3349000/8877691, columns so far: 8032595
  Processing partition 3350000/8877691, columns so far: 8035676
  Processing partition 3351000/8877691, columns so far: 8039283
  Processing partition 3352000/8877691, columns so far: 8045435
  Processing partition 3353000/8877691, columns so far: 8050380
  Processing partition 3354000/8877691, columns so far: 8052287
  Processing partition 3355000/8877691, columns so far: 8053813
  Processing partition 3356000/8877691, columns so far: 8055340
  Processing partition 3357000/8877691, columns so far: 8057159
  Processing partition 3358000/8877691, columns so far: 8058718
  Processing partition 3359000/8877691, columns so far: 8060309
  Processing partition 3360000/8877691, columns so far: 8061869
  Processing partition 3361000/8877691, columns so far: 8063714
  Processing partition 3362000/8877691, columns so far: 8066309
  Processing partition 3363000/8877691, columns so far: 8069688
  Processing partition 3364000/8877691, columns so far: 8071209
  Processing partition 3365000/8877691, columns so far: 8072731
  Processing partition 3366000/8877691, columns so far: 8074065
  Processing partition 3367000/8877691, columns so far: 8075494
  Processing partition 3368000/8877691, columns so far: 8076806
  Processing partition 3369000/8877691, columns so far: 8078258
  Processing partition 3370000/8877691, columns so far: 8079808
  Processing partition 3371000/8877691, columns so far: 8082329
  Processing partition 3372000/8877691, columns so far: 8084620
  Processing partition 3373000/8877691, columns so far: 8086521
  Processing partition 3374000/8877691, columns so far: 8088047
  Processing partition 3375000/8877691, columns so far: 8089570
  Processing partition 3376000/8877691, columns so far: 8091334
  Processing partition 3377000/8877691, columns so far: 8092897
  Processing partition 3378000/8877691, columns so far: 8094568
  Processing partition 3379000/8877691, columns so far: 8096118
  Processing partition 3380000/8877691, columns so far: 8097971
  Processing partition 3381000/8877691, columns so far: 8099532
  Processing partition 3382000/8877691, columns so far: 8101370
  Processing partition 3383000/8877691, columns so far: 8103003
  Processing partition 3384000/8877691, columns so far: 8104492
  Processing partition 3385000/8877691, columns so far: 8106030
  Processing partition 3386000/8877691, columns so far: 8107778
  Processing partition 3387000/8877691, columns so far: 8109462
  Processing partition 3388000/8877691, columns so far: 8111142
  Processing partition 3389000/8877691, columns so far: 8112993
  Processing partition 3390000/8877691, columns so far: 8116032
  Processing partition 3391000/8877691, columns so far: 8118690
  Processing partition 3392000/8877691, columns so far: 8120158
  Processing partition 3393000/8877691, columns so far: 8121560
  Processing partition 3394000/8877691, columns so far: 8122974
  Processing partition 3395000/8877691, columns so far: 8124426
  Processing partition 3396000/8877691, columns so far: 8126012
  Processing partition 3397000/8877691, columns so far: 8127405
  Processing partition 3398000/8877691, columns so far: 8128987
  Processing partition 3399000/8877691, columns so far: 8131915
  Processing partition 3400000/8877691, columns so far: 8133554
  Processing partition 3401000/8877691, columns so far: 8134990
  Processing partition 3402000/8877691, columns so far: 8136430
  Processing partition 3403000/8877691, columns so far: 8137747
  Processing partition 3404000/8877691, columns so far: 8139306
  Processing partition 3405000/8877691, columns so far: 8140739
  Processing partition 3406000/8877691, columns so far: 8142304
  Processing partition 3407000/8877691, columns so far: 8144339
  Processing partition 3408000/8877691, columns so far: 8147153
  Processing partition 3409000/8877691, columns so far: 8148731
  Processing partition 3410000/8877691, columns so far: 8150419
  Processing partition 3411000/8877691, columns so far: 8152139
  Processing partition 3412000/8877691, columns so far: 8153654
  Processing partition 3413000/8877691, columns so far: 8155533
  Processing partition 3414000/8877691, columns so far: 8157081
  Processing partition 3415000/8877691, columns so far: 8158619
  Processing partition 3416000/8877691, columns so far: 8160382
  Processing partition 3417000/8877691, columns so far: 8162259
  Processing partition 3418000/8877691, columns so far: 8164152
  Processing partition 3419000/8877691, columns so far: 8166248
  Processing partition 3420000/8877691, columns so far: 8168271
  Processing partition 3421000/8877691, columns so far: 8170034
  Processing partition 3422000/8877691, columns so far: 8171847
  Processing partition 3423000/8877691, columns so far: 8174110
  Processing partition 3424000/8877691, columns so far: 8176014
  Processing partition 3425000/8877691, columns so far: 8177547
  Processing partition 3426000/8877691, columns so far: 8179661
  Processing partition 3427000/8877691, columns so far: 8182188
  Processing partition 3428000/8877691, columns so far: 8185687
  Processing partition 3429000/8877691, columns so far: 8190101
  Processing partition 3430000/8877691, columns so far: 8194072
  Processing partition 3431000/8877691, columns so far: 8197571
  Processing partition 3432000/8877691, columns so far: 8201239
  Processing partition 3433000/8877691, columns so far: 8205631
  Processing partition 3434000/8877691, columns so far: 8209141
  Processing partition 3435000/8877691, columns so far: 8212459
  Processing partition 3436000/8877691, columns so far: 8216642
  Processing partition 3437000/8877691, columns so far: 8219875
  Processing partition 3438000/8877691, columns so far: 8221657
  Processing partition 3439000/8877691, columns so far: 8224125
  Processing partition 3440000/8877691, columns so far: 8225811
  Processing partition 3441000/8877691, columns so far: 8227670
  Processing partition 3442000/8877691, columns so far: 8229899
  Processing partition 3443000/8877691, columns so far: 8231806
  Processing partition 3444000/8877691, columns so far: 8233387
  Processing partition 3445000/8877691, columns so far: 8235210
  Processing partition 3446000/8877691, columns so far: 8237299
  Processing partition 3447000/8877691, columns so far: 8239349
  Processing partition 3448000/8877691, columns so far: 8242849
  Processing partition 3449000/8877691, columns so far: 8246748
  Processing partition 3450000/8877691, columns so far: 8248554
  Processing partition 3451000/8877691, columns so far: 8250317
  Processing partition 3452000/8877691, columns so far: 8251973
  Processing partition 3453000/8877691, columns so far: 8253785
  Processing partition 3454000/8877691, columns so far: 8255344
  Processing partition 3455000/8877691, columns so far: 8256899
  Processing partition 3456000/8877691, columns so far: 8258327
  Processing partition 3457000/8877691, columns so far: 8259995
  Processing partition 3458000/8877691, columns so far: 8263203
  Processing partition 3459000/8877691, columns so far: 8266031
  Processing partition 3460000/8877691, columns so far: 8267776
  Processing partition 3461000/8877691, columns so far: 8270262
  Processing partition 3462000/8877691, columns so far: 8272044
  Processing partition 3463000/8877691, columns so far: 8273789
  Processing partition 3464000/8877691, columns so far: 8275981
  Processing partition 3465000/8877691, columns so far: 8277897
  Processing partition 3466000/8877691, columns so far: 8279777
  Processing partition 3467000/8877691, columns so far: 8281323
  Processing partition 3468000/8877691, columns so far: 8283431
  Processing partition 3469000/8877691, columns so far: 8285276
  Processing partition 3470000/8877691, columns so far: 8287051
  Processing partition 3471000/8877691, columns so far: 8289307
  Processing partition 3472000/8877691, columns so far: 8291286
  Processing partition 3473000/8877691, columns so far: 8293063
  Processing partition 3474000/8877691, columns so far: 8294826
  Processing partition 3475000/8877691, columns so far: 8297194
  Processing partition 3476000/8877691, columns so far: 8298815
  Processing partition 3477000/8877691, columns so far: 8300602
  Processing partition 3478000/8877691, columns so far: 8302694
  Processing partition 3479000/8877691, columns so far: 8304717
  Processing partition 3480000/8877691, columns so far: 8308354
  Processing partition 3481000/8877691, columns so far: 8311985
  Processing partition 3482000/8877691, columns so far: 8313865
  Processing partition 3483000/8877691, columns so far: 8315403
  Processing partition 3484000/8877691, columns so far: 8316977
  Processing partition 3485000/8877691, columns so far: 8318684
  Processing partition 3486000/8877691, columns so far: 8320382
  Processing partition 3487000/8877691, columns so far: 8322272
  Processing partition 3488000/8877691, columns so far: 8323735
  Processing partition 3489000/8877691, columns so far: 8325347
  Processing partition 3490000/8877691, columns so far: 8328083
  Processing partition 3491000/8877691, columns so far: 8331259
  Processing partition 3492000/8877691, columns so far: 8333173
  Processing partition 3493000/8877691, columns so far: 8334555
  Processing partition 3494000/8877691, columns so far: 8336219
  Processing partition 3495000/8877691, columns so far: 8337756
  Processing partition 3496000/8877691, columns so far: 8339666
  Processing partition 3497000/8877691, columns so far: 8341201
  Processing partition 3498000/8877691, columns so far: 8342787
  Processing partition 3499000/8877691, columns so far: 8344658
  Processing partition 3500000/8877691, columns so far: 8347105
  Processing partition 3501000/8877691, columns so far: 8350573
  Processing partition 3502000/8877691, columns so far: 8352239
  Processing partition 3503000/8877691, columns so far: 8353797
  Processing partition 3504000/8877691, columns so far: 8355519
  Processing partition 3505000/8877691, columns so far: 8357034
  Processing partition 3506000/8877691, columns so far: 8358918
  Processing partition 3507000/8877691, columns so far: 8360494
  Processing partition 3508000/8877691, columns so far: 8362027
  Processing partition 3509000/8877691, columns so far: 8363816
  Processing partition 3510000/8877691, columns so far: 8366668
  Processing partition 3511000/8877691, columns so far: 8369872
  Processing partition 3512000/8877691, columns so far: 8371727
  Processing partition 3513000/8877691, columns so far: 8373989
  Processing partition 3514000/8877691, columns so far: 8375885
  Processing partition 3515000/8877691, columns so far: 8377739
  Processing partition 3516000/8877691, columns so far: 8379502
  Processing partition 3517000/8877691, columns so far: 8381842
  Processing partition 3518000/8877691, columns so far: 8383413
  Processing partition 3519000/8877691, columns so far: 8385303
  Processing partition 3520000/8877691, columns so far: 8387332
  Processing partition 3521000/8877691, columns so far: 8389322
  Processing partition 3522000/8877691, columns so far: 8392879
  Processing partition 3523000/8877691, columns so far: 8397631
  Processing partition 3524000/8877691, columns so far: 8401148
  Processing partition 3525000/8877691, columns so far: 8404763
  Processing partition 3526000/8877691, columns so far: 8409226
  Processing partition 3527000/8877691, columns so far: 8412977
  Processing partition 3528000/8877691, columns so far: 8416081
  Processing partition 3529000/8877691, columns so far: 8419831
  Processing partition 3530000/8877691, columns so far: 8423934
  Processing partition 3531000/8877691, columns so far: 8427421
  Processing partition 3532000/8877691, columns so far: 8434437
  Processing partition 3533000/8877691, columns so far: 8442180
  Processing partition 3534000/8877691, columns so far: 8445667
  Processing partition 3535000/8877691, columns so far: 8449359
  Processing partition 3536000/8877691, columns so far: 8452595
  Processing partition 3537000/8877691, columns so far: 8456265
  Processing partition 3538000/8877691, columns so far: 8459371
  Processing partition 3539000/8877691, columns so far: 8462135
  Processing partition 3540000/8877691, columns so far: 8465125
  Processing partition 3541000/8877691, columns so far: 8468657
  Processing partition 3542000/8877691, columns so far: 8474266
  Processing partition 3543000/8877691, columns so far: 8480300
  Processing partition 3544000/8877691, columns so far: 8483856
  Processing partition 3545000/8877691, columns so far: 8488691
  Processing partition 3546000/8877691, columns so far: 8492025
  Processing partition 3547000/8877691, columns so far: 8495740
  Processing partition 3548000/8877691, columns so far: 8500117
  Processing partition 3549000/8877691, columns so far: 8503891
  Processing partition 3550000/8877691, columns so far: 8507037
  Processing partition 3551000/8877691, columns so far: 8510683
  Processing partition 3552000/8877691, columns so far: 8514811
  Processing partition 3553000/8877691, columns so far: 8518336
  Processing partition 3554000/8877691, columns so far: 8521925
  Processing partition 3555000/8877691, columns so far: 8526479
  Processing partition 3556000/8877691, columns so far: 8530214
  Processing partition 3557000/8877691, columns so far: 8533809
  Processing partition 3558000/8877691, columns so far: 8537389
  Processing partition 3559000/8877691, columns so far: 8542023
  Processing partition 3560000/8877691, columns so far: 8545125
  Processing partition 3561000/8877691, columns so far: 8548797
  Processing partition 3562000/8877691, columns so far: 8552937
  Processing partition 3563000/8877691, columns so far: 8556489
  Processing partition 3564000/8877691, columns so far: 8563591
  Processing partition 3565000/8877691, columns so far: 8570959
  Processing partition 3566000/8877691, columns so far: 8574603
  Processing partition 3567000/8877691, columns so far: 8577375
  Processing partition 3568000/8877691, columns so far: 8580947
  Processing partition 3569000/8877691, columns so far: 8584285
  Processing partition 3570000/8877691, columns so far: 8587709
  Processing partition 3571000/8877691, columns so far: 8591095
  Processing partition 3572000/8877691, columns so far: 8594149
  Processing partition 3573000/8877691, columns so far: 8597627
  Processing partition 3574000/8877691, columns so far: 8602471
  Processing partition 3575000/8877691, columns so far: 8609195
  Processing partition 3576000/8877691, columns so far: 8612431
  Processing partition 3577000/8877691, columns so far: 8615659
  Processing partition 3578000/8877691, columns so far: 8619077
  Processing partition 3579000/8877691, columns so far: 8622071
  Processing partition 3580000/8877691, columns so far: 8625881
  Processing partition 3581000/8877691, columns so far: 8628955
  Processing partition 3582000/8877691, columns so far: 8632002
  Processing partition 3583000/8877691, columns so far: 8635731
  Processing partition 3584000/8877691, columns so far: 8640313
  Processing partition 3585000/8877691, columns so far: 8647299
  Processing partition 3586000/8877691, columns so far: 8650407
  Processing partition 3587000/8877691, columns so far: 8653871
  Processing partition 3588000/8877691, columns so far: 8657309
  Processing partition 3589000/8877691, columns so far: 8660305
  Processing partition 3590000/8877691, columns so far: 8664053
  Processing partition 3591000/8877691, columns so far: 8666947
  Processing partition 3592000/8877691, columns so far: 8670185
  Processing partition 3593000/8877691, columns so far: 8673682
  Processing partition 3594000/8877691, columns so far: 8678657
  Processing partition 3595000/8877691, columns so far: 8685570
  Processing partition 3596000/8877691, columns so far: 8689203
  Processing partition 3597000/8877691, columns so far: 8693747
  Processing partition 3598000/8877691, columns so far: 8697454
  Processing partition 3599000/8877691, columns so far: 8701087
  Processing partition 3600000/8877691, columns so far: 8704649
  Processing partition 3601000/8877691, columns so far: 8709303
  Processing partition 3602000/8877691, columns so far: 8712407
  Processing partition 3603000/8877691, columns so far: 8716075
  Processing partition 3604000/8877691, columns so far: 8720215
  Processing partition 3605000/8877691, columns so far: 8723722
  Processing partition 3606000/8877691, columns so far: 8730429
  Processing partition 3607000/8877691, columns so far: 8739178
  Processing partition 3608000/8877691, columns so far: 8745849
  Processing partition 3609000/8877691, columns so far: 8753337
  Processing partition 3610000/8877691, columns so far: 8760384
  Processing partition 3611000/8877691, columns so far: 8768072
  Processing partition 3612000/8877691, columns so far: 8775229
  Processing partition 3613000/8877691, columns so far: 8782584
  Processing partition 3614000/8877691, columns so far: 8790099
  Processing partition 3615000/8877691, columns so far: 8797271
  Processing partition 3616000/8877691, columns so far: 8808857
  Processing partition 3617000/8877691, columns so far: 8823225
  Processing partition 3618000/8877691, columns so far: 8825010
  Processing partition 3619000/8877691, columns so far: 8827499
  Processing partition 3620000/8877691, columns so far: 8829162
  Processing partition 3621000/8877691, columns so far: 8831022
  Processing partition 3622000/8877691, columns so far: 8833270
  Processing partition 3623000/8877691, columns so far: 8835130
  Processing partition 3624000/8877691, columns so far: 8836686
  Processing partition 3625000/8877691, columns so far: 8838590
  Processing partition 3626000/8877691, columns so far: 8840664
  Processing partition 3627000/8877691, columns so far: 8842527
  Processing partition 3628000/8877691, columns so far: 8846148
  Processing partition 3629000/8877691, columns so far: 8850103
  Processing partition 3630000/8877691, columns so far: 8851872
  Processing partition 3631000/8877691, columns so far: 8853696
  Processing partition 3632000/8877691, columns so far: 8855366
  Processing partition 3633000/8877691, columns so far: 8857165
  Processing partition 3634000/8877691, columns so far: 8858725
  Processing partition 3635000/8877691, columns so far: 8860256
  Processing partition 3636000/8877691, columns so far: 8861614
  Processing partition 3637000/8877691, columns so far: 8863390
  Processing partition 3638000/8877691, columns so far: 8866392
  Processing partition 3639000/8877691, columns so far: 8869387
  Processing partition 3640000/8877691, columns so far: 8871145
  Processing partition 3641000/8877691, columns so far: 8873587
  Processing partition 3642000/8877691, columns so far: 8875399
  Processing partition 3643000/8877691, columns so far: 8877158
  Processing partition 3644000/8877691, columns so far: 8879362
  Processing partition 3645000/8877691, columns so far: 8881277
  Processing partition 3646000/8877691, columns so far: 8882972
  Processing partition 3647000/8877691, columns so far: 8884676
  Processing partition 3648000/8877691, columns so far: 8886789
  Processing partition 3649000/8877691, columns so far: 8888554
  Processing partition 3650000/8877691, columns so far: 8890407
  Processing partition 3651000/8877691, columns so far: 8892662
  Processing partition 3652000/8877691, columns so far: 8894566
  Processing partition 3653000/8877691, columns so far: 8896420
  Processing partition 3654000/8877691, columns so far: 8898182
  Processing partition 3655000/8877691, columns so far: 8900540
  Processing partition 3656000/8877691, columns so far: 8902122
  Processing partition 3657000/8877691, columns so far: 8903985
  Processing partition 3658000/8877691, columns so far: 8906039
  Processing partition 3659000/8877691, columns so far: 8907973
  Processing partition 3660000/8877691, columns so far: 8911578
  Processing partition 3661000/8877691, columns so far: 8915360
  Processing partition 3662000/8877691, columns so far: 8917248
  Processing partition 3663000/8877691, columns so far: 8918700
  Processing partition 3664000/8877691, columns so far: 8920332
  Processing partition 3665000/8877691, columns so far: 8922053
  Processing partition 3666000/8877691, columns so far: 8923763
  Processing partition 3667000/8877691, columns so far: 8925664
  Processing partition 3668000/8877691, columns so far: 8927052
  Processing partition 3669000/8877691, columns so far: 8928721
  Processing partition 3670000/8877691, columns so far: 8931327
  Processing partition 3671000/8877691, columns so far: 8934638
  Processing partition 3672000/8877691, columns so far: 8936408
  Processing partition 3673000/8877691, columns so far: 8937870
  Processing partition 3674000/8877691, columns so far: 8939608
  Processing partition 3675000/8877691, columns so far: 8941131
  Processing partition 3676000/8877691, columns so far: 8943059
  Processing partition 3677000/8877691, columns so far: 8944567
  Processing partition 3678000/8877691, columns so far: 8946123
  Processing partition 3679000/8877691, columns so far: 8948010
  Processing partition 3680000/8877691, columns so far: 8950424
  Processing partition 3681000/8877691, columns so far: 8953949
  Processing partition 3682000/8877691, columns so far: 8955542
  Processing partition 3683000/8877691, columns so far: 8957181
  Processing partition 3684000/8877691, columns so far: 8958889
  Processing partition 3685000/8877691, columns so far: 8960409
  Processing partition 3686000/8877691, columns so far: 8962314
  Processing partition 3687000/8877691, columns so far: 8963874
  Processing partition 3688000/8877691, columns so far: 8965397
  Processing partition 3689000/8877691, columns so far: 8967161
  Processing partition 3690000/8877691, columns so far: 8969914
  Processing partition 3691000/8877691, columns so far: 8973242
  Processing partition 3692000/8877691, columns so far: 8975045
  Processing partition 3693000/8877691, columns so far: 8977369
  Processing partition 3694000/8877691, columns so far: 8979255
  Processing partition 3695000/8877691, columns so far: 8981058
  Processing partition 3696000/8877691, columns so far: 8982873
  Processing partition 3697000/8877691, columns so far: 8985222
  Processing partition 3698000/8877691, columns so far: 8986776
  Processing partition 3699000/8877691, columns so far: 8988642
  Processing partition 3700000/8877691, columns so far: 8990719
  Processing partition 3701000/8877691, columns so far: 8992510
  Processing partition 3702000/8877691, columns so far: 8996178
  Processing partition 3703000/8877691, columns so far: 9000920
  Processing partition 3704000/8877691, columns so far: 9004392
  Processing partition 3705000/8877691, columns so far: 9008062
  Processing partition 3706000/8877691, columns so far: 9012496
  Processing partition 3707000/8877691, columns so far: 9016276
  Processing partition 3708000/8877691, columns so far: 9019380
  Processing partition 3709000/8877691, columns so far: 9023158
  Processing partition 3710000/8877691, columns so far: 9027178
  Processing partition 3711000/8877691, columns so far: 9030687
  Processing partition 3712000/8877691, columns so far: 9037370
  Processing partition 3713000/8877691, columns so far: 9044901
  Processing partition 3714000/8877691, columns so far: 9046682
  Processing partition 3715000/8877691, columns so far: 9049124
  Processing partition 3716000/8877691, columns so far: 9050913
  Processing partition 3717000/8877691, columns so far: 9052677
  Processing partition 3718000/8877691, columns so far: 9054898
  Processing partition 3719000/8877691, columns so far: 9056813
  Processing partition 3720000/8877691, columns so far: 9058442
  Processing partition 3721000/8877691, columns so far: 9060217
  Processing partition 3722000/8877691, columns so far: 9062321
  Processing partition 3723000/8877691, columns so far: 9064139
  Processing partition 3724000/8877691, columns so far: 9065930
  Processing partition 3725000/8877691, columns so far: 9067793
  Processing partition 3726000/8877691, columns so far: 9069469
  Processing partition 3727000/8877691, columns so far: 9071319
  Processing partition 3728000/8877691, columns so far: 9072692
  Processing partition 3729000/8877691, columns so far: 9074215
  Processing partition 3730000/8877691, columns so far: 9075770
  Processing partition 3731000/8877691, columns so far: 9077492
  Processing partition 3732000/8877691, columns so far: 9079926
  Processing partition 3733000/8877691, columns so far: 9083362
  Processing partition 3734000/8877691, columns so far: 9085191
  Processing partition 3735000/8877691, columns so far: 9087043
  Processing partition 3736000/8877691, columns so far: 9088744
  Processing partition 3737000/8877691, columns so far: 9090410
  Processing partition 3738000/8877691, columns so far: 9091957
  Processing partition 3739000/8877691, columns so far: 9093509
  Processing partition 3740000/8877691, columns so far: 9095085
  Processing partition 3741000/8877691, columns so far: 9096800
  Processing partition 3742000/8877691, columns so far: 9098428
  Processing partition 3743000/8877691, columns so far: 9100195
  Processing partition 3744000/8877691, columns so far: 9101735
  Processing partition 3745000/8877691, columns so far: 9103673
  Processing partition 3746000/8877691, columns so far: 9105188
  Processing partition 3747000/8877691, columns so far: 9107071
  Processing partition 3748000/8877691, columns so far: 9108432
  Processing partition 3749000/8877691, columns so far: 9109951
  Processing partition 3750000/8877691, columns so far: 9111691
  Processing partition 3751000/8877691, columns so far: 9114136
  Processing partition 3752000/8877691, columns so far: 9117560
  Processing partition 3753000/8877691, columns so far: 9119105
  Processing partition 3754000/8877691, columns so far: 9120482
  Processing partition 3755000/8877691, columns so far: 9122003
  Processing partition 3756000/8877691, columns so far: 9123519
  Processing partition 3757000/8877691, columns so far: 9124872
  Processing partition 3758000/8877691, columns so far: 9126331
  Processing partition 3759000/8877691, columns so far: 9127765
  Processing partition 3760000/8877691, columns so far: 9129876
  Processing partition 3761000/8877691, columns so far: 9132497
  Processing partition 3762000/8877691, columns so far: 9133996
  Processing partition 3763000/8877691, columns so far: 9135551
  Processing partition 3764000/8877691, columns so far: 9136872
  Processing partition 3765000/8877691, columns so far: 9138410
  Processing partition 3766000/8877691, columns so far: 9139747
  Processing partition 3767000/8877691, columns so far: 9141090
  Processing partition 3768000/8877691, columns so far: 9142627
  Processing partition 3769000/8877691, columns so far: 9145066
  Processing partition 3770000/8877691, columns so far: 9147426
  Processing partition 3771000/8877691, columns so far: 9148881
  Processing partition 3772000/8877691, columns so far: 9150440
  Processing partition 3773000/8877691, columns so far: 9151755
  Processing partition 3774000/8877691, columns so far: 9153255
  Processing partition 3775000/8877691, columns so far: 9154621
  Processing partition 3776000/8877691, columns so far: 9156027
  Processing partition 3777000/8877691, columns so far: 9157733
  Processing partition 3778000/8877691, columns so far: 9160780
  Processing partition 3779000/8877691, columns so far: 9162691
  Processing partition 3780000/8877691, columns so far: 9164313
  Processing partition 3781000/8877691, columns so far: 9166222
  Processing partition 3782000/8877691, columns so far: 9167745
  Processing partition 3783000/8877691, columns so far: 9169282
  Processing partition 3784000/8877691, columns so far: 9171029
  Processing partition 3785000/8877691, columns so far: 9172583
  Processing partition 3786000/8877691, columns so far: 9174243
  Processing partition 3787000/8877691, columns so far: 9176325
  Processing partition 3788000/8877691, columns so far: 9179875
  Processing partition 3789000/8877691, columns so far: 9183492
  Processing partition 3790000/8877691, columns so far: 9186848
  Processing partition 3791000/8877691, columns so far: 9190508
  Processing partition 3792000/8877691, columns so far: 9193386
  Processing partition 3793000/8877691, columns so far: 9196266
  Processing partition 3794000/8877691, columns so far: 9199368
  Processing partition 3795000/8877691, columns so far: 9202904
  Processing partition 3796000/8877691, columns so far: 9207814
  Processing partition 3797000/8877691, columns so far: 9214209
  Processing partition 3798000/8877691, columns so far: 9215976
  Processing partition 3799000/8877691, columns so far: 9217878
  Processing partition 3800000/8877691, columns so far: 9219552
  Processing partition 3801000/8877691, columns so far: 9221350
  Processing partition 3802000/8877691, columns so far: 9222738
  Processing partition 3803000/8877691, columns so far: 9224314
  Processing partition 3804000/8877691, columns so far: 9225873
  Processing partition 3805000/8877691, columns so far: 9227587
  Processing partition 3806000/8877691, columns so far: 9229954
  Processing partition 3807000/8877691, columns so far: 9233424
  Processing partition 3808000/8877691, columns so far: 9235287
  Processing partition 3809000/8877691, columns so far: 9237136
  Processing partition 3810000/8877691, columns so far: 9238831
  Processing partition 3811000/8877691, columns so far: 9240446
  Processing partition 3812000/8877691, columns so far: 9242060
  Processing partition 3813000/8877691, columns so far: 9243614
  Processing partition 3814000/8877691, columns so far: 9245197
  Processing partition 3815000/8877691, columns so far: 9246890
  Processing partition 3816000/8877691, columns so far: 9248501
  Processing partition 3817000/8877691, columns so far: 9250270
  Processing partition 3818000/8877691, columns so far: 9252728
  Processing partition 3819000/8877691, columns so far: 9254487
  Processing partition 3820000/8877691, columns so far: 9256278
  Processing partition 3821000/8877691, columns so far: 9258503
  Processing partition 3822000/8877691, columns so far: 9260418
  Processing partition 3823000/8877691, columns so far: 9262024
  Processing partition 3824000/8877691, columns so far: 9263822
  Processing partition 3825000/8877691, columns so far: 9265908
  Processing partition 3826000/8877691, columns so far: 9267689
  Processing partition 3827000/8877691, columns so far: 9269199
  Processing partition 3828000/8877691, columns so far: 9271137
  Processing partition 3829000/8877691, columns so far: 9272829
  Processing partition 3830000/8877691, columns so far: 9274573
  Processing partition 3831000/8877691, columns so far: 9276182
  Processing partition 3832000/8877691, columns so far: 9277820
  Processing partition 3833000/8877691, columns so far: 9279373
  Processing partition 3834000/8877691, columns so far: 9281080
  Processing partition 3835000/8877691, columns so far: 9283198
  Processing partition 3836000/8877691, columns so far: 9286949
  Processing partition 3837000/8877691, columns so far: 9288326
  Processing partition 3838000/8877691, columns so far: 9289847
  Processing partition 3839000/8877691, columns so far: 9291360
  Processing partition 3840000/8877691, columns so far: 9292875
  Processing partition 3841000/8877691, columns so far: 9294283
  Processing partition 3842000/8877691, columns so far: 9295767
  Processing partition 3843000/8877691, columns so far: 9297163
  Processing partition 3844000/8877691, columns so far: 9299054
  Processing partition 3845000/8877691, columns so far: 9301840
  Processing partition 3846000/8877691, columns so far: 9303395
  Processing partition 3847000/8877691, columns so far: 9304716
  Processing partition 3848000/8877691, columns so far: 9306270
  Processing partition 3849000/8877691, columns so far: 9307591
  Processing partition 3850000/8877691, columns so far: 9309162
  Processing partition 3851000/8877691, columns so far: 9310462
  Processing partition 3852000/8877691, columns so far: 9312049
  Processing partition 3853000/8877691, columns so far: 9314294
  Processing partition 3854000/8877691, columns so far: 9316725
  Processing partition 3855000/8877691, columns so far: 9318284
  Processing partition 3856000/8877691, columns so far: 9319665
  Processing partition 3857000/8877691, columns so far: 9321153
  Processing partition 3858000/8877691, columns so far: 9322693
  Processing partition 3859000/8877691, columns so far: 9324023
  Processing partition 3860000/8877691, columns so far: 9325371
  Processing partition 3861000/8877691, columns so far: 9326916
  Processing partition 3862000/8877691, columns so far: 9329912
  Processing partition 3863000/8877691, columns so far: 9331786
  Processing partition 3864000/8877691, columns so far: 9333716
  Processing partition 3865000/8877691, columns so far: 9335330
  Processing partition 3866000/8877691, columns so far: 9337089
  Processing partition 3867000/8877691, columns so far: 9338656
  Processing partition 3868000/8877691, columns so far: 9340439
  Processing partition 3869000/8877691, columns so far: 9341995
  Processing partition 3870000/8877691, columns so far: 9343642
  Processing partition 3871000/8877691, columns so far: 9345300
  Processing partition 3872000/8877691, columns so far: 9348890
  Processing partition 3873000/8877691, columns so far: 9353630
  Processing partition 3874000/8877691, columns so far: 9357155
  Processing partition 3875000/8877691, columns so far: 9360772
  Processing partition 3876000/8877691, columns so far: 9365208
  Processing partition 3877000/8877691, columns so far: 9368988
  Processing partition 3878000/8877691, columns so far: 9372090
  Processing partition 3879000/8877691, columns so far: 9375840
  Processing partition 3880000/8877691, columns so far: 9379943
  Processing partition 3881000/8877691, columns so far: 9383432
  Processing partition 3882000/8877691, columns so far: 9385376
  Processing partition 3883000/8877691, columns so far: 9387775
  Processing partition 3884000/8877691, columns so far: 9389532
  Processing partition 3885000/8877691, columns so far: 9391382
  Processing partition 3886000/8877691, columns so far: 9393651
  Processing partition 3887000/8877691, columns so far: 9395366
  Processing partition 3888000/8877691, columns so far: 9397054
  Processing partition 3889000/8877691, columns so far: 9398974
  Processing partition 3890000/8877691, columns so far: 9400930
  Processing partition 3891000/8877691, columns so far: 9402796
  Processing partition 3892000/8877691, columns so far: 9406166
  Processing partition 3893000/8877691, columns so far: 9410439
  Processing partition 3894000/8877691, columns so far: 9412241
  Processing partition 3895000/8877691, columns so far: 9414068
  Processing partition 3896000/8877691, columns so far: 9415746
  Processing partition 3897000/8877691, columns so far: 9417596
  Processing partition 3898000/8877691, columns so far: 9419012
  Processing partition 3899000/8877691, columns so far: 9420480
  Processing partition 3900000/8877691, columns so far: 9422032
  Processing partition 3901000/8877691, columns so far: 9423784
  Processing partition 3902000/8877691, columns so far: 9426294
  Processing partition 3903000/8877691, columns so far: 9429698
  Processing partition 3904000/8877691, columns so far: 9431464
  Processing partition 3905000/8877691, columns so far: 9433897
  Processing partition 3906000/8877691, columns so far: 9435660
  Processing partition 3907000/8877691, columns so far: 9437473
  Processing partition 3908000/8877691, columns so far: 9439763
  Processing partition 3909000/8877691, columns so far: 9441647
  Processing partition 3910000/8877691, columns so far: 9443198
  Processing partition 3911000/8877691, columns so far: 9445080
  Processing partition 3912000/8877691, columns so far: 9447159
  Processing partition 3913000/8877691, columns so far: 9448922
  Processing partition 3914000/8877691, columns so far: 9450768
  Processing partition 3915000/8877691, columns so far: 9453078
  Processing partition 3916000/8877691, columns so far: 9454902
  Processing partition 3917000/8877691, columns so far: 9456780
  Processing partition 3918000/8877691, columns so far: 9458561
  Processing partition 3919000/8877691, columns so far: 9460765
  Processing partition 3920000/8877691, columns so far: 9462490
  Processing partition 3921000/8877691, columns so far: 9464356
  Processing partition 3922000/8877691, columns so far: 9466366
  Processing partition 3923000/8877691, columns so far: 9468191
  Processing partition 3924000/8877691, columns so far: 9471486
  Processing partition 3925000/8877691, columns so far: 9475767
  Processing partition 3926000/8877691, columns so far: 9477380
  Processing partition 3927000/8877691, columns so far: 9479015
  Processing partition 3928000/8877691, columns so far: 9480727
  Processing partition 3929000/8877691, columns so far: 9482428
  Processing partition 3930000/8877691, columns so far: 9484138
  Processing partition 3931000/8877691, columns so far: 9485712
  Processing partition 3932000/8877691, columns so far: 9487419
  Processing partition 3933000/8877691, columns so far: 9489125
  Processing partition 3934000/8877691, columns so far: 9491396
  Processing partition 3935000/8877691, columns so far: 9495009
  Processing partition 3936000/8877691, columns so far: 9496564
  Processing partition 3937000/8877691, columns so far: 9498308
  Processing partition 3938000/8877691, columns so far: 9500030
  Processing partition 3939000/8877691, columns so far: 9501534
  Processing partition 3940000/8877691, columns so far: 9503439
  Processing partition 3941000/8877691, columns so far: 9504993
  Processing partition 3942000/8877691, columns so far: 9506493
  Processing partition 3943000/8877691, columns so far: 9508404
  Processing partition 3944000/8877691, columns so far: 9510536
  Processing partition 3945000/8877691, columns so far: 9514320
  Processing partition 3946000/8877691, columns so far: 9515842
  Processing partition 3947000/8877691, columns so far: 9517619
  Processing partition 3948000/8877691, columns so far: 9519275
  Processing partition 3949000/8877691, columns so far: 9520815
  Processing partition 3950000/8877691, columns so far: 9522564
  Processing partition 3951000/8877691, columns so far: 9524062
  Processing partition 3952000/8877691, columns so far: 9525800
  Processing partition 3953000/8877691, columns so far: 9527525
  Processing partition 3954000/8877691, columns so far: 9529926
  Processing partition 3955000/8877691, columns so far: 9533425
  Processing partition 3956000/8877691, columns so far: 9535415
  Processing partition 3957000/8877691, columns so far: 9537756
  Processing partition 3958000/8877691, columns so far: 9539472
  Processing partition 3959000/8877691, columns so far: 9541427
  Processing partition 3960000/8877691, columns so far: 9543246
  Processing partition 3961000/8877691, columns so far: 9545239
  Processing partition 3962000/8877691, columns so far: 9547142
  Processing partition 3963000/8877691, columns so far: 9549052
  Processing partition 3964000/8877691, columns so far: 9551013
  Processing partition 3965000/8877691, columns so far: 9552872
  Processing partition 3966000/8877691, columns so far: 9554723
  Processing partition 3967000/8877691, columns so far: 9557026
  Processing partition 3968000/8877691, columns so far: 9558536
  Processing partition 3969000/8877691, columns so far: 9560736
  Processing partition 3970000/8877691, columns so far: 9562471
  Processing partition 3971000/8877691, columns so far: 9564348
  Processing partition 3972000/8877691, columns so far: 9566453
  Processing partition 3973000/8877691, columns so far: 9568359
  Processing partition 3974000/8877691, columns so far: 9570290
  Processing partition 3975000/8877691, columns so far: 9572113
  Processing partition 3976000/8877691, columns so far: 9575118
  Processing partition 3977000/8877691, columns so far: 9579735
  Processing partition 3978000/8877691, columns so far: 9581552
  Processing partition 3979000/8877691, columns so far: 9583230
  Processing partition 3980000/8877691, columns so far: 9585118
  Processing partition 3981000/8877691, columns so far: 9586634
  Processing partition 3982000/8877691, columns so far: 9588144
  Processing partition 3983000/8877691, columns so far: 9589875
  Processing partition 3984000/8877691, columns so far: 9591430
  Processing partition 3985000/8877691, columns so far: 9593170
  Processing partition 3986000/8877691, columns so far: 9595201
  Processing partition 3987000/8877691, columns so far: 9598708
  Processing partition 3988000/8877691, columns so far: 9600550
  Processing partition 3989000/8877691, columns so far: 9602486
  Processing partition 3990000/8877691, columns so far: 9604150
  Processing partition 3991000/8877691, columns so far: 9605895
  Processing partition 3992000/8877691, columns so far: 9607451
  Processing partition 3993000/8877691, columns so far: 9609207
  Processing partition 3994000/8877691, columns so far: 9610760
  Processing partition 3995000/8877691, columns so far: 9612416
  Processing partition 3996000/8877691, columns so far: 9614288
  Processing partition 3997000/8877691, columns so far: 9617970
  Processing partition 3998000/8877691, columns so far: 9620115
  Processing partition 3999000/8877691, columns so far: 9622429
  Processing partition 4000000/8877691, columns so far: 9624007
  Processing partition 4001000/8877691, columns so far: 9626128
  Processing partition 4002000/8877691, columns so far: 9627885
  Processing partition 4003000/8877691, columns so far: 9629799
  Processing partition 4004000/8877691, columns so far: 9631850
  Processing partition 4005000/8877691, columns so far: 9633757
  Processing partition 4006000/8877691, columns so far: 9635694
  Processing partition 4007000/8877691, columns so far: 9637510
  Processing partition 4008000/8877691, columns so far: 9639308
  Processing partition 4009000/8877691, columns so far: 9641706
  Processing partition 4010000/8877691, columns so far: 9643241
  Processing partition 4011000/8877691, columns so far: 9645145
  Processing partition 4012000/8877691, columns so far: 9647175
  Processing partition 4013000/8877691, columns so far: 9648956
  Processing partition 4014000/8877691, columns so far: 9650714
  Processing partition 4015000/8877691, columns so far: 9653038
  Processing partition 4016000/8877691, columns so far: 9654897
  Processing partition 4017000/8877691, columns so far: 9656727
  Processing partition 4018000/8877691, columns so far: 9659594
  Processing partition 4019000/8877691, columns so far: 9663990
  Processing partition 4020000/8877691, columns so far: 9665940
  Processing partition 4021000/8877691, columns so far: 9667731
  Processing partition 4022000/8877691, columns so far: 9669285
  Processing partition 4023000/8877691, columns so far: 9670923
  Processing partition 4024000/8877691, columns so far: 9672465
  Processing partition 4025000/8877691, columns so far: 9674249
  Processing partition 4026000/8877691, columns so far: 9675840
  Processing partition 4027000/8877691, columns so far: 9677794
  Processing partition 4028000/8877691, columns so far: 9679726
  Processing partition 4029000/8877691, columns so far: 9682980
  Processing partition 4030000/8877691, columns so far: 9685213
  Processing partition 4031000/8877691, columns so far: 9687037
  Processing partition 4032000/8877691, columns so far: 9688593
  Processing partition 4033000/8877691, columns so far: 9690183
  Processing partition 4034000/8877691, columns so far: 9691739
  Processing partition 4035000/8877691, columns so far: 9693260
  Processing partition 4036000/8877691, columns so far: 9695143
  Processing partition 4037000/8877691, columns so far: 9696879
  Processing partition 4038000/8877691, columns so far: 9698823
  Processing partition 4039000/8877691, columns so far: 9702338
  Processing partition 4040000/8877691, columns so far: 9704724
  Processing partition 4041000/8877691, columns so far: 9707101
  Processing partition 4042000/8877691, columns so far: 9708628
  Processing partition 4043000/8877691, columns so far: 9710540
  Processing partition 4044000/8877691, columns so far: 9712565
  Processing partition 4045000/8877691, columns so far: 9714354
  Processing partition 4046000/8877691, columns so far: 9716111
  Processing partition 4047000/8877691, columns so far: 9718436
  Processing partition 4048000/8877691, columns so far: 9720366
  Processing partition 4049000/8877691, columns so far: 9722124
  Processing partition 4050000/8877691, columns so far: 9725130
  Processing partition 4051000/8877691, columns so far: 9729767
  Processing partition 4052000/8877691, columns so far: 9732918
  Processing partition 4053000/8877691, columns so far: 9736688
  Processing partition 4054000/8877691, columns so far: 9740683
  Processing partition 4055000/8877691, columns so far: 9744215
  Processing partition 4056000/8877691, columns so far: 9747714
  Processing partition 4057000/8877691, columns so far: 9752346
  Processing partition 4058000/8877691, columns so far: 9755722
  Processing partition 4059000/8877691, columns so far: 9759596
  Processing partition 4060000/8877691, columns so far: 9765060
  Processing partition 4061000/8877691, columns so far: 9772729
  Processing partition 4062000/8877691, columns so far: 9776096
  Processing partition 4063000/8877691, columns so far: 9777906
  Processing partition 4064000/8877691, columns so far: 9779527
  Processing partition 4065000/8877691, columns so far: 9781077
  Processing partition 4066000/8877691, columns so far: 9782936
  Processing partition 4067000/8877691, columns so far: 9784482
  Processing partition 4068000/8877691, columns so far: 9786273
  Processing partition 4069000/8877691, columns so far: 9787936
  Processing partition 4070000/8877691, columns so far: 9789660
  Processing partition 4071000/8877691, columns so far: 9792762
  Processing partition 4072000/8877691, columns so far: 9795364
  Processing partition 4073000/8877691, columns so far: 9796784
  Processing partition 4074000/8877691, columns so far: 9798364
  Processing partition 4075000/8877691, columns so far: 9799803
  Processing partition 4076000/8877691, columns so far: 9801206
  Processing partition 4077000/8877691, columns so far: 9802758
  Processing partition 4078000/8877691, columns so far: 9804112
  Processing partition 4079000/8877691, columns so far: 9805696
  Processing partition 4080000/8877691, columns so far: 9808763
  Processing partition 4081000/8877691, columns so far: 9810156
  Processing partition 4082000/8877691, columns so far: 9811659
  Processing partition 4083000/8877691, columns so far: 9813173
  Processing partition 4084000/8877691, columns so far: 9814687
  Processing partition 4085000/8877691, columns so far: 9816100
  Processing partition 4086000/8877691, columns so far: 9817578
  Processing partition 4087000/8877691, columns so far: 9818976
  Processing partition 4088000/8877691, columns so far: 9821113
  Processing partition 4089000/8877691, columns so far: 9823719
  Processing partition 4090000/8877691, columns so far: 9825400
  Processing partition 4091000/8877691, columns so far: 9826954
  Processing partition 4092000/8877691, columns so far: 9828677
  Processing partition 4093000/8877691, columns so far: 9830387
  Processing partition 4094000/8877691, columns so far: 9832138
  Processing partition 4095000/8877691, columns so far: 9833740
  Processing partition 4096000/8877691, columns so far: 9835366
  Processing partition 4097000/8877691, columns so far: 9837080
  Processing partition 4098000/8877691, columns so far: 9838809
  Processing partition 4099000/8877691, columns so far: 9840868
  Processing partition 4100000/8877691, columns so far: 9842745
  Processing partition 4101000/8877691, columns so far: 9844666
  Processing partition 4102000/8877691, columns so far: 9846582
  Processing partition 4103000/8877691, columns so far: 9848436
  Processing partition 4104000/8877691, columns so far: 9850199
  Processing partition 4105000/8877691, columns so far: 9852540
  Processing partition 4106000/8877691, columns so far: 9854124
  Processing partition 4107000/8877691, columns so far: 9856212
  Processing partition 4108000/8877691, columns so far: 9857915
  Processing partition 4109000/8877691, columns so far: 9859820
  Processing partition 4110000/8877691, columns so far: 9861222
  Processing partition 4111000/8877691, columns so far: 9862710
  Processing partition 4112000/8877691, columns so far: 9864433
  Processing partition 4113000/8877691, columns so far: 9866108
  Processing partition 4114000/8877691, columns so far: 9867900
  Processing partition 4115000/8877691, columns so far: 9869531
  Processing partition 4116000/8877691, columns so far: 9871272
  Processing partition 4117000/8877691, columns so far: 9873814
  Processing partition 4118000/8877691, columns so far: 9877128
  Processing partition 4119000/8877691, columns so far: 9878680
  Processing partition 4120000/8877691, columns so far: 9879992
  Processing partition 4121000/8877691, columns so far: 9881346
  Processing partition 4122000/8877691, columns so far: 9882732
  Processing partition 4123000/8877691, columns so far: 9884228
  Processing partition 4124000/8877691, columns so far: 9885753
  Processing partition 4125000/8877691, columns so far: 9887263
  Processing partition 4126000/8877691, columns so far: 9889862
  Processing partition 4127000/8877691, columns so far: 9892116
  Processing partition 4128000/8877691, columns so far: 9894016
  Processing partition 4129000/8877691, columns so far: 9895572
  Processing partition 4130000/8877691, columns so far: 9896992
  Processing partition 4131000/8877691, columns so far: 9898631
  Processing partition 4132000/8877691, columns so far: 9900394
  Processing partition 4133000/8877691, columns so far: 9902080
  Processing partition 4134000/8877691, columns so far: 9904008
  Processing partition 4135000/8877691, columns so far: 9905534
  Processing partition 4136000/8877691, columns so far: 9908338
  Processing partition 4137000/8877691, columns so far: 9911966
  Processing partition 4138000/8877691, columns so far: 9915064
  Processing partition 4139000/8877691, columns so far: 9918238
  Processing partition 4140000/8877691, columns so far: 9921340
  Processing partition 4141000/8877691, columns so far: 9924839
  Processing partition 4142000/8877691, columns so far: 9928114
  Processing partition 4143000/8877691, columns so far: 9932002
  Processing partition 4144000/8877691, columns so far: 9935256
  Processing partition 4145000/8877691, columns so far: 9941315
  Processing partition 4146000/8877691, columns so far: 9945454
  Processing partition 4147000/8877691, columns so far: 9947305
  Processing partition 4148000/8877691, columns so far: 9948902
  Processing partition 4149000/8877691, columns so far: 9950425
  Processing partition 4150000/8877691, columns so far: 9951976
  Processing partition 4151000/8877691, columns so far: 9953857
  Processing partition 4152000/8877691, columns so far: 9955384
  Processing partition 4153000/8877691, columns so far: 9957290
  Processing partition 4154000/8877691, columns so far: 9958850
  Processing partition 4155000/8877691, columns so far: 9961942
  Processing partition 4156000/8877691, columns so far: 9964762
  Processing partition 4157000/8877691, columns so far: 9966180
  Processing partition 4158000/8877691, columns so far: 9967760
  Processing partition 4159000/8877691, columns so far: 9969050
  Processing partition 4160000/8877691, columns so far: 9970640
  Processing partition 4161000/8877691, columns so far: 9971956
  Processing partition 4162000/8877691, columns so far: 9973512
  Processing partition 4163000/8877691, columns so far: 9974884
  Processing partition 4164000/8877691, columns so far: 9977654
  Processing partition 4165000/8877691, columns so far: 9979503
  Processing partition 4166000/8877691, columns so far: 9981058
  Processing partition 4167000/8877691, columns so far: 9982531
  Processing partition 4168000/8877691, columns so far: 9983944
  Processing partition 4169000/8877691, columns so far: 9985504
  Processing partition 4170000/8877691, columns so far: 9986820
  Processing partition 4171000/8877691, columns so far: 9988388
  Processing partition 4172000/8877691, columns so far: 9990258
  Processing partition 4173000/8877691, columns so far: 9993051
  Processing partition 4174000/8877691, columns so far: 9994611
  Processing partition 4175000/8877691, columns so far: 9996352
  Processing partition 4176000/8877691, columns so far: 9998078
  Processing partition 4177000/8877691, columns so far: 9999576
  Processing partition 4178000/8877691, columns so far: 10001482
  Processing partition 4179000/8877691, columns so far: 10003036
  Processing partition 4180000/8877691, columns so far: 10004538
  Processing partition 4181000/8877691, columns so far: 10006447
  Processing partition 4182000/8877691, columns so far: 10008007
  Processing partition 4183000/8877691, columns so far: 10009912
  Processing partition 4184000/8877691, columns so far: 10011272
  Processing partition 4185000/8877691, columns so far: 10012814
  Processing partition 4186000/8877691, columns so far: 10014504
  Processing partition 4187000/8877691, columns so far: 10016201
  Processing partition 4188000/8877691, columns so far: 10017938
  Processing partition 4189000/8877691, columns so far: 10019522
  Processing partition 4190000/8877691, columns so far: 10021363
  Processing partition 4191000/8877691, columns so far: 10024192
  Processing partition 4192000/8877691, columns so far: 10027304
  Processing partition 4193000/8877691, columns so far: 10028976
  Processing partition 4194000/8877691, columns so far: 10030558
  Processing partition 4195000/8877691, columns so far: 10032110
  Processing partition 4196000/8877691, columns so far: 10033782
  Processing partition 4197000/8877691, columns so far: 10035452
  Processing partition 4198000/8877691, columns so far: 10037240
  Processing partition 4199000/8877691, columns so far: 10038766
  Processing partition 4200000/8877691, columns so far: 10040647
  Processing partition 4201000/8877691, columns so far: 10042208
  Processing partition 4202000/8877691, columns so far: 10044118
  Processing partition 4203000/8877691, columns so far: 10045674
  Processing partition 4204000/8877691, columns so far: 10047018
  Processing partition 4205000/8877691, columns so far: 10048728
  Processing partition 4206000/8877691, columns so far: 10050226
  Processing partition 4207000/8877691, columns so far: 10052173
  Processing partition 4208000/8877691, columns so far: 10053732
  Processing partition 4209000/8877691, columns so far: 10055603
  Processing partition 4210000/8877691, columns so far: 10058769
  Processing partition 4211000/8877691, columns so far: 10061520
  Processing partition 4212000/8877691, columns so far: 10063426
  Processing partition 4213000/8877691, columns so far: 10064810
  Processing partition 4214000/8877691, columns so far: 10066301
  Processing partition 4215000/8877691, columns so far: 10067984
  Processing partition 4216000/8877691, columns so far: 10069533
  Processing partition 4217000/8877691, columns so far: 10071492
  Processing partition 4218000/8877691, columns so far: 10073028
  Processing partition 4219000/8877691, columns so far: 10074769
  Processing partition 4220000/8877691, columns so far: 10077396
  Processing partition 4221000/8877691, columns so far: 10081138
  Processing partition 4222000/8877691, columns so far: 10084264
  Processing partition 4223000/8877691, columns so far: 10087406
  Processing partition 4224000/8877691, columns so far: 10090455
  Processing partition 4225000/8877691, columns so far: 10093449
  Processing partition 4226000/8877691, columns so far: 10097264
  Processing partition 4227000/8877691, columns so far: 10100640
  Processing partition 4228000/8877691, columns so far: 10104147
  Processing partition 4229000/8877691, columns so far: 10110807
  Processing partition 4230000/8877691, columns so far: 10114810
  Processing partition 4231000/8877691, columns so far: 10116709
  Processing partition 4232000/8877691, columns so far: 10118269
  Processing partition 4233000/8877691, columns so far: 10119792
  Processing partition 4234000/8877691, columns so far: 10121317
  Processing partition 4235000/8877691, columns so far: 10123108
  Processing partition 4236000/8877691, columns so far: 10124758
  Processing partition 4237000/8877691, columns so far: 10126344
  Processing partition 4238000/8877691, columns so far: 10128202
  Processing partition 4239000/8877691, columns so far: 10131012
  Processing partition 4240000/8877691, columns so far: 10134104
  Processing partition 4241000/8877691, columns so far: 10135604
  Processing partition 4242000/8877691, columns so far: 10137163
  Processing partition 4243000/8877691, columns so far: 10138480
  Processing partition 4244000/8877691, columns so far: 10140040
  Processing partition 4245000/8877691, columns so far: 10141356
  Processing partition 4246000/8877691, columns so far: 10142681
  Processing partition 4247000/8877691, columns so far: 10144237
  Processing partition 4248000/8877691, columns so far: 10146712
  Processing partition 4249000/8877691, columns so far: 10148902
  Processing partition 4250000/8877691, columns so far: 10150486
  Processing partition 4251000/8877691, columns so far: 10151890
  Processing partition 4252000/8877691, columns so far: 10153338
  Processing partition 4253000/8877691, columns so far: 10154860
  Processing partition 4254000/8877691, columns so far: 10156232
  Processing partition 4255000/8877691, columns so far: 10157637
  Processing partition 4256000/8877691, columns so far: 10159304
  Processing partition 4257000/8877691, columns so far: 10162418
  Processing partition 4258000/8877691, columns so far: 10163958
  Processing partition 4259000/8877691, columns so far: 10165772
  Processing partition 4260000/8877691, columns so far: 10167420
  Processing partition 4261000/8877691, columns so far: 10168962
  Processing partition 4262000/8877691, columns so far: 10170650
  Processing partition 4263000/8877691, columns so far: 10172198
  Processing partition 4264000/8877691, columns so far: 10173922
  Processing partition 4265000/8877691, columns so far: 10175653
  Processing partition 4266000/8877691, columns so far: 10177406
  Processing partition 4267000/8877691, columns so far: 10179002
  Processing partition 4268000/8877691, columns so far: 10180638
  Processing partition 4269000/8877691, columns so far: 10182216
  Processing partition 4270000/8877691, columns so far: 10183870
  Processing partition 4271000/8877691, columns so far: 10185430
  Processing partition 4272000/8877691, columns so far: 10187335
  Processing partition 4273000/8877691, columns so far: 10188857
  Processing partition 4274000/8877691, columns so far: 10190626
  Processing partition 4275000/8877691, columns so far: 10192988
  Processing partition 4276000/8877691, columns so far: 10196630
  Processing partition 4277000/8877691, columns so far: 10198104
  Processing partition 4278000/8877691, columns so far: 10199476
  Processing partition 4279000/8877691, columns so far: 10200844
  Processing partition 4280000/8877691, columns so far: 10202168
  Processing partition 4281000/8877691, columns so far: 10203690
  Processing partition 4282000/8877691, columns so far: 10205190
  Processing partition 4283000/8877691, columns so far: 10206721
  Processing partition 4284000/8877691, columns so far: 10209026
  Processing partition 4285000/8877691, columns so far: 10211602
  Processing partition 4286000/8877691, columns so far: 10213518
  Processing partition 4287000/8877691, columns so far: 10214862
  Processing partition 4288000/8877691, columns so far: 10216399
  Processing partition 4289000/8877691, columns so far: 10218070
  Processing partition 4290000/8877691, columns so far: 10219604
  Processing partition 4291000/8877691, columns so far: 10221537
  Processing partition 4292000/8877691, columns so far: 10223098
  Processing partition 4293000/8877691, columns so far: 10224855
  Processing partition 4294000/8877691, columns so far: 10226727
  Processing partition 4295000/8877691, columns so far: 10229114
  Processing partition 4296000/8877691, columns so far: 10230670
  Processing partition 4297000/8877691, columns so far: 10232580
  Processing partition 4298000/8877691, columns so far: 10234601
  Processing partition 4299000/8877691, columns so far: 10236363
  Processing partition 4300000/8877691, columns so far: 10238126
  Processing partition 4301000/8877691, columns so far: 10240484
  Processing partition 4302000/8877691, columns so far: 10242189
  Processing partition 4303000/8877691, columns so far: 10244139
  Processing partition 4304000/8877691, columns so far: 10246979
  Processing partition 4305000/8877691, columns so far: 10250972
  Processing partition 4306000/8877691, columns so far: 10254768
  Processing partition 4307000/8877691, columns so far: 10258578
  Processing partition 4308000/8877691, columns so far: 10262358
  Processing partition 4309000/8877691, columns so far: 10266034
  Processing partition 4310000/8877691, columns so far: 10269557
  Processing partition 4311000/8877691, columns so far: 10274140
  Processing partition 4312000/8877691, columns so far: 10277256
  Processing partition 4313000/8877691, columns so far: 10281439
  Processing partition 4314000/8877691, columns so far: 10284367
  Processing partition 4315000/8877691, columns so far: 10286211
  Processing partition 4316000/8877691, columns so far: 10288336
  Processing partition 4317000/8877691, columns so far: 10290379
  Processing partition 4318000/8877691, columns so far: 10292130
  Processing partition 4319000/8877691, columns so far: 10293964
  Processing partition 4320000/8877691, columns so far: 10296224
  Processing partition 4321000/8877691, columns so far: 10298138
  Processing partition 4322000/8877691, columns so far: 10299661
  Processing partition 4323000/8877691, columns so far: 10301774
  Processing partition 4324000/8877691, columns so far: 10304243
  Processing partition 4325000/8877691, columns so far: 10307748
  Processing partition 4326000/8877691, columns so far: 10311213
  Processing partition 4327000/8877691, columns so far: 10312976
  Processing partition 4328000/8877691, columns so far: 10314742
  Processing partition 4329000/8877691, columns so far: 10316388
  Processing partition 4330000/8877691, columns so far: 10317913
  Processing partition 4331000/8877691, columns so far: 10319752
  Processing partition 4332000/8877691, columns so far: 10321305
  Processing partition 4333000/8877691, columns so far: 10322906
  Processing partition 4334000/8877691, columns so far: 10324439
  Processing partition 4335000/8877691, columns so far: 10327394
  Processing partition 4336000/8877691, columns so far: 10330351
  Processing partition 4337000/8877691, columns so far: 10332255
  Processing partition 4338000/8877691, columns so far: 10333772
  Processing partition 4339000/8877691, columns so far: 10335597
  Processing partition 4340000/8877691, columns so far: 10337220
  Processing partition 4341000/8877691, columns so far: 10339044
  Processing partition 4342000/8877691, columns so far: 10340599
  Processing partition 4343000/8877691, columns so far: 10342156
  Processing partition 4344000/8877691, columns so far: 10343730
  Processing partition 4345000/8877691, columns so far: 10347042
  Processing partition 4346000/8877691, columns so far: 10349770
  Processing partition 4347000/8877691, columns so far: 10351663
  Processing partition 4348000/8877691, columns so far: 10353759
  Processing partition 4349000/8877691, columns so far: 10355782
  Processing partition 4350000/8877691, columns so far: 10357545
  Processing partition 4351000/8877691, columns so far: 10359358
  Processing partition 4352000/8877691, columns so far: 10361621
  Processing partition 4353000/8877691, columns so far: 10363525
  Processing partition 4354000/8877691, columns so far: 10365058
  Processing partition 4355000/8877691, columns so far: 10367172
  Processing partition 4356000/8877691, columns so far: 10369026
  Processing partition 4357000/8877691, columns so far: 10370807
  Processing partition 4358000/8877691, columns so far: 10373010
  Processing partition 4359000/8877691, columns so far: 10374924
  Processing partition 4360000/8877691, columns so far: 10376764
  Processing partition 4361000/8877691, columns so far: 10378668
  Processing partition 4362000/8877691, columns so far: 10380404
  Processing partition 4363000/8877691, columns so far: 10382601
  Processing partition 4364000/8877691, columns so far: 10384336
  Processing partition 4365000/8877691, columns so far: 10386417
  Processing partition 4366000/8877691, columns so far: 10388596
  Processing partition 4367000/8877691, columns so far: 10392283
  Processing partition 4368000/8877691, columns so far: 10395686
  Processing partition 4369000/8877691, columns so far: 10397582
  Processing partition 4370000/8877691, columns so far: 10399137
  Processing partition 4371000/8877691, columns so far: 10400574
  Processing partition 4372000/8877691, columns so far: 10402200
  Processing partition 4373000/8877691, columns so far: 10403960
  Processing partition 4374000/8877691, columns so far: 10405652
  Processing partition 4375000/8877691, columns so far: 10407576
  Processing partition 4376000/8877691, columns so far: 10409099
  Processing partition 4377000/8877691, columns so far: 10411847
  Processing partition 4378000/8877691, columns so far: 10414982
  Processing partition 4379000/8877691, columns so far: 10416898
  Processing partition 4380000/8877691, columns so far: 10418334
  Processing partition 4381000/8877691, columns so far: 10419774
  Processing partition 4382000/8877691, columns so far: 10421507
  Processing partition 4383000/8877691, columns so far: 10423006
  Processing partition 4384000/8877691, columns so far: 10424964
  Processing partition 4385000/8877691, columns so far: 10426506
  Processing partition 4386000/8877691, columns so far: 10428269
  Processing partition 4387000/8877691, columns so far: 10431459
  Processing partition 4388000/8877691, columns so far: 10434414
  Processing partition 4389000/8877691, columns so far: 10436204
  Processing partition 4390000/8877691, columns so far: 10438398
  Processing partition 4391000/8877691, columns so far: 10440313
  Processing partition 4392000/8877691, columns so far: 10442212
  Processing partition 4393000/8877691, columns so far: 10444065
  Processing partition 4394000/8877691, columns so far: 10445803
  Processing partition 4395000/8877691, columns so far: 10448206
  Processing partition 4396000/8877691, columns so far: 10449746
  Processing partition 4397000/8877691, columns so far: 10451815
  Processing partition 4398000/8877691, columns so far: 10454205
  Processing partition 4399000/8877691, columns so far: 10457735
  Processing partition 4400000/8877691, columns so far: 10462164
  Processing partition 4401000/8877691, columns so far: 10466083
  Processing partition 4402000/8877691, columns so far: 10469617
  Processing partition 4403000/8877691, columns so far: 10473124
  Processing partition 4404000/8877691, columns so far: 10477766
  Processing partition 4405000/8877691, columns so far: 10481002
  Processing partition 4406000/8877691, columns so far: 10484548
  Processing partition 4407000/8877691, columns so far: 10488690
  Processing partition 4408000/8877691, columns so far: 10492700
  Processing partition 4409000/8877691, columns so far: 10499767
  Processing partition 4410000/8877691, columns so far: 10506934
  Processing partition 4411000/8877691, columns so far: 10510476
  Processing partition 4412000/8877691, columns so far: 10513492
  Processing partition 4413000/8877691, columns so far: 10517334
  Processing partition 4414000/8877691, columns so far: 10520386
  Processing partition 4415000/8877691, columns so far: 10524026
  Processing partition 4416000/8877691, columns so far: 10527150
  Processing partition 4417000/8877691, columns so far: 10530086
  Processing partition 4418000/8877691, columns so far: 10533330
  Processing partition 4419000/8877691, columns so far: 10538780
  Processing partition 4420000/8877691, columns so far: 10544940
  Processing partition 4421000/8877691, columns so far: 10548645
  Processing partition 4422000/8877691, columns so far: 10551732
  Processing partition 4423000/8877691, columns so far: 10555266
  Processing partition 4424000/8877691, columns so far: 10558557
  Processing partition 4425000/8877691, columns so far: 10562234
  Processing partition 4426000/8877691, columns so far: 10565212
  Processing partition 4427000/8877691, columns so far: 10568034
  Processing partition 4428000/8877691, columns so far: 10571612
  Processing partition 4429000/8877691, columns so far: 10577197
  Processing partition 4430000/8877691, columns so far: 10583311
  Processing partition 4431000/8877691, columns so far: 10586799
  Processing partition 4432000/8877691, columns so far: 10591266
  Processing partition 4433000/8877691, columns so far: 10595193
  Processing partition 4434000/8877691, columns so far: 10598681
  Processing partition 4435000/8877691, columns so far: 10602235
  Processing partition 4436000/8877691, columns so far: 10606800
  Processing partition 4437000/8877691, columns so far: 10610141
  Processing partition 4438000/8877691, columns so far: 10613596
  Processing partition 4439000/8877691, columns so far: 10617787
  Processing partition 4440000/8877691, columns so far: 10621286
  Processing partition 4441000/8877691, columns so far: 10624968
  Processing partition 4442000/8877691, columns so far: 10629408
  Processing partition 4443000/8877691, columns so far: 10633060
  Processing partition 4444000/8877691, columns so far: 10636221
  Processing partition 4445000/8877691, columns so far: 10640357
  Processing partition 4446000/8877691, columns so far: 10643964
  Processing partition 4447000/8877691, columns so far: 10647780
  Processing partition 4448000/8877691, columns so far: 10651763
  Processing partition 4449000/8877691, columns so far: 10655848
  Processing partition 4450000/8877691, columns so far: 10659666
  Processing partition 4451000/8877691, columns so far: 10666448
  Processing partition 4452000/8877691, columns so far: 10673876
  Processing partition 4453000/8877691, columns so far: 10677658
  Processing partition 4454000/8877691, columns so far: 10680454
  Processing partition 4455000/8877691, columns so far: 10683432
  Processing partition 4456000/8877691, columns so far: 10686868
  Processing partition 4457000/8877691, columns so far: 10690202
  Processing partition 4458000/8877691, columns so far: 10693762
  Processing partition 4459000/8877691, columns so far: 10697002
  Processing partition 4460000/8877691, columns so far: 10700473
  Processing partition 4461000/8877691, columns so far: 10705504
  Processing partition 4462000/8877691, columns so far: 10712060
  Processing partition 4463000/8877691, columns so far: 10715531
  Processing partition 4464000/8877691, columns so far: 10718530
  Processing partition 4465000/8877691, columns so far: 10721644
  Processing partition 4466000/8877691, columns so far: 10724980
  Processing partition 4467000/8877691, columns so far: 10728054
  Processing partition 4468000/8877691, columns so far: 10731868
  Processing partition 4469000/8877691, columns so far: 10734947
  Processing partition 4470000/8877691, columns so far: 10738489
  Processing partition 4471000/8877691, columns so far: 10744062
  Processing partition 4472000/8877691, columns so far: 10750342
  Processing partition 4473000/8877691, columns so far: 10754057
  Processing partition 4474000/8877691, columns so far: 10758446
  Processing partition 4475000/8877691, columns so far: 10762214
  Processing partition 4476000/8877691, columns so far: 10765438
  Processing partition 4477000/8877691, columns so far: 10769405
  Processing partition 4478000/8877691, columns so far: 10773089
  Processing partition 4479000/8877691, columns so far: 10776934
  Processing partition 4480000/8877691, columns so far: 10780817
  Processing partition 4481000/8877691, columns so far: 10784960
  Processing partition 4482000/8877691, columns so far: 10788820
  Processing partition 4483000/8877691, columns so far: 10795841
  Processing partition 4484000/8877691, columns so far: 10804512
  Processing partition 4485000/8877691, columns so far: 10811642
  Processing partition 4486000/8877691, columns so far: 10817756
  Processing partition 4487000/8877691, columns so far: 10825733
  Processing partition 4488000/8877691, columns so far: 10832852
  Processing partition 4489000/8877691, columns so far: 10839764
  Processing partition 4490000/8877691, columns so far: 10847779
  Processing partition 4491000/8877691, columns so far: 10855760
  Processing partition 4492000/8877691, columns so far: 10862668
  Processing partition 4493000/8877691, columns so far: 10875378
  Processing partition 4494000/8877691, columns so far: 10887730
  Processing partition 4495000/8877691, columns so far: 10889487
  Processing partition 4496000/8877691, columns so far: 10891731
  Processing partition 4497000/8877691, columns so far: 10893742
  Processing partition 4498000/8877691, columns so far: 10895500
  Processing partition 4499000/8877691, columns so far: 10897349
  Processing partition 4500000/8877691, columns so far: 10899578
  Processing partition 4501000/8877691, columns so far: 10901430
  Processing partition 4502000/8877691, columns so far: 10903017
  Processing partition 4503000/8877691, columns so far: 10905148
  Processing partition 4504000/8877691, columns so far: 10907421
  Processing partition 4505000/8877691, columns so far: 10911004
  Processing partition 4506000/8877691, columns so far: 10914587
  Processing partition 4507000/8877691, columns so far: 10916346
  Processing partition 4508000/8877691, columns so far: 10917996
  Processing partition 4509000/8877691, columns so far: 10919783
  Processing partition 4510000/8877691, columns so far: 10921293
  Processing partition 4511000/8877691, columns so far: 10923137
  Processing partition 4512000/8877691, columns so far: 10924697
  Processing partition 4513000/8877691, columns so far: 10926261
  Processing partition 4514000/8877691, columns so far: 10927818
  Processing partition 4515000/8877691, columns so far: 10930723
  Processing partition 4516000/8877691, columns so far: 10933735
  Processing partition 4517000/8877691, columns so far: 10935619
  Processing partition 4518000/8877691, columns so far: 10937139
  Processing partition 4519000/8877691, columns so far: 10938978
  Processing partition 4520000/8877691, columns so far: 10940600
  Processing partition 4521000/8877691, columns so far: 10942439
  Processing partition 4522000/8877691, columns so far: 10943991
  Processing partition 4523000/8877691, columns so far: 10945445
  Processing partition 4524000/8877691, columns so far: 10947098
  Processing partition 4525000/8877691, columns so far: 10950329
  Processing partition 4526000/8877691, columns so far: 10953135
  Processing partition 4527000/8877691, columns so far: 10954936
  Processing partition 4528000/8877691, columns so far: 10957117
  Processing partition 4529000/8877691, columns so far: 10959148
  Processing partition 4530000/8877691, columns so far: 10960898
  Processing partition 4531000/8877691, columns so far: 10962742
  Processing partition 4532000/8877691, columns so far: 10964999
  Processing partition 4533000/8877691, columns so far: 10966905
  Processing partition 4534000/8877691, columns so far: 10968428
  Processing partition 4535000/8877691, columns so far: 10970542
  Processing partition 4536000/8877691, columns so far: 10972401
  Processing partition 4537000/8877691, columns so far: 10974163
  Processing partition 4538000/8877691, columns so far: 10976390
  Processing partition 4539000/8877691, columns so far: 10978304
  Processing partition 4540000/8877691, columns so far: 10980010
  Processing partition 4541000/8877691, columns so far: 10981942
  Processing partition 4542000/8877691, columns so far: 10983784
  Processing partition 4543000/8877691, columns so far: 10985812
  Processing partition 4544000/8877691, columns so far: 10987693
  Processing partition 4545000/8877691, columns so far: 10989797
  Processing partition 4546000/8877691, columns so far: 10991824
  Processing partition 4547000/8877691, columns so far: 10995539
  Processing partition 4548000/8877691, columns so far: 10999066
  Processing partition 4549000/8877691, columns so far: 11000971
  Processing partition 4550000/8877691, columns so far: 11002527
  Processing partition 4551000/8877691, columns so far: 11003865
  Processing partition 4552000/8877691, columns so far: 11005580
  Processing partition 4553000/8877691, columns so far: 11007317
  Processing partition 4554000/8877691, columns so far: 11009026
  Processing partition 4555000/8877691, columns so far: 11010836
  Processing partition 4556000/8877691, columns so far: 11012456
  Processing partition 4557000/8877691, columns so far: 11015146
  Processing partition 4558000/8877691, columns so far: 11018367
  Processing partition 4559000/8877691, columns so far: 11020278
  Processing partition 4560000/8877691, columns so far: 11021659
  Processing partition 4561000/8877691, columns so far: 11023154
  Processing partition 4562000/8877691, columns so far: 11024832
  Processing partition 4563000/8877691, columns so far: 11026386
  Processing partition 4564000/8877691, columns so far: 11028331
  Processing partition 4565000/8877691, columns so far: 11029871
  Processing partition 4566000/8877691, columns so far: 11031621
  Processing partition 4567000/8877691, columns so far: 11034691
  Processing partition 4568000/8877691, columns so far: 11037798
  Processing partition 4569000/8877691, columns so far: 11039557
  Processing partition 4570000/8877691, columns so far: 11041788
  Processing partition 4571000/8877691, columns so far: 11043693
  Processing partition 4572000/8877691, columns so far: 11045489
  Processing partition 4573000/8877691, columns so far: 11047392
  Processing partition 4574000/8877691, columns so far: 11049177
  Processing partition 4575000/8877691, columns so far: 11051285
  Processing partition 4576000/8877691, columns so far: 11053105
  Processing partition 4577000/8877691, columns so far: 11055190
  Processing partition 4578000/8877691, columns so far: 11057309
  Processing partition 4579000/8877691, columns so far: 11060987
  Processing partition 4580000/8877691, columns so far: 11065413
  Processing partition 4581000/8877691, columns so far: 11069191
  Processing partition 4582000/8877691, columns so far: 11072871
  Processing partition 4583000/8877691, columns so far: 11076376
  Processing partition 4584000/8877691, columns so far: 11080999
  Processing partition 4585000/8877691, columns so far: 11084157
  Processing partition 4586000/8877691, columns so far: 11087853
  Processing partition 4587000/8877691, columns so far: 11091920
  Processing partition 4588000/8877691, columns so far: 11095757
  Processing partition 4589000/8877691, columns so far: 11102767
  Processing partition 4590000/8877691, columns so far: 11109380
  Processing partition 4591000/8877691, columns so far: 11111284
  Processing partition 4592000/8877691, columns so far: 11113368
  Processing partition 4593000/8877691, columns so far: 11115392
  Processing partition 4594000/8877691, columns so far: 11117156
  Processing partition 4595000/8877691, columns so far: 11118972
  Processing partition 4596000/8877691, columns so far: 11121231
  Processing partition 4597000/8877691, columns so far: 11123135
  Processing partition 4598000/8877691, columns so far: 11124669
  Processing partition 4599000/8877691, columns so far: 11126781
  Processing partition 4600000/8877691, columns so far: 11128658
  Processing partition 4601000/8877691, columns so far: 11130417
  Processing partition 4602000/8877691, columns so far: 11131967
  Processing partition 4603000/8877691, columns so far: 11133891
  Processing partition 4604000/8877691, columns so far: 11135448
  Processing partition 4605000/8877691, columns so far: 11137292
  Processing partition 4606000/8877691, columns so far: 11138693
  Processing partition 4607000/8877691, columns so far: 11140173
  Processing partition 4608000/8877691, columns so far: 11141911
  Processing partition 4609000/8877691, columns so far: 11144407
  Processing partition 4610000/8877691, columns so far: 11147837
  Processing partition 4611000/8877691, columns so far: 11149347
  Processing partition 4612000/8877691, columns so far: 11150884
  Processing partition 4613000/8877691, columns so far: 11152415
  Processing partition 4614000/8877691, columns so far: 11153793
  Processing partition 4615000/8877691, columns so far: 11155243
  Processing partition 4616000/8877691, columns so far: 11156555
  Processing partition 4617000/8877691, columns so far: 11157987
  Processing partition 4618000/8877691, columns so far: 11160565
  Processing partition 4619000/8877691, columns so far: 11162893
  Processing partition 4620000/8877691, columns so far: 11164669
  Processing partition 4621000/8877691, columns so far: 11166185
  Processing partition 4622000/8877691, columns so far: 11168125
  Processing partition 4623000/8877691, columns so far: 11169649
  Processing partition 4624000/8877691, columns so far: 11171489
  Processing partition 4625000/8877691, columns so far: 11173053
  Processing partition 4626000/8877691, columns so far: 11174491
  Processing partition 4627000/8877691, columns so far: 11176149
  Processing partition 4628000/8877691, columns so far: 11177867
  Processing partition 4629000/8877691, columns so far: 11179579
  Processing partition 4630000/8877691, columns so far: 11181485
  Processing partition 4631000/8877691, columns so far: 11182835
  Processing partition 4632000/8877691, columns so far: 11184593
  Processing partition 4633000/8877691, columns so far: 11186105
  Processing partition 4634000/8877691, columns so far: 11187917
  Processing partition 4635000/8877691, columns so far: 11189541
  Processing partition 4636000/8877691, columns so far: 11191067
  Processing partition 4637000/8877691, columns so far: 11194179
  Processing partition 4638000/8877691, columns so far: 11196937
  Processing partition 4639000/8877691, columns so far: 11198391
  Processing partition 4640000/8877691, columns so far: 11199907
  Processing partition 4641000/8877691, columns so far: 11201277
  Processing partition 4642000/8877691, columns so far: 11202665
  Processing partition 4643000/8877691, columns so far: 11204163
  Processing partition 4644000/8877691, columns so far: 11205721
  Processing partition 4645000/8877691, columns so far: 11207109
  Processing partition 4646000/8877691, columns so far: 11209915
  Processing partition 4647000/8877691, columns so far: 11211864
  Processing partition 4648000/8877691, columns so far: 11213265
  Processing partition 4649000/8877691, columns so far: 11214743
  Processing partition 4650000/8877691, columns so far: 11216131
  Processing partition 4651000/8877691, columns so far: 11217447
  Processing partition 4652000/8877691, columns so far: 11219023
  Processing partition 4653000/8877691, columns so far: 11220492
  Processing partition 4654000/8877691, columns so far: 11222485
  Processing partition 4655000/8877691, columns so far: 11225315
  Processing partition 4656000/8877691, columns so far: 11227153
  Processing partition 4657000/8877691, columns so far: 11228737
  Processing partition 4658000/8877691, columns so far: 11230589
  Processing partition 4659000/8877691, columns so far: 11232201
  Processing partition 4660000/8877691, columns so far: 11233723
  Processing partition 4661000/8877691, columns so far: 11235255
  Processing partition 4662000/8877691, columns so far: 11236985
  Processing partition 4663000/8877691, columns so far: 11238691
  Processing partition 4664000/8877691, columns so far: 11241157
  Processing partition 4665000/8877691, columns so far: 11244658
  Processing partition 4666000/8877691, columns so far: 11247745
  Processing partition 4667000/8877691, columns so far: 11251625
  Processing partition 4668000/8877691, columns so far: 11254641
  Processing partition 4669000/8877691, columns so far: 11258293
  Processing partition 4670000/8877691, columns so far: 11261275
  Processing partition 4671000/8877691, columns so far: 11264045
  Processing partition 4672000/8877691, columns so far: 11267623
  Processing partition 4673000/8877691, columns so far: 11272825
  Processing partition 4674000/8877691, columns so far: 11278741
  Processing partition 4675000/8877691, columns so far: 11280509
  Processing partition 4676000/8877691, columns so far: 11282049
  Processing partition 4677000/8877691, columns so far: 11283987
  Processing partition 4678000/8877691, columns so far: 11285501
  Processing partition 4679000/8877691, columns so far: 11287385
  Processing partition 4680000/8877691, columns so far: 11288745
  Processing partition 4681000/8877691, columns so far: 11290265
  Processing partition 4682000/8877691, columns so far: 11292004
  Processing partition 4683000/8877691, columns so far: 11294716
  Processing partition 4684000/8877691, columns so far: 11297915
  Processing partition 4685000/8877691, columns so far: 11299769
  Processing partition 4686000/8877691, columns so far: 11301381
  Processing partition 4687000/8877691, columns so far: 11303292
  Processing partition 4688000/8877691, columns so far: 11304796
  Processing partition 4689000/8877691, columns so far: 11306457
  Processing partition 4690000/8877691, columns so far: 11308029
  Processing partition 4691000/8877691, columns so far: 11309582
  Processing partition 4692000/8877691, columns so far: 11311311
  Processing partition 4693000/8877691, columns so far: 11312871
  Processing partition 4694000/8877691, columns so far: 11314745
  Processing partition 4695000/8877691, columns so far: 11316282
  Processing partition 4696000/8877691, columns so far: 11318067
  Processing partition 4697000/8877691, columns so far: 11319730
  Processing partition 4698000/8877691, columns so far: 11321589
  Processing partition 4699000/8877691, columns so far: 11323145
  Processing partition 4700000/8877691, columns so far: 11324497
  Processing partition 4701000/8877691, columns so far: 11326253
  Processing partition 4702000/8877691, columns so far: 11329226
  Processing partition 4703000/8877691, columns so far: 11332163
  Processing partition 4704000/8877691, columns so far: 11333951
  Processing partition 4705000/8877691, columns so far: 11335557
  Processing partition 4706000/8877691, columns so far: 11337371
  Processing partition 4707000/8877691, columns so far: 11339007
  Processing partition 4708000/8877691, columns so far: 11340887
  Processing partition 4709000/8877691, columns so far: 11342283
  Processing partition 4710000/8877691, columns so far: 11343773
  Processing partition 4711000/8877691, columns so far: 11345517
  Processing partition 4712000/8877691, columns so far: 11347073
  Processing partition 4713000/8877691, columns so far: 11348979
  Processing partition 4714000/8877691, columns so far: 11350483
  Processing partition 4715000/8877691, columns so far: 11352033
  Processing partition 4716000/8877691, columns so far: 11353943
  Processing partition 4717000/8877691, columns so far: 11355447
  Processing partition 4718000/8877691, columns so far: 11357333
  Processing partition 4719000/8877691, columns so far: 11358908
  Processing partition 4720000/8877691, columns so far: 11360463
  Processing partition 4721000/8877691, columns so far: 11363237
  Processing partition 4722000/8877691, columns so far: 11366235
  Processing partition 4723000/8877691, columns so far: 11367787
  Processing partition 4724000/8877691, columns so far: 11369103
  Processing partition 4725000/8877691, columns so far: 11370693
  Processing partition 4726000/8877691, columns so far: 11372037
  Processing partition 4727000/8877691, columns so far: 11373563
  Processing partition 4728000/8877691, columns so far: 11374957
  Processing partition 4729000/8877691, columns so far: 11376444
  Processing partition 4730000/8877691, columns so far: 11378921
  Processing partition 4731000/8877691, columns so far: 11381109
  Processing partition 4732000/8877691, columns so far: 11382661
  Processing partition 4733000/8877691, columns so far: 11383975
  Processing partition 4734000/8877691, columns so far: 11385557
  Processing partition 4735000/8877691, columns so far: 11386845
  Processing partition 4736000/8877691, columns so far: 11388437
  Processing partition 4737000/8877691, columns so far: 11389845
  Processing partition 4738000/8877691, columns so far: 11391553
  Processing partition 4739000/8877691, columns so far: 11394649
  Processing partition 4740000/8877691, columns so far: 11396225
  Processing partition 4741000/8877691, columns so far: 11398135
  Processing partition 4742000/8877691, columns so far: 11399660
  Processing partition 4743000/8877691, columns so far: 11401545
  Processing partition 4744000/8877691, columns so far: 11403099
  Processing partition 4745000/8877691, columns so far: 11404594
  Processing partition 4746000/8877691, columns so far: 11406396
  Processing partition 4747000/8877691, columns so far: 11408059
  Processing partition 4748000/8877691, columns so far: 11410056
  Processing partition 4749000/8877691, columns so far: 11413374
  Processing partition 4750000/8877691, columns so far: 11416889
  Processing partition 4751000/8877691, columns so far: 11420357
  Processing partition 4752000/8877691, columns so far: 11423699
  Processing partition 4753000/8877691, columns so far: 11427278
  Processing partition 4754000/8877691, columns so far: 11430119
  Processing partition 4755000/8877691, columns so far: 11433225
  Processing partition 4756000/8877691, columns so far: 11436693
  Processing partition 4757000/8877691, columns so far: 11441789
  Processing partition 4758000/8877691, columns so far: 11448003
  Processing partition 4759000/8877691, columns so far: 11449513
  Processing partition 4760000/8877691, columns so far: 11451451
  Processing partition 4761000/8877691, columns so far: 11453140
  Processing partition 4762000/8877691, columns so far: 11454887
  Processing partition 4763000/8877691, columns so far: 11456493
  Processing partition 4764000/8877691, columns so far: 11458133
  Processing partition 4765000/8877691, columns so far: 11459687
  Processing partition 4766000/8877691, columns so far: 11461393
  Processing partition 4767000/8877691, columns so far: 11463621
  Processing partition 4768000/8877691, columns so far: 11467273
  Processing partition 4769000/8877691, columns so far: 11468820
  Processing partition 4770000/8877691, columns so far: 11470364
  Processing partition 4771000/8877691, columns so far: 11471920
  Processing partition 4772000/8877691, columns so far: 11473307
  Processing partition 4773000/8877691, columns so far: 11474787
  Processing partition 4774000/8877691, columns so far: 11476101
  Processing partition 4775000/8877691, columns so far: 11477513
  Processing partition 4776000/8877691, columns so far: 11479669
  Processing partition 4777000/8877691, columns so far: 11482239
  Processing partition 4778000/8877691, columns so far: 11483969
  Processing partition 4779000/8877691, columns so far: 11485657
  Processing partition 4780000/8877691, columns so far: 11487463
  Processing partition 4781000/8877691, columns so far: 11489085
  Processing partition 4782000/8877691, columns so far: 11490991
  Processing partition 4783000/8877691, columns so far: 11492341
  Processing partition 4784000/8877691, columns so far: 11493871
  Processing partition 4785000/8877691, columns so far: 11495609
  Processing partition 4786000/8877691, columns so far: 11497307
  Processing partition 4787000/8877691, columns so far: 11499349
  Processing partition 4788000/8877691, columns so far: 11501250
  Processing partition 4789000/8877691, columns so far: 11503320
  Processing partition 4790000/8877691, columns so far: 11505077
  Processing partition 4791000/8877691, columns so far: 11506937
  Processing partition 4792000/8877691, columns so far: 11509135
  Processing partition 4793000/8877691, columns so far: 11511039
  Processing partition 4794000/8877691, columns so far: 11512615
  Processing partition 4795000/8877691, columns so far: 11514709
  Processing partition 4796000/8877691, columns so far: 11516423
  Processing partition 4797000/8877691, columns so far: 11518327
  Processing partition 4798000/8877691, columns so far: 11519757
  Processing partition 4799000/8877691, columns so far: 11521415
  Processing partition 4800000/8877691, columns so far: 11523134
  Processing partition 4801000/8877691, columns so far: 11524831
  Processing partition 4802000/8877691, columns so far: 11526751
  Processing partition 4803000/8877691, columns so far: 11528087
  Processing partition 4804000/8877691, columns so far: 11529805
  Processing partition 4805000/8877691, columns so far: 11532372
  Processing partition 4806000/8877691, columns so far: 11535631
  Processing partition 4807000/8877691, columns so far: 11537187
  Processing partition 4808000/8877691, columns so far: 11538537
  Processing partition 4809000/8877691, columns so far: 11539873
  Processing partition 4810000/8877691, columns so far: 11541411
  Processing partition 4811000/8877691, columns so far: 11542971
  Processing partition 4812000/8877691, columns so far: 11544285
  Processing partition 4813000/8877691, columns so far: 11545843
  Processing partition 4814000/8877691, columns so far: 11548099
  Processing partition 4815000/8877691, columns so far: 11550504
  Processing partition 4816000/8877691, columns so far: 11552025
  Processing partition 4817000/8877691, columns so far: 11553401
  Processing partition 4818000/8877691, columns so far: 11554808
  Processing partition 4819000/8877691, columns so far: 11556263
  Processing partition 4820000/8877691, columns so far: 11557836
  Processing partition 4821000/8877691, columns so far: 11559187
  Processing partition 4822000/8877691, columns so far: 11560738
  Processing partition 4823000/8877691, columns so far: 11563833
  Processing partition 4824000/8877691, columns so far: 11565619
  Processing partition 4825000/8877691, columns so far: 11567427
  Processing partition 4826000/8877691, columns so far: 11569039
  Processing partition 4827000/8877691, columns so far: 11570583
  Processing partition 4828000/8877691, columns so far: 11572419
  Processing partition 4829000/8877691, columns so far: 11573997
  Processing partition 4830000/8877691, columns so far: 11575795
  Processing partition 4831000/8877691, columns so far: 11577459
  Processing partition 4832000/8877691, columns so far: 11579150
  Processing partition 4833000/8877691, columns so far: 11582747
  Processing partition 4834000/8877691, columns so far: 11587309
  Processing partition 4835000/8877691, columns so far: 11591032
  Processing partition 4836000/8877691, columns so far: 11594631
  Processing partition 4837000/8877691, columns so far: 11598213
  Processing partition 4838000/8877691, columns so far: 11602853
  Processing partition 4839000/8877691, columns so far: 11605947
  Processing partition 4840000/8877691, columns so far: 11609629
  Processing partition 4841000/8877691, columns so far: 11613769
  Processing partition 4842000/8877691, columns so far: 11617317
  Processing partition 4843000/8877691, columns so far: 11619197
  Processing partition 4844000/8877691, columns so far: 11621507
  Processing partition 4845000/8877691, columns so far: 11623331
  Processing partition 4846000/8877691, columns so far: 11625209
  Processing partition 4847000/8877691, columns so far: 11626990
  Processing partition 4848000/8877691, columns so far: 11629194
  Processing partition 4849000/8877691, columns so far: 11630919
  Processing partition 4850000/8877691, columns so far: 11632785
  Processing partition 4851000/8877691, columns so far: 11634795
  Processing partition 4852000/8877691, columns so far: 11636620
  Processing partition 4853000/8877691, columns so far: 11640021
  Processing partition 4854000/8877691, columns so far: 11644252
  Processing partition 4855000/8877691, columns so far: 11646067
  Processing partition 4856000/8877691, columns so far: 11647647
  Processing partition 4857000/8877691, columns so far: 11649573
  Processing partition 4858000/8877691, columns so far: 11651070
  Processing partition 4859000/8877691, columns so far: 11652819
  Processing partition 4860000/8877691, columns so far: 11654292
  Processing partition 4861000/8877691, columns so far: 11655848
  Processing partition 4862000/8877691, columns so far: 11657588
  Processing partition 4863000/8877691, columns so far: 11659955
  Processing partition 4864000/8877691, columns so far: 11663484
  Processing partition 4865000/8877691, columns so far: 11664999
  Processing partition 4866000/8877691, columns so far: 11666941
  Processing partition 4867000/8877691, columns so far: 11668610
  Processing partition 4868000/8877691, columns so far: 11670374
  Processing partition 4869000/8877691, columns so far: 11671959
  Processing partition 4870000/8877691, columns so far: 11673622
  Processing partition 4871000/8877691, columns so far: 11675180
  Processing partition 4872000/8877691, columns so far: 11676883
  Processing partition 4873000/8877691, columns so far: 11679283
  Processing partition 4874000/8877691, columns so far: 11682749
  Processing partition 4875000/8877691, columns so far: 11684593
  Processing partition 4876000/8877691, columns so far: 11686901
  Processing partition 4877000/8877691, columns so far: 11688762
  Processing partition 4878000/8877691, columns so far: 11690606
  Processing partition 4879000/8877691, columns so far: 11692388
  Processing partition 4880000/8877691, columns so far: 11694770
  Processing partition 4881000/8877691, columns so far: 11696325
  Processing partition 4882000/8877691, columns so far: 11698174
  Processing partition 4883000/8877691, columns so far: 11700264
  Processing partition 4884000/8877691, columns so far: 11702023
  Processing partition 4885000/8877691, columns so far: 11703788
  Processing partition 4886000/8877691, columns so far: 11706164
  Processing partition 4887000/8877691, columns so far: 11707817
  Processing partition 4888000/8877691, columns so far: 11709603
  Processing partition 4889000/8877691, columns so far: 11711675
  Processing partition 4890000/8877691, columns so far: 11713416
  Processing partition 4891000/8877691, columns so far: 11715289
  Processing partition 4892000/8877691, columns so far: 11717455
  Processing partition 4893000/8877691, columns so far: 11719429
  Processing partition 4894000/8877691, columns so far: 11721301
  Processing partition 4895000/8877691, columns so far: 11724458
  Processing partition 4896000/8877691, columns so far: 11728835
  Processing partition 4897000/8877691, columns so far: 11730390
  Processing partition 4898000/8877691, columns so far: 11732122
  Processing partition 4899000/8877691, columns so far: 11733703
  Processing partition 4900000/8877691, columns so far: 11735355
  Processing partition 4901000/8877691, columns so far: 11737030
  Processing partition 4902000/8877691, columns so far: 11738794
  Processing partition 4903000/8877691, columns so far: 11740319
  Processing partition 4904000/8877691, columns so far: 11742225
  Processing partition 4905000/8877691, columns so far: 11744401
  Processing partition 4906000/8877691, columns so far: 11748142
  Processing partition 4907000/8877691, columns so far: 11749669
  Processing partition 4908000/8877691, columns so far: 11751455
  Processing partition 4909000/8877691, columns so far: 11753005
  Processing partition 4910000/8877691, columns so far: 11754633
  Processing partition 4911000/8877691, columns so far: 11756187
  Processing partition 4912000/8877691, columns so far: 11757793
  Processing partition 4913000/8877691, columns so far: 11759594
  Processing partition 4914000/8877691, columns so far: 11761336
  Processing partition 4915000/8877691, columns so far: 11763795
  Processing partition 4916000/8877691, columns so far: 11767302
  Processing partition 4917000/8877691, columns so far: 11769236
  Processing partition 4918000/8877691, columns so far: 11771557
  Processing partition 4919000/8877691, columns so far: 11773257
  Processing partition 4920000/8877691, columns so far: 11774991
  Processing partition 4921000/8877691, columns so far: 11777069
  Processing partition 4922000/8877691, columns so far: 11778831
  Processing partition 4923000/8877691, columns so far: 11780686
  Processing partition 4924000/8877691, columns so far: 11782879
  Processing partition 4925000/8877691, columns so far: 11784844
  Processing partition 4926000/8877691, columns so far: 11786699
  Processing partition 4927000/8877691, columns so far: 11788460
  Processing partition 4928000/8877691, columns so far: 11790858
  Processing partition 4929000/8877691, columns so far: 11792409
  Processing partition 4930000/8877691, columns so far: 11794322
  Processing partition 4931000/8877691, columns so far: 11796314
  Processing partition 4932000/8877691, columns so far: 11798101
  Processing partition 4933000/8877691, columns so far: 11799866
  Processing partition 4934000/8877691, columns so far: 11802171
  Processing partition 4935000/8877691, columns so far: 11804114
  Processing partition 4936000/8877691, columns so far: 11805879
  Processing partition 4937000/8877691, columns so far: 11808993
  Processing partition 4938000/8877691, columns so far: 11813561
  Processing partition 4939000/8877691, columns so far: 11815378
  Processing partition 4940000/8877691, columns so far: 11817001
  Processing partition 4941000/8877691, columns so far: 11818850
  Processing partition 4942000/8877691, columns so far: 11820461
  Processing partition 4943000/8877691, columns so far: 11821965
  Processing partition 4944000/8877691, columns so far: 11823526
  Processing partition 4945000/8877691, columns so far: 11825251
  Processing partition 4946000/8877691, columns so far: 11826976
  Processing partition 4947000/8877691, columns so far: 11829021
  Processing partition 4948000/8877691, columns so far: 11832496
  Processing partition 4949000/8877691, columns so far: 11834379
  Processing partition 4950000/8877691, columns so far: 11836308
  Processing partition 4951000/8877691, columns so far: 11837830
  Processing partition 4952000/8877691, columns so far: 11839721
  Processing partition 4953000/8877691, columns so far: 11841272
  Processing partition 4954000/8877691, columns so far: 11842766
  Processing partition 4955000/8877691, columns so far: 11844576
  Processing partition 4956000/8877691, columns so far: 11846237
  Processing partition 4957000/8877691, columns so far: 11848165
  Processing partition 4958000/8877691, columns so far: 11851424
  Processing partition 4959000/8877691, columns so far: 11853696
  Processing partition 4960000/8877691, columns so far: 11855498
  Processing partition 4961000/8877691, columns so far: 11857121
  Processing partition 4962000/8877691, columns so far: 11858659
  Processing partition 4963000/8877691, columns so far: 11860519
  Processing partition 4964000/8877691, columns so far: 11862073
  Processing partition 4965000/8877691, columns so far: 11863871
  Processing partition 4966000/8877691, columns so far: 11865534
  Processing partition 4967000/8877691, columns so far: 11867252
  Processing partition 4968000/8877691, columns so far: 11870859
  Processing partition 4969000/8877691, columns so far: 11873153
  Processing partition 4970000/8877691, columns so far: 11875530
  Processing partition 4971000/8877691, columns so far: 11877057
  Processing partition 4972000/8877691, columns so far: 11878969
  Processing partition 4973000/8877691, columns so far: 11880994
  Processing partition 4974000/8877691, columns so far: 11882783
  Processing partition 4975000/8877691, columns so far: 11884540
  Processing partition 4976000/8877691, columns so far: 11886865
  Processing partition 4977000/8877691, columns so far: 11888795
  Processing partition 4978000/8877691, columns so far: 11890553
  Processing partition 4979000/8877691, columns so far: 11892380
  Processing partition 4980000/8877691, columns so far: 11894770
  Processing partition 4981000/8877691, columns so far: 11896368
  Processing partition 4982000/8877691, columns so far: 11898269
  Processing partition 4983000/8877691, columns so far: 11900175
  Processing partition 4984000/8877691, columns so far: 11901880
  Processing partition 4985000/8877691, columns so far: 11903821
  Processing partition 4986000/8877691, columns so far: 11905675
  Processing partition 4987000/8877691, columns so far: 11907812
  Processing partition 4988000/8877691, columns so far: 11909816
  Processing partition 4989000/8877691, columns so far: 11912623
  Processing partition 4990000/8877691, columns so far: 11916829
  Processing partition 4991000/8877691, columns so far: 11919013
  Processing partition 4992000/8877691, columns so far: 11920853
  Processing partition 4993000/8877691, columns so far: 11922407
  Processing partition 4994000/8877691, columns so far: 11923995
  Processing partition 4995000/8877691, columns so far: 11925565
  Processing partition 4996000/8877691, columns so far: 11927088
  Processing partition 4997000/8877691, columns so far: 11928830
  Processing partition 4998000/8877691, columns so far: 11930706
  Processing partition 4999000/8877691, columns so far: 11932700
  Processing partition 5000000/8877691, columns so far: 11936234
  Processing partition 5001000/8877691, columns so far: 11938551
  Processing partition 5002000/8877691, columns so far: 11940927
  Processing partition 5003000/8877691, columns so far: 11942454
  Processing partition 5004000/8877691, columns so far: 11944360
  Processing partition 5005000/8877691, columns so far: 11946266
  Processing partition 5006000/8877691, columns so far: 11948181
  Processing partition 5007000/8877691, columns so far: 11949944
  Processing partition 5008000/8877691, columns so far: 11951772
  Processing partition 5009000/8877691, columns so far: 11954193
  Processing partition 5010000/8877691, columns so far: 11955954
  Processing partition 5011000/8877691, columns so far: 11958954
  Processing partition 5012000/8877691, columns so far: 11963679
  Processing partition 5013000/8877691, columns so far: 11966785
  Processing partition 5014000/8877691, columns so far: 11970567
  Processing partition 5015000/8877691, columns so far: 11974325
  Processing partition 5016000/8877691, columns so far: 11977819
  Processing partition 5017000/8877691, columns so far: 11981589
  Processing partition 5018000/8877691, columns so far: 11985249
  Processing partition 5019000/8877691, columns so far: 11989634
  Processing partition 5020000/8877691, columns so far: 11993473
  Processing partition 5021000/8877691, columns so far: 11998993
  Processing partition 5022000/8877691, columns so far: 12007353
  Processing partition 5023000/8877691, columns so far: 12009877
  Processing partition 5024000/8877691, columns so far: 12011696
  Processing partition 5025000/8877691, columns so far: 12013251
  Processing partition 5026000/8877691, columns so far: 12014898
  Processing partition 5027000/8877691, columns so far: 12016421
  Processing partition 5028000/8877691, columns so far: 12018178
  Processing partition 5029000/8877691, columns so far: 12019803
  Processing partition 5030000/8877691, columns so far: 12021748
  Processing partition 5031000/8877691, columns so far: 12023525
  Processing partition 5032000/8877691, columns so far: 12026667
  Processing partition 5033000/8877691, columns so far: 12029183
  Processing partition 5034000/8877691, columns so far: 12030596
  Processing partition 5035000/8877691, columns so far: 12032080
  Processing partition 5036000/8877691, columns so far: 12033472
  Processing partition 5037000/8877691, columns so far: 12034918
  Processing partition 5038000/8877691, columns so far: 12036370
  Processing partition 5039000/8877691, columns so far: 12037928
  Processing partition 5040000/8877691, columns so far: 12039543
  Processing partition 5041000/8877691, columns so far: 12042580
  Processing partition 5042000/8877691, columns so far: 12044013
  Processing partition 5043000/8877691, columns so far: 12045474
  Processing partition 5044000/8877691, columns so far: 12046786
  Processing partition 5045000/8877691, columns so far: 12048340
  Processing partition 5046000/8877691, columns so far: 12049830
  Processing partition 5047000/8877691, columns so far: 12051211
  Processing partition 5048000/8877691, columns so far: 12052769
  Processing partition 5049000/8877691, columns so far: 12054751
  Processing partition 5050000/8877691, columns so far: 12057443
  Processing partition 5051000/8877691, columns so far: 12058998
  Processing partition 5052000/8877691, columns so far: 12060350
  Processing partition 5053000/8877691, columns so far: 12061693
  Processing partition 5054000/8877691, columns so far: 12063230
  Processing partition 5055000/8877691, columns so far: 12064782
  Processing partition 5056000/8877691, columns so far: 12066100
  Processing partition 5057000/8877691, columns so far: 12067655
  Processing partition 5058000/8877691, columns so far: 12070285
  Processing partition 5059000/8877691, columns so far: 12072429
  Processing partition 5060000/8877691, columns so far: 12074330
  Processing partition 5061000/8877691, columns so far: 12075885
  Processing partition 5062000/8877691, columns so far: 12077303
  Processing partition 5063000/8877691, columns so far: 12078944
  Processing partition 5064000/8877691, columns so far: 12080708
  Processing partition 5065000/8877691, columns so far: 12082393
  Processing partition 5066000/8877691, columns so far: 12084321
  Processing partition 5067000/8877691, columns so far: 12085847
  Processing partition 5068000/8877691, columns so far: 12087589
  Processing partition 5069000/8877691, columns so far: 12089987
  Processing partition 5070000/8877691, columns so far: 12091559
  Processing partition 5071000/8877691, columns so far: 12093393
  Processing partition 5072000/8877691, columns so far: 12095303
  Processing partition 5073000/8877691, columns so far: 12097241
  Processing partition 5074000/8877691, columns so far: 12099000
  Processing partition 5075000/8877691, columns so far: 12100853
  Processing partition 5076000/8877691, columns so far: 12103249
  Processing partition 5077000/8877691, columns so far: 12105012
  Processing partition 5078000/8877691, columns so far: 12106627
  Processing partition 5079000/8877691, columns so far: 12108534
  Processing partition 5080000/8877691, columns so far: 12110091
  Processing partition 5081000/8877691, columns so far: 12111644
  Processing partition 5082000/8877691, columns so far: 12113043
  Processing partition 5083000/8877691, columns so far: 12114683
  Processing partition 5084000/8877691, columns so far: 12116446
  Processing partition 5085000/8877691, columns so far: 12118292
  Processing partition 5086000/8877691, columns so far: 12120078
  Processing partition 5087000/8877691, columns so far: 12123566
  Processing partition 5088000/8877691, columns so far: 12125934
  Processing partition 5089000/8877691, columns so far: 12127830
  Processing partition 5090000/8877691, columns so far: 12129383
  Processing partition 5091000/8877691, columns so far: 12130815
  Processing partition 5092000/8877691, columns so far: 12132273
  Processing partition 5093000/8877691, columns so far: 12133962
  Processing partition 5094000/8877691, columns so far: 12135687
  Processing partition 5095000/8877691, columns so far: 12137529
  Processing partition 5096000/8877691, columns so far: 12139320
  Processing partition 5097000/8877691, columns so far: 12142158
  Processing partition 5098000/8877691, columns so far: 12145813
  Processing partition 5099000/8877691, columns so far: 12148913
  Processing partition 5100000/8877691, columns so far: 12152089
  Processing partition 5101000/8877691, columns so far: 12155199
  Processing partition 5102000/8877691, columns so far: 12158244
  Processing partition 5103000/8877691, columns so far: 12161692
  Processing partition 5104000/8877691, columns so far: 12165427
  Processing partition 5105000/8877691, columns so far: 12169351
  Processing partition 5106000/8877691, columns so far: 12176248
  Processing partition 5107000/8877691, columns so far: 12179259
  Processing partition 5108000/8877691, columns so far: 12181120
  Processing partition 5109000/8877691, columns so far: 12182676
  Processing partition 5110000/8877691, columns so far: 12184241
  Processing partition 5111000/8877691, columns so far: 12185774
  Processing partition 5112000/8877691, columns so far: 12187292
  Processing partition 5113000/8877691, columns so far: 12189195
  Processing partition 5114000/8877691, columns so far: 12190880
  Processing partition 5115000/8877691, columns so far: 12192695
  Processing partition 5116000/8877691, columns so far: 12195736
  Processing partition 5117000/8877691, columns so far: 12198522
  Processing partition 5118000/8877691, columns so far: 12199996
  Processing partition 5119000/8877691, columns so far: 12201515
  Processing partition 5120000/8877691, columns so far: 12202902
  Processing partition 5121000/8877691, columns so far: 12204214
  Processing partition 5122000/8877691, columns so far: 12205772
  Processing partition 5123000/8877691, columns so far: 12207159
  Processing partition 5124000/8877691, columns so far: 12208741
  Processing partition 5125000/8877691, columns so far: 12211529
  Processing partition 5126000/8877691, columns so far: 12213304
  Processing partition 5127000/8877691, columns so far: 12214870
  Processing partition 5128000/8877691, columns so far: 12216184
  Processing partition 5129000/8877691, columns so far: 12217740
  Processing partition 5130000/8877691, columns so far: 12219055
  Processing partition 5131000/8877691, columns so far: 12220613
  Processing partition 5132000/8877691, columns so far: 12222049
  Processing partition 5133000/8877691, columns so far: 12223931
  Processing partition 5134000/8877691, columns so far: 12226867
  Processing partition 5135000/8877691, columns so far: 12228434
  Processing partition 5136000/8877691, columns so far: 12229748
  Processing partition 5137000/8877691, columns so far: 12231074
  Processing partition 5138000/8877691, columns so far: 12232597
  Processing partition 5139000/8877691, columns so far: 12233944
  Processing partition 5140000/8877691, columns so far: 12235499
  Processing partition 5141000/8877691, columns so far: 12236999
  Processing partition 5142000/8877691, columns so far: 12239353
  Processing partition 5143000/8877691, columns so far: 12241833
  Processing partition 5144000/8877691, columns so far: 12243739
  Processing partition 5145000/8877691, columns so far: 12245123
  Processing partition 5146000/8877691, columns so far: 12246615
  Processing partition 5147000/8877691, columns so far: 12248297
  Processing partition 5148000/8877691, columns so far: 12249847
  Processing partition 5149000/8877691, columns so far: 12251803
  Processing partition 5150000/8877691, columns so far: 12253342
  Processing partition 5151000/8877691, columns so far: 12255083
  Processing partition 5152000/8877691, columns so far: 12256718
  Processing partition 5153000/8877691, columns so far: 12258602
  Processing partition 5154000/8877691, columns so far: 12260169
  Processing partition 5155000/8877691, columns so far: 12261731
  Processing partition 5156000/8877691, columns so far: 12263077
  Processing partition 5157000/8877691, columns so far: 12264769
  Processing partition 5158000/8877691, columns so far: 12266514
  Processing partition 5159000/8877691, columns so far: 12268388
  Processing partition 5160000/8877691, columns so far: 12270134
  Processing partition 5161000/8877691, columns so far: 12273559
  Processing partition 5162000/8877691, columns so far: 12276030
  Processing partition 5163000/8877691, columns so far: 12277935
  Processing partition 5164000/8877691, columns so far: 12279488
  Processing partition 5165000/8877691, columns so far: 12280863
  Processing partition 5166000/8877691, columns so far: 12282370
  Processing partition 5167000/8877691, columns so far: 12284050
  Processing partition 5168000/8877691, columns so far: 12285779
  Processing partition 5169000/8877691, columns so far: 12287572
  Processing partition 5170000/8877691, columns so far: 12289394
  Processing partition 5171000/8877691, columns so far: 12291192
  Processing partition 5172000/8877691, columns so far: 12293589
  Processing partition 5173000/8877691, columns so far: 12295149
  Processing partition 5174000/8877691, columns so far: 12296999
  Processing partition 5175000/8877691, columns so far: 12298904
  Processing partition 5176000/8877691, columns so far: 12300841
  Processing partition 5177000/8877691, columns so far: 12302598
  Processing partition 5178000/8877691, columns so far: 12304450
  Processing partition 5179000/8877691, columns so far: 12306849
  Processing partition 5180000/8877691, columns so far: 12308610
  Processing partition 5181000/8877691, columns so far: 12311741
  Processing partition 5182000/8877691, columns so far: 12316428
  Processing partition 5183000/8877691, columns so far: 12319487
  Processing partition 5184000/8877691, columns so far: 12323277
  Processing partition 5185000/8877691, columns so far: 12327011
  Processing partition 5186000/8877691, columns so far: 12330774
  Processing partition 5187000/8877691, columns so far: 12334336
  Processing partition 5188000/8877691, columns so far: 12337961
  Processing partition 5189000/8877691, columns so far: 12342626
  Processing partition 5190000/8877691, columns so far: 12346218
  Processing partition 5191000/8877691, columns so far: 12348834
  Processing partition 5192000/8877691, columns so far: 12351038
  Processing partition 5193000/8877691, columns so far: 12352775
  Processing partition 5194000/8877691, columns so far: 12354694
  Processing partition 5195000/8877691, columns so far: 12356635
  Processing partition 5196000/8877691, columns so far: 12358472
  Processing partition 5197000/8877691, columns so far: 12360240
  Processing partition 5198000/8877691, columns so far: 12362611
  Processing partition 5199000/8877691, columns so far: 12364254
  Processing partition 5200000/8877691, columns so far: 12366252
  Processing partition 5201000/8877691, columns so far: 12369007
  Processing partition 5202000/8877691, columns so far: 12372897
  Processing partition 5203000/8877691, columns so far: 12375691
  Processing partition 5204000/8877691, columns so far: 12377435
  Processing partition 5205000/8877691, columns so far: 12379285
  Processing partition 5206000/8877691, columns so far: 12380787
  Processing partition 5207000/8877691, columns so far: 12382371
  Processing partition 5208000/8877691, columns so far: 12383895
  Processing partition 5209000/8877691, columns so far: 12385707
  Processing partition 5210000/8877691, columns so far: 12387357
  Processing partition 5211000/8877691, columns so far: 12389082
  Processing partition 5212000/8877691, columns so far: 12392123
  Processing partition 5213000/8877691, columns so far: 12394772
  Processing partition 5214000/8877691, columns so far: 12396677
  Processing partition 5215000/8877691, columns so far: 12398237
  Processing partition 5216000/8877691, columns so far: 12399872
  Processing partition 5217000/8877691, columns so far: 12401691
  Processing partition 5218000/8877691, columns so far: 12403198
  Processing partition 5219000/8877691, columns so far: 12405015
  Processing partition 5220000/8877691, columns so far: 12406607
  Processing partition 5221000/8877691, columns so far: 12408177
  Processing partition 5222000/8877691, columns so far: 12411273
  Processing partition 5223000/8877691, columns so far: 12414079
  Processing partition 5224000/8877691, columns so far: 12415929
  Processing partition 5225000/8877691, columns so far: 12417485
  Processing partition 5226000/8877691, columns so far: 12419038
  Processing partition 5227000/8877691, columns so far: 12420887
  Processing partition 5228000/8877691, columns so far: 12422448
  Processing partition 5229000/8877691, columns so far: 12424341
  Processing partition 5230000/8877691, columns so far: 12425915
  Processing partition 5231000/8877691, columns so far: 12427469
  Processing partition 5232000/8877691, columns so far: 12430773
  Processing partition 5233000/8877691, columns so far: 12433523
  Processing partition 5234000/8877691, columns so far: 12435539
  Processing partition 5235000/8877691, columns so far: 12437468
  Processing partition 5236000/8877691, columns so far: 12439388
  Processing partition 5237000/8877691, columns so far: 12441293
  Processing partition 5238000/8877691, columns so far: 12443145
  Processing partition 5239000/8877691, columns so far: 12444916
  Processing partition 5240000/8877691, columns so far: 12447254
  Processing partition 5241000/8877691, columns so far: 12448815
  Processing partition 5242000/8877691, columns so far: 12450928
  Processing partition 5243000/8877691, columns so far: 12452751
  Processing partition 5244000/8877691, columns so far: 12454613
  Processing partition 5245000/8877691, columns so far: 12456735
  Processing partition 5246000/8877691, columns so far: 12458640
  Processing partition 5247000/8877691, columns so far: 12460555
  Processing partition 5248000/8877691, columns so far: 12462106
  Processing partition 5249000/8877691, columns so far: 12464168
  Processing partition 5250000/8877691, columns so far: 12466044
  Processing partition 5251000/8877691, columns so far: 12467786
  Processing partition 5252000/8877691, columns so far: 12470168
  Processing partition 5253000/8877691, columns so far: 12472637
  Processing partition 5254000/8877691, columns so far: 12476101
  Processing partition 5255000/8877691, columns so far: 12479405
  Processing partition 5256000/8877691, columns so far: 12481290
  Processing partition 5257000/8877691, columns so far: 12482845
  Processing partition 5258000/8877691, columns so far: 12484373
  Processing partition 5259000/8877691, columns so far: 12485752
  Processing partition 5260000/8877691, columns so far: 12487457
  Processing partition 5261000/8877691, columns so far: 12489182
  Processing partition 5262000/8877691, columns so far: 12491075
  Processing partition 5263000/8877691, columns so far: 12492816
  Processing partition 5264000/8877691, columns so far: 12496213
  Processing partition 5265000/8877691, columns so far: 12498892
  Processing partition 5266000/8877691, columns so far: 12500997
  Processing partition 5267000/8877691, columns so far: 12502820
  Processing partition 5268000/8877691, columns so far: 12504730
  Processing partition 5269000/8877691, columns so far: 12506651
  Processing partition 5270000/8877691, columns so far: 12508237
  Processing partition 5271000/8877691, columns so far: 12510309
  Processing partition 5272000/8877691, columns so far: 12512138
  Processing partition 5273000/8877691, columns so far: 12514177
  Processing partition 5274000/8877691, columns so far: 12516288
  Processing partition 5275000/8877691, columns so far: 12518956
  Processing partition 5276000/8877691, columns so far: 12522789
  Processing partition 5277000/8877691, columns so far: 12526907
  Processing partition 5278000/8877691, columns so far: 12530632
  Processing partition 5279000/8877691, columns so far: 12534422
  Processing partition 5280000/8877691, columns so far: 12538021
  Processing partition 5281000/8877691, columns so far: 12541603
  Processing partition 5282000/8877691, columns so far: 12546241
  Processing partition 5283000/8877691, columns so far: 12549302
  Processing partition 5284000/8877691, columns so far: 12553487
  Processing partition 5285000/8877691, columns so far: 12558357
  Processing partition 5286000/8877691, columns so far: 12565265
  Processing partition 5287000/8877691, columns so far: 12571733
  Processing partition 5288000/8877691, columns so far: 12575193
  Processing partition 5289000/8877691, columns so far: 12578643
  Processing partition 5290000/8877691, columns so far: 12581615
  Processing partition 5291000/8877691, columns so far: 12585144
  Processing partition 5292000/8877691, columns so far: 12588181
  Processing partition 5293000/8877691, columns so far: 12591799
  Processing partition 5294000/8877691, columns so far: 12595018
  Processing partition 5295000/8877691, columns so far: 12598059
  Processing partition 5296000/8877691, columns so far: 12603990
  Processing partition 5297000/8877691, columns so far: 12609627
  Processing partition 5298000/8877691, columns so far: 12613417
  Processing partition 5299000/8877691, columns so far: 12616421
  Processing partition 5300000/8877691, columns so far: 12619515
  Processing partition 5301000/8877691, columns so far: 12623299
  Processing partition 5302000/8877691, columns so far: 12626301
  Processing partition 5303000/8877691, columns so far: 12630055
  Processing partition 5304000/8877691, columns so far: 12633189
  Processing partition 5305000/8877691, columns so far: 12636291
  Processing partition 5306000/8877691, columns so far: 12641983
  Processing partition 5307000/8877691, columns so far: 12647796
  Processing partition 5308000/8877691, columns so far: 12651535
  Processing partition 5309000/8877691, columns so far: 12654529
  Processing partition 5310000/8877691, columns so far: 12657689
  Processing partition 5311000/8877691, columns so far: 12661138
  Processing partition 5312000/8877691, columns so far: 12664533
  Processing partition 5313000/8877691, columns so far: 12668287
  Processing partition 5314000/8877691, columns so far: 12671129
  Processing partition 5315000/8877691, columns so far: 12674405
  Processing partition 5316000/8877691, columns so far: 12680425
  Processing partition 5317000/8877691, columns so far: 12686203
  Processing partition 5318000/8877691, columns so far: 12689763
  Processing partition 5319000/8877691, columns so far: 12694069
  Processing partition 5320000/8877691, columns so far: 12697869
  Processing partition 5321000/8877691, columns so far: 12701637
  Processing partition 5322000/8877691, columns so far: 12705315
  Processing partition 5323000/8877691, columns so far: 12708773
  Processing partition 5324000/8877691, columns so far: 12713485
  Processing partition 5325000/8877691, columns so far: 12716559
  Processing partition 5326000/8877691, columns so far: 12720655
  Processing partition 5327000/8877691, columns so far: 12724358
  Processing partition 5328000/8877691, columns so far: 12727934
  Processing partition 5329000/8877691, columns so far: 12732311
  Processing partition 5330000/8877691, columns so far: 12736103
  Processing partition 5331000/8877691, columns so far: 12739344
  Processing partition 5332000/8877691, columns so far: 12742865
  Processing partition 5333000/8877691, columns so far: 12747007
  Processing partition 5334000/8877691, columns so far: 12750512
  Processing partition 5335000/8877691, columns so far: 12754048
  Processing partition 5336000/8877691, columns so far: 12758889
  Processing partition 5337000/8877691, columns so far: 12762834
  Processing partition 5338000/8877691, columns so far: 12769731
  Processing partition 5339000/8877691, columns so far: 12776735
  Processing partition 5340000/8877691, columns so far: 12780567
  Processing partition 5341000/8877691, columns so far: 12783555
  Processing partition 5342000/8877691, columns so far: 12786323
  Processing partition 5343000/8877691, columns so far: 12789425
  Processing partition 5344000/8877691, columns so far: 12792767
  Processing partition 5345000/8877691, columns so far: 12796231
  Processing partition 5346000/8877691, columns so far: 12799744
  Processing partition 5347000/8877691, columns so far: 12803280
  Processing partition 5348000/8877691, columns so far: 12809451
  Processing partition 5349000/8877691, columns so far: 12815245
  Processing partition 5350000/8877691, columns so far: 12818905
  Processing partition 5351000/8877691, columns so far: 12823123
  Processing partition 5352000/8877691, columns so far: 12826905
  Processing partition 5353000/8877691, columns so far: 12830685
  Processing partition 5354000/8877691, columns so far: 12833807
  Processing partition 5355000/8877691, columns so far: 12837852
  Processing partition 5356000/8877691, columns so far: 12841599
  Processing partition 5357000/8877691, columns so far: 12845069
  Processing partition 5358000/8877691, columns so far: 12849715
  Processing partition 5359000/8877691, columns so far: 12854536
  Processing partition 5360000/8877691, columns so far: 12861381
  Processing partition 5361000/8877691, columns so far: 12869703
  Processing partition 5362000/8877691, columns so far: 12877069
  Processing partition 5363000/8877691, columns so far: 12883593
  Processing partition 5364000/8877691, columns so far: 12890287
  Processing partition 5365000/8877691, columns so far: 12898245
  Processing partition 5366000/8877691, columns so far: 12905143
  Processing partition 5367000/8877691, columns so far: 12912203
  Processing partition 5368000/8877691, columns so far: 12921149
  Processing partition 5369000/8877691, columns so far: 12929020
  Processing partition 5370000/8877691, columns so far: 12942147
  Processing partition 5371000/8877691, columns so far: 12952207
  Processing partition 5372000/8877691, columns so far: 12954260
  Processing partition 5373000/8877691, columns so far: 12956143
  Processing partition 5374000/8877691, columns so far: 12958063
  Processing partition 5375000/8877691, columns so far: 12959978
  Processing partition 5376000/8877691, columns so far: 12961833
  Processing partition 5377000/8877691, columns so far: 12963596
  Processing partition 5378000/8877691, columns so far: 12965935
  Processing partition 5379000/8877691, columns so far: 12967516
  Processing partition 5380000/8877691, columns so far: 12969609
  Processing partition 5381000/8877691, columns so far: 12972186
  Processing partition 5382000/8877691, columns so far: 12976017
  Processing partition 5383000/8877691, columns so far: 12979047
  Processing partition 5384000/8877691, columns so far: 12980810
  Processing partition 5385000/8877691, columns so far: 12982665
  Processing partition 5386000/8877691, columns so far: 12984094
  Processing partition 5387000/8877691, columns so far: 12985751
  Processing partition 5388000/8877691, columns so far: 12987276
  Processing partition 5389000/8877691, columns so far: 12989109
  Processing partition 5390000/8877691, columns so far: 12990736
  Processing partition 5391000/8877691, columns so far: 12992371
  Processing partition 5392000/8877691, columns so far: 12995440
  Processing partition 5393000/8877691, columns so far: 12998153
  Processing partition 5394000/8877691, columns so far: 13000058
  Processing partition 5395000/8877691, columns so far: 13001557
  Processing partition 5396000/8877691, columns so far: 13003116
  Processing partition 5397000/8877691, columns so far: 13005038
  Processing partition 5398000/8877691, columns so far: 13006578
  Processing partition 5399000/8877691, columns so far: 13008406
  Processing partition 5400000/8877691, columns so far: 13009987
  Processing partition 5401000/8877691, columns so far: 13011541
  Processing partition 5402000/8877691, columns so far: 13014520
  Processing partition 5403000/8877691, columns so far: 13017454
  Processing partition 5404000/8877691, columns so far: 13019308
  Processing partition 5405000/8877691, columns so far: 13020868
  Processing partition 5406000/8877691, columns so far: 13022419
  Processing partition 5407000/8877691, columns so far: 13024153
  Processing partition 5408000/8877691, columns so far: 13025823
  Processing partition 5409000/8877691, columns so far: 13027708
  Processing partition 5410000/8877691, columns so far: 13029278
  Processing partition 5411000/8877691, columns so far: 13030849
  Processing partition 5412000/8877691, columns so far: 13034017
  Processing partition 5413000/8877691, columns so far: 13036869
  Processing partition 5414000/8877691, columns so far: 13038795
  Processing partition 5415000/8877691, columns so far: 13040862
  Processing partition 5416000/8877691, columns so far: 13042744
  Processing partition 5417000/8877691, columns so far: 13044651
  Processing partition 5418000/8877691, columns so far: 13046471
  Processing partition 5419000/8877691, columns so far: 13048269
  Processing partition 5420000/8877691, columns so far: 13050630
  Processing partition 5421000/8877691, columns so far: 13052168
  Processing partition 5422000/8877691, columns so far: 13054281
  Processing partition 5423000/8877691, columns so far: 13056131
  Processing partition 5424000/8877691, columns so far: 13057912
  Processing partition 5425000/8877691, columns so far: 13060114
  Processing partition 5426000/8877691, columns so far: 13062024
  Processing partition 5427000/8877691, columns so far: 13063849
  Processing partition 5428000/8877691, columns so far: 13065486
  Processing partition 5429000/8877691, columns so far: 13067513
  Processing partition 5430000/8877691, columns so far: 13069348
  Processing partition 5431000/8877691, columns so far: 13071142
  Processing partition 5432000/8877691, columns so far: 13073522
  Processing partition 5433000/8877691, columns so far: 13075791
  Processing partition 5434000/8877691, columns so far: 13079355
  Processing partition 5435000/8877691, columns so far: 13082788
  Processing partition 5436000/8877691, columns so far: 13084684
  Processing partition 5437000/8877691, columns so far: 13086236
  Processing partition 5438000/8877691, columns so far: 13087662
  Processing partition 5439000/8877691, columns so far: 13089125
  Processing partition 5440000/8877691, columns so far: 13090814
  Processing partition 5441000/8877691, columns so far: 13092540
  Processing partition 5442000/8877691, columns so far: 13094374
  Processing partition 5443000/8877691, columns so far: 13096173
  Processing partition 5444000/8877691, columns so far: 13099416
  Processing partition 5445000/8877691, columns so far: 13102268
  Processing partition 5446000/8877691, columns so far: 13104243
  Processing partition 5447000/8877691, columns so far: 13106201
  Processing partition 5448000/8877691, columns so far: 13108109
  Processing partition 5449000/8877691, columns so far: 13110015
  Processing partition 5450000/8877691, columns so far: 13111571
  Processing partition 5451000/8877691, columns so far: 13113679
  Processing partition 5452000/8877691, columns so far: 13115505
  Processing partition 5453000/8877691, columns so far: 13117353
  Processing partition 5454000/8877691, columns so far: 13119668
  Processing partition 5455000/8877691, columns so far: 13122228
  Processing partition 5456000/8877691, columns so far: 13125831
  Processing partition 5457000/8877691, columns so far: 13130096
  Processing partition 5458000/8877691, columns so far: 13133878
  Processing partition 5459000/8877691, columns so far: 13137668
  Processing partition 5460000/8877691, columns so far: 13141328
  Processing partition 5461000/8877691, columns so far: 13144780
  Processing partition 5462000/8877691, columns so far: 13149540
  Processing partition 5463000/8877691, columns so far: 13152581
  Processing partition 5464000/8877691, columns so far: 13156664
  Processing partition 5465000/8877691, columns so far: 13161477
  Processing partition 5466000/8877691, columns so far: 13168318
  Processing partition 5467000/8877691, columns so far: 13173853
  Processing partition 5468000/8877691, columns so far: 13176235
  Processing partition 5469000/8877691, columns so far: 13177792
  Processing partition 5470000/8877691, columns so far: 13179702
  Processing partition 5471000/8877691, columns so far: 13181725
  Processing partition 5472000/8877691, columns so far: 13183484
  Processing partition 5473000/8877691, columns so far: 13185247
  Processing partition 5474000/8877691, columns so far: 13187608
  Processing partition 5475000/8877691, columns so far: 13189319
  Processing partition 5476000/8877691, columns so far: 13191260
  Processing partition 5477000/8877691, columns so far: 13193136
  Processing partition 5478000/8877691, columns so far: 13194890
  Processing partition 5479000/8877691, columns so far: 13196404
  Processing partition 5480000/8877691, columns so far: 13198153
  Processing partition 5481000/8877691, columns so far: 13199870
  Processing partition 5482000/8877691, columns so far: 13201415
  Processing partition 5483000/8877691, columns so far: 13203265
  Processing partition 5484000/8877691, columns so far: 13204756
  Processing partition 5485000/8877691, columns so far: 13206330
  Processing partition 5486000/8877691, columns so far: 13209128
  Processing partition 5487000/8877691, columns so far: 13212296
  Processing partition 5488000/8877691, columns so far: 13213806
  Processing partition 5489000/8877691, columns so far: 13215301
  Processing partition 5490000/8877691, columns so far: 13216798
  Processing partition 5491000/8877691, columns so far: 13218183
  Processing partition 5492000/8877691, columns so far: 13219497
  Processing partition 5493000/8877691, columns so far: 13220921
  Processing partition 5494000/8877691, columns so far: 13222378
  Processing partition 5495000/8877691, columns so far: 13224832
  Processing partition 5496000/8877691, columns so far: 13227196
  Processing partition 5497000/8877691, columns so far: 13228635
  Processing partition 5498000/8877691, columns so far: 13230195
  Processing partition 5499000/8877691, columns so far: 13231571
  Processing partition 5500000/8877691, columns so far: 13233061
  Processing partition 5501000/8877691, columns so far: 13234610
  Processing partition 5502000/8877691, columns so far: 13235942
  Processing partition 5503000/8877691, columns so far: 13237445
  Processing partition 5504000/8877691, columns so far: 13240504
  Processing partition 5505000/8877691, columns so far: 13242383
  Processing partition 5506000/8877691, columns so far: 13244060
  Processing partition 5507000/8877691, columns so far: 13245908
  Processing partition 5508000/8877691, columns so far: 13247467
  Processing partition 5509000/8877691, columns so far: 13249023
  Processing partition 5510000/8877691, columns so far: 13250521
  Processing partition 5511000/8877691, columns so far: 13252334
  Processing partition 5512000/8877691, columns so far: 13253986
  Processing partition 5513000/8877691, columns so far: 13255542
  Processing partition 5514000/8877691, columns so far: 13257396
  Processing partition 5515000/8877691, columns so far: 13258951
  Processing partition 5516000/8877691, columns so far: 13260777
  Processing partition 5517000/8877691, columns so far: 13262335
  Processing partition 5518000/8877691, columns so far: 13263949
  Processing partition 5519000/8877691, columns so far: 13265472
  Processing partition 5520000/8877691, columns so far: 13266989
  Processing partition 5521000/8877691, columns so far: 13268937
  Processing partition 5522000/8877691, columns so far: 13271224
  Processing partition 5523000/8877691, columns so far: 13274787
  Processing partition 5524000/8877691, columns so far: 13276322
  Processing partition 5525000/8877691, columns so far: 13277669
  Processing partition 5526000/8877691, columns so far: 13279105
  Processing partition 5527000/8877691, columns so far: 13280417
  Processing partition 5528000/8877691, columns so far: 13281863
  Processing partition 5529000/8877691, columns so far: 13283364
  Processing partition 5530000/8877691, columns so far: 13284906
  Processing partition 5531000/8877691, columns so far: 13287246
  Processing partition 5532000/8877691, columns so far: 13289868
  Processing partition 5533000/8877691, columns so far: 13291645
  Processing partition 5534000/8877691, columns so far: 13293194
  Processing partition 5535000/8877691, columns so far: 13294987
  Processing partition 5536000/8877691, columns so far: 13296541
  Processing partition 5537000/8877691, columns so far: 13298178
  Processing partition 5538000/8877691, columns so far: 13299706
  Processing partition 5539000/8877691, columns so far: 13301232
  Processing partition 5540000/8877691, columns so far: 13303122
  Processing partition 5541000/8877691, columns so far: 13305921
  Processing partition 5542000/8877691, columns so far: 13309428
  Processing partition 5543000/8877691, columns so far: 13312634
  Processing partition 5544000/8877691, columns so far: 13315902
  Processing partition 5545000/8877691, columns so far: 13319320
  Processing partition 5546000/8877691, columns so far: 13322376
  Processing partition 5547000/8877691, columns so far: 13326092
  Processing partition 5548000/8877691, columns so far: 13329208
  Processing partition 5549000/8877691, columns so far: 13332314
  Processing partition 5550000/8877691, columns so far: 13338004
  Processing partition 5551000/8877691, columns so far: 13343206
  Processing partition 5552000/8877691, columns so far: 13344966
  Processing partition 5553000/8877691, columns so far: 13346492
  Processing partition 5554000/8877691, columns so far: 13348265
  Processing partition 5555000/8877691, columns so far: 13349963
  Processing partition 5556000/8877691, columns so far: 13351518
  Processing partition 5557000/8877691, columns so far: 13353363
  Processing partition 5558000/8877691, columns so far: 13354798
  Processing partition 5559000/8877691, columns so far: 13356421
  Processing partition 5560000/8877691, columns so far: 13359505
  Processing partition 5561000/8877691, columns so far: 13362457
  Processing partition 5562000/8877691, columns so far: 13364244
  Processing partition 5563000/8877691, columns so far: 13365804
  Processing partition 5564000/8877691, columns so far: 13367567
  Processing partition 5565000/8877691, columns so far: 13369275
  Processing partition 5566000/8877691, columns so far: 13370769
  Processing partition 5567000/8877691, columns so far: 13372488
  Processing partition 5568000/8877691, columns so far: 13373989
  Processing partition 5569000/8877691, columns so far: 13375732
  Processing partition 5570000/8877691, columns so far: 13377294
  Processing partition 5571000/8877691, columns so far: 13379204
  Processing partition 5572000/8877691, columns so far: 13380699
  Processing partition 5573000/8877691, columns so far: 13382253
  Processing partition 5574000/8877691, columns so far: 13384159
  Processing partition 5575000/8877691, columns so far: 13385686
  Processing partition 5576000/8877691, columns so far: 13387563
  Processing partition 5577000/8877691, columns so far: 13389129
  Processing partition 5578000/8877691, columns so far: 13390684
  Processing partition 5579000/8877691, columns so far: 13393604
  Processing partition 5580000/8877691, columns so far: 13396479
  Processing partition 5581000/8877691, columns so far: 13398039
  Processing partition 5582000/8877691, columns so far: 13399415
  Processing partition 5583000/8877691, columns so far: 13400974
  Processing partition 5584000/8877691, columns so far: 13402459
  Processing partition 5585000/8877691, columns so far: 13403856
  Processing partition 5586000/8877691, columns so far: 13405264
  Processing partition 5587000/8877691, columns so far: 13406676
  Processing partition 5588000/8877691, columns so far: 13409630
  Processing partition 5589000/8877691, columns so far: 13411496
  Processing partition 5590000/8877691, columns so far: 13413434
  Processing partition 5591000/8877691, columns so far: 13414961
  Processing partition 5592000/8877691, columns so far: 13416635
  Processing partition 5593000/8877691, columns so far: 13418405
  Processing partition 5594000/8877691, columns so far: 13419920
  Processing partition 5595000/8877691, columns so far: 13421733
  Processing partition 5596000/8877691, columns so far: 13423358
  Processing partition 5597000/8877691, columns so far: 13424890
  Processing partition 5598000/8877691, columns so far: 13426445
  Processing partition 5599000/8877691, columns so far: 13428351
  Processing partition 5600000/8877691, columns so far: 13429849
  Processing partition 5601000/8877691, columns so far: 13431731
  Processing partition 5602000/8877691, columns so far: 13433296
  Processing partition 5603000/8877691, columns so far: 13434870
  Processing partition 5604000/8877691, columns so far: 13436375
  Processing partition 5605000/8877691, columns so far: 13438280
  Processing partition 5606000/8877691, columns so far: 13440312
  Processing partition 5607000/8877691, columns so far: 13443841
  Processing partition 5608000/8877691, columns so far: 13445513
  Processing partition 5609000/8877691, columns so far: 13447067
  Processing partition 5610000/8877691, columns so far: 13448384
  Processing partition 5611000/8877691, columns so far: 13449852
  Processing partition 5612000/8877691, columns so far: 13451264
  Processing partition 5613000/8877691, columns so far: 13452747
  Processing partition 5614000/8877691, columns so far: 13454261
  Processing partition 5615000/8877691, columns so far: 13456340
  Processing partition 5616000/8877691, columns so far: 13459143
  Processing partition 5617000/8877691, columns so far: 13460680
  Processing partition 5618000/8877691, columns so far: 13462557
  Processing partition 5619000/8877691, columns so far: 13464113
  Processing partition 5620000/8877691, columns so far: 13465937
  Processing partition 5621000/8877691, columns so far: 13467517
  Processing partition 5622000/8877691, columns so far: 13469072
  Processing partition 5623000/8877691, columns so far: 13470578
  Processing partition 5624000/8877691, columns so far: 13472540
  Processing partition 5625000/8877691, columns so far: 13474826
  Processing partition 5626000/8877691, columns so far: 13478543
  Processing partition 5627000/8877691, columns so far: 13481612
  Processing partition 5628000/8877691, columns so far: 13484664
  Processing partition 5629000/8877691, columns so far: 13488474
  Processing partition 5630000/8877691, columns so far: 13491490
  Processing partition 5631000/8877691, columns so far: 13495270
  Processing partition 5632000/8877691, columns so far: 13497972
  Processing partition 5633000/8877691, columns so far: 13501368
  Processing partition 5634000/8877691, columns so far: 13506594
  Processing partition 5635000/8877691, columns so far: 13512441
  Processing partition 5636000/8877691, columns so far: 13514262
  Processing partition 5637000/8877691, columns so far: 13515870
  Processing partition 5638000/8877691, columns so far: 13517422
  Processing partition 5639000/8877691, columns so far: 13519320
  Processing partition 5640000/8877691, columns so far: 13520861
  Processing partition 5641000/8877691, columns so far: 13522516
  Processing partition 5642000/8877691, columns so far: 13524081
  Processing partition 5643000/8877691, columns so far: 13525831
  Processing partition 5644000/8877691, columns so far: 13528312
  Processing partition 5645000/8877691, columns so far: 13531738
  Processing partition 5646000/8877691, columns so far: 13533264
  Processing partition 5647000/8877691, columns so far: 13534798
  Processing partition 5648000/8877691, columns so far: 13536133
  Processing partition 5649000/8877691, columns so far: 13537715
  Processing partition 5650000/8877691, columns so far: 13539003
  Processing partition 5651000/8877691, columns so far: 13540463
  Processing partition 5652000/8877691, columns so far: 13541909
  Processing partition 5653000/8877691, columns so far: 13544358
  Processing partition 5654000/8877691, columns so far: 13546698
  Processing partition 5655000/8877691, columns so far: 13548570
  Processing partition 5656000/8877691, columns so far: 13550097
  Processing partition 5657000/8877691, columns so far: 13551627
  Processing partition 5658000/8877691, columns so far: 13553563
  Processing partition 5659000/8877691, columns so far: 13555058
  Processing partition 5660000/8877691, columns so far: 13556959
  Processing partition 5661000/8877691, columns so far: 13558374
  Processing partition 5662000/8877691, columns so far: 13560027
  Processing partition 5663000/8877691, columns so far: 13561582
  Processing partition 5664000/8877691, columns so far: 13563437
  Processing partition 5665000/8877691, columns so far: 13565040
  Processing partition 5666000/8877691, columns so far: 13566568
  Processing partition 5667000/8877691, columns so far: 13568391
  Processing partition 5668000/8877691, columns so far: 13569986
  Processing partition 5669000/8877691, columns so far: 13571826
  Processing partition 5670000/8877691, columns so far: 13573427
  Processing partition 5671000/8877691, columns so far: 13574978
  Processing partition 5672000/8877691, columns so far: 13578638
  Processing partition 5673000/8877691, columns so far: 13580889
  Processing partition 5674000/8877691, columns so far: 13582749
  Processing partition 5675000/8877691, columns so far: 13584305
  Processing partition 5676000/8877691, columns so far: 13585859
  Processing partition 5677000/8877691, columns so far: 13587647
  Processing partition 5678000/8877691, columns so far: 13589264
  Processing partition 5679000/8877691, columns so far: 13591165
  Processing partition 5680000/8877691, columns so far: 13592730
  Processing partition 5681000/8877691, columns so far: 13594287
  Processing partition 5682000/8877691, columns so far: 13595788
  Processing partition 5683000/8877691, columns so far: 13597622
  Processing partition 5684000/8877691, columns so far: 13599250
  Processing partition 5685000/8877691, columns so far: 13600770
  Processing partition 5686000/8877691, columns so far: 13602364
  Processing partition 5687000/8877691, columns so far: 13604217
  Processing partition 5688000/8877691, columns so far: 13605708
  Processing partition 5689000/8877691, columns so far: 13607665
  Processing partition 5690000/8877691, columns so far: 13609362
  Processing partition 5691000/8877691, columns so far: 13612474
  Processing partition 5692000/8877691, columns so far: 13614911
  Processing partition 5693000/8877691, columns so far: 13616386
  Processing partition 5694000/8877691, columns so far: 13617792
  Processing partition 5695000/8877691, columns so far: 13619107
  Processing partition 5696000/8877691, columns so far: 13620662
  Processing partition 5697000/8877691, columns so far: 13622105
  Processing partition 5698000/8877691, columns so far: 13623636
  Processing partition 5699000/8877691, columns so far: 13625428
  Processing partition 5700000/8877691, columns so far: 13628491
  Processing partition 5701000/8877691, columns so far: 13630051
  Processing partition 5702000/8877691, columns so far: 13631811
  Processing partition 5703000/8877691, columns so far: 13633455
  Processing partition 5704000/8877691, columns so far: 13634989
  Processing partition 5705000/8877691, columns so far: 13636866
  Processing partition 5706000/8877691, columns so far: 13638450
  Processing partition 5707000/8877691, columns so far: 13639978
  Processing partition 5708000/8877691, columns so far: 13641886
  Processing partition 5709000/8877691, columns so far: 13643904
  Processing partition 5710000/8877691, columns so far: 13647244
  Processing partition 5711000/8877691, columns so far: 13650348
  Processing partition 5712000/8877691, columns so far: 13653784
  Processing partition 5713000/8877691, columns so far: 13657171
  Processing partition 5714000/8877691, columns so far: 13660670
  Processing partition 5715000/8877691, columns so far: 13663840
  Processing partition 5716000/8877691, columns so far: 13667098
  Processing partition 5717000/8877691, columns so far: 13670513
  Processing partition 5718000/8877691, columns so far: 13675827
  Processing partition 5719000/8877691, columns so far: 13681775
  Processing partition 5720000/8877691, columns so far: 13683352
  Processing partition 5721000/8877691, columns so far: 13685081
  Processing partition 5722000/8877691, columns so far: 13686800
  Processing partition 5723000/8877691, columns so far: 13688474
  Processing partition 5724000/8877691, columns so far: 13690204
  Processing partition 5725000/8877691, columns so far: 13691756
  Processing partition 5726000/8877691, columns so far: 13693482
  Processing partition 5727000/8877691, columns so far: 13695169
  Processing partition 5728000/8877691, columns so far: 13697388
  Processing partition 5729000/8877691, columns so far: 13701086
  Processing partition 5730000/8877691, columns so far: 13702636
  Processing partition 5731000/8877691, columns so far: 13703977
  Processing partition 5732000/8877691, columns so far: 13705559
  Processing partition 5733000/8877691, columns so far: 13707016
  Processing partition 5734000/8877691, columns so far: 13708423
  Processing partition 5735000/8877691, columns so far: 13709897
  Processing partition 5736000/8877691, columns so far: 13711305
  Processing partition 5737000/8877691, columns so far: 13713312
  Processing partition 5738000/8877691, columns so far: 13715978
  Processing partition 5739000/8877691, columns so far: 13717536
  Processing partition 5740000/8877691, columns so far: 13718851
  Processing partition 5741000/8877691, columns so far: 13720411
  Processing partition 5742000/8877691, columns so far: 13721962
  Processing partition 5743000/8877691, columns so far: 13723309
  Processing partition 5744000/8877691, columns so far: 13724735
  Processing partition 5745000/8877691, columns so far: 13726179
  Processing partition 5746000/8877691, columns so far: 13728776
  Processing partition 5747000/8877691, columns so far: 13730987
  Processing partition 5748000/8877691, columns so far: 13732840
  Processing partition 5749000/8877691, columns so far: 13734400
  Processing partition 5750000/8877691, columns so far: 13735952
  Processing partition 5751000/8877691, columns so far: 13737682
  Processing partition 5752000/8877691, columns so far: 13739356
  Processing partition 5753000/8877691, columns so far: 13741238
  Processing partition 5754000/8877691, columns so far: 13742804
  Processing partition 5755000/8877691, columns so far: 13744381
  Processing partition 5756000/8877691, columns so far: 13746089
  Processing partition 5757000/8877691, columns so far: 13748485
  Processing partition 5758000/8877691, columns so far: 13750052
  Processing partition 5759000/8877691, columns so far: 13751946
  Processing partition 5760000/8877691, columns so far: 13753961
  Processing partition 5761000/8877691, columns so far: 13755738
  Processing partition 5762000/8877691, columns so far: 13757497
  Processing partition 5763000/8877691, columns so far: 13759796
  Processing partition 5764000/8877691, columns so far: 13761751
  Processing partition 5765000/8877691, columns so far: 13763509
  Processing partition 5766000/8877691, columns so far: 13765164
  Processing partition 5767000/8877691, columns so far: 13767037
  Processing partition 5768000/8877691, columns so far: 13768593
  Processing partition 5769000/8877691, columns so far: 13770152
  Processing partition 5770000/8877691, columns so far: 13771711
  Processing partition 5771000/8877691, columns so far: 13773442
  Processing partition 5772000/8877691, columns so far: 13775091
  Processing partition 5773000/8877691, columns so far: 13777023
  Processing partition 5774000/8877691, columns so far: 13778576
  Processing partition 5775000/8877691, columns so far: 13781548
  Processing partition 5776000/8877691, columns so far: 13784312
  Processing partition 5777000/8877691, columns so far: 13785819
  Processing partition 5778000/8877691, columns so far: 13787131
  Processing partition 5779000/8877691, columns so far: 13788506
  Processing partition 5780000/8877691, columns so far: 13789924
  Processing partition 5781000/8877691, columns so far: 13791479
  Processing partition 5782000/8877691, columns so far: 13793012
  Processing partition 5783000/8877691, columns so far: 13794586
  Processing partition 5784000/8877691, columns so far: 13797627
  Processing partition 5785000/8877691, columns so far: 13799384
  Processing partition 5786000/8877691, columns so far: 13801208
  Processing partition 5787000/8877691, columns so far: 13802763
  Processing partition 5788000/8877691, columns so far: 13804360
  Processing partition 5789000/8877691, columns so far: 13805914
  Processing partition 5790000/8877691, columns so far: 13807677
  Processing partition 5791000/8877691, columns so far: 13809313
  Processing partition 5792000/8877691, columns so far: 13811273
  Processing partition 5793000/8877691, columns so far: 13813017
  Processing partition 5794000/8877691, columns so far: 13816632
  Processing partition 5795000/8877691, columns so far: 13821186
  Processing partition 5796000/8877691, columns so far: 13824854
  Processing partition 5797000/8877691, columns so far: 13827944
  Processing partition 5798000/8877691, columns so far: 13832115
  Processing partition 5799000/8877691, columns so far: 13835740
  Processing partition 5800000/8877691, columns so far: 13839349
  Processing partition 5801000/8877691, columns so far: 13843502
  Processing partition 5802000/8877691, columns so far: 13847622
  Processing partition 5803000/8877691, columns so far: 13851178
  Processing partition 5804000/8877691, columns so far: 13853020
  Processing partition 5805000/8877691, columns so far: 13855282
  Processing partition 5806000/8877691, columns so far: 13857191
  Processing partition 5807000/8877691, columns so far: 13858742
  Processing partition 5808000/8877691, columns so far: 13860817
  Processing partition 5809000/8877691, columns so far: 13862677
  Processing partition 5810000/8877691, columns so far: 13864434
  Processing partition 5811000/8877691, columns so far: 13866603
  Processing partition 5812000/8877691, columns so far: 13868689
  Processing partition 5813000/8877691, columns so far: 13870446
  Processing partition 5814000/8877691, columns so far: 13873794
  Processing partition 5815000/8877691, columns so far: 13878131
  Processing partition 5816000/8877691, columns so far: 13879891
  Processing partition 5817000/8877691, columns so far: 13881459
  Processing partition 5818000/8877691, columns so far: 13883268
  Processing partition 5819000/8877691, columns so far: 13884890
  Processing partition 5820000/8877691, columns so far: 13886444
  Processing partition 5821000/8877691, columns so far: 13888020
  Processing partition 5822000/8877691, columns so far: 13889674
  Processing partition 5823000/8877691, columns so far: 13891415
  Processing partition 5824000/8877691, columns so far: 13893814
  Processing partition 5825000/8877691, columns so far: 13897309
  Processing partition 5826000/8877691, columns so far: 13898820
  Processing partition 5827000/8877691, columns so far: 13900740
  Processing partition 5828000/8877691, columns so far: 13902280
  Processing partition 5829000/8877691, columns so far: 13904200
  Processing partition 5830000/8877691, columns so far: 13905696
  Processing partition 5831000/8877691, columns so far: 13907250
  Processing partition 5832000/8877691, columns so far: 13908971
  Processing partition 5833000/8877691, columns so far: 13910678
  Processing partition 5834000/8877691, columns so far: 13912850
  Processing partition 5835000/8877691, columns so far: 13916575
  Processing partition 5836000/8877691, columns so far: 13918126
  Processing partition 5837000/8877691, columns so far: 13919890
  Processing partition 5838000/8877691, columns so far: 13921570
  Processing partition 5839000/8877691, columns so far: 13923210
  Processing partition 5840000/8877691, columns so far: 13924997
  Processing partition 5841000/8877691, columns so far: 13926556
  Processing partition 5842000/8877691, columns so far: 13928283
  Processing partition 5843000/8877691, columns so far: 13929962
  Processing partition 5844000/8877691, columns so far: 13932224
  Processing partition 5845000/8877691, columns so far: 13935731
  Processing partition 5846000/8877691, columns so far: 13937665
  Processing partition 5847000/8877691, columns so far: 13939986
  Processing partition 5848000/8877691, columns so far: 13941686
  Processing partition 5849000/8877691, columns so far: 13943420
  Processing partition 5850000/8877691, columns so far: 13945498
  Processing partition 5851000/8877691, columns so far: 13947260
  Processing partition 5852000/8877691, columns so far: 13949115
  Processing partition 5853000/8877691, columns so far: 13951308
  Processing partition 5854000/8877691, columns so far: 13953273
  Processing partition 5855000/8877691, columns so far: 13955128
  Processing partition 5856000/8877691, columns so far: 13956889
  Processing partition 5857000/8877691, columns so far: 13959286
  Processing partition 5858000/8877691, columns so far: 13960838
  Processing partition 5859000/8877691, columns so far: 13962697
  Processing partition 5860000/8877691, columns so far: 13964603
  Processing partition 5861000/8877691, columns so far: 13966530
  Processing partition 5862000/8877691, columns so far: 13968295
  Processing partition 5863000/8877691, columns so far: 13970147
  Processing partition 5864000/8877691, columns so far: 13972543
  Processing partition 5865000/8877691, columns so far: 13974308
  Processing partition 5866000/8877691, columns so far: 13977410
  Processing partition 5867000/8877691, columns so far: 13981959
  Processing partition 5868000/8877691, columns so far: 13983491
  Processing partition 5869000/8877691, columns so far: 13985248
  Processing partition 5870000/8877691, columns so far: 13986821
  Processing partition 5871000/8877691, columns so far: 13988376
  Processing partition 5872000/8877691, columns so far: 13990039
  Processing partition 5873000/8877691, columns so far: 13991561
  Processing partition 5874000/8877691, columns so far: 13993319
  Processing partition 5875000/8877691, columns so far: 13995178
  Processing partition 5876000/8877691, columns so far: 13997660
  Processing partition 5877000/8877691, columns so far: 14001187
  Processing partition 5878000/8877691, columns so far: 14003024
  Processing partition 5879000/8877691, columns so far: 14005374
  Processing partition 5880000/8877691, columns so far: 14007122
  Processing partition 5881000/8877691, columns so far: 14008810
  Processing partition 5882000/8877691, columns so far: 14010693
  Processing partition 5883000/8877691, columns so far: 14012678
  Processing partition 5884000/8877691, columns so far: 14014527
  Processing partition 5885000/8877691, columns so far: 14016238
  Processing partition 5886000/8877691, columns so far: 14018690
  Processing partition 5887000/8877691, columns so far: 14020504
  Processing partition 5888000/8877691, columns so far: 14022299
  Processing partition 5889000/8877691, columns so far: 14024684
  Processing partition 5890000/8877691, columns so far: 14026268
  Processing partition 5891000/8877691, columns so far: 14028084
  Processing partition 5892000/8877691, columns so far: 14029996
  Processing partition 5893000/8877691, columns so far: 14031933
  Processing partition 5894000/8877691, columns so far: 14033701
  Processing partition 5895000/8877691, columns so far: 14035542
  Processing partition 5896000/8877691, columns so far: 14037940
  Processing partition 5897000/8877691, columns so far: 14039710
  Processing partition 5898000/8877691, columns so far: 14042905
  Processing partition 5899000/8877691, columns so far: 14047385
  Processing partition 5900000/8877691, columns so far: 14049149
  Processing partition 5901000/8877691, columns so far: 14050826
  Processing partition 5902000/8877691, columns so far: 14052666
  Processing partition 5903000/8877691, columns so far: 14054222
  Processing partition 5904000/8877691, columns so far: 14055810
  Processing partition 5905000/8877691, columns so far: 14057344
  Processing partition 5906000/8877691, columns so far: 14058842
  Processing partition 5907000/8877691, columns so far: 14060790
  Processing partition 5908000/8877691, columns so far: 14062880
  Processing partition 5909000/8877691, columns so far: 14066636
  Processing partition 5910000/8877691, columns so far: 14068223
  Processing partition 5911000/8877691, columns so far: 14070134
  Processing partition 5912000/8877691, columns so far: 14071628
  Processing partition 5913000/8877691, columns so far: 14073516
  Processing partition 5914000/8877691, columns so far: 14075014
  Processing partition 5915000/8877691, columns so far: 14076593
  Processing partition 5916000/8877691, columns so far: 14078148
  Processing partition 5917000/8877691, columns so far: 14080054
  Processing partition 5918000/8877691, columns so far: 14082034
  Processing partition 5919000/8877691, columns so far: 14085298
  Processing partition 5920000/8877691, columns so far: 14087470
  Processing partition 5921000/8877691, columns so far: 14089314
  Processing partition 5922000/8877691, columns so far: 14090940
  Processing partition 5923000/8877691, columns so far: 14092462
  Processing partition 5924000/8877691, columns so far: 14094066
  Processing partition 5925000/8877691, columns so far: 14095896
  Processing partition 5926000/8877691, columns so far: 14097393
  Processing partition 5927000/8877691, columns so far: 14099350
  Processing partition 5928000/8877691, columns so far: 14101074
  Processing partition 5929000/8877691, columns so far: 14104168
  Processing partition 5930000/8877691, columns so far: 14106776
  Processing partition 5931000/8877691, columns so far: 14108616
  Processing partition 5932000/8877691, columns so far: 14110171
  Processing partition 5933000/8877691, columns so far: 14111741
  Processing partition 5934000/8877691, columns so far: 14113291
  Processing partition 5935000/8877691, columns so far: 14115036
  Processing partition 5936000/8877691, columns so far: 14116706
  Processing partition 5937000/8877691, columns so far: 14118628
  Processing partition 5938000/8877691, columns so far: 14120224
  Processing partition 5939000/8877691, columns so far: 14123727
  Processing partition 5940000/8877691, columns so far: 14126225
  Processing partition 5941000/8877691, columns so far: 14128635
  Processing partition 5942000/8877691, columns so far: 14130191
  Processing partition 5943000/8877691, columns so far: 14132097
  Processing partition 5944000/8877691, columns so far: 14133991
  Processing partition 5945000/8877691, columns so far: 14135747
  Processing partition 5946000/8877691, columns so far: 14137647
  Processing partition 5947000/8877691, columns so far: 14139491
  Processing partition 5948000/8877691, columns so far: 14141722
  Processing partition 5949000/8877691, columns so far: 14143660
  Processing partition 5950000/8877691, columns so far: 14145504
  Processing partition 5951000/8877691, columns so far: 14147588
  Processing partition 5952000/8877691, columns so far: 14149436
  Processing partition 5953000/8877691, columns so far: 14151342
  Processing partition 5954000/8877691, columns so far: 14153258
  Processing partition 5955000/8877691, columns so far: 14154832
  Processing partition 5956000/8877691, columns so far: 14156679
  Processing partition 5957000/8877691, columns so far: 14158747
  Processing partition 5958000/8877691, columns so far: 14160613
  Processing partition 5959000/8877691, columns so far: 14162747
  Processing partition 5960000/8877691, columns so far: 14166050
  Processing partition 5961000/8877691, columns so far: 14170214
  Processing partition 5962000/8877691, columns so far: 14172339
  Processing partition 5963000/8877691, columns so far: 14174758
  Processing partition 5964000/8877691, columns so far: 14176302
  Processing partition 5965000/8877691, columns so far: 14178182
  Processing partition 5966000/8877691, columns so far: 14180092
  Processing partition 5967000/8877691, columns so far: 14181996
  Processing partition 5968000/8877691, columns so far: 14183524
  Processing partition 5969000/8877691, columns so far: 14185638
  Processing partition 5970000/8877691, columns so far: 14187725
  Processing partition 5971000/8877691, columns so far: 14189702
  Processing partition 5972000/8877691, columns so far: 14192886
  Processing partition 5973000/8877691, columns so far: 14197581
  Processing partition 5974000/8877691, columns so far: 14200620
  Processing partition 5975000/8877691, columns so far: 14204390
  Processing partition 5976000/8877691, columns so far: 14208172
  Processing partition 5977000/8877691, columns so far: 14211655
  Processing partition 5978000/8877691, columns so far: 14214998
  Processing partition 5979000/8877691, columns so far: 14219124
  Processing partition 5980000/8877691, columns so far: 14222863
  Processing partition 5981000/8877691, columns so far: 14227165
  Processing partition 5982000/8877691, columns so far: 14234007
  Processing partition 5983000/8877691, columns so far: 14241916
  Processing partition 5984000/8877691, columns so far: 14243699
  Processing partition 5985000/8877691, columns so far: 14245497
  Processing partition 5986000/8877691, columns so far: 14247052
  Processing partition 5987000/8877691, columns so far: 14248630
  Processing partition 5988000/8877691, columns so far: 14250216
  Processing partition 5989000/8877691, columns so far: 14251757
  Processing partition 5990000/8877691, columns so far: 14253538
  Processing partition 5991000/8877691, columns so far: 14255364
  Processing partition 5992000/8877691, columns so far: 14257478
  Processing partition 5993000/8877691, columns so far: 14260630
  Processing partition 5994000/8877691, columns so far: 14262972
  Processing partition 5995000/8877691, columns so far: 14264388
  Processing partition 5996000/8877691, columns so far: 14265878
  Processing partition 5997000/8877691, columns so far: 14267188
  Processing partition 5998000/8877691, columns so far: 14268598
  Processing partition 5999000/8877691, columns so far: 14270050
  Processing partition 6000000/8877691, columns so far: 14271606
  Processing partition 6001000/8877691, columns so far: 14273390
  Processing partition 6002000/8877691, columns so far: 14276396
  Processing partition 6003000/8877691, columns so far: 14277866
  Processing partition 6004000/8877691, columns so far: 14279277
  Processing partition 6005000/8877691, columns so far: 14280596
  Processing partition 6006000/8877691, columns so far: 14282025
  Processing partition 6007000/8877691, columns so far: 14283473
  Processing partition 6008000/8877691, columns so far: 14284972
  Processing partition 6009000/8877691, columns so far: 14286511
  Processing partition 6010000/8877691, columns so far: 14288600
  Processing partition 6011000/8877691, columns so far: 14291258
  Processing partition 6012000/8877691, columns so far: 14292810
  Processing partition 6013000/8877691, columns so far: 14294164
  Processing partition 6014000/8877691, columns so far: 14295470
  Processing partition 6015000/8877691, columns so far: 14297031
  Processing partition 6016000/8877691, columns so far: 14298361
  Processing partition 6017000/8877691, columns so far: 14299898
  Processing partition 6018000/8877691, columns so far: 14301422
  Processing partition 6019000/8877691, columns so far: 14303798
  Processing partition 6020000/8877691, columns so far: 14306127
  Processing partition 6021000/8877691, columns so far: 14307630
  Processing partition 6022000/8877691, columns so far: 14308944
  Processing partition 6023000/8877691, columns so far: 14310319
  Processing partition 6024000/8877691, columns so far: 14311736
  Processing partition 6025000/8877691, columns so far: 14313292
  Processing partition 6026000/8877691, columns so far: 14314832
  Processing partition 6027000/8877691, columns so far: 14316408
  Processing partition 6028000/8877691, columns so far: 14319455
  Processing partition 6029000/8877691, columns so far: 14321178
  Processing partition 6030000/8877691, columns so far: 14323020
  Processing partition 6031000/8877691, columns so far: 14324572
  Processing partition 6032000/8877691, columns so far: 14326164
  Processing partition 6033000/8877691, columns so far: 14327721
  Processing partition 6034000/8877691, columns so far: 14329246
  Processing partition 6035000/8877691, columns so far: 14330979
  Processing partition 6036000/8877691, columns so far: 14332861
  Processing partition 6037000/8877691, columns so far: 14334630
  Processing partition 6038000/8877691, columns so far: 14336407
  Processing partition 6039000/8877691, columns so far: 14338747
  Processing partition 6040000/8877691, columns so far: 14340609
  Processing partition 6041000/8877691, columns so far: 14342166
  Processing partition 6042000/8877691, columns so far: 14344054
  Processing partition 6043000/8877691, columns so far: 14345985
  Processing partition 6044000/8877691, columns so far: 14347896
  Processing partition 6045000/8877691, columns so far: 14349655
  Processing partition 6046000/8877691, columns so far: 14351855
  Processing partition 6047000/8877691, columns so far: 14353908
  Processing partition 6048000/8877691, columns so far: 14355667
  Processing partition 6049000/8877691, columns so far: 14358012
  Processing partition 6050000/8877691, columns so far: 14359920
  Processing partition 6051000/8877691, columns so far: 14361448
  Processing partition 6052000/8877691, columns so far: 14363320
  Processing partition 6053000/8877691, columns so far: 14365281
  Processing partition 6054000/8877691, columns so far: 14367003
  Processing partition 6055000/8877691, columns so far: 14368935
  Processing partition 6056000/8877691, columns so far: 14371020
  Processing partition 6057000/8877691, columns so far: 14373165
  Processing partition 6058000/8877691, columns so far: 14376532
  Processing partition 6059000/8877691, columns so far: 14381180
  Processing partition 6060000/8877691, columns so far: 14384492
  Processing partition 6061000/8877691, columns so far: 14387954
  Processing partition 6062000/8877691, columns so far: 14391746
  Processing partition 6063000/8877691, columns so far: 14395528
  Processing partition 6064000/8877691, columns so far: 14398660
  Processing partition 6065000/8877691, columns so far: 14402758
  Processing partition 6066000/8877691, columns so far: 14406966
  Processing partition 6067000/8877691, columns so far: 14411056
  Processing partition 6068000/8877691, columns so far: 14413307
  Processing partition 6069000/8877691, columns so far: 14415684
  Processing partition 6070000/8877691, columns so far: 14417212
  Processing partition 6071000/8877691, columns so far: 14419111
  Processing partition 6072000/8877691, columns so far: 14421026
  Processing partition 6073000/8877691, columns so far: 14422955
  Processing partition 6074000/8877691, columns so far: 14424697
  Processing partition 6075000/8877691, columns so far: 14426563
  Processing partition 6076000/8877691, columns so far: 14428968
  Processing partition 6077000/8877691, columns so far: 14430709
  Processing partition 6078000/8877691, columns so far: 14433796
  Processing partition 6079000/8877691, columns so far: 14438407
  Processing partition 6080000/8877691, columns so far: 14440148
  Processing partition 6081000/8877691, columns so far: 14441855
  Processing partition 6082000/8877691, columns so far: 14443694
  Processing partition 6083000/8877691, columns so far: 14445259
  Processing partition 6084000/8877691, columns so far: 14446808
  Processing partition 6085000/8877691, columns so far: 14448374
  Processing partition 6086000/8877691, columns so far: 14449868
  Processing partition 6087000/8877691, columns so far: 14451829
  Processing partition 6088000/8877691, columns so far: 14453826
  Processing partition 6089000/8877691, columns so far: 14457242
  Processing partition 6090000/8877691, columns so far: 14459189
  Processing partition 6091000/8877691, columns so far: 14461126
  Processing partition 6092000/8877691, columns so far: 14462651
  Processing partition 6093000/8877691, columns so far: 14464556
  Processing partition 6094000/8877691, columns so far: 14465960
  Processing partition 6095000/8877691, columns so far: 14467619
  Processing partition 6096000/8877691, columns so far: 14469149
  Processing partition 6097000/8877691, columns so far: 14471084
  Processing partition 6098000/8877691, columns so far: 14472923
  Processing partition 6099000/8877691, columns so far: 14476084
  Processing partition 6100000/8877691, columns so far: 14478497
  Processing partition 6101000/8877691, columns so far: 14480321
  Processing partition 6102000/8877691, columns so far: 14481968
  Processing partition 6103000/8877691, columns so far: 14483462
  Processing partition 6104000/8877691, columns so far: 14485016
  Processing partition 6105000/8877691, columns so far: 14486927
  Processing partition 6106000/8877691, columns so far: 14488423
  Processing partition 6107000/8877691, columns so far: 14490387
  Processing partition 6108000/8877691, columns so far: 14492010
  Processing partition 6109000/8877691, columns so far: 14495104
  Processing partition 6110000/8877691, columns so far: 14497776
  Processing partition 6111000/8877691, columns so far: 14499650
  Processing partition 6112000/8877691, columns so far: 14501208
  Processing partition 6113000/8877691, columns so far: 14502763
  Processing partition 6114000/8877691, columns so far: 14504327
  Processing partition 6115000/8877691, columns so far: 14506058
  Processing partition 6116000/8877691, columns so far: 14507707
  Processing partition 6117000/8877691, columns so far: 14509637
  Processing partition 6118000/8877691, columns so far: 14511190
  Processing partition 6119000/8877691, columns so far: 14514647
  Processing partition 6120000/8877691, columns so far: 14517223
  Processing partition 6121000/8877691, columns so far: 14519459
  Processing partition 6122000/8877691, columns so far: 14521200
  Processing partition 6123000/8877691, columns so far: 14523123
  Processing partition 6124000/8877691, columns so far: 14525028
  Processing partition 6125000/8877691, columns so far: 14526673
  Processing partition 6126000/8877691, columns so far: 14528669
  Processing partition 6127000/8877691, columns so far: 14530518
  Processing partition 6128000/8877691, columns so far: 14532615
  Processing partition 6129000/8877691, columns so far: 14534627
  Processing partition 6130000/8877691, columns so far: 14536531
  Processing partition 6131000/8877691, columns so far: 14538487
  Processing partition 6132000/8877691, columns so far: 14540466
  Processing partition 6133000/8877691, columns so far: 14542370
  Processing partition 6134000/8877691, columns so far: 14544278
  Processing partition 6135000/8877691, columns so far: 14545834
  Processing partition 6136000/8877691, columns so far: 14547687
  Processing partition 6137000/8877691, columns so far: 14549768
  Processing partition 6138000/8877691, columns so far: 14551565
  Processing partition 6139000/8877691, columns so far: 14553738
  Processing partition 6140000/8877691, columns so far: 14556951
  Processing partition 6141000/8877691, columns so far: 14561018
  Processing partition 6142000/8877691, columns so far: 14563367
  Processing partition 6143000/8877691, columns so far: 14565766
  Processing partition 6144000/8877691, columns so far: 14567294
  Processing partition 6145000/8877691, columns so far: 14569182
  Processing partition 6146000/8877691, columns so far: 14571108
  Processing partition 6147000/8877691, columns so far: 14573024
  Processing partition 6148000/8877691, columns so far: 14574546
  Processing partition 6149000/8877691, columns so far: 14576605
  Processing partition 6150000/8877691, columns so far: 14578529
  Processing partition 6151000/8877691, columns so far: 14580691
  Processing partition 6152000/8877691, columns so far: 14583720
  Processing partition 6153000/8877691, columns so far: 14588482
  Processing partition 6154000/8877691, columns so far: 14591596
  Processing partition 6155000/8877691, columns so far: 14595386
  Processing partition 6156000/8877691, columns so far: 14599148
  Processing partition 6157000/8877691, columns so far: 14602557
  Processing partition 6158000/8877691, columns so far: 14606400
  Processing partition 6159000/8877691, columns so far: 14610070
  Processing partition 6160000/8877691, columns so far: 14614313
  Processing partition 6161000/8877691, columns so far: 14618276
  Processing partition 6162000/8877691, columns so far: 14623754
  Processing partition 6163000/8877691, columns so far: 14631461
  Processing partition 6164000/8877691, columns so far: 14636528
  Processing partition 6165000/8877691, columns so far: 14639938
  Processing partition 6166000/8877691, columns so far: 14643654
  Processing partition 6167000/8877691, columns so far: 14646730
  Processing partition 6168000/8877691, columns so far: 14649433
  Processing partition 6169000/8877691, columns so far: 14652856
  Processing partition 6170000/8877691, columns so far: 14655932
  Processing partition 6171000/8877691, columns so far: 14659754
  Processing partition 6172000/8877691, columns so far: 14663279
  Processing partition 6173000/8877691, columns so far: 14669292
  Processing partition 6174000/8877691, columns so far: 14674308
  Processing partition 6175000/8877691, columns so far: 14678150
  Processing partition 6176000/8877691, columns so far: 14681212
  Processing partition 6177000/8877691, columns so far: 14684453
  Processing partition 6178000/8877691, columns so far: 14687668
  Processing partition 6179000/8877691, columns so far: 14691090
  Processing partition 6180000/8877691, columns so far: 14694100
  Processing partition 6181000/8877691, columns so far: 14697941
  Processing partition 6182000/8877691, columns so far: 14701102
  Processing partition 6183000/8877691, columns so far: 14707224
  Processing partition 6184000/8877691, columns so far: 14712540
  Processing partition 6185000/8877691, columns so far: 14716210
  Processing partition 6186000/8877691, columns so far: 14719326
  Processing partition 6187000/8877691, columns so far: 14722428
  Processing partition 6188000/8877691, columns so far: 14725542
  Processing partition 6189000/8877691, columns so far: 14729259
  Processing partition 6190000/8877691, columns so far: 14732318
  Processing partition 6191000/8877691, columns so far: 14736098
  Processing partition 6192000/8877691, columns so far: 14739167
  Processing partition 6193000/8877691, columns so far: 14744927
  Processing partition 6194000/8877691, columns so far: 14750662
  Processing partition 6195000/8877691, columns so far: 14754444
  Processing partition 6196000/8877691, columns so far: 14757548
  Processing partition 6197000/8877691, columns so far: 14760328
  Processing partition 6198000/8877691, columns so far: 14763646
  Processing partition 6199000/8877691, columns so far: 14767112
  Processing partition 6200000/8877691, columns so far: 14770502
  Processing partition 6201000/8877691, columns so far: 14774237
  Processing partition 6202000/8877691, columns so far: 14777338
  Processing partition 6203000/8877691, columns so far: 14783582
  Processing partition 6204000/8877691, columns so far: 14789142
  Processing partition 6205000/8877691, columns so far: 14792960
  Processing partition 6206000/8877691, columns so far: 14797000
  Processing partition 6207000/8877691, columns so far: 14800780
  Processing partition 6208000/8877691, columns so far: 14804562
  Processing partition 6209000/8877691, columns so far: 14807664
  Processing partition 6210000/8877691, columns so far: 14811804
  Processing partition 6211000/8877691, columns so far: 14815472
  Processing partition 6212000/8877691, columns so far: 14818999
  Processing partition 6213000/8877691, columns so far: 14823676
  Processing partition 6214000/8877691, columns so far: 14827354
  Processing partition 6215000/8877691, columns so far: 14830877
  Processing partition 6216000/8877691, columns so far: 14835182
  Processing partition 6217000/8877691, columns so far: 14839012
  Processing partition 6218000/8877691, columns so far: 14842482
  Processing partition 6219000/8877691, columns so far: 14845798
  Processing partition 6220000/8877691, columns so far: 14849572
  Processing partition 6221000/8877691, columns so far: 14853512
  Processing partition 6222000/8877691, columns so far: 14857114
  Processing partition 6223000/8877691, columns so far: 14861476
  Processing partition 6224000/8877691, columns so far: 14866381
  Processing partition 6225000/8877691, columns so far: 14874586
  Processing partition 6226000/8877691, columns so far: 14880046
  Processing partition 6227000/8877691, columns so far: 14884344
  Processing partition 6228000/8877691, columns so far: 14887818
  Processing partition 6229000/8877691, columns so far: 14891652
  Processing partition 6230000/8877691, columns so far: 14895494
  Processing partition 6231000/8877691, columns so far: 14898634
  Processing partition 6232000/8877691, columns so far: 14902201
  Processing partition 6233000/8877691, columns so far: 14906396
  Processing partition 6234000/8877691, columns so far: 14910016
  Processing partition 6235000/8877691, columns so far: 14914392
  Processing partition 6236000/8877691, columns so far: 14919948
  Processing partition 6237000/8877691, columns so far: 14927376
  Processing partition 6238000/8877691, columns so far: 14934925
  Processing partition 6239000/8877691, columns so far: 14942226
  Processing partition 6240000/8877691, columns so far: 14949600
  Processing partition 6241000/8877691, columns so far: 14955636
  Processing partition 6242000/8877691, columns so far: 14962852
  Processing partition 6243000/8877691, columns so far: 14970810
  Processing partition 6244000/8877691, columns so far: 14977756
  Processing partition 6245000/8877691, columns so far: 14985917
  Processing partition 6246000/8877691, columns so far: 14997218
  Processing partition 6247000/8877691, columns so far: 15011531
  Processing partition 6248000/8877691, columns so far: 15016681
  Processing partition 6249000/8877691, columns so far: 15019059
  Processing partition 6250000/8877691, columns so far: 15020585
  Processing partition 6251000/8877691, columns so far: 15022491
  Processing partition 6252000/8877691, columns so far: 15024381
  Processing partition 6253000/8877691, columns so far: 15026303
  Processing partition 6254000/8877691, columns so far: 15028070
  Processing partition 6255000/8877691, columns so far: 15029891
  Processing partition 6256000/8877691, columns so far: 15032309
  Processing partition 6257000/8877691, columns so far: 15034083
  Processing partition 6258000/8877691, columns so far: 15036991
  Processing partition 6259000/8877691, columns so far: 15041593
  Processing partition 6260000/8877691, columns so far: 15043522
  Processing partition 6261000/8877691, columns so far: 15045229
  Processing partition 6262000/8877691, columns so far: 15047084
  Processing partition 6263000/8877691, columns so far: 15048634
  Processing partition 6264000/8877691, columns so far: 15050107
  Processing partition 6265000/8877691, columns so far: 15051691
  Processing partition 6266000/8877691, columns so far: 15053248
  Processing partition 6267000/8877691, columns so far: 15055179
  Processing partition 6268000/8877691, columns so far: 15057125
  Processing partition 6269000/8877691, columns so far: 15060381
  Processing partition 6270000/8877691, columns so far: 15062569
  Processing partition 6271000/8877691, columns so far: 15064521
  Processing partition 6272000/8877691, columns so far: 15066035
  Processing partition 6273000/8877691, columns so far: 15067860
  Processing partition 6274000/8877691, columns so far: 15069260
  Processing partition 6275000/8877691, columns so far: 15070999
  Processing partition 6276000/8877691, columns so far: 15072539
  Processing partition 6277000/8877691, columns so far: 15074469
  Processing partition 6278000/8877691, columns so far: 15076153
  Processing partition 6279000/8877691, columns so far: 15079261
  Processing partition 6280000/8877691, columns so far: 15081876
  Processing partition 6281000/8877691, columns so far: 15083715
  Processing partition 6282000/8877691, columns so far: 15085343
  Processing partition 6283000/8877691, columns so far: 15086841
  Processing partition 6284000/8877691, columns so far: 15088391
  Processing partition 6285000/8877691, columns so far: 15090279
  Processing partition 6286000/8877691, columns so far: 15091805
  Processing partition 6287000/8877691, columns so far: 15093723
  Processing partition 6288000/8877691, columns so far: 15095299
  Processing partition 6289000/8877691, columns so far: 15098421
  Processing partition 6290000/8877691, columns so far: 15101151
  Processing partition 6291000/8877691, columns so far: 15103007
  Processing partition 6292000/8877691, columns so far: 15104565
  Processing partition 6293000/8877691, columns so far: 15106117
  Processing partition 6294000/8877691, columns so far: 15107681
  Processing partition 6295000/8877691, columns so far: 15109410
  Processing partition 6296000/8877691, columns so far: 15111097
  Processing partition 6297000/8877691, columns so far: 15113017
  Processing partition 6298000/8877691, columns so far: 15114550
  Processing partition 6299000/8877691, columns so far: 15117909
  Processing partition 6300000/8877691, columns so far: 15120604
  Processing partition 6301000/8877691, columns so far: 15122689
  Processing partition 6302000/8877691, columns so far: 15124535
  Processing partition 6303000/8877691, columns so far: 15126446
  Processing partition 6304000/8877691, columns so far: 15128352
  Processing partition 6305000/8877691, columns so far: 15129935
  Processing partition 6306000/8877691, columns so far: 15132025
  Processing partition 6307000/8877691, columns so far: 15133842
  Processing partition 6308000/8877691, columns so far: 15135832
  Processing partition 6309000/8877691, columns so far: 15138000
  Processing partition 6310000/8877691, columns so far: 15139854
  Processing partition 6311000/8877691, columns so far: 15141774
  Processing partition 6312000/8877691, columns so far: 15143844
  Processing partition 6313000/8877691, columns so far: 15145754
  Processing partition 6314000/8877691, columns so far: 15147658
  Processing partition 6315000/8877691, columns so far: 15149187
  Processing partition 6316000/8877691, columns so far: 15151062
  Processing partition 6317000/8877691, columns so far: 15153148
  Processing partition 6318000/8877691, columns so far: 15154917
  Processing partition 6319000/8877691, columns so far: 15157112
  Processing partition 6320000/8877691, columns so far: 15160085
  Processing partition 6321000/8877691, columns so far: 15164091
  Processing partition 6322000/8877691, columns so far: 15166750
  Processing partition 6323000/8877691, columns so far: 15169146
  Processing partition 6324000/8877691, columns so far: 15170669
  Processing partition 6325000/8877691, columns so far: 15172567
  Processing partition 6326000/8877691, columns so far: 15174475
  Processing partition 6327000/8877691, columns so far: 15176211
  Processing partition 6328000/8877691, columns so far: 15177903
  Processing partition 6329000/8877691, columns so far: 15179988
  Processing partition 6330000/8877691, columns so far: 15181864
  Processing partition 6331000/8877691, columns so far: 15184061
  Processing partition 6332000/8877691, columns so far: 15187019
  Processing partition 6333000/8877691, columns so far: 15191243
  Processing partition 6334000/8877691, columns so far: 15194775
  Processing partition 6335000/8877691, columns so far: 15198612
  Processing partition 6336000/8877691, columns so far: 15202426
  Processing partition 6337000/8877691, columns so far: 15205666
  Processing partition 6338000/8877691, columns so far: 15209646
  Processing partition 6339000/8877691, columns so far: 15213317
  Processing partition 6340000/8877691, columns so far: 15217351
  Processing partition 6341000/8877691, columns so far: 15221461
  Processing partition 6342000/8877691, columns so far: 15226787
  Processing partition 6343000/8877691, columns so far: 15234263
  Processing partition 6344000/8877691, columns so far: 15238314
  Processing partition 6345000/8877691, columns so far: 15240710
  Processing partition 6346000/8877691, columns so far: 15242279
  Processing partition 6347000/8877691, columns so far: 15244118
  Processing partition 6348000/8877691, columns so far: 15246025
  Processing partition 6349000/8877691, columns so far: 15247963
  Processing partition 6350000/8877691, columns so far: 15249721
  Processing partition 6351000/8877691, columns so far: 15251580
  Processing partition 6352000/8877691, columns so far: 15253974
  Processing partition 6353000/8877691, columns so far: 15255734
  Processing partition 6354000/8877691, columns so far: 15257593
  Processing partition 6355000/8877691, columns so far: 15259323
  Processing partition 6356000/8877691, columns so far: 15261129
  Processing partition 6357000/8877691, columns so far: 15262549
  Processing partition 6358000/8877691, columns so far: 15264119
  Processing partition 6359000/8877691, columns so far: 15265843
  Processing partition 6360000/8877691, columns so far: 15267383
  Processing partition 6361000/8877691, columns so far: 15269285
  Processing partition 6362000/8877691, columns so far: 15270808
  Processing partition 6363000/8877691, columns so far: 15273883
  Processing partition 6364000/8877691, columns so far: 15276724
  Processing partition 6365000/8877691, columns so far: 15278275
  Processing partition 6366000/8877691, columns so far: 15279717
  Processing partition 6367000/8877691, columns so far: 15281249
  Processing partition 6368000/8877691, columns so far: 15282599
  Processing partition 6369000/8877691, columns so far: 15283914
  Processing partition 6370000/8877691, columns so far: 15285471
  Processing partition 6371000/8877691, columns so far: 15286827
  Processing partition 6372000/8877691, columns so far: 15289549
  Processing partition 6373000/8877691, columns so far: 15291608
  Processing partition 6374000/8877691, columns so far: 15293015
  Processing partition 6375000/8877691, columns so far: 15294607
  Processing partition 6376000/8877691, columns so far: 15295907
  Processing partition 6377000/8877691, columns so far: 15297478
  Processing partition 6378000/8877691, columns so far: 15298789
  Processing partition 6379000/8877691, columns so far: 15300347
  Processing partition 6380000/8877691, columns so far: 15302027
  Processing partition 6381000/8877691, columns so far: 15305008
  Processing partition 6382000/8877691, columns so far: 15306564
  Processing partition 6383000/8877691, columns so far: 15307889
  Processing partition 6384000/8877691, columns so far: 15309319
  Processing partition 6385000/8877691, columns so far: 15310781
  Processing partition 6386000/8877691, columns so far: 15312261
  Processing partition 6387000/8877691, columns so far: 15313641
  Processing partition 6388000/8877691, columns so far: 15315221
  Processing partition 6389000/8877691, columns so far: 15317513
  Processing partition 6390000/8877691, columns so far: 15320079
  Processing partition 6391000/8877691, columns so far: 15321875
  Processing partition 6392000/8877691, columns so far: 15323431
  Processing partition 6393000/8877691, columns so far: 15325197
  Processing partition 6394000/8877691, columns so far: 15326749
  Processing partition 6395000/8877691, columns so far: 15328395
  Processing partition 6396000/8877691, columns so far: 15329931
  Processing partition 6397000/8877691, columns so far: 15331475
  Processing partition 6398000/8877691, columns so far: 15333360
  Processing partition 6399000/8877691, columns so far: 15335034
  Processing partition 6400000/8877691, columns so far: 15336825
  Processing partition 6401000/8877691, columns so far: 15338483
  Processing partition 6402000/8877691, columns so far: 15340057
  Processing partition 6403000/8877691, columns so far: 15341623
  Processing partition 6404000/8877691, columns so far: 15343177
  Processing partition 6405000/8877691, columns so far: 15344906
  Processing partition 6406000/8877691, columns so far: 15346523
  Processing partition 6407000/8877691, columns so far: 15348301
  Processing partition 6408000/8877691, columns so far: 15351729
  Processing partition 6409000/8877691, columns so far: 15354341
  Processing partition 6410000/8877691, columns so far: 15356109
  Processing partition 6411000/8877691, columns so far: 15357633
  Processing partition 6412000/8877691, columns so far: 15359364
  Processing partition 6413000/8877691, columns so far: 15360918
  Processing partition 6414000/8877691, columns so far: 15362495
  Processing partition 6415000/8877691, columns so far: 15364155
  Processing partition 6416000/8877691, columns so far: 15365764
  Processing partition 6417000/8877691, columns so far: 15367561
  Processing partition 6418000/8877691, columns so far: 15370718
  Processing partition 6419000/8877691, columns so far: 15374186
  Processing partition 6420000/8877691, columns so far: 15377899
  Processing partition 6421000/8877691, columns so far: 15380661
  Processing partition 6422000/8877691, columns so far: 15383675
  Processing partition 6423000/8877691, columns so far: 15387101
  Processing partition 6424000/8877691, columns so far: 15390163
  Processing partition 6425000/8877691, columns so far: 15393997
  Processing partition 6426000/8877691, columns so far: 15397169
  Processing partition 6427000/8877691, columns so far: 15403249
  Processing partition 6428000/8877691, columns so far: 15407672
  Processing partition 6429000/8877691, columns so far: 15409421
  Processing partition 6430000/8877691, columns so far: 15411129
  Processing partition 6431000/8877691, columns so far: 15412655
  Processing partition 6432000/8877691, columns so far: 15414207
  Processing partition 6433000/8877691, columns so far: 15415941
  Processing partition 6434000/8877691, columns so far: 15417491
  Processing partition 6435000/8877691, columns so far: 15419372
  Processing partition 6436000/8877691, columns so far: 15420895
  Processing partition 6437000/8877691, columns so far: 15424269
  Processing partition 6438000/8877691, columns so far: 15426931
  Processing partition 6439000/8877691, columns so far: 15428722
  Processing partition 6440000/8877691, columns so far: 15430279
  Processing partition 6441000/8877691, columns so far: 15431967
  Processing partition 6442000/8877691, columns so far: 15433539
  Processing partition 6443000/8877691, columns so far: 15435233
  Processing partition 6444000/8877691, columns so far: 15436742
  Processing partition 6445000/8877691, columns so far: 15438623
  Processing partition 6446000/8877691, columns so far: 15440170
  Processing partition 6447000/8877691, columns so far: 15441711
  Processing partition 6448000/8877691, columns so far: 15443673
  Processing partition 6449000/8877691, columns so far: 15445183
  Processing partition 6450000/8877691, columns so far: 15446855
  Processing partition 6451000/8877691, columns so far: 15448413
  Processing partition 6452000/8877691, columns so far: 15450141
  Processing partition 6453000/8877691, columns so far: 15451695
  Processing partition 6454000/8877691, columns so far: 15453608
  Processing partition 6455000/8877691, columns so far: 15455229
  Processing partition 6456000/8877691, columns so far: 15458311
  Processing partition 6457000/8877691, columns so far: 15460859
  Processing partition 6458000/8877691, columns so far: 15462451
  Processing partition 6459000/8877691, columns so far: 15463843
  Processing partition 6460000/8877691, columns so far: 15465301
  Processing partition 6461000/8877691, columns so far: 15466877
  Processing partition 6462000/8877691, columns so far: 15468191
  Processing partition 6463000/8877691, columns so far: 15469743
  Processing partition 6464000/8877691, columns so far: 15471211
  Processing partition 6465000/8877691, columns so far: 15474290
  Processing partition 6466000/8877691, columns so far: 15475733
  Processing partition 6467000/8877691, columns so far: 15477289
  Processing partition 6468000/8877691, columns so far: 15478621
  Processing partition 6469000/8877691, columns so far: 15480195
  Processing partition 6470000/8877691, columns so far: 15481664
  Processing partition 6471000/8877691, columns so far: 15483065
  Processing partition 6472000/8877691, columns so far: 15484617
  Processing partition 6473000/8877691, columns so far: 15486627
  Processing partition 6474000/8877691, columns so far: 15489369
  Processing partition 6475000/8877691, columns so far: 15491000
  Processing partition 6476000/8877691, columns so far: 15492777
  Processing partition 6477000/8877691, columns so far: 15494333
  Processing partition 6478000/8877691, columns so far: 15496148
  Processing partition 6479000/8877691, columns so far: 15497738
  Processing partition 6480000/8877691, columns so far: 15499298
  Processing partition 6481000/8877691, columns so far: 15500821
  Processing partition 6482000/8877691, columns so far: 15502751
  Processing partition 6483000/8877691, columns so far: 15504309
  Processing partition 6484000/8877691, columns so far: 15506191
  Processing partition 6485000/8877691, columns so far: 15507717
  Processing partition 6486000/8877691, columns so far: 15509228
  Processing partition 6487000/8877691, columns so far: 15511021
  Processing partition 6488000/8877691, columns so far: 15512576
  Processing partition 6489000/8877691, columns so far: 15514249
  Processing partition 6490000/8877691, columns so far: 15515795
  Processing partition 6491000/8877691, columns so far: 15517597
  Processing partition 6492000/8877691, columns so far: 15520909
  Processing partition 6493000/8877691, columns so far: 15523569
  Processing partition 6494000/8877691, columns so far: 15525475
  Processing partition 6495000/8877691, columns so far: 15527001
  Processing partition 6496000/8877691, columns so far: 15528529
  Processing partition 6497000/8877691, columns so far: 15530348
  Processing partition 6498000/8877691, columns so far: 15531909
  Processing partition 6499000/8877691, columns so far: 15533499
  Processing partition 6500000/8877691, columns so far: 15535055
  Processing partition 6501000/8877691, columns so far: 15536905
  Processing partition 6502000/8877691, columns so far: 15539513
  Processing partition 6503000/8877691, columns so far: 15543297
  Processing partition 6504000/8877691, columns so far: 15546291
  Processing partition 6505000/8877691, columns so far: 15549393
  Processing partition 6506000/8877691, columns so far: 15552851
  Processing partition 6507000/8877691, columns so far: 15556222
  Processing partition 6508000/8877691, columns so far: 15559273
  Processing partition 6509000/8877691, columns so far: 15563075
  Processing partition 6510000/8877691, columns so far: 15566124
  Processing partition 6511000/8877691, columns so far: 15571789
  Processing partition 6512000/8877691, columns so far: 15576893
  Processing partition 6513000/8877691, columns so far: 15578792
  Processing partition 6514000/8877691, columns so far: 15580317
  Processing partition 6515000/8877691, columns so far: 15581874
  Processing partition 6516000/8877691, columns so far: 15583631
  Processing partition 6517000/8877691, columns so far: 15585279
  Processing partition 6518000/8877691, columns so far: 15586841
  Processing partition 6519000/8877691, columns so far: 15588639
  Processing partition 6520000/8877691, columns so far: 15590244
  Processing partition 6521000/8877691, columns so far: 15592989
  Processing partition 6522000/8877691, columns so far: 15596179
  Processing partition 6523000/8877691, columns so far: 15597720
  Processing partition 6524000/8877691, columns so far: 15599221
  Processing partition 6525000/8877691, columns so far: 15600635
  Processing partition 6526000/8877691, columns so far: 15602047
  Processing partition 6527000/8877691, columns so far: 15603417
  Processing partition 6528000/8877691, columns so far: 15604732
  Processing partition 6529000/8877691, columns so far: 15606287
  Processing partition 6530000/8877691, columns so far: 15609035
  Processing partition 6531000/8877691, columns so far: 15611111
  Processing partition 6532000/8877691, columns so far: 15613027
  Processing partition 6533000/8877691, columns so far: 15614515
  Processing partition 6534000/8877691, columns so far: 15616075
  Processing partition 6535000/8877691, columns so far: 15617811
  Processing partition 6536000/8877691, columns so far: 15619542
  Processing partition 6537000/8877691, columns so far: 15621040
  Processing partition 6538000/8877691, columns so far: 15622955
  Processing partition 6539000/8877691, columns so far: 15624491
  Processing partition 6540000/8877691, columns so far: 15626005
  Processing partition 6541000/8877691, columns so far: 15627849
  Processing partition 6542000/8877691, columns so far: 15629471
  Processing partition 6543000/8877691, columns so far: 15631027
  Processing partition 6544000/8877691, columns so far: 15632674
  Processing partition 6545000/8877691, columns so far: 15634430
  Processing partition 6546000/8877691, columns so far: 15635934
  Processing partition 6547000/8877691, columns so far: 15637876
  Processing partition 6548000/8877691, columns so far: 15639665
  Processing partition 6549000/8877691, columns so far: 15642826
  Processing partition 6550000/8877691, columns so far: 15645133
  Processing partition 6551000/8877691, columns so far: 15646601
  Processing partition 6552000/8877691, columns so far: 15648039
  Processing partition 6553000/8877691, columns so far: 15649480
  Processing partition 6554000/8877691, columns so far: 15651007
  Processing partition 6555000/8877691, columns so far: 15652461
  Processing partition 6556000/8877691, columns so far: 15654049
  Processing partition 6557000/8877691, columns so far: 15655807
  Processing partition 6558000/8877691, columns so far: 15658707
  Processing partition 6559000/8877691, columns so far: 15660261
  Processing partition 6560000/8877691, columns so far: 15662019
  Processing partition 6561000/8877691, columns so far: 15663677
  Processing partition 6562000/8877691, columns so far: 15665229
  Processing partition 6563000/8877691, columns so far: 15667138
  Processing partition 6564000/8877691, columns so far: 15668692
  Processing partition 6565000/8877691, columns so far: 15670191
  Processing partition 6566000/8877691, columns so far: 15672097
  Processing partition 6567000/8877691, columns so far: 15673663
  Processing partition 6568000/8877691, columns so far: 15675395
  Processing partition 6569000/8877691, columns so far: 15676894
  Processing partition 6570000/8877691, columns so far: 15678622
  Processing partition 6571000/8877691, columns so far: 15680121
  Processing partition 6572000/8877691, columns so far: 15681997
  Processing partition 6573000/8877691, columns so far: 15683591
  Processing partition 6574000/8877691, columns so far: 15685129
  Processing partition 6575000/8877691, columns so far: 15686997
  Processing partition 6576000/8877691, columns so far: 15689814
  Processing partition 6577000/8877691, columns so far: 15692969
  Processing partition 6578000/8877691, columns so far: 15694547
  Processing partition 6579000/8877691, columns so far: 15696200
  Processing partition 6580000/8877691, columns so far: 15697913
  Processing partition 6581000/8877691, columns so far: 15699429
  Processing partition 6582000/8877691, columns so far: 15701319
  Processing partition 6583000/8877691, columns so far: 15702899
  Processing partition 6584000/8877691, columns so far: 15704421
  Processing partition 6585000/8877691, columns so far: 15706166
  Processing partition 6586000/8877691, columns so far: 15708573
  Processing partition 6587000/8877691, columns so far: 15712365
  Processing partition 6588000/8877691, columns so far: 15715313
  Processing partition 6589000/8877691, columns so far: 15718461
  Processing partition 6590000/8877691, columns so far: 15721565
  Processing partition 6591000/8877691, columns so far: 15725347
  Processing partition 6592000/8877691, columns so far: 15728453
  Processing partition 6593000/8877691, columns so far: 15731846
  Processing partition 6594000/8877691, columns so far: 15735235
  Processing partition 6595000/8877691, columns so far: 15740505
  Processing partition 6596000/8877691, columns so far: 15746258
  Processing partition 6597000/8877691, columns so far: 15748112
  Processing partition 6598000/8877691, columns so far: 15749487
  Processing partition 6599000/8877691, columns so far: 15751217
  Processing partition 6600000/8877691, columns so far: 15752745
  Processing partition 6601000/8877691, columns so far: 15754667
  Processing partition 6602000/8877691, columns so far: 15756181
  Processing partition 6603000/8877691, columns so far: 15757738
  Processing partition 6604000/8877691, columns so far: 15759647
  Processing partition 6605000/8877691, columns so far: 15762167
  Processing partition 6606000/8877691, columns so far: 15765564
  Processing partition 6607000/8877691, columns so far: 15767065
  Processing partition 6608000/8877691, columns so far: 15768527
  Processing partition 6609000/8877691, columns so far: 15769949
  Processing partition 6610000/8877691, columns so far: 15771260
  Processing partition 6611000/8877691, columns so far: 15772815
  Processing partition 6612000/8877691, columns so far: 15774130
  Processing partition 6613000/8877691, columns so far: 15775699
  Processing partition 6614000/8877691, columns so far: 15777923
  Processing partition 6615000/8877691, columns so far: 15780381
  Processing partition 6616000/8877691, columns so far: 15781953
  Processing partition 6617000/8877691, columns so far: 15783335
  Processing partition 6618000/8877691, columns so far: 15784824
  Processing partition 6619000/8877691, columns so far: 15786379
  Processing partition 6620000/8877691, columns so far: 15787693
  Processing partition 6621000/8877691, columns so far: 15789135
  Processing partition 6622000/8877691, columns so far: 15790581
  Processing partition 6623000/8877691, columns so far: 15793465
  Processing partition 6624000/8877691, columns so far: 15795409
  Processing partition 6625000/8877691, columns so far: 15797249
  Processing partition 6626000/8877691, columns so far: 15798875
  Processing partition 6627000/8877691, columns so far: 15800373
  Processing partition 6628000/8877691, columns so far: 15801924
  Processing partition 6629000/8877691, columns so far: 15803812
  Processing partition 6630000/8877691, columns so far: 15805335
  Processing partition 6631000/8877691, columns so far: 15807251
  Processing partition 6632000/8877691, columns so far: 15808799
  Processing partition 6633000/8877691, columns so far: 15810365
  Processing partition 6634000/8877691, columns so far: 15812123
  Processing partition 6635000/8877691, columns so far: 15813678
  Processing partition 6636000/8877691, columns so far: 15815303
  Processing partition 6637000/8877691, columns so far: 15816880
  Processing partition 6638000/8877691, columns so far: 15818734
  Processing partition 6639000/8877691, columns so far: 15820251
  Processing partition 6640000/8877691, columns so far: 15822185
  Processing partition 6641000/8877691, columns so far: 15824425
  Processing partition 6642000/8877691, columns so far: 15827924
  Processing partition 6643000/8877691, columns so far: 15829605
  Processing partition 6644000/8877691, columns so far: 15831430
  Processing partition 6645000/8877691, columns so far: 15832985
  Processing partition 6646000/8877691, columns so far: 15834632
  Processing partition 6647000/8877691, columns so far: 15836154
  Processing partition 6648000/8877691, columns so far: 15837903
  Processing partition 6649000/8877691, columns so far: 15839535
  Processing partition 6650000/8877691, columns so far: 15841481
  Processing partition 6651000/8877691, columns so far: 15843005
  Processing partition 6652000/8877691, columns so far: 15844573
  Processing partition 6653000/8877691, columns so far: 15846293
  Processing partition 6654000/8877691, columns so far: 15847851
  Processing partition 6655000/8877691, columns so far: 15849520
  Processing partition 6656000/8877691, columns so far: 15851061
  Processing partition 6657000/8877691, columns so far: 15852882
  Processing partition 6658000/8877691, columns so far: 15854491
  Processing partition 6659000/8877691, columns so far: 15856254
  Processing partition 6660000/8877691, columns so far: 15858827
  Processing partition 6661000/8877691, columns so far: 15862313
  Processing partition 6662000/8877691, columns so far: 15863840
  Processing partition 6663000/8877691, columns so far: 15865624
  Processing partition 6664000/8877691, columns so far: 15867179
  Processing partition 6665000/8877691, columns so far: 15868817
  Processing partition 6666000/8877691, columns so far: 15870393
  Processing partition 6667000/8877691, columns so far: 15872012
  Processing partition 6668000/8877691, columns so far: 15873764
  Processing partition 6669000/8877691, columns so far: 15875532
  Processing partition 6670000/8877691, columns so far: 15877715
  Processing partition 6671000/8877691, columns so far: 15881185
  Processing partition 6672000/8877691, columns so far: 15884193
  Processing partition 6673000/8877691, columns so far: 15887295
  Processing partition 6674000/8877691, columns so far: 15890680
  Processing partition 6675000/8877691, columns so far: 15894064
  Processing partition 6676000/8877691, columns so far: 15897519
  Processing partition 6677000/8877691, columns so far: 15900592
  Processing partition 6678000/8877691, columns so far: 15904313
  Processing partition 6679000/8877691, columns so far: 15909697
  Processing partition 6680000/8877691, columns so far: 15915625
  Processing partition 6681000/8877691, columns so far: 15917221
  Processing partition 6682000/8877691, columns so far: 15918903
  Processing partition 6683000/8877691, columns so far: 15920467
  Processing partition 6684000/8877691, columns so far: 15922115
  Processing partition 6685000/8877691, columns so far: 15923795
  Processing partition 6686000/8877691, columns so far: 15925581
  Processing partition 6687000/8877691, columns so far: 15927091
  Processing partition 6688000/8877691, columns so far: 15928987
  Processing partition 6689000/8877691, columns so far: 15931237
  Processing partition 6690000/8877691, columns so far: 15934903
  Processing partition 6691000/8877691, columns so far: 15936453
  Processing partition 6692000/8877691, columns so far: 15937789
  Processing partition 6693000/8877691, columns so far: 15939225
  Processing partition 6694000/8877691, columns so far: 15940659
  Processing partition 6695000/8877691, columns so far: 15942157
  Processing partition 6696000/8877691, columns so far: 15943534
  Processing partition 6697000/8877691, columns so far: 15945119
  Processing partition 6698000/8877691, columns so far: 15947111
  Processing partition 6699000/8877691, columns so far: 15949797
  Processing partition 6700000/8877691, columns so far: 15951353
  Processing partition 6701000/8877691, columns so far: 15952668
  Processing partition 6702000/8877691, columns so far: 15954223
  Processing partition 6703000/8877691, columns so far: 15955549
  Processing partition 6704000/8877691, columns so far: 15957103
  Processing partition 6705000/8877691, columns so far: 15958418
  Processing partition 6706000/8877691, columns so far: 15959983
  Processing partition 6707000/8877691, columns so far: 15962309
  Processing partition 6708000/8877691, columns so far: 15964661
  Processing partition 6709000/8877691, columns so far: 15966155
  Processing partition 6710000/8877691, columns so far: 15967541
  Processing partition 6711000/8877691, columns so far: 15968944
  Processing partition 6712000/8877691, columns so far: 15970479
  Processing partition 6713000/8877691, columns so far: 15971983
  Processing partition 6714000/8877691, columns so far: 15973557
  Processing partition 6715000/8877691, columns so far: 15974899
  Processing partition 6716000/8877691, columns so far: 15978025
  Processing partition 6717000/8877691, columns so far: 15979697
  Processing partition 6718000/8877691, columns so far: 15981522
  Processing partition 6719000/8877691, columns so far: 15983077
  Processing partition 6720000/8877691, columns so far: 15984673
  Processing partition 6721000/8877691, columns so far: 15986228
  Processing partition 6722000/8877691, columns so far: 15987988
  Processing partition 6723000/8877691, columns so far: 15989627
  Processing partition 6724000/8877691, columns so far: 15991587
  Processing partition 6725000/8877691, columns so far: 15993131
  Processing partition 6726000/8877691, columns so far: 15994922
  Processing partition 6727000/8877691, columns so far: 15997252
  Processing partition 6728000/8877691, columns so far: 15999111
  Processing partition 6729000/8877691, columns so far: 16000666
  Processing partition 6730000/8877691, columns so far: 16002575
  Processing partition 6731000/8877691, columns so far: 16004600
  Processing partition 6732000/8877691, columns so far: 16006397
  Processing partition 6733000/8877691, columns so far: 16008150
  Processing partition 6734000/8877691, columns so far: 16010613
  Processing partition 6735000/8877691, columns so far: 16012405
  Processing partition 6736000/8877691, columns so far: 16013927
  Processing partition 6737000/8877691, columns so far: 16015692
  Processing partition 6738000/8877691, columns so far: 16017269
  Processing partition 6739000/8877691, columns so far: 16018837
  Processing partition 6740000/8877691, columns so far: 16020425
  Processing partition 6741000/8877691, columns so far: 16021985
  Processing partition 6742000/8877691, columns so far: 16023742
  Processing partition 6743000/8877691, columns so far: 16025568
  Processing partition 6744000/8877691, columns so far: 16028007
  Processing partition 6745000/8877691, columns so far: 16031454
  Processing partition 6746000/8877691, columns so far: 16033188
  Processing partition 6747000/8877691, columns so far: 16035023
  Processing partition 6748000/8877691, columns so far: 16036575
  Processing partition 6749000/8877691, columns so far: 16038163
  Processing partition 6750000/8877691, columns so far: 16039733
  Processing partition 6751000/8877691, columns so far: 16041258
  Processing partition 6752000/8877691, columns so far: 16043026
  Processing partition 6753000/8877691, columns so far: 16044876
  Processing partition 6754000/8877691, columns so far: 16046888
  Processing partition 6755000/8877691, columns so far: 16050603
  Processing partition 6756000/8877691, columns so far: 16054997
  Processing partition 6757000/8877691, columns so far: 16058713
  Processing partition 6758000/8877691, columns so far: 16061817
  Processing partition 6759000/8877691, columns so far: 16065597
  Processing partition 6760000/8877691, columns so far: 16069617
  Processing partition 6761000/8877691, columns so far: 16073199
  Processing partition 6762000/8877691, columns so far: 16076688
  Processing partition 6763000/8877691, columns so far: 16081491
  Processing partition 6764000/8877691, columns so far: 16085009
  Processing partition 6765000/8877691, columns so far: 16086764
  Processing partition 6766000/8877691, columns so far: 16089131
  Processing partition 6767000/8877691, columns so far: 16091013
  Processing partition 6768000/8877691, columns so far: 16092568
  Processing partition 6769000/8877691, columns so far: 16094446
  Processing partition 6770000/8877691, columns so far: 16096503
  Processing partition 6771000/8877691, columns so far: 16098266
  Processing partition 6772000/8877691, columns so far: 16100029
  Processing partition 6773000/8877691, columns so far: 16102516
  Processing partition 6774000/8877691, columns so far: 16104257
  Processing partition 6775000/8877691, columns so far: 16107667
  Processing partition 6776000/8877691, columns so far: 16111955
  Processing partition 6777000/8877691, columns so far: 16113717
  Processing partition 6778000/8877691, columns so far: 16115244
  Processing partition 6779000/8877691, columns so far: 16117084
  Processing partition 6780000/8877691, columns so far: 16118640
  Processing partition 6781000/8877691, columns so far: 16120271
  Processing partition 6782000/8877691, columns so far: 16121793
  Processing partition 6783000/8877691, columns so far: 16123315
  Processing partition 6784000/8877691, columns so far: 16125205
  Processing partition 6785000/8877691, columns so far: 16127621
  Processing partition 6786000/8877691, columns so far: 16131141
  Processing partition 6787000/8877691, columns so far: 16132693
  Processing partition 6788000/8877691, columns so far: 16134552
  Processing partition 6789000/8877691, columns so far: 16136108
  Processing partition 6790000/8877691, columns so far: 16137933
  Processing partition 6791000/8877691, columns so far: 16139511
  Processing partition 6792000/8877691, columns so far: 16141072
  Processing partition 6793000/8877691, columns so far: 16142575
  Processing partition 6794000/8877691, columns so far: 16144536
  Processing partition 6795000/8877691, columns so far: 16146711
  Processing partition 6796000/8877691, columns so far: 16150398
  Processing partition 6797000/8877691, columns so far: 16151943
  Processing partition 6798000/8877691, columns so far: 16153700
  Processing partition 6799000/8877691, columns so far: 16155357
  Processing partition 6800000/8877691, columns so far: 16156913
  Processing partition 6801000/8877691, columns so far: 16158818
  Processing partition 6802000/8877691, columns so far: 16160381
  Processing partition 6803000/8877691, columns so far: 16161872
  Processing partition 6804000/8877691, columns so far: 16163788
  Processing partition 6805000/8877691, columns so far: 16165819
  Processing partition 6806000/8877691, columns so far: 16169541
  Processing partition 6807000/8877691, columns so far: 16171227
  Processing partition 6808000/8877691, columns so far: 16173018
  Processing partition 6809000/8877691, columns so far: 16174572
  Processing partition 6810000/8877691, columns so far: 16176210
  Processing partition 6811000/8877691, columns so far: 16177752
  Processing partition 6812000/8877691, columns so far: 16179536
  Processing partition 6813000/8877691, columns so far: 16181127
  Processing partition 6814000/8877691, columns so far: 16183081
  Processing partition 6815000/8877691, columns so far: 16185058
  Processing partition 6816000/8877691, columns so far: 16188730
  Processing partition 6817000/8877691, columns so far: 16190728
  Processing partition 6818000/8877691, columns so far: 16193113
  Processing partition 6819000/8877691, columns so far: 16194697
  Processing partition 6820000/8877691, columns so far: 16196513
  Processing partition 6821000/8877691, columns so far: 16198425
  Processing partition 6822000/8877691, columns so far: 16200362
  Processing partition 6823000/8877691, columns so far: 16202130
  Processing partition 6824000/8877691, columns so far: 16203971
  Processing partition 6825000/8877691, columns so far: 16206369
  Processing partition 6826000/8877691, columns so far: 16208139
  Processing partition 6827000/8877691, columns so far: 16209984
  Processing partition 6828000/8877691, columns so far: 16212382
  Processing partition 6829000/8877691, columns so far: 16213905
  Processing partition 6830000/8877691, columns so far: 16215794
  Processing partition 6831000/8877691, columns so far: 16217715
  Processing partition 6832000/8877691, columns so far: 16219641
  Processing partition 6833000/8877691, columns so far: 16221163
  Processing partition 6834000/8877691, columns so far: 16223220
  Processing partition 6835000/8877691, columns so far: 16225131
  Processing partition 6836000/8877691, columns so far: 16227304
  Processing partition 6837000/8877691, columns so far: 16230999
  Processing partition 6838000/8877691, columns so far: 16235089
  Processing partition 6839000/8877691, columns so far: 16236850
  Processing partition 6840000/8877691, columns so far: 16239195
  Processing partition 6841000/8877691, columns so far: 16241071
  Processing partition 6842000/8877691, columns so far: 16242628
  Processing partition 6843000/8877691, columns so far: 16244509
  Processing partition 6844000/8877691, columns so far: 16246468
  Processing partition 6845000/8877691, columns so far: 16248164
  Processing partition 6846000/8877691, columns so far: 16250100
  Processing partition 6847000/8877691, columns so far: 16252204
  Processing partition 6848000/8877691, columns so far: 16254331
  Processing partition 6849000/8877691, columns so far: 16256112
  Processing partition 6850000/8877691, columns so far: 16258507
  Processing partition 6851000/8877691, columns so far: 16260135
  Processing partition 6852000/8877691, columns so far: 16261911
  Processing partition 6853000/8877691, columns so far: 16263816
  Processing partition 6854000/8877691, columns so far: 16265723
  Processing partition 6855000/8877691, columns so far: 16267279
  Processing partition 6856000/8877691, columns so far: 16269362
  Processing partition 6857000/8877691, columns so far: 16271482
  Processing partition 6858000/8877691, columns so far: 16273550
  Processing partition 6859000/8877691, columns so far: 16276715
  Processing partition 6860000/8877691, columns so far: 16281211
  Processing partition 6861000/8877691, columns so far: 16282989
  Processing partition 6862000/8877691, columns so far: 16284644
  Processing partition 6863000/8877691, columns so far: 16286483
  Processing partition 6864000/8877691, columns so far: 16288036
  Processing partition 6865000/8877691, columns so far: 16289603
  Processing partition 6866000/8877691, columns so far: 16291069
  Processing partition 6867000/8877691, columns so far: 16292665
  Processing partition 6868000/8877691, columns so far: 16294518
  Processing partition 6869000/8877691, columns so far: 16296773
  Processing partition 6870000/8877691, columns so far: 16300487
  Processing partition 6871000/8877691, columns so far: 16302013
  Processing partition 6872000/8877691, columns so far: 16303940
  Processing partition 6873000/8877691, columns so far: 16305450
  Processing partition 6874000/8877691, columns so far: 16307330
  Processing partition 6875000/8877691, columns so far: 16308827
  Processing partition 6876000/8877691, columns so far: 16310235
  Processing partition 6877000/8877691, columns so far: 16311976
  Processing partition 6878000/8877691, columns so far: 16313705
  Processing partition 6879000/8877691, columns so far: 16315909
  Processing partition 6880000/8877691, columns so far: 16319235
  Processing partition 6881000/8877691, columns so far: 16321291
  Processing partition 6882000/8877691, columns so far: 16323130
  Processing partition 6883000/8877691, columns so far: 16324757
  Processing partition 6884000/8877691, columns so far: 16326312
  Processing partition 6885000/8877691, columns so far: 16327911
  Processing partition 6886000/8877691, columns so far: 16329540
  Processing partition 6887000/8877691, columns so far: 16331217
  Processing partition 6888000/8877691, columns so far: 16332983
  Processing partition 6889000/8877691, columns so far: 16334939
  Processing partition 6890000/8877691, columns so far: 16338077
  Processing partition 6891000/8877691, columns so far: 16340597
  Processing partition 6892000/8877691, columns so far: 16342431
  Processing partition 6893000/8877691, columns so far: 16343984
  Processing partition 6894000/8877691, columns so far: 16345562
  Processing partition 6895000/8877691, columns so far: 16347118
  Processing partition 6896000/8877691, columns so far: 16348621
  Processing partition 6897000/8877691, columns so far: 16350525
  Processing partition 6898000/8877691, columns so far: 16352202
  Processing partition 6899000/8877691, columns so far: 16354077
  Processing partition 6900000/8877691, columns so far: 16357124
  Processing partition 6901000/8877691, columns so far: 16359844
  Processing partition 6902000/8877691, columns so far: 16361729
  Processing partition 6903000/8877691, columns so far: 16363305
  Processing partition 6904000/8877691, columns so far: 16364868
  Processing partition 6905000/8877691, columns so far: 16366215
  Processing partition 6906000/8877691, columns so far: 16367891
  Processing partition 6907000/8877691, columns so far: 16369660
  Processing partition 6908000/8877691, columns so far: 16371509
  Processing partition 6909000/8877691, columns so far: 16373278
  Processing partition 6910000/8877691, columns so far: 16376732
  Processing partition 6911000/8877691, columns so far: 16379330
  Processing partition 6912000/8877691, columns so far: 16381475
  Processing partition 6913000/8877691, columns so far: 16383262
  Processing partition 6914000/8877691, columns so far: 16385189
  Processing partition 6915000/8877691, columns so far: 16387135
  Processing partition 6916000/8877691, columns so far: 16388703
  Processing partition 6917000/8877691, columns so far: 16390506
  Processing partition 6918000/8877691, columns so far: 16392618
  Processing partition 6919000/8877691, columns so far: 16394439
  Processing partition 6920000/8877691, columns so far: 16396636
  Processing partition 6921000/8877691, columns so far: 16398865
  Processing partition 6922000/8877691, columns so far: 16400975
  Processing partition 6923000/8877691, columns so far: 16403976
  Processing partition 6924000/8877691, columns so far: 16405937
  Processing partition 6925000/8877691, columns so far: 16408128
  Processing partition 6926000/8877691, columns so far: 16410509
  Processing partition 6927000/8877691, columns so far: 16412316
  Processing partition 6928000/8877691, columns so far: 16414664
  Processing partition 6929000/8877691, columns so far: 16417038
  Processing partition 6930000/8877691, columns so far: 16418850
  Processing partition 6931000/8877691, columns so far: 16421565
  Processing partition 6932000/8877691, columns so far: 16423606
  Processing partition 6933000/8877691, columns so far: 16427395
  Processing partition 6934000/8877691, columns so far: 16431947
  Processing partition 6935000/8877691, columns so far: 16437201
  Processing partition 6936000/8877691, columns so far: 16441723
  Processing partition 6937000/8877691, columns so far: 16445350
  Processing partition 6938000/8877691, columns so far: 16450065
  Processing partition 6939000/8877691, columns so far: 16454004
  Processing partition 6940000/8877691, columns so far: 16458267
  Processing partition 6941000/8877691, columns so far: 16463029
  Processing partition 6942000/8877691, columns so far: 16466564
  Processing partition 6943000/8877691, columns so far: 16471901
  Processing partition 6944000/8877691, columns so far: 16475991
  Processing partition 6945000/8877691, columns so far: 16477785
  Processing partition 6946000/8877691, columns so far: 16480128
  Processing partition 6947000/8877691, columns so far: 16481941
  Processing partition 6948000/8877691, columns so far: 16483539
  Processing partition 6949000/8877691, columns so far: 16485441
  Processing partition 6950000/8877691, columns so far: 16487405
  Processing partition 6951000/8877691, columns so far: 16489078
  Processing partition 6952000/8877691, columns so far: 16491016
  Processing partition 6953000/8877691, columns so far: 16493134
  Processing partition 6954000/8877691, columns so far: 16495260
  Processing partition 6955000/8877691, columns so far: 16498532
  Processing partition 6956000/8877691, columns so far: 16502905
  Processing partition 6957000/8877691, columns so far: 16504699
  Processing partition 6958000/8877691, columns so far: 16506267
  Processing partition 6959000/8877691, columns so far: 16508093
  Processing partition 6960000/8877691, columns so far: 16509671
  Processing partition 6961000/8877691, columns so far: 16511231
  Processing partition 6962000/8877691, columns so far: 16512792
  Processing partition 6963000/8877691, columns so far: 16514319
  Processing partition 6964000/8877691, columns so far: 16516135
  Processing partition 6965000/8877691, columns so far: 16518587
  Processing partition 6966000/8877691, columns so far: 16522141
  Processing partition 6967000/8877691, columns so far: 16523668
  Processing partition 6968000/8877691, columns so far: 16525565
  Processing partition 6969000/8877691, columns so far: 16527133
  Processing partition 6970000/8877691, columns so far: 16528973
  Processing partition 6971000/8877691, columns so far: 16530525
  Processing partition 6972000/8877691, columns so far: 16531971
  Processing partition 6973000/8877691, columns so far: 16533593
  Processing partition 6974000/8877691, columns so far: 16535443
  Processing partition 6975000/8877691, columns so far: 16537655
  Processing partition 6976000/8877691, columns so far: 16541419
  Processing partition 6977000/8877691, columns so far: 16542946
  Processing partition 6978000/8877691, columns so far: 16544723
  Processing partition 6979000/8877691, columns so far: 16546381
  Processing partition 6980000/8877691, columns so far: 16547915
  Processing partition 6981000/8877691, columns so far: 16549679
  Processing partition 6982000/8877691, columns so far: 16551164
  Processing partition 6983000/8877691, columns so far: 16552901
  Processing partition 6984000/8877691, columns so far: 16554634
  Processing partition 6985000/8877691, columns so far: 16556785
  Processing partition 6986000/8877691, columns so far: 16560102
  Processing partition 6987000/8877691, columns so far: 16562220
  Processing partition 6988000/8877691, columns so far: 16564031
  Processing partition 6989000/8877691, columns so far: 16565599
  Processing partition 6990000/8877691, columns so far: 16567247
  Processing partition 6991000/8877691, columns so far: 16568741
  Processing partition 6992000/8877691, columns so far: 16570268
  Processing partition 6993000/8877691, columns so far: 16572149
  Processing partition 6994000/8877691, columns so far: 16573886
  Processing partition 6995000/8877691, columns so far: 16575839
  Processing partition 6996000/8877691, columns so far: 16578967
  Processing partition 6997000/8877691, columns so far: 16581494
  Processing partition 6998000/8877691, columns so far: 16583351
  Processing partition 6999000/8877691, columns so far: 16584917
  Processing partition 7000000/8877691, columns so far: 16586471
  Processing partition 7001000/8877691, columns so far: 16587973
  Processing partition 7002000/8877691, columns so far: 16589552
  Processing partition 7003000/8877691, columns so far: 16591278
  Processing partition 7004000/8877691, columns so far: 16593135
  Processing partition 7005000/8877691, columns so far: 16595046
  Processing partition 7006000/8877691, columns so far: 16598510
  Processing partition 7007000/8877691, columns so far: 16601002
  Processing partition 7008000/8877691, columns so far: 16603409
  Processing partition 7009000/8877691, columns so far: 16604932
  Processing partition 7010000/8877691, columns so far: 16606832
  Processing partition 7011000/8877691, columns so far: 16608740
  Processing partition 7012000/8877691, columns so far: 16610463
  Processing partition 7013000/8877691, columns so far: 16612166
  Processing partition 7014000/8877691, columns so far: 16614242
  Processing partition 7015000/8877691, columns so far: 16616112
  Processing partition 7016000/8877691, columns so far: 16618324
  Processing partition 7017000/8877691, columns so far: 16620552
  Processing partition 7018000/8877691, columns so far: 16622648
  Processing partition 7019000/8877691, columns so far: 16625650
  Processing partition 7020000/8877691, columns so far: 16627815
  Processing partition 7021000/8877691, columns so far: 16629809
  Processing partition 7022000/8877691, columns so far: 16632186
  Processing partition 7023000/8877691, columns so far: 16633971
  Processing partition 7024000/8877691, columns so far: 16636348
  Processing partition 7025000/8877691, columns so far: 16638743
  Processing partition 7026000/8877691, columns so far: 16640502
  Processing partition 7027000/8877691, columns so far: 16643218
  Processing partition 7028000/8877691, columns so far: 16645334
  Processing partition 7029000/8877691, columns so far: 16648509
  Processing partition 7030000/8877691, columns so far: 16653271
  Processing partition 7031000/8877691, columns so far: 16656395
  Processing partition 7032000/8877691, columns so far: 16660067
  Processing partition 7033000/8877691, columns so far: 16663845
  Processing partition 7034000/8877691, columns so far: 16667625
  Processing partition 7035000/8877691, columns so far: 16670694
  Processing partition 7036000/8877691, columns so far: 16674861
  Processing partition 7037000/8877691, columns so far: 16679004
  Processing partition 7038000/8877691, columns so far: 16682986
  Processing partition 7039000/8877691, columns so far: 16689147
  Processing partition 7040000/8877691, columns so far: 16697808
  Processing partition 7041000/8877691, columns so far: 16701311
  Processing partition 7042000/8877691, columns so far: 16704609
  Processing partition 7043000/8877691, columns so far: 16708331
  Processing partition 7044000/8877691, columns so far: 16711435
  Processing partition 7045000/8877691, columns so far: 16714539
  Processing partition 7046000/8877691, columns so far: 16717315
  Processing partition 7047000/8877691, columns so far: 16720651
  Processing partition 7048000/8877691, columns so far: 16724241
  Processing partition 7049000/8877691, columns so far: 16728571
  Processing partition 7050000/8877691, columns so far: 16735493
  Processing partition 7051000/8877691, columns so far: 16739024
  Processing partition 7052000/8877691, columns so far: 16742893
  Processing partition 7053000/8877691, columns so far: 16745889
  Processing partition 7054000/8877691, columns so far: 16749643
  Processing partition 7055000/8877691, columns so far: 16752471
  Processing partition 7056000/8877691, columns so far: 16755425
  Processing partition 7057000/8877691, columns so far: 16758855
  Processing partition 7058000/8877691, columns so far: 16762284
  Processing partition 7059000/8877691, columns so far: 16766514
  Processing partition 7060000/8877691, columns so far: 16772767
  Processing partition 7061000/8877691, columns so far: 16777215
  Processing partition 7062000/8877691, columns so far: 16780837
  Processing partition 7063000/8877691, columns so far: 16784121
  Processing partition 7064000/8877691, columns so far: 16787117
  Processing partition 7065000/8877691, columns so far: 16790255
  Processing partition 7066000/8877691, columns so far: 16793657
  Processing partition 7067000/8877691, columns so far: 16796995
  Processing partition 7068000/8877691, columns so far: 16800459
  Processing partition 7069000/8877691, columns so far: 16804221
  Processing partition 7070000/8877691, columns so far: 16810328
  Processing partition 7071000/8877691, columns so far: 16815390
  Processing partition 7072000/8877691, columns so far: 16819121
  Processing partition 7073000/8877691, columns so far: 16822227
  Processing partition 7074000/8877691, columns so far: 16825351
  Processing partition 7075000/8877691, columns so far: 16828408
  Processing partition 7076000/8877691, columns so far: 16831412
  Processing partition 7077000/8877691, columns so far: 16835185
  Processing partition 7078000/8877691, columns so far: 16838573
  Processing partition 7079000/8877691, columns so far: 16842145
  Processing partition 7080000/8877691, columns so far: 16848147
  Processing partition 7081000/8877691, columns so far: 16853575
  Processing partition 7082000/8877691, columns so far: 16857325
  Processing partition 7083000/8877691, columns so far: 16860429
  Processing partition 7084000/8877691, columns so far: 16863347
  Processing partition 7085000/8877691, columns so far: 16866215
  Processing partition 7086000/8877691, columns so far: 16869618
  Processing partition 7087000/8877691, columns so far: 16873015
  Processing partition 7088000/8877691, columns so far: 16876807
  Processing partition 7089000/8877691, columns so far: 16880244
  Processing partition 7090000/8877691, columns so far: 16886806
  Processing partition 7091000/8877691, columns so far: 16892155
  Processing partition 7092000/8877691, columns so far: 16896140
  Processing partition 7093000/8877691, columns so far: 16899911
  Processing partition 7094000/8877691, columns so far: 16903691
  Processing partition 7095000/8877691, columns so far: 16907483
  Processing partition 7096000/8877691, columns so far: 16910595
  Processing partition 7097000/8877691, columns so far: 16914312
  Processing partition 7098000/8877691, columns so far: 16918385
  Processing partition 7099000/8877691, columns so far: 16922002
  Processing partition 7100000/8877691, columns so far: 16926273
  Processing partition 7101000/8877691, columns so far: 16930762
  Processing partition 7102000/8877691, columns so far: 16934860
  Processing partition 7103000/8877691, columns so far: 16940601
  Processing partition 7104000/8877691, columns so far: 16944387
  Processing partition 7105000/8877691, columns so far: 16948921
  Processing partition 7106000/8877691, columns so far: 16953463
  Processing partition 7107000/8877691, columns so far: 16957143
  Processing partition 7108000/8877691, columns so far: 16961783
  Processing partition 7109000/8877691, columns so far: 16965947
  Processing partition 7110000/8877691, columns so far: 16970005
  Processing partition 7111000/8877691, columns so far: 16975050
  Processing partition 7112000/8877691, columns so far: 16979181
  Processing partition 7113000/8877691, columns so far: 16986391
  Processing partition 7114000/8877691, columns so far: 16994515
  Processing partition 7115000/8877691, columns so far: 17004748
  Processing partition 7116000/8877691, columns so far: 17013436
  Processing partition 7117000/8877691, columns so far: 17020446
  Processing partition 7118000/8877691, columns so far: 17029375
  Processing partition 7119000/8877691, columns so far: 17036755
  Processing partition 7120000/8877691, columns so far: 17045176
  Processing partition 7121000/8877691, columns so far: 17054071
  Processing partition 7122000/8877691, columns so far: 17061109
  Processing partition 7123000/8877691, columns so far: 17070906
  Processing partition 7124000/8877691, columns so far: 17078929
  Processing partition 7125000/8877691, columns so far: 17081138
  Processing partition 7126000/8877691, columns so far: 17083513
  Processing partition 7127000/8877691, columns so far: 17085188
  Processing partition 7128000/8877691, columns so far: 17086914
  Processing partition 7129000/8877691, columns so far: 17088824
  Processing partition 7130000/8877691, columns so far: 17090742
  Processing partition 7131000/8877691, columns so far: 17092328
  Processing partition 7132000/8877691, columns so far: 17094369
  Processing partition 7133000/8877691, columns so far: 17096502
  Processing partition 7134000/8877691, columns so far: 17098617
  Processing partition 7135000/8877691, columns so far: 17101774
  Processing partition 7136000/8877691, columns so far: 17106233
  Processing partition 7137000/8877691, columns so far: 17108055
  Processing partition 7138000/8877691, columns so far: 17109652
  Processing partition 7139000/8877691, columns so far: 17111479
  Processing partition 7140000/8877691, columns so far: 17113031
  Processing partition 7141000/8877691, columns so far: 17114607
  Processing partition 7142000/8877691, columns so far: 17116126
  Processing partition 7143000/8877691, columns so far: 17117685
  Processing partition 7144000/8877691, columns so far: 17119525
  Processing partition 7145000/8877691, columns so far: 17121914
  Processing partition 7146000/8877691, columns so far: 17125510
  Processing partition 7147000/8877691, columns so far: 17127033
  Processing partition 7148000/8877691, columns so far: 17128933
  Processing partition 7149000/8877691, columns so far: 17130452
  Processing partition 7150000/8877691, columns so far: 17132362
  Processing partition 7151000/8877691, columns so far: 17133917
  Processing partition 7152000/8877691, columns so far: 17135272
  Processing partition 7153000/8877691, columns so far: 17136972
  Processing partition 7154000/8877691, columns so far: 17138735
  Processing partition 7155000/8877691, columns so far: 17140954
  Processing partition 7156000/8877691, columns so far: 17144414
  Processing partition 7157000/8877691, columns so far: 17146299
  Processing partition 7158000/8877691, columns so far: 17148119
  Processing partition 7159000/8877691, columns so far: 17149765
  Processing partition 7160000/8877691, columns so far: 17151309
  Processing partition 7161000/8877691, columns so far: 17152964
  Processing partition 7162000/8877691, columns so far: 17154540
  Processing partition 7163000/8877691, columns so far: 17156246
  Processing partition 7164000/8877691, columns so far: 17157987
  Processing partition 7165000/8877691, columns so far: 17160106
  Processing partition 7166000/8877691, columns so far: 17163244
  Processing partition 7167000/8877691, columns so far: 17165600
  Processing partition 7168000/8877691, columns so far: 17167425
  Processing partition 7169000/8877691, columns so far: 17168979
  Processing partition 7170000/8877691, columns so far: 17170565
  Processing partition 7171000/8877691, columns so far: 17172125
  Processing partition 7172000/8877691, columns so far: 17173648
  Processing partition 7173000/8877691, columns so far: 17175529
  Processing partition 7174000/8877691, columns so far: 17177266
  Processing partition 7175000/8877691, columns so far: 17179128
  Processing partition 7176000/8877691, columns so far: 17182205
  Processing partition 7177000/8877691, columns so far: 17184851
  Processing partition 7178000/8877691, columns so far: 17186753
  Processing partition 7179000/8877691, columns so far: 17188311
  Processing partition 7180000/8877691, columns so far: 17189863
  Processing partition 7181000/8877691, columns so far: 17191276
  Processing partition 7182000/8877691, columns so far: 17192908
  Processing partition 7183000/8877691, columns so far: 17194665
  Processing partition 7184000/8877691, columns so far: 17196513
  Processing partition 7185000/8877691, columns so far: 17198304
  Processing partition 7186000/8877691, columns so far: 17201797
  Processing partition 7187000/8877691, columns so far: 17204333
  Processing partition 7188000/8877691, columns so far: 17206673
  Processing partition 7189000/8877691, columns so far: 17208288
  Processing partition 7190000/8877691, columns so far: 17210222
  Processing partition 7191000/8877691, columns so far: 17212132
  Processing partition 7192000/8877691, columns so far: 17213754
  Processing partition 7193000/8877691, columns so far: 17215519
  Processing partition 7194000/8877691, columns so far: 17217632
  Processing partition 7195000/8877691, columns so far: 17219465
  Processing partition 7196000/8877691, columns so far: 17221681
  Processing partition 7197000/8877691, columns so far: 17223877
  Processing partition 7198000/8877691, columns so far: 17226000
  Processing partition 7199000/8877691, columns so far: 17229029
  Processing partition 7200000/8877691, columns so far: 17231012
  Processing partition 7201000/8877691, columns so far: 17233142
  Processing partition 7202000/8877691, columns so far: 17235564
  Processing partition 7203000/8877691, columns so far: 17237324
  Processing partition 7204000/8877691, columns so far: 17239689
  Processing partition 7205000/8877691, columns so far: 17242096
  Processing partition 7206000/8877691, columns so far: 17243859
  Processing partition 7207000/8877691, columns so far: 17246581
  Processing partition 7208000/8877691, columns so far: 17248649
  Processing partition 7209000/8877691, columns so far: 17251806
  Processing partition 7210000/8877691, columns so far: 17256533
  Processing partition 7211000/8877691, columns so far: 17259574
  Processing partition 7212000/8877691, columns so far: 17263352
  Processing partition 7213000/8877691, columns so far: 17267144
  Processing partition 7214000/8877691, columns so far: 17270924
  Processing partition 7215000/8877691, columns so far: 17273967
  Processing partition 7216000/8877691, columns so far: 17278072
  Processing partition 7217000/8877691, columns so far: 17281965
  Processing partition 7218000/8877691, columns so far: 17286133
  Processing partition 7219000/8877691, columns so far: 17292126
  Processing partition 7220000/8877691, columns so far: 17301029
  Processing partition 7221000/8877691, columns so far: 17302793
  Processing partition 7222000/8877691, columns so far: 17305142
  Processing partition 7223000/8877691, columns so far: 17307042
  Processing partition 7224000/8877691, columns so far: 17308568
  Processing partition 7225000/8877691, columns so far: 17310441
  Processing partition 7226000/8877691, columns so far: 17312400
  Processing partition 7227000/8877691, columns so far: 17314149
  Processing partition 7228000/8877691, columns so far: 17316057
  Processing partition 7229000/8877691, columns so far: 17318155
  Processing partition 7230000/8877691, columns so far: 17320290
  Processing partition 7231000/8877691, columns so far: 17322070
  Processing partition 7232000/8877691, columns so far: 17323776
  Processing partition 7233000/8877691, columns so far: 17325651
  Processing partition 7234000/8877691, columns so far: 17327206
  Processing partition 7235000/8877691, columns so far: 17328558
  Processing partition 7236000/8877691, columns so far: 17330087
  Processing partition 7237000/8877691, columns so far: 17331801
  Processing partition 7238000/8877691, columns so far: 17333614
  Processing partition 7239000/8877691, columns so far: 17335541
  Processing partition 7240000/8877691, columns so far: 17338619
  Processing partition 7241000/8877691, columns so far: 17341143
  Processing partition 7242000/8877691, columns so far: 17342689
  Processing partition 7243000/8877691, columns so far: 17344110
  Processing partition 7244000/8877691, columns so far: 17345629
  Processing partition 7245000/8877691, columns so far: 17346933
  Processing partition 7246000/8877691, columns so far: 17348331
  Processing partition 7247000/8877691, columns so far: 17349758
  Processing partition 7248000/8877691, columns so far: 17351514
  Processing partition 7249000/8877691, columns so far: 17354537
  Processing partition 7250000/8877691, columns so far: 17356065
  Processing partition 7251000/8877691, columns so far: 17357419
  Processing partition 7252000/8877691, columns so far: 17358985
  Processing partition 7253000/8877691, columns so far: 17360299
  Processing partition 7254000/8877691, columns so far: 17361759
  Processing partition 7255000/8877691, columns so far: 17363169
  Processing partition 7256000/8877691, columns so far: 17364668
  Processing partition 7257000/8877691, columns so far: 17366704
  Processing partition 7258000/8877691, columns so far: 17369469
  Processing partition 7259000/8877691, columns so far: 17370987
  Processing partition 7260000/8877691, columns so far: 17372547
  Processing partition 7261000/8877691, columns so far: 17373863
  Processing partition 7262000/8877691, columns so far: 17375180
  Processing partition 7263000/8877691, columns so far: 17376572
  Processing partition 7264000/8877691, columns so far: 17378058
  Processing partition 7265000/8877691, columns so far: 17379557
  Processing partition 7266000/8877691, columns so far: 17381884
  Processing partition 7267000/8877691, columns so far: 17384381
  Processing partition 7268000/8877691, columns so far: 17385857
  Processing partition 7269000/8877691, columns so far: 17387385
  Processing partition 7270000/8877691, columns so far: 17388690
  Processing partition 7271000/8877691, columns so far: 17390052
  Processing partition 7272000/8877691, columns so far: 17391455
  Processing partition 7273000/8877691, columns so far: 17392986
  Processing partition 7274000/8877691, columns so far: 17394512
  Processing partition 7275000/8877691, columns so far: 17397539
  Processing partition 7276000/8877691, columns so far: 17399512
  Processing partition 7277000/8877691, columns so far: 17401299
  Processing partition 7278000/8877691, columns so far: 17403155
  Processing partition 7279000/8877691, columns so far: 17404576
  Processing partition 7280000/8877691, columns so far: 17406029
  Processing partition 7281000/8877691, columns so far: 17407588
  Processing partition 7282000/8877691, columns so far: 17409323
  Processing partition 7283000/8877691, columns so far: 17411001
  Processing partition 7284000/8877691, columns so far: 17412815
  Processing partition 7285000/8877691, columns so far: 17414979
  Processing partition 7286000/8877691, columns so far: 17417014
  Processing partition 7287000/8877691, columns so far: 17418933
  Processing partition 7288000/8877691, columns so far: 17420999
  Processing partition 7289000/8877691, columns so far: 17422914
  Processing partition 7290000/8877691, columns so far: 17424787
  Processing partition 7291000/8877691, columns so far: 17426318
  Processing partition 7292000/8877691, columns so far: 17428199
  Processing partition 7293000/8877691, columns so far: 17430277
  Processing partition 7294000/8877691, columns so far: 17432040
  Processing partition 7295000/8877691, columns so far: 17435501
  Processing partition 7296000/8877691, columns so far: 17438904
  Processing partition 7297000/8877691, columns so far: 17442574
  Processing partition 7298000/8877691, columns so far: 17445678
  Processing partition 7299000/8877691, columns so far: 17448500
  Processing partition 7300000/8877691, columns so far: 17451436
  Processing partition 7301000/8877691, columns so far: 17454884
  Processing partition 7302000/8877691, columns so far: 17458464
  Processing partition 7303000/8877691, columns so far: 17462543
  Processing partition 7304000/8877691, columns so far: 17468894
  Processing partition 7305000/8877691, columns so far: 17472113
  Processing partition 7306000/8877691, columns so far: 17473881
  Processing partition 7307000/8877691, columns so far: 17475743
  Processing partition 7308000/8877691, columns so far: 17477200
  Processing partition 7309000/8877691, columns so far: 17478624
  Processing partition 7310000/8877691, columns so far: 17480179
  Processing partition 7311000/8877691, columns so far: 17481904
  Processing partition 7312000/8877691, columns so far: 17483633
  Processing partition 7313000/8877691, columns so far: 17485559
  Processing partition 7314000/8877691, columns so far: 17489093
  Processing partition 7315000/8877691, columns so far: 17491409
  Processing partition 7316000/8877691, columns so far: 17493145
  Processing partition 7317000/8877691, columns so far: 17495054
  Processing partition 7318000/8877691, columns so far: 17496402
  Processing partition 7319000/8877691, columns so far: 17497931
  Processing partition 7320000/8877691, columns so far: 17499486
  Processing partition 7321000/8877691, columns so far: 17501200
  Processing partition 7322000/8877691, columns so far: 17502885
  Processing partition 7323000/8877691, columns so far: 17504634
  Processing partition 7324000/8877691, columns so far: 17506157
  Processing partition 7325000/8877691, columns so far: 17508087
  Processing partition 7326000/8877691, columns so far: 17509590
  Processing partition 7327000/8877691, columns so far: 17511479
  Processing partition 7328000/8877691, columns so far: 17512946
  Processing partition 7329000/8877691, columns so far: 17514380
  Processing partition 7330000/8877691, columns so far: 17516114
  Processing partition 7331000/8877691, columns so far: 17517841
  Processing partition 7332000/8877691, columns so far: 17520016
  Processing partition 7333000/8877691, columns so far: 17523318
  Processing partition 7334000/8877691, columns so far: 17525263
  Processing partition 7335000/8877691, columns so far: 17526829
  Processing partition 7336000/8877691, columns so far: 17528300
  Processing partition 7337000/8877691, columns so far: 17529698
  Processing partition 7338000/8877691, columns so far: 17531197
  Processing partition 7339000/8877691, columns so far: 17532594
  Processing partition 7340000/8877691, columns so far: 17534035
  Processing partition 7341000/8877691, columns so far: 17535882
  Processing partition 7342000/8877691, columns so far: 17538831
  Processing partition 7343000/8877691, columns so far: 17540391
  Processing partition 7344000/8877691, columns so far: 17541707
  Processing partition 7345000/8877691, columns so far: 17543070
  Processing partition 7346000/8877691, columns so far: 17544588
  Processing partition 7347000/8877691, columns so far: 17545902
  Processing partition 7348000/8877691, columns so far: 17547457
  Processing partition 7349000/8877691, columns so far: 17548957
  Processing partition 7350000/8877691, columns so far: 17551092
  Processing partition 7351000/8877691, columns so far: 17553701
  Processing partition 7352000/8877691, columns so far: 17555265
  Processing partition 7353000/8877691, columns so far: 17556581
  Processing partition 7354000/8877691, columns so far: 17558117
  Processing partition 7355000/8877691, columns so far: 17559451
  Processing partition 7356000/8877691, columns so far: 17560797
  Processing partition 7357000/8877691, columns so far: 17562356
  Processing partition 7358000/8877691, columns so far: 17563872
  Processing partition 7359000/8877691, columns so far: 17566674
  Processing partition 7360000/8877691, columns so far: 17568723
  Processing partition 7361000/8877691, columns so far: 17570649
  Processing partition 7362000/8877691, columns so far: 17572146
  Processing partition 7363000/8877691, columns so far: 17573702
  Processing partition 7364000/8877691, columns so far: 17575438
  Processing partition 7365000/8877691, columns so far: 17576993
  Processing partition 7366000/8877691, columns so far: 17578666
  Processing partition 7367000/8877691, columns so far: 17580365
  Processing partition 7368000/8877691, columns so far: 17582127
  Processing partition 7369000/8877691, columns so far: 17583950
  Processing partition 7370000/8877691, columns so far: 17586377
  Processing partition 7371000/8877691, columns so far: 17588140
  Processing partition 7372000/8877691, columns so far: 17589960
  Processing partition 7373000/8877691, columns so far: 17592258
  Processing partition 7374000/8877691, columns so far: 17593958
  Processing partition 7375000/8877691, columns so far: 17595657
  Processing partition 7376000/8877691, columns so far: 17597568
  Processing partition 7377000/8877691, columns so far: 17599534
  Processing partition 7378000/8877691, columns so far: 17601388
  Processing partition 7379000/8877691, columns so far: 17604192
  Processing partition 7380000/8877691, columns so far: 17608082
  Processing partition 7381000/8877691, columns so far: 17611096
  Processing partition 7382000/8877691, columns so far: 17614434
  Processing partition 7383000/8877691, columns so far: 17617508
  Processing partition 7384000/8877691, columns so far: 17620612
  Processing partition 7385000/8877691, columns so far: 17624078
  Processing partition 7386000/8877691, columns so far: 17627414
  Processing partition 7387000/8877691, columns so far: 17631102
  Processing partition 7388000/8877691, columns so far: 17637142
  Processing partition 7389000/8877691, columns so far: 17641306
  Processing partition 7390000/8877691, columns so far: 17643237
  Processing partition 7391000/8877691, columns so far: 17644746
  Processing partition 7392000/8877691, columns so far: 17646318
  Processing partition 7393000/8877691, columns so far: 17648023
  Processing partition 7394000/8877691, columns so far: 17649579
  Processing partition 7395000/8877691, columns so far: 17651261
  Processing partition 7396000/8877691, columns so far: 17652962
  Processing partition 7397000/8877691, columns so far: 17654722
  Processing partition 7398000/8877691, columns so far: 17657703
  Processing partition 7399000/8877691, columns so far: 17660636
  Processing partition 7400000/8877691, columns so far: 17662194
  Processing partition 7401000/8877691, columns so far: 17663637
  Processing partition 7402000/8877691, columns so far: 17665167
  Processing partition 7403000/8877691, columns so far: 17666482
  Processing partition 7404000/8877691, columns so far: 17667828
  Processing partition 7405000/8877691, columns so far: 17669200
  Processing partition 7406000/8877691, columns so far: 17670728
  Processing partition 7407000/8877691, columns so far: 17673769
  Processing partition 7408000/8877691, columns so far: 17675537
  Processing partition 7409000/8877691, columns so far: 17677489
  Processing partition 7410000/8877691, columns so far: 17678999
  Processing partition 7411000/8877691, columns so far: 17680732
  Processing partition 7412000/8877691, columns so far: 17682229
  Processing partition 7413000/8877691, columns so far: 17683780
  Processing partition 7414000/8877691, columns so far: 17685511
  Processing partition 7415000/8877691, columns so far: 17687198
  Processing partition 7416000/8877691, columns so far: 17688929
  Processing partition 7417000/8877691, columns so far: 17690474
  Processing partition 7418000/8877691, columns so far: 17692227
  Processing partition 7419000/8877691, columns so far: 17693918
  Processing partition 7420000/8877691, columns so far: 17695454
  Processing partition 7421000/8877691, columns so far: 17697343
  Processing partition 7422000/8877691, columns so far: 17698770
  Processing partition 7423000/8877691, columns so far: 17700409
  Processing partition 7424000/8877691, columns so far: 17702172
  Processing partition 7425000/8877691, columns so far: 17704420
  Processing partition 7426000/8877691, columns so far: 17708235
  Processing partition 7427000/8877691, columns so far: 17709572
  Processing partition 7428000/8877691, columns so far: 17710978
  Processing partition 7429000/8877691, columns so far: 17712432
  Processing partition 7430000/8877691, columns so far: 17713920
  Processing partition 7431000/8877691, columns so far: 17715301
  Processing partition 7432000/8877691, columns so far: 17716857
  Processing partition 7433000/8877691, columns so far: 17718305
  Processing partition 7434000/8877691, columns so far: 17720268
  Processing partition 7435000/8877691, columns so far: 17723109
  Processing partition 7436000/8877691, columns so far: 17724665
  Processing partition 7437000/8877691, columns so far: 17725980
  Processing partition 7438000/8877691, columns so far: 17727294
  Processing partition 7439000/8877691, columns so far: 17728844
  Processing partition 7440000/8877691, columns so far: 17730197
  Processing partition 7441000/8877691, columns so far: 17731710
  Processing partition 7442000/8877691, columns so far: 17733251
  Processing partition 7443000/8877691, columns so far: 17735730
  Processing partition 7444000/8877691, columns so far: 17738080
  Processing partition 7445000/8877691, columns so far: 17739990
  Processing partition 7446000/8877691, columns so far: 17741534
  Processing partition 7447000/8877691, columns so far: 17743064
  Processing partition 7448000/8877691, columns so far: 17744601
  Processing partition 7449000/8877691, columns so far: 17746393
  Processing partition 7450000/8877691, columns so far: 17748055
  Processing partition 7451000/8877691, columns so far: 17749621
  Processing partition 7452000/8877691, columns so far: 17751454
  Processing partition 7453000/8877691, columns so far: 17753330
  Processing partition 7454000/8877691, columns so far: 17755634
  Processing partition 7455000/8877691, columns so far: 17757144
  Processing partition 7456000/8877691, columns so far: 17759343
  Processing partition 7457000/8877691, columns so far: 17761077
  Processing partition 7458000/8877691, columns so far: 17762920
  Processing partition 7459000/8877691, columns so far: 17765061
  Processing partition 7460000/8877691, columns so far: 17766967
  Processing partition 7461000/8877691, columns so far: 17768882
  Processing partition 7462000/8877691, columns so far: 17770720
  Processing partition 7463000/8877691, columns so far: 17773340
  Processing partition 7464000/8877691, columns so far: 17777040
  Processing partition 7465000/8877691, columns so far: 17780146
  Processing partition 7466000/8877691, columns so far: 17783260
  Processing partition 7467000/8877691, columns so far: 17786264
  Processing partition 7468000/8877691, columns so far: 17789794
  Processing partition 7469000/8877691, columns so far: 17793150
  Processing partition 7470000/8877691, columns so far: 17796492
  Processing partition 7471000/8877691, columns so far: 17799991
  Processing partition 7472000/8877691, columns so far: 17805741
  Processing partition 7473000/8877691, columns so far: 17810674
  Processing partition 7474000/8877691, columns so far: 17812581
  Processing partition 7475000/8877691, columns so far: 17814141
  Processing partition 7476000/8877691, columns so far: 17815666
  Processing partition 7477000/8877691, columns so far: 17817190
  Processing partition 7478000/8877691, columns so far: 17818980
  Processing partition 7479000/8877691, columns so far: 17820636
  Processing partition 7480000/8877691, columns so far: 17822216
  Processing partition 7481000/8877691, columns so far: 17824070
  Processing partition 7482000/8877691, columns so far: 17826864
  Processing partition 7483000/8877691, columns so far: 17829982
  Processing partition 7484000/8877691, columns so far: 17831481
  Processing partition 7485000/8877691, columns so far: 17833037
  Processing partition 7486000/8877691, columns so far: 17834352
  Processing partition 7487000/8877691, columns so far: 17835848
  Processing partition 7488000/8877691, columns so far: 17837228
  Processing partition 7489000/8877691, columns so far: 17838553
  Processing partition 7490000/8877691, columns so far: 17840112
  Processing partition 7491000/8877691, columns so far: 17842556
  Processing partition 7492000/8877691, columns so far: 17844779
  Processing partition 7493000/8877691, columns so far: 17846367
  Processing partition 7494000/8877691, columns so far: 17847752
  Processing partition 7495000/8877691, columns so far: 17849215
  Processing partition 7496000/8877691, columns so far: 17850741
  Processing partition 7497000/8877691, columns so far: 17852107
  Processing partition 7498000/8877691, columns so far: 17853510
  Processing partition 7499000/8877691, columns so far: 17855160
  Processing partition 7500000/8877691, columns so far: 17858244
  Processing partition 7501000/8877691, columns so far: 17859831
  Processing partition 7502000/8877691, columns so far: 17861653
  Processing partition 7503000/8877691, columns so far: 17863298
  Processing partition 7504000/8877691, columns so far: 17864842
  Processing partition 7505000/8877691, columns so far: 17866494
  Processing partition 7506000/8877691, columns so far: 17868073
  Processing partition 7507000/8877691, columns so far: 17869766
  Processing partition 7508000/8877691, columns so far: 17871520
  Processing partition 7509000/8877691, columns so far: 17873283
  Processing partition 7510000/8877691, columns so far: 17874860
  Processing partition 7511000/8877691, columns so far: 17876514
  Processing partition 7512000/8877691, columns so far: 17878091
  Processing partition 7513000/8877691, columns so far: 17879742
  Processing partition 7514000/8877691, columns so far: 17881282
  Processing partition 7515000/8877691, columns so far: 17883212
  Processing partition 7516000/8877691, columns so far: 17884735
  Processing partition 7517000/8877691, columns so far: 17886477
  Processing partition 7518000/8877691, columns so far: 17888844
  Processing partition 7519000/8877691, columns so far: 17892508
  Processing partition 7520000/8877691, columns so far: 17893958
  Processing partition 7521000/8877691, columns so far: 17895334
  Processing partition 7522000/8877691, columns so far: 17896698
  Processing partition 7523000/8877691, columns so far: 17898041
  Processing partition 7524000/8877691, columns so far: 17899554
  Processing partition 7525000/8877691, columns so far: 17901066
  Processing partition 7526000/8877691, columns so far: 17902592
  Processing partition 7527000/8877691, columns so far: 17904870
  Processing partition 7528000/8877691, columns so far: 17907458
  Processing partition 7529000/8877691, columns so far: 17909314
  Processing partition 7530000/8877691, columns so far: 17910716
  Processing partition 7531000/8877691, columns so far: 17912265
  Processing partition 7532000/8877691, columns so far: 17913942
  Processing partition 7533000/8877691, columns so far: 17915477
  Processing partition 7534000/8877691, columns so far: 17917410
  Processing partition 7535000/8877691, columns so far: 17918966
  Processing partition 7536000/8877691, columns so far: 17920732
  Processing partition 7537000/8877691, columns so far: 17922605
  Processing partition 7538000/8877691, columns so far: 17924854
  Processing partition 7539000/8877691, columns so far: 17926543
  Processing partition 7540000/8877691, columns so far: 17928448
  Processing partition 7541000/8877691, columns so far: 17930414
  Processing partition 7542000/8877691, columns so far: 17932235
  Processing partition 7543000/8877691, columns so far: 17933997
  Processing partition 7544000/8877691, columns so far: 17936365
  Processing partition 7545000/8877691, columns so far: 17938045
  Processing partition 7546000/8877691, columns so far: 17940010
  Processing partition 7547000/8877691, columns so far: 17942438
  Processing partition 7548000/8877691, columns so far: 17946220
  Processing partition 7549000/8877691, columns so far: 17949188
  Processing partition 7550000/8877691, columns so far: 17951974
  Processing partition 7551000/8877691, columns so far: 17955440
  Processing partition 7552000/8877691, columns so far: 17958418
  Processing partition 7553000/8877691, columns so far: 17962300
  Processing partition 7554000/8877691, columns so far: 17965389
  Processing partition 7555000/8877691, columns so far: 17969011
  Processing partition 7556000/8877691, columns so far: 17974289
  Processing partition 7557000/8877691, columns so far: 17980075
  Processing partition 7558000/8877691, columns so far: 17981979
  Processing partition 7559000/8877691, columns so far: 17983342
  Processing partition 7560000/8877691, columns so far: 17984861
  Processing partition 7561000/8877691, columns so far: 17986538
  Processing partition 7562000/8877691, columns so far: 17988084
  Processing partition 7563000/8877691, columns so far: 17990008
  Processing partition 7564000/8877691, columns so far: 17991564
  Processing partition 7565000/8877691, columns so far: 17993327
  Processing partition 7566000/8877691, columns so far: 17995912
  Processing partition 7567000/8877691, columns so far: 17999369
  Processing partition 7568000/8877691, columns so far: 18000880
  Processing partition 7569000/8877691, columns so far: 18002334
  Processing partition 7570000/8877691, columns so far: 18003740
  Processing partition 7571000/8877691, columns so far: 18005076
  Processing partition 7572000/8877691, columns so far: 18006416
  Processing partition 7573000/8877691, columns so far: 18007953
  Processing partition 7574000/8877691, columns so far: 18009455
  Processing partition 7575000/8877691, columns so far: 18011778
  Processing partition 7576000/8877691, columns so far: 18014175
  Processing partition 7577000/8877691, columns so far: 18015770
  Processing partition 7578000/8877691, columns so far: 18017059
  Processing partition 7579000/8877691, columns so far: 18018639
  Processing partition 7580000/8877691, columns so far: 18019951
  Processing partition 7581000/8877691, columns so far: 18021505
  Processing partition 7582000/8877691, columns so far: 18022847
  Processing partition 7583000/8877691, columns so far: 18024401
  Processing partition 7584000/8877691, columns so far: 18026988
  Processing partition 7585000/8877691, columns so far: 18029052
  Processing partition 7586000/8877691, columns so far: 18030523
  Processing partition 7587000/8877691, columns so far: 18031944
  Processing partition 7588000/8877691, columns so far: 18033360
  Processing partition 7589000/8877691, columns so far: 18034801
  Processing partition 7590000/8877691, columns so far: 18036383
  Processing partition 7591000/8877691, columns so far: 18037786
  Processing partition 7592000/8877691, columns so far: 18039708
  Processing partition 7593000/8877691, columns so far: 18042627
  Processing partition 7594000/8877691, columns so far: 18044154
  Processing partition 7595000/8877691, columns so far: 18045938
  Processing partition 7596000/8877691, columns so far: 18047493
  Processing partition 7597000/8877691, columns so far: 18049130
  Processing partition 7598000/8877691, columns so far: 18050700
  Processing partition 7599000/8877691, columns so far: 18052325
  Processing partition 7600000/8877691, columns so far: 18054077
  Processing partition 7601000/8877691, columns so far: 18055843
  Processing partition 7602000/8877691, columns so far: 18057557
  Processing partition 7603000/8877691, columns so far: 18059288
  Processing partition 7604000/8877691, columns so far: 18060802
  Processing partition 7605000/8877691, columns so far: 18062363
  Processing partition 7606000/8877691, columns so far: 18063919
  Processing partition 7607000/8877691, columns so far: 18065581
  Processing partition 7608000/8877691, columns so far: 18067275
  Processing partition 7609000/8877691, columns so far: 18069022
  Processing partition 7610000/8877691, columns so far: 18070809
  Processing partition 7611000/8877691, columns so far: 18073642
  Processing partition 7612000/8877691, columns so far: 18076854
  Processing partition 7613000/8877691, columns so far: 18078448
  Processing partition 7614000/8877691, columns so far: 18080114
  Processing partition 7615000/8877691, columns so far: 18081674
  Processing partition 7616000/8877691, columns so far: 18083227
  Processing partition 7617000/8877691, columns so far: 18084878
  Processing partition 7618000/8877691, columns so far: 18086460
  Processing partition 7619000/8877691, columns so far: 18088281
  Processing partition 7620000/8877691, columns so far: 18090043
  Processing partition 7621000/8877691, columns so far: 18091923
  Processing partition 7622000/8877691, columns so far: 18093867
  Processing partition 7623000/8877691, columns so far: 18095886
  Processing partition 7624000/8877691, columns so far: 18097791
  Processing partition 7625000/8877691, columns so far: 18099701
  Processing partition 7626000/8877691, columns so far: 18101251
  Processing partition 7627000/8877691, columns so far: 18103347
  Processing partition 7628000/8877691, columns so far: 18105194
  Processing partition 7629000/8877691, columns so far: 18106978
  Processing partition 7630000/8877691, columns so far: 18109351
  Processing partition 7631000/8877691, columns so far: 18111566
  Processing partition 7632000/8877691, columns so far: 18115184
  Processing partition 7633000/8877691, columns so far: 18118048
  Processing partition 7634000/8877691, columns so far: 18121154
  Processing partition 7635000/8877691, columns so far: 18124258
  Processing partition 7636000/8877691, columns so far: 18127564
  Processing partition 7637000/8877691, columns so far: 18130956
  Processing partition 7638000/8877691, columns so far: 18134494
  Processing partition 7639000/8877691, columns so far: 18137999
  Processing partition 7640000/8877691, columns so far: 18143634
  Processing partition 7641000/8877691, columns so far: 18149473
  Processing partition 7642000/8877691, columns so far: 18151076
  Processing partition 7643000/8877691, columns so far: 18152705
  Processing partition 7644000/8877691, columns so far: 18154259
  Processing partition 7645000/8877691, columns so far: 18155814
  Processing partition 7646000/8877691, columns so far: 18157497
  Processing partition 7647000/8877691, columns so far: 18159088
  Processing partition 7648000/8877691, columns so far: 18160894
  Processing partition 7649000/8877691, columns so far: 18162643
  Processing partition 7650000/8877691, columns so far: 18165060
  Processing partition 7651000/8877691, columns so far: 18168719
  Processing partition 7652000/8877691, columns so far: 18170266
  Processing partition 7653000/8877691, columns so far: 18171600
  Processing partition 7654000/8877691, columns so far: 18173029
  Processing partition 7655000/8877691, columns so far: 18174343
  Processing partition 7656000/8877691, columns so far: 18175797
  Processing partition 7657000/8877691, columns so far: 18177299
  Processing partition 7658000/8877691, columns so far: 18178830
  Processing partition 7659000/8877691, columns so far: 18180950
  Processing partition 7660000/8877691, columns so far: 18183607
  Processing partition 7661000/8877691, columns so far: 18185165
  Processing partition 7662000/8877691, columns so far: 18186483
  Processing partition 7663000/8877691, columns so far: 18188023
  Processing partition 7664000/8877691, columns so far: 18189349
  Processing partition 7665000/8877691, columns so far: 18190691
  Processing partition 7666000/8877691, columns so far: 18192236
  Processing partition 7667000/8877691, columns so far: 18193749
  Processing partition 7668000/8877691, columns so far: 18196156
  Processing partition 7669000/8877691, columns so far: 18198452
  Processing partition 7670000/8877691, columns so far: 18199961
  Processing partition 7671000/8877691, columns so far: 18201357
  Processing partition 7672000/8877691, columns so far: 18202645
  Processing partition 7673000/8877691, columns so far: 18204227
  Processing partition 7674000/8877691, columns so far: 18205628
  Processing partition 7675000/8877691, columns so far: 18207201
  Processing partition 7676000/8877691, columns so far: 18208746
  Processing partition 7677000/8877691, columns so far: 18211594
  Processing partition 7678000/8877691, columns so far: 18213340
  Processing partition 7679000/8877691, columns so far: 18214787
  Processing partition 7680000/8877691, columns so far: 18216099
  Processing partition 7681000/8877691, columns so far: 18217537
  Processing partition 7682000/8877691, columns so far: 18219003
  Processing partition 7683000/8877691, columns so far: 18220535
  Processing partition 7684000/8877691, columns so far: 18222075
  Processing partition 7685000/8877691, columns so far: 18224098
  Processing partition 7686000/8877691, columns so far: 18226920
  Processing partition 7687000/8877691, columns so far: 18228480
  Processing partition 7688000/8877691, columns so far: 18230207
  Processing partition 7689000/8877691, columns so far: 18231767
  Processing partition 7690000/8877691, columns so far: 18233322
  Processing partition 7691000/8877691, columns so far: 18234980
  Processing partition 7692000/8877691, columns so far: 18236533
  Processing partition 7693000/8877691, columns so far: 18238318
  Processing partition 7694000/8877691, columns so far: 18240135
  Processing partition 7695000/8877691, columns so far: 18241989
  Processing partition 7696000/8877691, columns so far: 18243860
  Processing partition 7697000/8877691, columns so far: 18245980
  Processing partition 7698000/8877691, columns so far: 18247883
  Processing partition 7699000/8877691, columns so far: 18249799
  Processing partition 7700000/8877691, columns so far: 18251322
  Processing partition 7701000/8877691, columns so far: 18253197
  Processing partition 7702000/8877691, columns so far: 18255289
  Processing partition 7703000/8877691, columns so far: 18257030
  Processing partition 7704000/8877691, columns so far: 18259243
  Processing partition 7705000/8877691, columns so far: 18261301
  Processing partition 7706000/8877691, columns so far: 18263043
  Processing partition 7707000/8877691, columns so far: 18265272
  Processing partition 7708000/8877691, columns so far: 18267198
  Processing partition 7709000/8877691, columns so far: 18268882
  Processing partition 7710000/8877691, columns so far: 18270600
  Processing partition 7711000/8877691, columns so far: 18272510
  Processing partition 7712000/8877691, columns so far: 18274472
  Processing partition 7713000/8877691, columns so far: 18276290
  Processing partition 7714000/8877691, columns so far: 18278442
  Processing partition 7715000/8877691, columns so far: 18280792
  Processing partition 7716000/8877691, columns so far: 18284408
  Processing partition 7717000/8877691, columns so far: 18288848
  Processing partition 7718000/8877691, columns so far: 18292619
  Processing partition 7719000/8877691, columns so far: 18295746
  Processing partition 7720000/8877691, columns so far: 18299472
  Processing partition 7721000/8877691, columns so far: 18303226
  Processing partition 7722000/8877691, columns so far: 18307081
  Processing partition 7723000/8877691, columns so far: 18310592
  Processing partition 7724000/8877691, columns so far: 18314879
  Processing partition 7725000/8877691, columns so far: 18318840
  Processing partition 7726000/8877691, columns so far: 18320604
  Processing partition 7727000/8877691, columns so far: 18322980
  Processing partition 7728000/8877691, columns so far: 18324840
  Processing partition 7729000/8877691, columns so far: 18326368
  Processing partition 7730000/8877691, columns so far: 18328236
  Processing partition 7731000/8877691, columns so far: 18330180
  Processing partition 7732000/8877691, columns so far: 18332039
  Processing partition 7733000/8877691, columns so far: 18333869
  Processing partition 7734000/8877691, columns so far: 18336051
  Processing partition 7735000/8877691, columns so far: 18338110
  Processing partition 7736000/8877691, columns so far: 18341569
  Processing partition 7737000/8877691, columns so far: 18345775
  Processing partition 7738000/8877691, columns so far: 18347548
  Processing partition 7739000/8877691, columns so far: 18349081
  Processing partition 7740000/8877691, columns so far: 18350886
  Processing partition 7741000/8877691, columns so far: 18352454
  Processing partition 7742000/8877691, columns so far: 18354006
  Processing partition 7743000/8877691, columns so far: 18355614
  Processing partition 7744000/8877691, columns so far: 18357142
  Processing partition 7745000/8877691, columns so far: 18358995
  Processing partition 7746000/8877691, columns so far: 18361512
  Processing partition 7747000/8877691, columns so far: 18364966
  Processing partition 7748000/8877691, columns so far: 18366595
  Processing partition 7749000/8877691, columns so far: 18368378
  Processing partition 7750000/8877691, columns so far: 18369908
  Processing partition 7751000/8877691, columns so far: 18371747
  Processing partition 7752000/8877691, columns so far: 18373328
  Processing partition 7753000/8877691, columns so far: 18374894
  Processing partition 7754000/8877691, columns so far: 18376421
  Processing partition 7755000/8877691, columns so far: 18378242
  Processing partition 7756000/8877691, columns so far: 18380566
  Processing partition 7757000/8877691, columns so far: 18384215
  Processing partition 7758000/8877691, columns so far: 18385759
  Processing partition 7759000/8877691, columns so far: 18387514
  Processing partition 7760000/8877691, columns so far: 18389200
  Processing partition 7761000/8877691, columns so far: 18390740
  Processing partition 7762000/8877691, columns so far: 18392630
  Processing partition 7763000/8877691, columns so far: 18394054
  Processing partition 7764000/8877691, columns so far: 18395695
  Processing partition 7765000/8877691, columns so far: 18397458
  Processing partition 7766000/8877691, columns so far: 18399694
  Processing partition 7767000/8877691, columns so far: 18403501
  Processing partition 7768000/8877691, columns so far: 18405044
  Processing partition 7769000/8877691, columns so far: 18406808
  Processing partition 7770000/8877691, columns so far: 18408394
  Processing partition 7771000/8877691, columns so far: 18410024
  Processing partition 7772000/8877691, columns so far: 18411540
  Processing partition 7773000/8877691, columns so far: 18413100
  Processing partition 7774000/8877691, columns so far: 18414973
  Processing partition 7775000/8877691, columns so far: 18416686
  Processing partition 7776000/8877691, columns so far: 18418864
  Processing partition 7777000/8877691, columns so far: 18422238
  Processing partition 7778000/8877691, columns so far: 18424300
  Processing partition 7779000/8877691, columns so far: 18426140
  Processing partition 7780000/8877691, columns so far: 18427694
  Processing partition 7781000/8877691, columns so far: 18429282
  Processing partition 7782000/8877691, columns so far: 18430852
  Processing partition 7783000/8877691, columns so far: 18432375
  Processing partition 7784000/8877691, columns so far: 18434117
  Processing partition 7785000/8877691, columns so far: 18435993
  Processing partition 7786000/8877691, columns so far: 18437987
  Processing partition 7787000/8877691, columns so far: 18441521
  Processing partition 7788000/8877691, columns so far: 18443804
  Processing partition 7789000/8877691, columns so far: 18446214
  Processing partition 7790000/8877691, columns so far: 18447741
  Processing partition 7791000/8877691, columns so far: 18449647
  Processing partition 7792000/8877691, columns so far: 18451553
  Processing partition 7793000/8877691, columns so far: 18453460
  Processing partition 7794000/8877691, columns so far: 18454990
  Processing partition 7795000/8877691, columns so far: 18457059
  Processing partition 7796000/8877691, columns so far: 18459032
  Processing partition 7797000/8877691, columns so far: 18461144
  Processing partition 7798000/8877691, columns so far: 18463438
  Processing partition 7799000/8877691, columns so far: 18465567
  Processing partition 7800000/8877691, columns so far: 18468450
  Processing partition 7801000/8877691, columns so far: 18470785
  Processing partition 7802000/8877691, columns so far: 18472602
  Processing partition 7803000/8877691, columns so far: 18474993
  Processing partition 7804000/8877691, columns so far: 18476911
  Processing partition 7805000/8877691, columns so far: 18479171
  Processing partition 7806000/8877691, columns so far: 18481563
  Processing partition 7807000/8877691, columns so far: 18483384
  Processing partition 7808000/8877691, columns so far: 18486049
  Processing partition 7809000/8877691, columns so far: 18488174
  Processing partition 7810000/8877691, columns so far: 18490383
  Processing partition 7811000/8877691, columns so far: 18493142
  Processing partition 7812000/8877691, columns so far: 18495339
  Processing partition 7813000/8877691, columns so far: 18497737
  Processing partition 7814000/8877691, columns so far: 18499498
  Processing partition 7815000/8877691, columns so far: 18501876
  Processing partition 7816000/8877691, columns so far: 18504266
  Processing partition 7817000/8877691, columns so far: 18506016
  Processing partition 7818000/8877691, columns so far: 18508469
  Processing partition 7819000/8877691, columns so far: 18510498
  Processing partition 7820000/8877691, columns so far: 18512990
  Processing partition 7821000/8877691, columns so far: 18515490
  Processing partition 7822000/8877691, columns so far: 18519831
  Processing partition 7823000/8877691, columns so far: 18525309
  Processing partition 7824000/8877691, columns so far: 18527495
  Processing partition 7825000/8877691, columns so far: 18529558
  Processing partition 7826000/8877691, columns so far: 18531613
  Processing partition 7827000/8877691, columns so far: 18533398
  Processing partition 7828000/8877691, columns so far: 18535335
  Processing partition 7829000/8877691, columns so far: 18537240
  Processing partition 7830000/8877691, columns so far: 18538820
  Processing partition 7831000/8877691, columns so far: 18540652
  Processing partition 7832000/8877691, columns so far: 18542737
  Processing partition 7833000/8877691, columns so far: 18544774
  Processing partition 7834000/8877691, columns so far: 18548282
  Processing partition 7835000/8877691, columns so far: 18552173
  Processing partition 7836000/8877691, columns so far: 18554210
  Processing partition 7837000/8877691, columns so far: 18556390
  Processing partition 7838000/8877691, columns so far: 18558182
  Processing partition 7839000/8877691, columns so far: 18560119
  Processing partition 7840000/8877691, columns so far: 18562164
  Processing partition 7841000/8877691, columns so far: 18564019
  Processing partition 7842000/8877691, columns so far: 18565928
  Processing partition 7843000/8877691, columns so far: 18567474
  Processing partition 7844000/8877691, columns so far: 18569684
  Processing partition 7845000/8877691, columns so far: 18572176
  Processing partition 7846000/8877691, columns so far: 18575648
  Processing partition 7847000/8877691, columns so far: 18579116
  Processing partition 7848000/8877691, columns so far: 18581427
  Processing partition 7849000/8877691, columns so far: 18582946
  Processing partition 7850000/8877691, columns so far: 18585115
  Processing partition 7851000/8877691, columns so far: 18586872
  Processing partition 7852000/8877691, columns so far: 18588658
  Processing partition 7853000/8877691, columns so far: 18590850
  Processing partition 7854000/8877691, columns so far: 18592740
  Processing partition 7855000/8877691, columns so far: 18594656
  Processing partition 7856000/8877691, columns so far: 18596523
  Processing partition 7857000/8877691, columns so far: 18599430
  Processing partition 7858000/8877691, columns so far: 18603905
  Processing partition 7859000/8877691, columns so far: 18605962
  Processing partition 7860000/8877691, columns so far: 18608222
  Processing partition 7861000/8877691, columns so far: 18610080
  Processing partition 7862000/8877691, columns so far: 18611682
  Processing partition 7863000/8877691, columns so far: 18613757
  Processing partition 7864000/8877691, columns so far: 18615558
  Processing partition 7865000/8877691, columns so far: 18617374
  Processing partition 7866000/8877691, columns so far: 18619540
  Processing partition 7867000/8877691, columns so far: 18621568
  Processing partition 7868000/8877691, columns so far: 18623387
  Processing partition 7869000/8877691, columns so far: 18626696
  Processing partition 7870000/8877691, columns so far: 18631006
  Processing partition 7871000/8877691, columns so far: 18632826
  Processing partition 7872000/8877691, columns so far: 18635057
  Processing partition 7873000/8877691, columns so far: 18636967
  Processing partition 7874000/8877691, columns so far: 18638582
  Processing partition 7875000/8877691, columns so far: 18640361
  Processing partition 7876000/8877691, columns so far: 18642451
  Processing partition 7877000/8877691, columns so far: 18644220
  Processing partition 7878000/8877691, columns so far: 18645997
  Processing partition 7879000/8877691, columns so far: 18648461
  Processing partition 7880000/8877691, columns so far: 18650447
  Processing partition 7881000/8877691, columns so far: 18653981
  Processing partition 7882000/8877691, columns so far: 18657899
  Processing partition 7883000/8877691, columns so far: 18659883
  Processing partition 7884000/8877691, columns so far: 18661832
  Processing partition 7885000/8877691, columns so far: 18663741
  Processing partition 7886000/8877691, columns so far: 18665646
  Processing partition 7887000/8877691, columns so far: 18667206
  Processing partition 7888000/8877691, columns so far: 18669057
  Processing partition 7889000/8877691, columns so far: 18671136
  Processing partition 7890000/8877691, columns so far: 18672947
  Processing partition 7891000/8877691, columns so far: 18675128
  Processing partition 7892000/8877691, columns so far: 18678343
  Processing partition 7893000/8877691, columns so far: 18682431
  Processing partition 7894000/8877691, columns so far: 18685090
  Processing partition 7895000/8877691, columns so far: 18687491
  Processing partition 7896000/8877691, columns so far: 18690126
  Processing partition 7897000/8877691, columns so far: 18692436
  Processing partition 7898000/8877691, columns so far: 18694291
  Processing partition 7899000/8877691, columns so far: 18696687
  Processing partition 7900000/8877691, columns so far: 18698734
  Processing partition 7901000/8877691, columns so far: 18700826
  Processing partition 7902000/8877691, columns so far: 18703313
  Processing partition 7903000/8877691, columns so far: 18705054
  Processing partition 7904000/8877691, columns so far: 18707795
  Processing partition 7905000/8877691, columns so far: 18709903
  Processing partition 7906000/8877691, columns so far: 18714176
  Processing partition 7907000/8877691, columns so far: 18720180
  Processing partition 7908000/8877691, columns so far: 18723756
  Processing partition 7909000/8877691, columns so far: 18728504
  Processing partition 7910000/8877691, columns so far: 18732231
  Processing partition 7911000/8877691, columns so far: 18736675
  Processing partition 7912000/8877691, columns so far: 18741362
  Processing partition 7913000/8877691, columns so far: 18745054
  Processing partition 7914000/8877691, columns so far: 18749700
  Processing partition 7915000/8877691, columns so far: 18754036
  Processing partition 7916000/8877691, columns so far: 18758721
  Processing partition 7917000/8877691, columns so far: 18763918
  Processing partition 7918000/8877691, columns so far: 18771976
  Processing partition 7919000/8877691, columns so far: 18782104
  Processing partition 7920000/8877691, columns so far: 18786127
  Processing partition 7921000/8877691, columns so far: 18790123
  Processing partition 7922000/8877691, columns so far: 18794718
  Processing partition 7923000/8877691, columns so far: 18797791
  Processing partition 7924000/8877691, columns so far: 18801573
  Processing partition 7925000/8877691, columns so far: 18805353
  Processing partition 7926000/8877691, columns so far: 18808779
  Processing partition 7927000/8877691, columns so far: 18812127
  Processing partition 7928000/8877691, columns so far: 18816483
  Processing partition 7929000/8877691, columns so far: 18820751
  Processing partition 7930000/8877691, columns so far: 18827693
  Processing partition 7931000/8877691, columns so far: 18834729
  Processing partition 7932000/8877691, columns so far: 18838973
  Processing partition 7933000/8877691, columns so far: 18842921
  Processing partition 7934000/8877691, columns so far: 18846440
  Processing partition 7935000/8877691, columns so far: 18850603
  Processing partition 7936000/8877691, columns so far: 18854197
  Processing partition 7937000/8877691, columns so far: 18857972
  Processing partition 7938000/8877691, columns so far: 18861794
  Processing partition 7939000/8877691, columns so far: 18865007
  Processing partition 7940000/8877691, columns so far: 18869171
  Processing partition 7941000/8877691, columns so far: 18874359
  Processing partition 7942000/8877691, columns so far: 18881733
  Processing partition 7943000/8877691, columns so far: 18887417
  Processing partition 7944000/8877691, columns so far: 18891957
  Processing partition 7945000/8877691, columns so far: 18895155
  Processing partition 7946000/8877691, columns so far: 18899299
  Processing partition 7947000/8877691, columns so far: 18902829
  Processing partition 7948000/8877691, columns so far: 18906655
  Processing partition 7949000/8877691, columns so far: 18910611
  Processing partition 7950000/8877691, columns so far: 18914397
  Processing partition 7951000/8877691, columns so far: 18918246
  Processing partition 7952000/8877691, columns so far: 18921851
  Processing partition 7953000/8877691, columns so far: 18927867
  Processing partition 7954000/8877691, columns so far: 18936492
  Processing partition 7955000/8877691, columns so far: 18940097
  Processing partition 7956000/8877691, columns so far: 18944659
  Processing partition 7957000/8877691, columns so far: 18948331
  Processing partition 7958000/8877691, columns so far: 18951433
  Processing partition 7959000/8877691, columns so far: 18955563
  Processing partition 7960000/8877691, columns so far: 18959235
  Processing partition 7961000/8877691, columns so far: 18962777
  Processing partition 7962000/8877691, columns so far: 18966977
  Processing partition 7963000/8877691, columns so far: 18971119
  Processing partition 7964000/8877691, columns so far: 18974655
  Processing partition 7965000/8877691, columns so far: 18981415
  Processing partition 7966000/8877691, columns so far: 18989363
  Processing partition 7967000/8877691, columns so far: 18992899
  Processing partition 7968000/8877691, columns so far: 18997227
  Processing partition 7969000/8877691, columns so far: 19001007
  Processing partition 7970000/8877691, columns so far: 19004602
  Processing partition 7971000/8877691, columns so far: 19007876
  Processing partition 7972000/8877691, columns so far: 19011911
  Processing partition 7973000/8877691, columns so far: 19015550
  Processing partition 7974000/8877691, columns so far: 19019130
  Processing partition 7975000/8877691, columns so far: 19023795
  Processing partition 7976000/8877691, columns so far: 19028224
  Processing partition 7977000/8877691, columns so far: 19035194
  Processing partition 7978000/8877691, columns so far: 19042039
  Processing partition 7979000/8877691, columns so far: 19046457
  Processing partition 7980000/8877691, columns so far: 19049836
  Processing partition 7981000/8877691, columns so far: 19053705
  Processing partition 7982000/8877691, columns so far: 19057487
  Processing partition 7983000/8877691, columns so far: 19060673
  Processing partition 7984000/8877691, columns so far: 19064218
  Processing partition 7985000/8877691, columns so far: 19068391
  Processing partition 7986000/8877691, columns so far: 19072038
  Processing partition 7987000/8877691, columns so far: 19076395
  Processing partition 7988000/8877691, columns so far: 19082679
  Processing partition 7989000/8877691, columns so far: 19090763
  Processing partition 7990000/8877691, columns so far: 19095621
  Processing partition 7991000/8877691, columns so far: 19100586
  Processing partition 7992000/8877691, columns so far: 19105177
  Processing partition 7993000/8877691, columns so far: 19109947
  Processing partition 7994000/8877691, columns so far: 19113446
  Processing partition 7995000/8877691, columns so far: 19118133
  Processing partition 7996000/8877691, columns so far: 19122809
  Processing partition 7997000/8877691, columns so far: 19126298
  Processing partition 7998000/8877691, columns so far: 19131121
  Processing partition 7999000/8877691, columns so far: 19134722
  Processing partition 8000000/8877691, columns so far: 19139969
  Processing partition 8001000/8877691, columns so far: 19143926
  Processing partition 8002000/8877691, columns so far: 19146139
  Processing partition 8003000/8877691, columns so far: 19149206
  Processing partition 8004000/8877691, columns so far: 19151000
  Processing partition 8005000/8877691, columns so far: 19153398
  Processing partition 8006000/8877691, columns so far: 19155417
  Processing partition 8007000/8877691, columns so far: 19157536
  Processing partition 8008000/8877691, columns so far: 19160022
  Processing partition 8009000/8877691, columns so far: 19161779
  Processing partition 8010000/8877691, columns so far: 19164124
  Processing partition 8011000/8877691, columns so far: 19166561
  Processing partition 8012000/8877691, columns so far: 19168734
  Processing partition 8013000/8877691, columns so far: 19171940
  Processing partition 8014000/8877691, columns so far: 19176003
  Processing partition 8015000/8877691, columns so far: 19181202
  Processing partition 8016000/8877691, columns so far: 19183273
  Processing partition 8017000/8877691, columns so far: 19185215
  Processing partition 8018000/8877691, columns so far: 19187518
  Processing partition 8019000/8877691, columns so far: 19189028
  Processing partition 8020000/8877691, columns so far: 19190947
  Processing partition 8021000/8877691, columns so far: 19192873
  Processing partition 8022000/8877691, columns so far: 19194763
  Processing partition 8023000/8877691, columns so far: 19196298
  Processing partition 8024000/8877691, columns so far: 19198452
  Processing partition 8025000/8877691, columns so far: 19200872
  Processing partition 8026000/8877691, columns so far: 19204371
  Processing partition 8027000/8877691, columns so far: 19207891
  Processing partition 8028000/8877691, columns so far: 19210227
  Processing partition 8029000/8877691, columns so far: 19212050
  Processing partition 8030000/8877691, columns so far: 19213841
  Processing partition 8031000/8877691, columns so far: 19216219
  Processing partition 8032000/8877691, columns so far: 19217773
  Processing partition 8033000/8877691, columns so far: 19219679
  Processing partition 8034000/8877691, columns so far: 19221591
  Processing partition 8035000/8877691, columns so far: 19223387
  Processing partition 8036000/8877691, columns so far: 19225309
  Processing partition 8037000/8877691, columns so far: 19228130
  Processing partition 8038000/8877691, columns so far: 19232256
  Processing partition 8039000/8877691, columns so far: 19234747
  Processing partition 8040000/8877691, columns so far: 19237069
  Processing partition 8041000/8877691, columns so far: 19238835
  Processing partition 8042000/8877691, columns so far: 19240759
  Processing partition 8043000/8877691, columns so far: 19242558
  Processing partition 8044000/8877691, columns so far: 19244637
  Processing partition 8045000/8877691, columns so far: 19246457
  Processing partition 8046000/8877691, columns so far: 19248368
  Processing partition 8047000/8877691, columns so far: 19250334
  Processing partition 8048000/8877691, columns so far: 19252188
  Processing partition 8049000/8877691, columns so far: 19255386
  Processing partition 8050000/8877691, columns so far: 19259773
  Processing partition 8051000/8877691, columns so far: 19261627
  Processing partition 8052000/8877691, columns so far: 19263882
  Processing partition 8053000/8877691, columns so far: 19265751
  Processing partition 8054000/8877691, columns so far: 19267333
  Processing partition 8055000/8877691, columns so far: 19269399
  Processing partition 8056000/8877691, columns so far: 19271230
  Processing partition 8057000/8877691, columns so far: 19273154
  Processing partition 8058000/8877691, columns so far: 19275167
  Processing partition 8059000/8877691, columns so far: 19277242
  Processing partition 8060000/8877691, columns so far: 19279166
  Processing partition 8061000/8877691, columns so far: 19282675
  Processing partition 8062000/8877691, columns so far: 19286680
  Processing partition 8063000/8877691, columns so far: 19288604
  Processing partition 8064000/8877691, columns so far: 19290660
  Processing partition 8065000/8877691, columns so far: 19292565
  Processing partition 8066000/8877691, columns so far: 19294471
  Processing partition 8067000/8877691, columns so far: 19296025
  Processing partition 8068000/8877691, columns so far: 19298116
  Processing partition 8069000/8877691, columns so far: 19299964
  Processing partition 8070000/8877691, columns so far: 19301737
  Processing partition 8071000/8877691, columns so far: 19304123
  Processing partition 8072000/8877691, columns so far: 19306599
  Processing partition 8073000/8877691, columns so far: 19310122
  Processing partition 8074000/8877691, columns so far: 19313562
  Processing partition 8075000/8877691, columns so far: 19315957
  Processing partition 8076000/8877691, columns so far: 19317480
  Processing partition 8077000/8877691, columns so far: 19319379
  Processing partition 8078000/8877691, columns so far: 19321285
  Processing partition 8079000/8877691, columns so far: 19323049
  Processing partition 8080000/8877691, columns so far: 19324719
  Processing partition 8081000/8877691, columns so far: 19326800
  Processing partition 8082000/8877691, columns so far: 19328687
  Processing partition 8083000/8877691, columns so far: 19330873
  Processing partition 8084000/8877691, columns so far: 19334503
  Processing partition 8085000/8877691, columns so far: 19338572
  Processing partition 8086000/8877691, columns so far: 19340840
  Processing partition 8087000/8877691, columns so far: 19343938
  Processing partition 8088000/8877691, columns so far: 19345787
  Processing partition 8089000/8877691, columns so far: 19348205
  Processing partition 8090000/8877691, columns so far: 19349951
  Processing partition 8091000/8877691, columns so far: 19352346
  Processing partition 8092000/8877691, columns so far: 19354723
  Processing partition 8093000/8877691, columns so far: 19356486
  Processing partition 8094000/8877691, columns so far: 19358972
  Processing partition 8095000/8877691, columns so far: 19361019
  Processing partition 8096000/8877691, columns so far: 19363538
  Processing partition 8097000/8877691, columns so far: 19366038
  Processing partition 8098000/8877691, columns so far: 19370338
  Processing partition 8099000/8877691, columns so far: 19376299
  Processing partition 8100000/8877691, columns so far: 19379843
  Processing partition 8101000/8877691, columns so far: 19384491
  Processing partition 8102000/8877691, columns so far: 19389077
  Processing partition 8103000/8877691, columns so far: 19392829
  Processing partition 8104000/8877691, columns so far: 19397485
  Processing partition 8105000/8877691, columns so far: 19401045
  Processing partition 8106000/8877691, columns so far: 19405693
  Processing partition 8107000/8877691, columns so far: 19410499
  Processing partition 8108000/8877691, columns so far: 19414849
  Processing partition 8109000/8877691, columns so far: 19421139
  Processing partition 8110000/8877691, columns so far: 19429141
  Processing partition 8111000/8877691, columns so far: 19437097
  Processing partition 8112000/8877691, columns so far: 19439224
  Processing partition 8113000/8877691, columns so far: 19442249
  Processing partition 8114000/8877691, columns so far: 19444238
  Processing partition 8115000/8877691, columns so far: 19446368
  Processing partition 8116000/8877691, columns so far: 19448785
  Processing partition 8117000/8877691, columns so far: 19450547
  Processing partition 8118000/8877691, columns so far: 19452915
  Processing partition 8119000/8877691, columns so far: 19455320
  Processing partition 8120000/8877691, columns so far: 19457083
  Processing partition 8121000/8877691, columns so far: 19459801
  Processing partition 8122000/8877691, columns so far: 19461870
  Processing partition 8123000/8877691, columns so far: 19464051
  Processing partition 8124000/8877691, columns so far: 19466175
  Processing partition 8125000/8877691, columns so far: 19467962
  Processing partition 8126000/8877691, columns so far: 19470242
  Processing partition 8127000/8877691, columns so far: 19472135
  Processing partition 8128000/8877691, columns so far: 19473645
  Processing partition 8129000/8877691, columns so far: 19475551
  Processing partition 8130000/8877691, columns so far: 19477474
  Processing partition 8131000/8877691, columns so far: 19479385
  Processing partition 8132000/8877691, columns so far: 19481219
  Processing partition 8133000/8877691, columns so far: 19484306
  Processing partition 8134000/8877691, columns so far: 19488824
  Processing partition 8135000/8877691, columns so far: 19490658
  Processing partition 8136000/8877691, columns so far: 19492504
  Processing partition 8137000/8877691, columns so far: 19494208
  Processing partition 8138000/8877691, columns so far: 19495868
  Processing partition 8139000/8877691, columns so far: 19497422
  Processing partition 8140000/8877691, columns so far: 19498976
  Processing partition 8141000/8877691, columns so far: 19500552
  Processing partition 8142000/8877691, columns so far: 19502266
  Processing partition 8143000/8877691, columns so far: 19504269
  Processing partition 8144000/8877691, columns so far: 19507578
  Processing partition 8145000/8877691, columns so far: 19509912
  Processing partition 8146000/8877691, columns so far: 19511586
  Processing partition 8147000/8877691, columns so far: 19513484
  Processing partition 8148000/8877691, columns so far: 19514988
  Processing partition 8149000/8877691, columns so far: 19516547
  Processing partition 8150000/8877691, columns so far: 19518304
  Processing partition 8151000/8877691, columns so far: 19519860
  Processing partition 8152000/8877691, columns so far: 19521516
  Processing partition 8153000/8877691, columns so far: 19523360
  Processing partition 8154000/8877691, columns so far: 19526417
  Processing partition 8155000/8877691, columns so far: 19529126
  Processing partition 8156000/8877691, columns so far: 19530889
  Processing partition 8157000/8877691, columns so far: 19532742
  Processing partition 8158000/8877691, columns so far: 19534180
  Processing partition 8159000/8877691, columns so far: 19535828
  Processing partition 8160000/8877691, columns so far: 19537354
  Processing partition 8161000/8877691, columns so far: 19539186
  Processing partition 8162000/8877691, columns so far: 19540818
  Processing partition 8163000/8877691, columns so far: 19542447
  Processing partition 8164000/8877691, columns so far: 19545524
  Processing partition 8165000/8877691, columns so far: 19548401
  Processing partition 8166000/8877691, columns so far: 19550135
  Processing partition 8167000/8877691, columns so far: 19551864
  Processing partition 8168000/8877691, columns so far: 19553366
  Processing partition 8169000/8877691, columns so far: 19554922
  Processing partition 8170000/8877691, columns so far: 19556661
  Processing partition 8171000/8877691, columns so far: 19558205
  Processing partition 8172000/8877691, columns so far: 19560087
  Processing partition 8173000/8877691, columns so far: 19561610
  Processing partition 8174000/8877691, columns so far: 19564554
  Processing partition 8175000/8877691, columns so far: 19567650
  Processing partition 8176000/8877691, columns so far: 19569442
  Processing partition 8177000/8877691, columns so far: 19571018
  Processing partition 8178000/8877691, columns so far: 19572673
  Processing partition 8179000/8877691, columns so far: 19574253
  Processing partition 8180000/8877691, columns so far: 19575808
  Processing partition 8181000/8877691, columns so far: 19577462
  Processing partition 8182000/8877691, columns so far: 19579109
  Processing partition 8183000/8877691, columns so far: 19580894
  Processing partition 8184000/8877691, columns so far: 19584264
  Processing partition 8185000/8877691, columns so far: 19587185
  Processing partition 8186000/8877691, columns so far: 19589294
  Processing partition 8187000/8877691, columns so far: 19591179
  Processing partition 8188000/8877691, columns so far: 19593493
  Processing partition 8189000/8877691, columns so far: 19595072
  Processing partition 8190000/8877691, columns so far: 19596953
  Processing partition 8191000/8877691, columns so far: 19598860
  Processing partition 8192000/8877691, columns so far: 19600741
  Processing partition 8193000/8877691, columns so far: 19602264
  Processing partition 8194000/8877691, columns so far: 19604448
  Processing partition 8195000/8877691, columns so far: 19607331
  Processing partition 8196000/8877691, columns so far: 19611361
  Processing partition 8197000/8877691, columns so far: 19615246
  Processing partition 8198000/8877691, columns so far: 19619803
  Processing partition 8199000/8877691, columns so far: 19622846
  Processing partition 8200000/8877691, columns so far: 19626616
  Processing partition 8201000/8877691, columns so far: 19630418
  Processing partition 8202000/8877691, columns so far: 19634092
  Processing partition 8203000/8877691, columns so far: 19637229
  Processing partition 8204000/8877691, columns so far: 19641540
  Processing partition 8205000/8877691, columns so far: 19646012
  Processing partition 8206000/8877691, columns so far: 19652876
  Processing partition 8207000/8877691, columns so far: 19658842
  Processing partition 8208000/8877691, columns so far: 19660911
  Processing partition 8209000/8877691, columns so far: 19662770
  Processing partition 8210000/8877691, columns so far: 19665074
  Processing partition 8211000/8877691, columns so far: 19666832
  Processing partition 8212000/8877691, columns so far: 19668488
  Processing partition 8213000/8877691, columns so far: 19670399
  Processing partition 8214000/8877691, columns so far: 19672306
  Processing partition 8215000/8877691, columns so far: 19673977
  Processing partition 8216000/8877691, columns so far: 19676002
  Processing partition 8217000/8877691, columns so far: 19679136
  Processing partition 8218000/8877691, columns so far: 19683335
  Processing partition 8219000/8877691, columns so far: 19685793
  Processing partition 8220000/8877691, columns so far: 19687865
  Processing partition 8221000/8877691, columns so far: 19689633
  Processing partition 8222000/8877691, columns so far: 19691874
  Processing partition 8223000/8877691, columns so far: 19693772
  Processing partition 8224000/8877691, columns so far: 19695394
  Processing partition 8225000/8877691, columns so far: 19697174
  Processing partition 8226000/8877691, columns so far: 19699126
  Processing partition 8227000/8877691, columns so far: 19701095
  Processing partition 8228000/8877691, columns so far: 19702860
  Processing partition 8229000/8877691, columns so far: 19704749
  Processing partition 8230000/8877691, columns so far: 19707108
  Processing partition 8231000/8877691, columns so far: 19708870
  Processing partition 8232000/8877691, columns so far: 19710757
  Processing partition 8233000/8877691, columns so far: 19713022
  Processing partition 8234000/8877691, columns so far: 19714580
  Processing partition 8235000/8877691, columns so far: 19716484
  Processing partition 8236000/8877691, columns so far: 19718390
  Processing partition 8237000/8877691, columns so far: 19720315
  Processing partition 8238000/8877691, columns so far: 19722144
  Processing partition 8239000/8877691, columns so far: 19725104
  Processing partition 8240000/8877691, columns so far: 19729753
  Processing partition 8241000/8877691, columns so far: 19731300
  Processing partition 8242000/8877691, columns so far: 19733262
  Processing partition 8243000/8877691, columns so far: 19734879
  Processing partition 8244000/8877691, columns so far: 19736619
  Processing partition 8245000/8877691, columns so far: 19738165
  Processing partition 8246000/8877691, columns so far: 19739907
  Processing partition 8247000/8877691, columns so far: 19741461
  Processing partition 8248000/8877691, columns so far: 19743154
  Processing partition 8249000/8877691, columns so far: 19745144
  Processing partition 8250000/8877691, columns so far: 19748438
  Processing partition 8251000/8877691, columns so far: 19750581
  Processing partition 8252000/8877691, columns so far: 19752516
  Processing partition 8253000/8877691, columns so far: 19754011
  Processing partition 8254000/8877691, columns so far: 19755920
  Processing partition 8255000/8877691, columns so far: 19757472
  Processing partition 8256000/8877691, columns so far: 19758971
  Processing partition 8257000/8877691, columns so far: 19760778
  Processing partition 8258000/8877691, columns so far: 19762442
  Processing partition 8259000/8877691, columns so far: 19764168
  Processing partition 8260000/8877691, columns so far: 19767284
  Processing partition 8261000/8877691, columns so far: 19769852
  Processing partition 8262000/8877691, columns so far: 19771816
  Processing partition 8263000/8877691, columns so far: 19773319
  Processing partition 8264000/8877691, columns so far: 19774966
  Processing partition 8265000/8877691, columns so far: 19776559
  Processing partition 8266000/8877691, columns so far: 19778282
  Processing partition 8267000/8877691, columns so far: 19779798
  Processing partition 8268000/8877691, columns so far: 19781744
  Processing partition 8269000/8877691, columns so far: 19783318
  Processing partition 8270000/8877691, columns so far: 19786369
  Processing partition 8271000/8877691, columns so far: 19789139
  Processing partition 8272000/8877691, columns so far: 19791065
  Processing partition 8273000/8877691, columns so far: 19792564
  Processing partition 8274000/8877691, columns so far: 19794124
  Processing partition 8275000/8877691, columns so far: 19795855
  Processing partition 8276000/8877691, columns so far: 19797410
  Processing partition 8277000/8877691, columns so far: 19799083
  Processing partition 8278000/8877691, columns so far: 19800786
  Processing partition 8279000/8877691, columns so far: 19802543
  Processing partition 8280000/8877691, columns so far: 19806088
  Processing partition 8281000/8877691, columns so far: 19808703
  Processing partition 8282000/8877691, columns so far: 19810838
  Processing partition 8283000/8877691, columns so far: 19812832
  Processing partition 8284000/8877691, columns so far: 19814621
  Processing partition 8285000/8877691, columns so far: 19816712
  Processing partition 8286000/8877691, columns so far: 19818555
  Processing partition 8287000/8877691, columns so far: 19820440
  Processing partition 8288000/8877691, columns so far: 19822374
  Processing partition 8289000/8877691, columns so far: 19823960
  Processing partition 8290000/8877691, columns so far: 19826095
  Processing partition 8291000/8877691, columns so far: 19828744
  Processing partition 8292000/8877691, columns so far: 19832704
  Processing partition 8293000/8877691, columns so far: 19837068
  Processing partition 8294000/8877691, columns so far: 19840622
  Processing partition 8295000/8877691, columns so far: 19844408
  Processing partition 8296000/8877691, columns so far: 19848488
  Processing partition 8297000/8877691, columns so far: 19852164
  Processing partition 8298000/8877691, columns so far: 19855962
  Processing partition 8299000/8877691, columns so far: 19859048
  Processing partition 8300000/8877691, columns so far: 19863288
  Processing partition 8301000/8877691, columns so far: 19868168
  Processing partition 8302000/8877691, columns so far: 19875017
  Processing partition 8303000/8877691, columns so far: 19880246
  Processing partition 8304000/8877691, columns so far: 19882622
  Processing partition 8305000/8877691, columns so far: 19884387
  Processing partition 8306000/8877691, columns so far: 19886225
  Processing partition 8307000/8877691, columns so far: 19888562
  Processing partition 8308000/8877691, columns so far: 19890116
  Processing partition 8309000/8877691, columns so far: 19892022
  Processing partition 8310000/8877691, columns so far: 19893927
  Processing partition 8311000/8877691, columns so far: 19895796
  Processing partition 8312000/8877691, columns so far: 19897681
  Processing partition 8313000/8877691, columns so far: 19900704
  Processing partition 8314000/8877691, columns so far: 19905123
  Processing partition 8315000/8877691, columns so far: 19907125
  Processing partition 8316000/8877691, columns so far: 19908980
  Processing partition 8317000/8877691, columns so far: 19910666
  Processing partition 8318000/8877691, columns so far: 19912264
  Processing partition 8319000/8877691, columns so far: 19913903
  Processing partition 8320000/8877691, columns so far: 19915459
  Processing partition 8321000/8877691, columns so far: 19917045
  Processing partition 8322000/8877691, columns so far: 19918727
  Processing partition 8323000/8877691, columns so far: 19920806
  Processing partition 8324000/8877691, columns so far: 19924331
  Processing partition 8325000/8877691, columns so far: 19926371
  Processing partition 8326000/8877691, columns so far: 19928795
  Processing partition 8327000/8877691, columns so far: 19930564
  Processing partition 8328000/8877691, columns so far: 19932383
  Processing partition 8329000/8877691, columns so far: 19934703
  Processing partition 8330000/8877691, columns so far: 19936290
  Processing partition 8331000/8877691, columns so far: 19938102
  Processing partition 8332000/8877691, columns so far: 19940012
  Processing partition 8333000/8877691, columns so far: 19941969
  Processing partition 8334000/8877691, columns so far: 19943772
  Processing partition 8335000/8877691, columns so far: 19945678
  Processing partition 8336000/8877691, columns so far: 19947982
  Processing partition 8337000/8877691, columns so far: 19949498
  Processing partition 8338000/8877691, columns so far: 19951691
  Processing partition 8339000/8877691, columns so far: 19953436
  Processing partition 8340000/8877691, columns so far: 19955226
  Processing partition 8341000/8877691, columns so far: 19957414
  Processing partition 8342000/8877691, columns so far: 19959312
  Processing partition 8343000/8877691, columns so far: 19961234
  Processing partition 8344000/8877691, columns so far: 19963075
  Processing partition 8345000/8877691, columns so far: 19966002
  Processing partition 8346000/8877691, columns so far: 19970670
  Processing partition 8347000/8877691, columns so far: 19972224
  Processing partition 8348000/8877691, columns so far: 19973992
  Processing partition 8349000/8877691, columns so far: 19975662
  Processing partition 8350000/8877691, columns so far: 19977313
  Processing partition 8351000/8877691, columns so far: 19979076
  Processing partition 8352000/8877691, columns so far: 19980600
  Processing partition 8353000/8877691, columns so far: 19982380
  Processing partition 8354000/8877691, columns so far: 19984064
  Processing partition 8355000/8877691, columns so far: 19986024
  Processing partition 8356000/8877691, columns so far: 19989286
  Processing partition 8357000/8877691, columns so far: 19991474
  Processing partition 8358000/8877691, columns so far: 19993324
  Processing partition 8359000/8877691, columns so far: 19994946
  Processing partition 8360000/8877691, columns so far: 19996480
  Processing partition 8361000/8877691, columns so far: 19998107
  Processing partition 8362000/8877691, columns so far: 19999902
  Processing partition 8363000/8877691, columns so far: 20001399
  Processing partition 8364000/8877691, columns so far: 20003354
  Processing partition 8365000/8877691, columns so far: 20005076
  Processing partition 8366000/8877691, columns so far: 20008182
  Processing partition 8367000/8877691, columns so far: 20010782
  Processing partition 8368000/8877691, columns so far: 20012620
  Processing partition 8369000/8877691, columns so far: 20014252
  Processing partition 8370000/8877691, columns so far: 20015741
  Processing partition 8371000/8877691, columns so far: 20017279
  Processing partition 8372000/8877691, columns so far: 20019027
  Processing partition 8373000/8877691, columns so far: 20020710
  Processing partition 8374000/8877691, columns so far: 20022391
  Processing partition 8375000/8877691, columns so far: 20024238
  Processing partition 8376000/8877691, columns so far: 20027886
  Processing partition 8377000/8877691, columns so far: 20030263
  Processing partition 8378000/8877691, columns so far: 20032658
  Processing partition 8379000/8877691, columns so far: 20034201
  Processing partition 8380000/8877691, columns so far: 20036276
  Processing partition 8381000/8877691, columns so far: 20038131
  Processing partition 8382000/8877691, columns so far: 20039893
  Processing partition 8383000/8877691, columns so far: 20042086
  Processing partition 8384000/8877691, columns so far: 20044004
  Processing partition 8385000/8877691, columns so far: 20045779
  Processing partition 8386000/8877691, columns so far: 20047707
  Processing partition 8387000/8877691, columns so far: 20050557
  Processing partition 8388000/8877691, columns so far: 20054667
  Processing partition 8389000/8877691, columns so far: 20058326
  Processing partition 8390000/8877691, columns so far: 20062441
  Processing partition 8391000/8877691, columns so far: 20065948
  Processing partition 8392000/8877691, columns so far: 20069620
  Processing partition 8393000/8877691, columns so far: 20073930
  Processing partition 8394000/8877691, columns so far: 20077736
  Processing partition 8395000/8877691, columns so far: 20080901
  Processing partition 8396000/8877691, columns so far: 20085011
  Processing partition 8397000/8877691, columns so far: 20090159
  Processing partition 8398000/8877691, columns so far: 20097546
  Processing partition 8399000/8877691, columns so far: 20101912
  Processing partition 8400000/8877691, columns so far: 20104226
  Processing partition 8401000/8877691, columns so far: 20105787
  Processing partition 8402000/8877691, columns so far: 20107924
  Processing partition 8403000/8877691, columns so far: 20109671
  Processing partition 8404000/8877691, columns so far: 20111589
  Processing partition 8405000/8877691, columns so far: 20113649
  Processing partition 8406000/8877691, columns so far: 20115555
  Processing partition 8407000/8877691, columns so far: 20117492
  Processing partition 8408000/8877691, columns so far: 20119304
  Processing partition 8409000/8877691, columns so far: 20122399
  Processing partition 8410000/8877691, columns so far: 20126928
  Processing partition 8411000/8877691, columns so far: 20128747
  Processing partition 8412000/8877691, columns so far: 20130415
  Processing partition 8413000/8877691, columns so far: 20132320
  Processing partition 8414000/8877691, columns so far: 20133826
  Processing partition 8415000/8877691, columns so far: 20135356
  Processing partition 8416000/8877691, columns so far: 20137060
  Processing partition 8417000/8877691, columns so far: 20138626
  Processing partition 8418000/8877691, columns so far: 20140364
  Processing partition 8419000/8877691, columns so far: 20142454
  Processing partition 8420000/8877691, columns so far: 20146005
  Processing partition 8421000/8877691, columns so far: 20147740
  Processing partition 8422000/8877691, columns so far: 20149676
  Processing partition 8423000/8877691, columns so far: 20151339
  Processing partition 8424000/8877691, columns so far: 20153090
  Processing partition 8425000/8877691, columns so far: 20154636
  Processing partition 8426000/8877691, columns so far: 20156388
  Processing partition 8427000/8877691, columns so far: 20157946
  Processing partition 8428000/8877691, columns so far: 20159606
  Processing partition 8429000/8877691, columns so far: 20161530
  Processing partition 8430000/8877691, columns so far: 20165239
  Processing partition 8431000/8877691, columns so far: 20167304
  Processing partition 8432000/8877691, columns so far: 20169620
  Processing partition 8433000/8877691, columns so far: 20171251
  Processing partition 8434000/8877691, columns so far: 20173317
  Processing partition 8435000/8877691, columns so far: 20175110
  Processing partition 8436000/8877691, columns so far: 20177047
  Processing partition 8437000/8877691, columns so far: 20179036
  Processing partition 8438000/8877691, columns so far: 20180941
  Processing partition 8439000/8877691, columns so far: 20182886
  Processing partition 8440000/8877691, columns so far: 20184702
  Processing partition 8441000/8877691, columns so far: 20186521
  Processing partition 8442000/8877691, columns so far: 20188898
  Processing partition 8443000/8877691, columns so far: 20190425
  Processing partition 8444000/8877691, columns so far: 20192331
  Processing partition 8445000/8877691, columns so far: 20194361
  Processing partition 8446000/8877691, columns so far: 20196148
  Processing partition 8447000/8877691, columns so far: 20197910
  Processing partition 8448000/8877691, columns so far: 20200228
  Processing partition 8449000/8877691, columns so far: 20202146
  Processing partition 8450000/8877691, columns so far: 20203923
  Processing partition 8451000/8877691, columns so far: 20206830
  Processing partition 8452000/8877691, columns so far: 20211503
  Processing partition 8453000/8877691, columns so far: 20213158
  Processing partition 8454000/8877691, columns so far: 20214915
  Processing partition 8455000/8877691, columns so far: 20216481
  Processing partition 8456000/8877691, columns so far: 20218107
  Processing partition 8457000/8877691, columns so far: 20219656
  Processing partition 8458000/8877691, columns so far: 20221510
  Processing partition 8459000/8877691, columns so far: 20223038
  Processing partition 8460000/8877691, columns so far: 20224989
  Processing partition 8461000/8877691, columns so far: 20226940
  Processing partition 8462000/8877691, columns so far: 20230292
  Processing partition 8463000/8877691, columns so far: 20232400
  Processing partition 8464000/8877691, columns so far: 20234222
  Processing partition 8465000/8877691, columns so far: 20235782
  Processing partition 8466000/8877691, columns so far: 20237392
  Processing partition 8467000/8877691, columns so far: 20238928
  Processing partition 8468000/8877691, columns so far: 20240456
  Processing partition 8469000/8877691, columns so far: 20242329
  Processing partition 8470000/8877691, columns so far: 20244069
  Processing partition 8471000/8877691, columns so far: 20246059
  Processing partition 8472000/8877691, columns so far: 20249698
  Processing partition 8473000/8877691, columns so far: 20251913
  Processing partition 8474000/8877691, columns so far: 20254314
  Processing partition 8475000/8877691, columns so far: 20255824
  Processing partition 8476000/8877691, columns so far: 20257728
  Processing partition 8477000/8877691, columns so far: 20259754
  Processing partition 8478000/8877691, columns so far: 20261545
  Processing partition 8479000/8877691, columns so far: 20263308
  Processing partition 8480000/8877691, columns so far: 20265645
  Processing partition 8481000/8877691, columns so far: 20267557
  Processing partition 8482000/8877691, columns so far: 20269321
  Processing partition 8483000/8877691, columns so far: 20272370
  Processing partition 8484000/8877691, columns so far: 20277038
  Processing partition 8485000/8877691, columns so far: 20280146
  Processing partition 8486000/8877691, columns so far: 20283926
  Processing partition 8487000/8877691, columns so far: 20287942
  Processing partition 8488000/8877691, columns so far: 20291441
  Processing partition 8489000/8877691, columns so far: 20294946
  Processing partition 8490000/8877691, columns so far: 20299564
  Processing partition 8491000/8877691, columns so far: 20303042
  Processing partition 8492000/8877691, columns so far: 20306830
  Processing partition 8493000/8877691, columns so far: 20312338
  Processing partition 8494000/8877691, columns so far: 20320190
  Processing partition 8495000/8877691, columns so far: 20323503
  Processing partition 8496000/8877691, columns so far: 20325859
  Processing partition 8497000/8877691, columns so far: 20327534
  Processing partition 8498000/8877691, columns so far: 20329294
  Processing partition 8499000/8877691, columns so far: 20331367
  Processing partition 8500000/8877691, columns so far: 20333126
  Processing partition 8501000/8877691, columns so far: 20334984
  Processing partition 8502000/8877691, columns so far: 20337158
  Processing partition 8503000/8877691, columns so far: 20339136
  Processing partition 8504000/8877691, columns so far: 20340997
  Processing partition 8505000/8877691, columns so far: 20344167
  Processing partition 8506000/8877691, columns so far: 20348576
  Processing partition 8507000/8877691, columns so far: 20350436
  Processing partition 8508000/8877691, columns so far: 20352018
  Processing partition 8509000/8877691, columns so far: 20353846
  Processing partition 8510000/8877691, columns so far: 20355464
  Processing partition 8511000/8877691, columns so far: 20356985
  Processing partition 8512000/8877691, columns so far: 20358511
  Processing partition 8513000/8877691, columns so far: 20360243
  Processing partition 8514000/8877691, columns so far: 20361968
  Processing partition 8515000/8877691, columns so far: 20364242
  Processing partition 8516000/8877691, columns so far: 20367860
  Processing partition 8517000/8877691, columns so far: 20369394
  Processing partition 8518000/8877691, columns so far: 20371304
  Processing partition 8519000/8877691, columns so far: 20372848
  Processing partition 8520000/8877691, columns so far: 20374709
  Processing partition 8521000/8877691, columns so far: 20376263
  Processing partition 8522000/8877691, columns so far: 20377819
  Processing partition 8523000/8877691, columns so far: 20379550
  Processing partition 8524000/8877691, columns so far: 20381228
  Processing partition 8525000/8877691, columns so far: 20383284
  Processing partition 8526000/8877691, columns so far: 20386872
  Processing partition 8527000/8877691, columns so far: 20388669
  Processing partition 8528000/8877691, columns so far: 20390478
  Processing partition 8529000/8877691, columns so far: 20392109
  Processing partition 8530000/8877691, columns so far: 20393769
  Processing partition 8531000/8877691, columns so far: 20395542
  Processing partition 8532000/8877691, columns so far: 20397064
  Processing partition 8533000/8877691, columns so far: 20398853
  Processing partition 8534000/8877691, columns so far: 20400510
  Processing partition 8535000/8877691, columns so far: 20402432
  Processing partition 8536000/8877691, columns so far: 20406124
  Processing partition 8537000/8877691, columns so far: 20408154
  Processing partition 8538000/8877691, columns so far: 20410550
  Processing partition 8539000/8877691, columns so far: 20412124
  Processing partition 8540000/8877691, columns so far: 20414010
  Processing partition 8541000/8877691, columns so far: 20416027
  Processing partition 8542000/8877691, columns so far: 20417802
  Processing partition 8543000/8877691, columns so far: 20419561
  Processing partition 8544000/8877691, columns so far: 20421861
  Processing partition 8545000/8877691, columns so far: 20423815
  Processing partition 8546000/8877691, columns so far: 20425574
  Processing partition 8547000/8877691, columns so far: 20427432
  Processing partition 8548000/8877691, columns so far: 20429828
  Processing partition 8549000/8877691, columns so far: 20431360
  Processing partition 8550000/8877691, columns so far: 20433264
  Processing partition 8551000/8877691, columns so far: 20435146
  Processing partition 8552000/8877691, columns so far: 20437050
  Processing partition 8553000/8877691, columns so far: 20438837
  Processing partition 8554000/8877691, columns so far: 20440660
  Processing partition 8555000/8877691, columns so far: 20443054
  Processing partition 8556000/8877691, columns so far: 20444849
  Processing partition 8557000/8877691, columns so far: 20447730
  Processing partition 8558000/8877691, columns so far: 20452422
  Processing partition 8559000/8877691, columns so far: 20454036
  Processing partition 8560000/8877691, columns so far: 20455824
  Processing partition 8561000/8877691, columns so far: 20457379
  Processing partition 8562000/8877691, columns so far: 20458952
  Processing partition 8563000/8877691, columns so far: 20460551
  Processing partition 8564000/8877691, columns so far: 20462104
  Processing partition 8565000/8877691, columns so far: 20463865
  Processing partition 8566000/8877691, columns so far: 20465691
  Processing partition 8567000/8877691, columns so far: 20467939
  Processing partition 8568000/8877691, columns so far: 20471519
  Processing partition 8569000/8877691, columns so far: 20473570
  Processing partition 8570000/8877691, columns so far: 20475947
  Processing partition 8571000/8877691, columns so far: 20477564
  Processing partition 8572000/8877691, columns so far: 20479346
  Processing partition 8573000/8877691, columns so far: 20481261
  Processing partition 8574000/8877691, columns so far: 20483200
  Processing partition 8575000/8877691, columns so far: 20485014
  Processing partition 8576000/8877691, columns so far: 20486807
  Processing partition 8577000/8877691, columns so far: 20489212
  Processing partition 8578000/8877691, columns so far: 20490983
  Processing partition 8579000/8877691, columns so far: 20494181
  Processing partition 8580000/8877691, columns so far: 20498851
  Processing partition 8581000/8877691, columns so far: 20501892
  Processing partition 8582000/8877691, columns so far: 20505692
  Processing partition 8583000/8877691, columns so far: 20509468
  Processing partition 8584000/8877691, columns so far: 20513264
  Processing partition 8585000/8877691, columns so far: 20516751
  Processing partition 8586000/8877691, columns so far: 20520376
  Processing partition 8587000/8877691, columns so far: 20525146
  Processing partition 8588000/8877691, columns so far: 20528633
  Processing partition 8589000/8877691, columns so far: 20534378
  Processing partition 8590000/8877691, columns so far: 20543374
  Processing partition 8591000/8877691, columns so far: 20545127
  Processing partition 8592000/8877691, columns so far: 20547477
  Processing partition 8593000/8877691, columns so far: 20549386
  Processing partition 8594000/8877691, columns so far: 20550937
  Processing partition 8595000/8877691, columns so far: 20552810
  Processing partition 8596000/8877691, columns so far: 20554873
  Processing partition 8597000/8877691, columns so far: 20556630
  Processing partition 8598000/8877691, columns so far: 20558399
  Processing partition 8599000/8877691, columns so far: 20560885
  Processing partition 8600000/8877691, columns so far: 20562618
  Processing partition 8601000/8877691, columns so far: 20565986
  Processing partition 8602000/8877691, columns so far: 20570324
  Processing partition 8603000/8877691, columns so far: 20572081
  Processing partition 8604000/8877691, columns so far: 20573614
  Processing partition 8605000/8877691, columns so far: 20575464
  Processing partition 8606000/8877691, columns so far: 20577018
  Processing partition 8607000/8877691, columns so far: 20578640
  Processing partition 8608000/8877691, columns so far: 20580162
  Processing partition 8609000/8877691, columns so far: 20581685
  Processing partition 8610000/8877691, columns so far: 20583584
  Processing partition 8611000/8877691, columns so far: 20585962
  Processing partition 8612000/8877691, columns so far: 20589490
  Processing partition 8613000/8877691, columns so far: 20591016
  Processing partition 8614000/8877691, columns so far: 20592925
  Processing partition 8615000/8877691, columns so far: 20594476
  Processing partition 8616000/8877691, columns so far: 20596316
  Processing partition 8617000/8877691, columns so far: 20597892
  Processing partition 8618000/8877691, columns so far: 20599446
  Processing partition 8619000/8877691, columns so far: 20600945
  Processing partition 8620000/8877691, columns so far: 20602864
  Processing partition 8621000/8877691, columns so far: 20605030
  Processing partition 8622000/8877691, columns so far: 20608768
  Processing partition 8623000/8877691, columns so far: 20610322
  Processing partition 8624000/8877691, columns so far: 20612080
  Processing partition 8625000/8877691, columns so far: 20613726
  Processing partition 8626000/8877691, columns so far: 20615260
  Processing partition 8627000/8877691, columns so far: 20617174
  Processing partition 8628000/8877691, columns so far: 20618752
  Processing partition 8629000/8877691, columns so far: 20620248
  Processing partition 8630000/8877691, columns so far: 20622156
  Processing partition 8631000/8877691, columns so far: 20624160
  Processing partition 8632000/8877691, columns so far: 20627699
  Processing partition 8633000/8877691, columns so far: 20629568
  Processing partition 8634000/8877691, columns so far: 20631390
  Processing partition 8635000/8877691, columns so far: 20632947
  Processing partition 8636000/8877691, columns so far: 20634589
  Processing partition 8637000/8877691, columns so far: 20636121
  Processing partition 8638000/8877691, columns so far: 20637880
  Processing partition 8639000/8877691, columns so far: 20639498
  Processing partition 8640000/8877691, columns so far: 20641438
  Processing partition 8641000/8877691, columns so far: 20643340
  Processing partition 8642000/8877691, columns so far: 20647022
  Processing partition 8643000/8877691, columns so far: 20649085
  Processing partition 8644000/8877691, columns so far: 20651482
  Processing partition 8645000/8877691, columns so far: 20653034
  Processing partition 8646000/8877691, columns so far: 20654893
  Processing partition 8647000/8877691, columns so far: 20656799
  Processing partition 8648000/8877691, columns so far: 20658726
  Processing partition 8649000/8877691, columns so far: 20660491
  Processing partition 8650000/8877691, columns so far: 20662343
  Processing partition 8651000/8877691, columns so far: 20664739
  Processing partition 8652000/8877691, columns so far: 20666504
  Processing partition 8653000/8877691, columns so far: 20668356
  Processing partition 8654000/8877691, columns so far: 20670752
  Processing partition 8655000/8877691, columns so far: 20672276
  Processing partition 8656000/8877691, columns so far: 20674174
  Processing partition 8657000/8877691, columns so far: 20676080
  Processing partition 8658000/8877691, columns so far: 20677862
  Processing partition 8659000/8877691, columns so far: 20679514
  Processing partition 8660000/8877691, columns so far: 20681594
  Processing partition 8661000/8877691, columns so far: 20683489
  Processing partition 8662000/8877691, columns so far: 20685668
  Processing partition 8663000/8877691, columns so far: 20689312
  Processing partition 8664000/8877691, columns so far: 20693383
  Processing partition 8665000/8877691, columns so far: 20695220
  Processing partition 8666000/8877691, columns so far: 20697570
  Processing partition 8667000/8877691, columns so far: 20699314
  Processing partition 8668000/8877691, columns so far: 20700979
  Processing partition 8669000/8877691, columns so far: 20702882
  Processing partition 8670000/8877691, columns so far: 20704850
  Processing partition 8671000/8877691, columns so far: 20706485
  Processing partition 8672000/8877691, columns so far: 20708434
  Processing partition 8673000/8877691, columns so far: 20710567
  Processing partition 8674000/8877691, columns so far: 20712700
  Processing partition 8675000/8877691, columns so far: 20715902
  Processing partition 8676000/8877691, columns so far: 20720668
  Processing partition 8677000/8877691, columns so far: 20723830
  Processing partition 8678000/8877691, columns so far: 20727438
  Processing partition 8679000/8877691, columns so far: 20731218
  Processing partition 8680000/8877691, columns so far: 20735008
  Processing partition 8681000/8877691, columns so far: 20738081
  Processing partition 8682000/8877691, columns so far: 20742246
  Processing partition 8683000/8877691, columns so far: 20746405
  Processing partition 8684000/8877691, columns so far: 20750468
  Processing partition 8685000/8877691, columns so far: 20757710
  Processing partition 8686000/8877691, columns so far: 20765019
  Processing partition 8687000/8877691, columns so far: 20766788
  Processing partition 8688000/8877691, columns so far: 20769150
  Processing partition 8689000/8877691, columns so far: 20771010
  Processing partition 8690000/8877691, columns so far: 20772554
  Processing partition 8691000/8877691, columns so far: 20774420
  Processing partition 8692000/8877691, columns so far: 20776360
  Processing partition 8693000/8877691, columns so far: 20778290
  Processing partition 8694000/8877691, columns so far: 20780048
  Processing partition 8695000/8877691, columns so far: 20782234
  Processing partition 8696000/8877691, columns so far: 20784303
  Processing partition 8697000/8877691, columns so far: 20787797
  Processing partition 8698000/8877691, columns so far: 20791951
  Processing partition 8699000/8877691, columns so far: 20793742
  Processing partition 8700000/8877691, columns so far: 20795265
  Processing partition 8701000/8877691, columns so far: 20797049
  Processing partition 8702000/8877691, columns so far: 20798621
  Processing partition 8703000/8877691, columns so far: 20800175
  Processing partition 8704000/8877691, columns so far: 20801795
  Processing partition 8705000/8877691, columns so far: 20803322
  Processing partition 8706000/8877691, columns so far: 20805171
  Processing partition 8707000/8877691, columns so far: 20807754
  Processing partition 8708000/8877691, columns so far: 20811144
  Processing partition 8709000/8877691, columns so far: 20812825
  Processing partition 8710000/8877691, columns so far: 20814549
  Processing partition 8711000/8877691, columns so far: 20816077
  Processing partition 8712000/8877691, columns so far: 20817927
  Processing partition 8713000/8877691, columns so far: 20819508
  Processing partition 8714000/8877691, columns so far: 20821074
  Processing partition 8715000/8877691, columns so far: 20822596
  Processing partition 8716000/8877691, columns so far: 20824421
  Processing partition 8717000/8877691, columns so far: 20826796
  Processing partition 8718000/8877691, columns so far: 20830388
  Processing partition 8719000/8877691, columns so far: 20831945
  Processing partition 8720000/8877691, columns so far: 20833683
  Processing partition 8721000/8877691, columns so far: 20835407
  Processing partition 8722000/8877691, columns so far: 20836909
  Processing partition 8723000/8877691, columns so far: 20838799
  Processing partition 8724000/8877691, columns so far: 20840264
  Processing partition 8725000/8877691, columns so far: 20841874
  Processing partition 8726000/8877691, columns so far: 20843637
  Processing partition 8727000/8877691, columns so far: 20845948
  Processing partition 8728000/8877691, columns so far: 20849692
  Processing partition 8729000/8877691, columns so far: 20851222
  Processing partition 8730000/8877691, columns so far: 20853008
  Processing partition 8731000/8877691, columns so far: 20854567
  Processing partition 8732000/8877691, columns so far: 20856191
  Processing partition 8733000/8877691, columns so far: 20857730
  Processing partition 8734000/8877691, columns so far: 20859318
  Processing partition 8735000/8877691, columns so far: 20861146
  Processing partition 8736000/8877691, columns so far: 20862879
  Processing partition 8737000/8877691, columns so far: 20865072
  Processing partition 8738000/8877691, columns so far: 20868566
  Processing partition 8739000/8877691, columns so far: 20870494
  Processing partition 8740000/8877691, columns so far: 20872308
  Processing partition 8741000/8877691, columns so far: 20873860
  Processing partition 8742000/8877691, columns so far: 20875445
  Processing partition 8743000/8877691, columns so far: 20877022
  Processing partition 8744000/8877691, columns so far: 20878555
  Processing partition 8745000/8877691, columns so far: 20880318
  Processing partition 8746000/8877691, columns so far: 20882161
  Processing partition 8747000/8877691, columns so far: 20884225
  Processing partition 8748000/8877691, columns so far: 20887854
  Processing partition 8749000/8877691, columns so far: 20889979
  Processing partition 8750000/8877691, columns so far: 20892398
  Processing partition 8751000/8877691, columns so far: 20893942
  Processing partition 8752000/8877691, columns so far: 20895822
  Processing partition 8753000/8877691, columns so far: 20897732
  Processing partition 8754000/8877691, columns so far: 20899636
  Processing partition 8755000/8877691, columns so far: 20901164
  Processing partition 8756000/8877691, columns so far: 20903278
  Processing partition 8757000/8877691, columns so far: 20905365
  Processing partition 8758000/8877691, columns so far: 20907342
  Processing partition 8759000/8877691, columns so far: 20909614
  Processing partition 8760000/8877691, columns so far: 20911876
  Processing partition 8761000/8877691, columns so far: 20914675
  Processing partition 8762000/8877691, columns so far: 20916979
  Processing partition 8763000/8877691, columns so far: 20918777
  Processing partition 8764000/8877691, columns so far: 20921211
  Processing partition 8765000/8877691, columns so far: 20923149
  Processing partition 8766000/8877691, columns so far: 20925351
  Processing partition 8767000/8877691, columns so far: 20927748
  Processing partition 8768000/8877691, columns so far: 20929564
  Processing partition 8769000/8877691, columns so far: 20932289
  Processing partition 8770000/8877691, columns so far: 20934373
  Processing partition 8771000/8877691, columns so far: 20938599
  Processing partition 8772000/8877691, columns so far: 20944360
  Processing partition 8773000/8877691, columns so far: 20948218
  Processing partition 8774000/8877691, columns so far: 20952958
  Processing partition 8775000/8877691, columns so far: 20956430
  Processing partition 8776000/8877691, columns so far: 20961121
  Processing partition 8777000/8877691, columns so far: 20965787
  Processing partition 8778000/8877691, columns so far: 20969288
  Processing partition 8779000/8877691, columns so far: 20974138
  Processing partition 8780000/8877691, columns so far: 20978160
  Processing partition 8781000/8877691, columns so far: 20983055
  Processing partition 8782000/8877691, columns so far: 20986767
  Processing partition 8783000/8877691, columns so far: 20988961
  Processing partition 8784000/8877691, columns so far: 20992060
  Processing partition 8785000/8877691, columns so far: 20993832
  Processing partition 8786000/8877691, columns so far: 20996217
  Processing partition 8787000/8877691, columns so far: 20998486
  Processing partition 8788000/8877691, columns so far: 21000448
  Processing partition 8789000/8877691, columns so far: 21002821
  Processing partition 8790000/8877691, columns so far: 21004608
  Processing partition 8791000/8877691, columns so far: 21006984
  Processing partition 8792000/8877691, columns so far: 21009436
  Processing partition 8793000/8877691, columns so far: 21011613
  Processing partition 8794000/8877691, columns so far: 21014916
  Processing partition 8795000/8877691, columns so far: 21019080
  Processing partition 8796000/8877691, columns so far: 21024024
  Processing partition 8797000/8877691, columns so far: 21026147
  Processing partition 8798000/8877691, columns so far: 21028014
  Processing partition 8799000/8877691, columns so far: 21030342
  Processing partition 8800000/8877691, columns so far: 21031956
  Processing partition 8801000/8877691, columns so far: 21033777
  Processing partition 8802000/8877691, columns so far: 21035684
  Processing partition 8803000/8877691, columns so far: 21037581
  Processing partition 8804000/8877691, columns so far: 21039104
  Processing partition 8805000/8877691, columns so far: 21041308
  Processing partition 8806000/8877691, columns so far: 21043850
  Processing partition 8807000/8877691, columns so far: 21047452
  Processing partition 8808000/8877691, columns so far: 21050746
  Processing partition 8809000/8877691, columns so far: 21053101
  Processing partition 8810000/8877691, columns so far: 21054872
  Processing partition 8811000/8877691, columns so far: 21056750
  Processing partition 8812000/8877691, columns so far: 21059014
  Processing partition 8813000/8877691, columns so far: 21060572
  Processing partition 8814000/8877691, columns so far: 21062478
  Processing partition 8815000/8877691, columns so far: 21064384
  Processing partition 8816000/8877691, columns so far: 21066308
  Processing partition 8817000/8877691, columns so far: 21068138
  Processing partition 8818000/8877691, columns so far: 21071106
  Processing partition 8819000/8877691, columns so far: 21075747
  Processing partition 8820000/8877691, columns so far: 21077577
  Processing partition 8821000/8877691, columns so far: 21079895
  Processing partition 8822000/8877691, columns so far: 21081760
  Processing partition 8823000/8877691, columns so far: 21083590
  Processing partition 8824000/8877691, columns so far: 21085381
  Processing partition 8825000/8877691, columns so far: 21087753
  Processing partition 8826000/8877691, columns so far: 21089316
  Processing partition 8827000/8877691, columns so far: 21091157
  Processing partition 8828000/8877691, columns so far: 21093249
  Processing partition 8829000/8877691, columns so far: 21095011
  Processing partition 8830000/8877691, columns so far: 21098409
  Processing partition 8831000/8877691, columns so far: 21102687
  Processing partition 8832000/8877691, columns so far: 21104450
  Processing partition 8833000/8877691, columns so far: 21106676
  Processing partition 8834000/8877691, columns so far: 21108590
  Processing partition 8835000/8877691, columns so far: 21110311
  Processing partition 8836000/8877691, columns so far: 21112245
  Processing partition 8837000/8877691, columns so far: 21114071
  Processing partition 8838000/8877691, columns so far: 21116113
  Processing partition 8839000/8877691, columns so far: 21117980
  Processing partition 8840000/8877691, columns so far: 21120084
  Processing partition 8841000/8877691, columns so far: 21122144
  Processing partition 8842000/8877691, columns so far: 21125836
  Processing partition 8843000/8877691, columns so far: 21129523
  Processing partition 8844000/8877691, columns so far: 21131569
  Processing partition 8845000/8877691, columns so far: 21133450
  Processing partition 8846000/8877691, columns so far: 21135364
  Processing partition 8847000/8877691, columns so far: 21137270
  Processing partition 8848000/8877691, columns so far: 21138836
  Processing partition 8849000/8877691, columns so far: 21140939
  Processing partition 8850000/8877691, columns so far: 21142759
  Processing partition 8851000/8877691, columns so far: 21144704
  Processing partition 8852000/8877691, columns so far: 21146918
  Processing partition 8853000/8877691, columns so far: 21149520
  Processing partition 8854000/8877691, columns so far: 21153370
  Processing partition 8855000/8877691, columns so far: 21156357
  Processing partition 8856000/8877691, columns so far: 21158768
  Processing partition 8857000/8877691, columns so far: 21160296
  Processing partition 8858000/8877691, columns so far: 21162195
  Processing partition 8859000/8877691, columns so far: 21164110
  Processing partition 8860000/8877691, columns so far: 21166013
  Processing partition 8861000/8877691, columns so far: 21167537
  Processing partition 8862000/8877691, columns so far: 21169647
  Processing partition 8863000/8877691, columns so far: 21171632
  Processing partition 8864000/8877691, columns so far: 21173702
  Processing partition 8865000/8877691, columns so far: 21177479
  Processing partition 8866000/8877691, columns so far: 21181494
  Processing partition 8867000/8877691, columns so far: 21183664
  Processing partition 8868000/8877691, columns so far: 21186815
  Processing partition 8869000/8877691, columns so far: 21188581
  Processing partition 8870000/8877691, columns so far: 21191013
  Processing partition 8871000/8877691, columns so far: 21192929
  Processing partition 8872000/8877691, columns so far: 21195151
  Processing partition 8873000/8877691, columns so far: 21197546
  Processing partition 8874000/8877691, columns so far: 21199406
  Processing partition 8875000/8877691, columns so far: 21201762
  Processing partition 8876000/8877691, columns so far: 21204028
  Processing partition 8877000/8877691, columns so far: 21206368
Generated 21207820 columns before deduplication
Removing duplicates...
After deduplication: 12800 unique columns
Generated 12800 unique ZIO columns in 859.92 seconds

Writing columns to /Users/egecanaktan/github_repositories/MultiItemPerishability/zio_column_generation/zio_columns_generated.txt...
Written 12800 columns to /Users/egecanaktan/github_repositories/MultiItemPerishability/zio_column_generation/zio_columns_generated.txt

================================================================================
SAMPLE COLUMNS (first 30):
================================================================================

Column 1:
  Cost: 1533.1154
  Setups (Y): [0, 1, 2, 3, 4, 5, 6, 7, 8, 9]
  Production (X): {0: 0, 1: 0, 2: 68, 3: 49, 4: 66, 5: 38, 6: 17, 7: 17, 8: 41, 9: 43}
  Arcs (Z): [(0, 1), (1, 2), (2, 3), (3, 4), (4, 5), (5, 6), (6, 7), (7, 8), (8, 9), (9, 10)]
  Blocks: [(0, 1), (1, 2), (2, 3), (3, 4), (4, 5), (5, 6), (6, 7), (7, 8), (8, 9), (9, 10)]

Column 2:
  Cost: 1502.0554
  Setups (Y): [0, 1, 2, 3, 4, 5, 6, 7, 8]
  Production (X): {0: 0, 1: 0, 2: 68, 3: 49, 4: 66, 5: 38, 6: 17, 7: 17, 8: 84}
  Arcs (Z): [(0, 1), (1, 2), (2, 3), (3, 4), (4, 5), (5, 6), (6, 7), (7, 8), (8, 9), (8, 10)]
  Blocks: [(0, 1), (1, 2), (2, 3), (3, 4), (4, 5), (5, 6), (6, 7), (7, 8), (8, 10)]

Column 3:
  Cost: 1589.6638
  Setups (Y): [0, 1, 2, 3, 4, 5, 6, 7, 8, 9]
  Production (X): {0: 0, 1: 0, 2: 68, 3: 49, 4: 66, 5: 38, 6: 17, 7: 17, 8: 84}
  Arcs (Z): [(0, 1), (1, 2), (2, 3), (3, 4), (4, 5), (5, 6), (6, 7), (7, 8), (8, 9), (8, 10)]
  Blocks: [(0, 1), (1, 2), (2, 3), (3, 4), (4, 5), (5, 6), (6, 7), (7, 8), (8, 10)]

Column 4:
  Cost: 1404.0930
  Setups (Y): [0, 1, 2, 3, 4, 5, 6, 7, 9]
  Production (X): {0: 0, 1: 0, 2: 68, 3: 49, 4: 66, 5: 38, 6: 17, 7: 58, 9: 43}
  Arcs (Z): [(0, 1), (1, 2), (2, 3), (3, 4), (4, 5), (5, 6), (6, 7), (7, 8), (7, 9), (9, 10)]
  Blocks: [(0, 1), (1, 2), (2, 3), (3, 4), (4, 5), (5, 6), (6, 7), (7, 9), (9, 10)]

Column 5:
  Cost: 1492.0492
  Setups (Y): [0, 1, 2, 3, 4, 5, 6, 7, 8, 9]
  Production (X): {0: 0, 1: 0, 2: 68, 3: 49, 4: 66, 5: 38, 6: 17, 7: 58, 9: 43}
  Arcs (Z): [(0, 1), (1, 2), (2, 3), (3, 4), (4, 5), (5, 6), (6, 7), (7, 8), (7, 9), (9, 10)]
  Blocks: [(0, 1), (1, 2), (2, 3), (3, 4), (4, 5), (5, 6), (6, 7), (7, 9), (9, 10)]

Column 6:
  Cost: 1329.9636
  Setups (Y): [0, 1, 2, 3, 4, 5, 6, 7]
  Production (X): {0: 0, 1: 0, 2: 68, 3: 49, 4: 66, 5: 38, 6: 17, 7: 101}
  Arcs (Z): [(0, 1), (1, 2), (2, 3), (3, 4), (4, 5), (5, 6), (6, 7), (7, 8), (7, 9), (7, 10)]
  Blocks: [(0, 1), (1, 2), (2, 3), (3, 4), (4, 5), (5, 6), (6, 7), (7, 10)]

Column 7:
  Cost: 1417.9198
  Setups (Y): [0, 1, 2, 3, 4, 5, 6, 7, 8]
  Production (X): {0: 0, 1: 0, 2: 68, 3: 49, 4: 66, 5: 38, 6: 17, 7: 101}
  Arcs (Z): [(0, 1), (1, 2), (2, 3), (3, 4), (4, 5), (5, 6), (6, 7), (7, 8), (7, 9), (7, 10)]
  Blocks: [(0, 1), (1, 2), (2, 3), (3, 4), (4, 5), (5, 6), (6, 7), (7, 10)]

Column 8:
  Cost: 1417.5721
  Setups (Y): [0, 1, 2, 3, 4, 5, 6, 7, 9]
  Production (X): {0: 0, 1: 0, 2: 68, 3: 49, 4: 66, 5: 38, 6: 17, 7: 101}
  Arcs (Z): [(0, 1), (1, 2), (2, 3), (3, 4), (4, 5), (5, 6), (6, 7), (7, 8), (7, 9), (7, 10)]
  Blocks: [(0, 1), (1, 2), (2, 3), (3, 4), (4, 5), (5, 6), (6, 7), (7, 10)]

Column 9:
  Cost: 1505.5282
  Setups (Y): [0, 1, 2, 3, 4, 5, 6, 7, 8, 9]
  Production (X): {0: 0, 1: 0, 2: 68, 3: 49, 4: 66, 5: 38, 6: 17, 7: 101}
  Arcs (Z): [(0, 1), (1, 2), (2, 3), (3, 4), (4, 5), (5, 6), (6, 7), (7, 8), (7, 9), (7, 10)]
  Blocks: [(0, 1), (1, 2), (2, 3), (3, 4), (4, 5), (5, 6), (6, 7), (7, 10)]

Column 10:
  Cost: 1454.9032
  Setups (Y): [0, 1, 2, 3, 4, 5, 6, 8, 9]
  Production (X): {0: 0, 1: 0, 2: 68, 3: 49, 4: 66, 5: 38, 6: 34, 8: 41, 9: 43}
  Arcs (Z): [(0, 1), (1, 2), (2, 3), (3, 4), (4, 5), (5, 6), (6, 7), (6, 8), (8, 9), (9, 10)]
  Blocks: [(0, 1), (1, 2), (2, 3), (3, 4), (4, 5), (5, 6), (6, 8), (8, 9), (9, 10)]

Column 11:
  Cost: 1542.8593
  Setups (Y): [0, 1, 2, 3, 4, 5, 6, 7, 8, 9]
  Production (X): {0: 0, 1: 0, 2: 68, 3: 49, 4: 66, 5: 38, 6: 34, 8: 41, 9: 43}
  Arcs (Z): [(0, 1), (1, 2), (2, 3), (3, 4), (4, 5), (5, 6), (6, 7), (6, 8), (8, 9), (9, 10)]
  Blocks: [(0, 1), (1, 2), (2, 3), (3, 4), (4, 5), (5, 6), (6, 8), (8, 9), (9, 10)]

Column 12:
  Cost: 1423.8432
  Setups (Y): [0, 1, 2, 3, 4, 5, 6, 8]
  Production (X): {0: 0, 1: 0, 2: 68, 3: 49, 4: 66, 5: 38, 6: 34, 8: 84}
  Arcs (Z): [(0, 1), (1, 2), (2, 3), (3, 4), (4, 5), (5, 6), (6, 7), (6, 8), (8, 9), (8, 10)]
  Blocks: [(0, 1), (1, 2), (2, 3), (3, 4), (4, 5), (5, 6), (6, 8), (8, 10)]

Column 13:
  Cost: 1511.4516
  Setups (Y): [0, 1, 2, 3, 4, 5, 6, 8, 9]
  Production (X): {0: 0, 1: 0, 2: 68, 3: 49, 4: 66, 5: 38, 6: 34, 8: 84}
  Arcs (Z): [(0, 1), (1, 2), (2, 3), (3, 4), (4, 5), (5, 6), (6, 7), (6, 8), (8, 9), (8, 10)]
  Blocks: [(0, 1), (1, 2), (2, 3), (3, 4), (4, 5), (5, 6), (6, 8), (8, 10)]

Column 14:
  Cost: 1511.7993
  Setups (Y): [0, 1, 2, 3, 4, 5, 6, 7, 8]
  Production (X): {0: 0, 1: 0, 2: 68, 3: 49, 4: 66, 5: 38, 6: 34, 8: 84}
  Arcs (Z): [(0, 1), (1, 2), (2, 3), (3, 4), (4, 5), (5, 6), (6, 7), (6, 8), (8, 9), (8, 10)]
  Blocks: [(0, 1), (1, 2), (2, 3), (3, 4), (4, 5), (5, 6), (6, 8), (8, 10)]

Column 15:
  Cost: 1599.4078
  Setups (Y): [0, 1, 2, 3, 4, 5, 6, 7, 8, 9]
  Production (X): {0: 0, 1: 0, 2: 68, 3: 49, 4: 66, 5: 38, 6: 34, 8: 84}
  Arcs (Z): [(0, 1), (1, 2), (2, 3), (3, 4), (4, 5), (5, 6), (6, 7), (6, 8), (8, 9), (8, 10)]
  Blocks: [(0, 1), (1, 2), (2, 3), (3, 4), (4, 5), (5, 6), (6, 8), (8, 10)]

Column 16:
  Cost: 1349.3810
  Setups (Y): [0, 1, 2, 3, 4, 5, 6, 9]
  Production (X): {0: 0, 1: 0, 2: 68, 3: 49, 4: 66, 5: 38, 6: 75, 9: 43}
  Arcs (Z): [(0, 1), (1, 2), (2, 3), (3, 4), (4, 5), (5, 6), (6, 7), (6, 8), (6, 9), (9, 10)]
  Blocks: [(0, 1), (1, 2), (2, 3), (3, 4), (4, 5), (5, 6), (6, 9), (9, 10)]

Column 17:
  Cost: 1437.3371
  Setups (Y): [0, 1, 2, 3, 4, 5, 6, 8, 9]
  Production (X): {0: 0, 1: 0, 2: 68, 3: 49, 4: 66, 5: 38, 6: 75, 9: 43}
  Arcs (Z): [(0, 1), (1, 2), (2, 3), (3, 4), (4, 5), (5, 6), (6, 7), (6, 8), (6, 9), (9, 10)]
  Blocks: [(0, 1), (1, 2), (2, 3), (3, 4), (4, 5), (5, 6), (6, 9), (9, 10)]

Column 18:
  Cost: 1437.3371
  Setups (Y): [0, 1, 2, 3, 4, 5, 6, 7, 9]
  Production (X): {0: 0, 1: 0, 2: 68, 3: 49, 4: 66, 5: 38, 6: 75, 9: 43}
  Arcs (Z): [(0, 1), (1, 2), (2, 3), (3, 4), (4, 5), (5, 6), (6, 7), (6, 8), (6, 9), (9, 10)]
  Blocks: [(0, 1), (1, 2), (2, 3), (3, 4), (4, 5), (5, 6), (6, 9), (9, 10)]

Column 19:
  Cost: 1525.2933
  Setups (Y): [0, 1, 2, 3, 4, 5, 6, 7, 8, 9]
  Production (X): {0: 0, 1: 0, 2: 68, 3: 49, 4: 66, 5: 38, 6: 75, 9: 43}
  Arcs (Z): [(0, 1), (1, 2), (2, 3), (3, 4), (4, 5), (5, 6), (6, 7), (6, 8), (6, 9), (9, 10)]
  Blocks: [(0, 1), (1, 2), (2, 3), (3, 4), (4, 5), (5, 6), (6, 9), (9, 10)]

Column 20:
  Cost: 1299.8980
  Setups (Y): [0, 1, 2, 3, 4, 5, 6]
  Production (X): {0: 0, 1: 0, 2: 68, 3: 49, 4: 66, 5: 38, 6: 118}
  Arcs (Z): [(0, 1), (1, 2), (2, 3), (3, 4), (4, 5), (5, 6), (6, 7), (6, 8), (6, 9), (6, 10)]
  Blocks: [(0, 1), (1, 2), (2, 3), (3, 4), (4, 5), (5, 6), (6, 10)]

Column 21:
  Cost: 1387.8542
  Setups (Y): [0, 1, 2, 3, 4, 5, 6, 8]
  Production (X): {0: 0, 1: 0, 2: 68, 3: 49, 4: 66, 5: 38, 6: 118}
  Arcs (Z): [(0, 1), (1, 2), (2, 3), (3, 4), (4, 5), (5, 6), (6, 7), (6, 8), (6, 9), (6, 10)]
  Blocks: [(0, 1), (1, 2), (2, 3), (3, 4), (4, 5), (5, 6), (6, 10)]

Column 22:
  Cost: 1387.5065
  Setups (Y): [0, 1, 2, 3, 4, 5, 6, 9]
  Production (X): {0: 0, 1: 0, 2: 68, 3: 49, 4: 66, 5: 38, 6: 118}
  Arcs (Z): [(0, 1), (1, 2), (2, 3), (3, 4), (4, 5), (5, 6), (6, 7), (6, 8), (6, 9), (6, 10)]
  Blocks: [(0, 1), (1, 2), (2, 3), (3, 4), (4, 5), (5, 6), (6, 10)]

Column 23:
  Cost: 1387.8542
  Setups (Y): [0, 1, 2, 3, 4, 5, 6, 7]
  Production (X): {0: 0, 1: 0, 2: 68, 3: 49, 4: 66, 5: 38, 6: 118}
  Arcs (Z): [(0, 1), (1, 2), (2, 3), (3, 4), (4, 5), (5, 6), (6, 7), (6, 8), (6, 9), (6, 10)]
  Blocks: [(0, 1), (1, 2), (2, 3), (3, 4), (4, 5), (5, 6), (6, 10)]

Column 24:
  Cost: 1475.4627
  Setups (Y): [0, 1, 2, 3, 4, 5, 6, 8, 9]
  Production (X): {0: 0, 1: 0, 2: 68, 3: 49, 4: 66, 5: 38, 6: 118}
  Arcs (Z): [(0, 1), (1, 2), (2, 3), (3, 4), (4, 5), (5, 6), (6, 7), (6, 8), (6, 9), (6, 10)]
  Blocks: [(0, 1), (1, 2), (2, 3), (3, 4), (4, 5), (5, 6), (6, 10)]

Column 25:
  Cost: 1475.8104
  Setups (Y): [0, 1, 2, 3, 4, 5, 6, 7, 8]
  Production (X): {0: 0, 1: 0, 2: 68, 3: 49, 4: 66, 5: 38, 6: 118}
  Arcs (Z): [(0, 1), (1, 2), (2, 3), (3, 4), (4, 5), (5, 6), (6, 7), (6, 8), (6, 9), (6, 10)]
  Blocks: [(0, 1), (1, 2), (2, 3), (3, 4), (4, 5), (5, 6), (6, 10)]

Column 26:
  Cost: 1475.4627
  Setups (Y): [0, 1, 2, 3, 4, 5, 6, 7, 9]
  Production (X): {0: 0, 1: 0, 2: 68, 3: 49, 4: 66, 5: 38, 6: 118}
  Arcs (Z): [(0, 1), (1, 2), (2, 3), (3, 4), (4, 5), (5, 6), (6, 7), (6, 8), (6, 9), (6, 10)]
  Blocks: [(0, 1), (1, 2), (2, 3), (3, 4), (4, 5), (5, 6), (6, 10)]

Column 27:
  Cost: 1563.4189
  Setups (Y): [0, 1, 2, 3, 4, 5, 6, 7, 8, 9]
  Production (X): {0: 0, 1: 0, 2: 68, 3: 49, 4: 66, 5: 38, 6: 118}
  Arcs (Z): [(0, 1), (1, 2), (2, 3), (3, 4), (4, 5), (5, 6), (6, 7), (6, 8), (6, 9), (6, 10)]
  Blocks: [(0, 1), (1, 2), (2, 3), (3, 4), (4, 5), (5, 6), (6, 10)]

Column 28:
  Cost: 1465.3968
  Setups (Y): [0, 1, 2, 3, 4, 5, 7, 8, 9]
  Production (X): {0: 0, 1: 0, 2: 68, 3: 49, 4: 66, 5: 55, 7: 17, 8: 41, 9: 43}
  Arcs (Z): [(0, 1), (1, 2), (2, 3), (3, 4), (4, 5), (5, 6), (5, 7), (7, 8), (8, 9), (9, 10)]
  Blocks: [(0, 1), (1, 2), (2, 3), (3, 4), (4, 5), (5, 7), (7, 8), (8, 9), (9, 10)]

Column 29:
  Cost: 1553.0053
  Setups (Y): [0, 1, 2, 3, 4, 5, 6, 7, 8, 9]
  Production (X): {0: 0, 1: 0, 2: 68, 3: 49, 4: 66, 5: 55, 7: 17, 8: 41, 9: 43}
  Arcs (Z): [(0, 1), (1, 2), (2, 3), (3, 4), (4, 5), (5, 6), (5, 7), (7, 8), (8, 9), (9, 10)]
  Blocks: [(0, 1), (1, 2), (2, 3), (3, 4), (4, 5), (5, 7), (7, 8), (8, 9), (9, 10)]

Column 30:
  Cost: 1434.3368
  Setups (Y): [0, 1, 2, 3, 4, 5, 7, 8]
  Production (X): {0: 0, 1: 0, 2: 68, 3: 49, 4: 66, 5: 55, 7: 17, 8: 84}
  Arcs (Z): [(0, 1), (1, 2), (2, 3), (3, 4), (4, 5), (5, 6), (5, 7), (7, 8), (8, 9), (8, 10)]
  Blocks: [(0, 1), (1, 2), (2, 3), (3, 4), (4, 5), (5, 7), (7, 8), (8, 10)]

... and 12770 more columns (see /Users/egecanaktan/github_repositories/MultiItemPerishability/zio_column_generation/zio_columns_generated.txt for full list)

=== TESTING WITH RMP ===
Set parameter Username
Academic license - for non-commercial use only - expires 2026-02-25
Adding demand satisfaction constraints to RMP...
Converting 12800 ZIO columns to ProductionPlanColumn format...
Added 12800 columns to RMP
Note: Solving RMP without explicit demand constraints.
Demand satisfaction should be verified in the solution analysis below.

Solving RMP...

RMP Status: 2
RMP Lower Bound: 1083.69
Convexity dual (mu): {0: 1180.8472550173185}
Capacity duals (pi): [-1.9277532365423053, -1.1740860930116157, -0.7781654309959495, -0.1820576922712627, 0.0, 0.0, 0.0, -0.25422447301983503, 0.0, 0.0]

Active columns (lambda > 1e-06):
  λ[0,5153] = 0.3705: setups=[0, 2, 3, 4, 7], production=[(2, 68), (3, 49), (4, 121), (7, 101)], cost=1093.33
  λ[0,6528] = 0.2449: setups=[0, 2, 4, 7], production=[(2, 117), (4, 121), (7, 101)], cost=1064.13
  λ[0,5691] = 0.2079: setups=[0, 2, 3, 6], production=[(2, 68), (3, 153), (6, 118)], cost=1100.08
  λ[0,5800] = 0.1767: setups=[0, 2, 3, 7], production=[(2, 68), (3, 170), (7, 101)], cost=1071.31

================================================================================
=== RMP SOLUTION ANALYSIS ===
================================================================================

--- PRODUCTION PLAN ---
Period   Production   Demand     Lambda Sum   Satisfied    Capacity   Utilization 
--------------------------------------------------------------------------------
0        0.00         0          0.0000       No           0          0.0        % ✓
1        0.00         0          0.0000       No           0          0.0        % ✓
2        80.00        68         1.0000       Yes          80         100.0      % ✓
3        80.00        49         1.0000       Yes          80         100.0      % ✓
4        74.47        66         1.0000       Yes          80         93.1       % ✓
5        0.00         38         1.0000       Yes          80         0.0        % ✓
6        24.53        17         1.0000       Yes          80         30.7       % ✓
7        80.00        17         1.0000       Yes          80         100.0      % ✓
8        0.00         41         1.0000       Yes          100        0.0        % ✓
9        0.00         43         1.0000       Yes          80         0.0        % ✓
--------------------------------------------------------------------------------
TOTAL    339.00       339       

--- SETUP PLAN ---
Period   Setup (Y)    Has Production 
----------------------------------------
0        1.0000       No             
1        0.0000       No             
2        1.0000       Yes            
3        0.7551       Yes            
4        0.6154       Yes            
5        0.0000       No             
6        0.2079       Yes            
7        0.7921       Yes            
8        0.0000       No             
9        0.0000       No             

--- ARC USAGE (aggregated from column lambdas) ---
Arc (s,u)       Aggregated Weight  Meaning                                           
-------------------------------------------------------------------------------------
Note: Arc weights are aggregated from column lambdas. Each column (full plan) contributes to arcs.
(0,1):         1.000000           Produce at period 0 (node 0), consume at period 0 (node 1)
(0,2):         1.000000           Produce at period 0 (node 0), consume at period 1 (node 2)
(2,3):         1.000000           Produce at period 2 (node 2), consume at period 2 (node 3)
(2,4):         0.244898           Produce at period 2 (node 2), consume at period 3 (node 4)
(3,4):         0.755102           Produce at period 3 (node 3), consume at period 3 (node 4)
(3,5):         0.384584           Produce at period 3 (node 3), consume at period 4 (node 5)
(3,6):         0.384584           Produce at period 3 (node 3), consume at period 5 (node 6)
(3,7):         0.176663           Produce at period 3 (node 3), consume at period 6 (node 7)
(4,5):         0.615416           Produce at period 4 (node 4), consume at period 4 (node 5)
(4,6):         0.615416           Produce at period 4 (node 4), consume at period 5 (node 6)
(4,7):         0.615416           Produce at period 4 (node 4), consume at period 6 (node 7)
(6,7):         0.207921           Produce at period 6 (node 6), consume at period 6 (node 7)
(6,8):         0.207921           Produce at period 6 (node 6), consume at period 7 (node 8)
(6,9):         0.207921           Produce at period 6 (node 6), consume at period 8 (node 9)
(6,10):         0.207921           Produce at period 6 (node 6), consume at period 9 (node 10)
(7,8):         0.792079           Produce at period 7 (node 7), consume at period 7 (node 8)
(7,9):         0.792079           Produce at period 7 (node 7), consume at period 8 (node 9)
(7,10):         0.792079           Produce at period 7 (node 7), consume at period 9 (node 10)

--- ACTIVE COLUMNS DETAIL (Lambdas over FULL PLANS) ---
Number of active columns: 4
Total lambda sum: 1.000000
Note: Each lambda represents the weight of a FULL ZIO production plan (column) in the convex combination.

Detailed breakdown:

  Column 5153 (λ=0.370518):
    Cost: 1093.3345
    Setups: [0, 2, 3, 4, 7]
    Production: [(2, 68), (3, 49), (4, 121), (7, 101)]
    Arcs: [(0, 1), (0, 2), (2, 3), (3, 4), (4, 5), (4, 6), (4, 7), (7, 8), (7, 9), (7, 10)]

  Column 6528 (λ=0.244898):
    Cost: 1064.1252
    Setups: [0, 2, 4, 7]
    Production: [(2, 117), (4, 121), (7, 101)]
    Arcs: [(0, 1), (0, 2), (2, 3), (2, 4), (4, 5), (4, 6), (4, 7), (7, 8), (7, 9), (7, 10)]

  Column 5691 (λ=0.207921):
    Cost: 1100.0772
    Setups: [0, 2, 3, 6]
    Production: [(2, 68), (3, 153), (6, 118)]
    Arcs: [(0, 1), (0, 2), (2, 3), (3, 4), (3, 5), (3, 6), (6, 7), (6, 8), (6, 9), (6, 10)]

  Column 5800 (λ=0.176663):
    Cost: 1071.3055
    Setups: [0, 2, 3, 7]
    Production: [(2, 68), (3, 170), (7, 101)]
    Arcs: [(0, 1), (0, 2), (2, 3), (3, 4), (3, 5), (3, 6), (3, 7), (7, 8), (7, 9), (7, 10)]

--- FEASIBILITY CHECK ---
  ✓ All demands satisfied
  ✓ All capacity constraints satisfied
  ✓ Convexity constraint satisfied (sum λ = 1)

================================================================================
=== RMP SOLUTION SUMMARY ===
================================================================================
Lower Bound: 1083.6914
Status: OPTIMAL
Active columns: 4
Total cost: 1083.6914

Done.
________________________________________________________________________________
Decomposition cost: 1147.74
MIP cost: 1105.87
Difference: 41.88

Active columns (lambda > 0.001):
  λ_5037 = 0.561310: blocks=[(0, 2), (2, 3), (3, 4), (4, 6), (6, 7), (7, 10)], cost=1161.15
  λ_5090 = 0.207921: blocks=[(0, 2), (2, 3), (3, 4), (4, 6), (6, 10)], cost=1131.09
  λ_5599 = 0.230769: blocks=[(0, 2), (2, 3), (3, 6), (6, 7), (7, 10)], cost=1130.14

Total active columns: 3
Lambda sum: 1.000000

=== VERIFYING ZIO PROPERTY ===
  ✓ All active columns satisfy ZIO property
